[2026-03-19 10:47:04] start creating model and partition datasets
[2026-03-19 10:47:04] Setting model 0
[2026-03-19 10:47:04] Setting model 1
[2026-03-19 10:47:04] Setting model 2
[2026-03-19 10:47:05] Setting model 3
[2026-03-19 10:47:05] Setting model 4
[2026-03-19 10:47:05] Setting model 0
[2026-03-19 10:47:05] Setting model 1
[2026-03-19 10:47:05] Setting model 2
[2026-03-19 10:47:05] Setting model 3
[2026-03-19 10:47:05] Setting model 4
[2026-03-19 21:09:04] start creating model and partition datasets
[2026-03-19 21:09:04] Setting model 0
[2026-03-19 21:09:04] Setting model 1
[2026-03-19 21:09:05] Setting model 2
[2026-03-19 21:09:05] Setting model 3
[2026-03-19 21:09:05] Setting model 4
[2026-03-19 21:09:05] Setting model 0
[2026-03-19 21:09:05] Setting model 1
[2026-03-19 21:09:05] Setting model 2
[2026-03-19 21:09:05] Setting model 3
[2026-03-19 21:09:05] Setting model 4
[2026-03-19 21:09:21] Engine is created.
[2026-03-19 21:09:21] Munch({'dataloader': Munch({'batch_size': 256, 'eval_batch_size': 256, 'num_workers': 0, 'alpha': 0.1, 'partition': 'hetero'}), 'model': Munch({'embed_dim': 1024, 'clip_model': 'RN50', 'cnn_type': 'resnet18', 'word_dim': 512, 'cache_dir': '/data/mmdata/log/MMCLIP/', 'n_samples_inference': 1, 'eval_method': 'matmul', 'use_img_client': True, 'use_txt_client': True, 'use_mm_client': True, 'client': 0.1, 'momentum': 0.9, 'name': 'clip', 'use_pretrained_proj': False, 'img_client': 'image', 'txt_client': 'text'}), 'optimizer': Munch({'name': 'adamp', 'learning_rate': 0.0002, 'weight_decay': 0.0}), 'lr_scheduler': Munch({'name': 'cosine_annealing', 'T_max': 30}), 'criterion': Munch({'name': 'pcme', 'init_negative_scale': 15, 'init_shift': 15, 'num_samples': 7, 'vib_beta': 0, 'criterion__negative_sampling_ratio': -1}), 'train': Munch({'is_client': True, 'server_dataset': 'Coco', 'model_save_path': 'model_last_no_prob.pth', 'best_model_save_path': 'model_best_no_prob.pth', 'pretrain_epochs': 0, 'finetune_epochs': 2, 'finetune_lr_decay': 0.1, 'log_step': 1000, 'grad_clip': 2, 'val_epochs': 1, 'pretrain_val_epochs': 1, 'use_fp16': True, 'output_file': 'FedMMDP-md_iapr_clip_1e-05_0.1_1x20_model_noprob.log'})})
[2026-03-19 21:09:21] start train
[2026-03-19 21:09:21] Train with half precision
[2026-03-19 21:09:21] Round 1!
[2026-03-19 21:09:24] Epoch 1
[2026-03-19 21:09:24] Epoch: [1] image	Loss 3.3203 (3.3203)	Prec@1 15.625 (15.625)	Prec@5 19.531 (19.531)
[2026-03-19 21:09:25] TEST:  Epoch: [1] image	Prec@1 12.081 (12.081)	Prec@5 18.792 (18.792)
[2026-03-19 21:09:25] Epoch: [1] image	Loss 3.5097 (3.5362)	Prec@1 0.000 (0.000)	Prec@5 0.000 (0.000)
[2026-03-19 21:09:25] TEST:  Epoch: [1] image	Prec@1 0.000 (0.000)	Prec@5 0.000 (0.000)
[2026-03-19 21:09:26] Epoch 1
[2026-03-19 21:09:26] Epoch: [1] image	Loss 3.3414 (3.3414)	Prec@1 0.000 (0.000)	Prec@5 25.000 (25.000)
[2026-03-19 21:09:26] TEST:  Epoch: [1] image	Prec@1 0.000 (0.000)	Prec@5 46.429 (46.429)
[2026-03-19 21:09:27] Epoch: [1] image	Loss 3.3504 (3.3607)	Prec@1 0.000 (0.000)	Prec@5 31.250 (29.167)
[2026-03-19 21:09:27] TEST:  Epoch: [1] image	Prec@1 0.000 (0.000)	Prec@5 38.217 (38.217)
[2026-03-19 21:09:28] Epoch: [1] text	Loss 0.0000 (0.0000)	Prec@1 0.000 (0.000)	Prec@5 0.000 (0.000)
[2026-03-19 21:09:28] TEST:  Epoch: [1] text	Prec@1 0.000 (0.000)	Prec@5 12.500 (12.500)
[2026-03-19 21:09:29] Epoch: [1] image	Loss 3.3638 (3.3943)	Prec@1 0.000 (0.000)	Prec@5 2.344 (1.302)
[2026-03-19 21:09:29] TEST:  Epoch: [1] image	Prec@1 0.000 (0.000)	Prec@5 13.058 (14.944)
[2026-03-19 21:09:30] Epoch: [1] text	Loss 3.5704 (3.5704)	Prec@1 0.000 (0.000)	Prec@5 0.000 (0.000)
[2026-03-19 21:09:30] TEST:  Epoch: [1] text	Prec@1 0.000 (0.000)	Prec@5 0.000 (0.000)
[2026-03-19 21:09:30] Epoch 1
[2026-03-19 21:09:31] Epoch 1
[2026-03-19 21:09:32] Epoch: [1] text	Loss 3.2724 (3.2864)	Prec@1 16.016 (14.453)	Prec@5 36.719 (34.245)
[2026-03-19 21:09:32] TEST:  Epoch: [1] text	Prec@1 12.081 (12.081)	Prec@5 48.658 (48.658)
[2026-03-19 21:09:34] Epoch: [1] text	Loss 2.0045 (2.7950)	Prec@1 54.688 (37.339)	Prec@5 94.531 (62.914)
[2026-03-19 21:09:35] TEST:  Epoch: [1] text	Prec@1 54.296 (53.300)	Prec@5 96.220 (95.392)
[2026-03-19 21:09:36] Epoch 1
[2026-03-19 21:09:37] Epoch: [1] text	Loss 3.3491 (3.3491)	Prec@1 0.000 (0.000)	Prec@5 26.953 (26.953)
[2026-03-19 21:09:37] TEST:  Epoch: [1] text	Prec@1 0.000 (0.000)	Prec@5 26.752 (26.752)
[2026-03-19 21:09:38] TEST:  Epoch: [1] image	Prec@1 0.000 (0.000)	Prec@5 0.000 (0.000)
[2026-03-19 21:09:38] TEST:  Epoch: [1] image	Prec@1 16.000 (13.595)	Prec@5 20.000 (18.731)
[2026-03-19 21:09:39] TEST:  Epoch: [1] image	Prec@1 0.000 (0.000)	Prec@5 18.548 (19.731)
[2026-03-19 21:09:39] TEST:  Epoch: [1] image	Prec@1 0.000 (0.000)	Prec@5 36.571 (36.571)
[2026-03-19 21:09:39] TEST:  Epoch: [1] image	Prec@1 0.000 (0.000)	Prec@5 35.484 (35.484)
[2026-03-19 21:09:39] TEST:  Epoch: [1] text	Prec@1 0.000 (0.000)	Prec@5 0.000 (0.000)
[2026-03-19 21:09:40] TEST:  Epoch: [1] text	Prec@1 16.000 (13.595)	Prec@5 46.667 (41.692)
[2026-03-19 21:09:41] TEST:  Epoch: [1] text	Prec@1 60.484 (53.251)	Prec@5 95.161 (94.283)
[2026-03-19 21:09:41] TEST:  Epoch: [1] text	Prec@1 0.000 (0.000)	Prec@5 28.571 (28.571)
[2026-03-19 21:09:41] TEST:  Epoch: [1] text	Prec@1 0.000 (0.000)	Prec@5 8.065 (8.065)
[2026-03-19 21:10:19] [Eval] Report @step: 1.00 {
    "test__rsum": 438.53820598006644,
    "test__medr": 5.0,
    "test__meanr": 11.514950166112957,
    "test__n_fold_i2t_recall_1": 42.524916943521596,
    "test__n_fold_i2t_recall_5": 83.72093023255815,
    "test__n_fold_i2t_recall_10": 86.04651162790698,
    "test__n_fold_i2t_rsum": 212.2923588039867,
    "test__n_fold_i2t_medr": 3.0,
    "test__n_fold_i2t_meanr": 7.079734219269103,
    "test__n_fold_t2i_recall_1": 40.863787375415285,
    "test__n_fold_t2i_recall_5": 88.37209302325581,
    "test__n_fold_t2i_recall_10": 97.00996677740864,
    "test__n_fold_t2i_rsum": 226.24584717607974,
    "test__n_fold_t2i_medr": 2.0,
    "test__n_fold_t2i_meanr": 4.435215946843854,
    "test__i2t_recall_1": 42.524916943521596,
    "test__i2t_recall_5": 83.72093023255815,
    "test__i2t_recall_10": 86.04651162790698,
    "test__i2t_rsum": 212.2923588039867,
    "test__i2t_medr": 3.0,
    "test__i2t_meanr": 7.079734219269103,
    "test__t2i_recall_1": 40.863787375415285,
    "test__t2i_recall_5": 88.37209302325581,
    "test__t2i_recall_10": 97.00996677740864,
    "test__t2i_rsum": 226.24584717607974,
    "test__t2i_medr": 2.0,
    "test__t2i_meanr": 4.435215946843854
}
[2026-03-19 21:10:59] [Eval] Report @step: 1.00 {
    "test__rsum": 315.10574018126886,
    "test__medr": 7.0,
    "test__meanr": 14.858006042296072,
    "test__n_fold_i2t_recall_1": 21.45015105740181,
    "test__n_fold_i2t_recall_5": 56.19335347432024,
    "test__n_fold_i2t_recall_10": 69.48640483383686,
    "test__n_fold_i2t_rsum": 147.1299093655589,
    "test__n_fold_i2t_medr": 4.0,
    "test__n_fold_i2t_meanr": 7.057401812688822,
    "test__n_fold_t2i_recall_1": 26.283987915407856,
    "test__n_fold_t2i_recall_5": 63.74622356495468,
    "test__n_fold_t2i_recall_10": 77.94561933534743,
    "test__n_fold_t2i_rsum": 167.97583081570997,
    "test__n_fold_t2i_medr": 3.0,
    "test__n_fold_t2i_meanr": 7.80060422960725,
    "test__i2t_recall_1": 21.45015105740181,
    "test__i2t_recall_5": 56.19335347432024,
    "test__i2t_recall_10": 69.48640483383686,
    "test__i2t_rsum": 147.1299093655589,
    "test__i2t_medr": 4.0,
    "test__i2t_meanr": 7.057401812688822,
    "test__t2i_recall_1": 26.283987915407856,
    "test__t2i_recall_5": 63.74622356495468,
    "test__t2i_recall_10": 77.94561933534743,
    "test__t2i_rsum": 167.97583081570997,
    "test__t2i_medr": 3.0,
    "test__t2i_meanr": 7.80060422960725
}
[2026-03-19 21:17:41] [Eval] Report @step: 1.00 {
    "test__rsum": 345.06726457399105,
    "test__medr": 6.0,
    "test__meanr": 18.988789237668158,
    "test__n_fold_i2t_recall_1": 10.426008968609866,
    "test__n_fold_i2t_recall_5": 64.57399103139014,
    "test__n_fold_i2t_recall_10": 79.14798206278027,
    "test__n_fold_i2t_rsum": 154.14798206278027,
    "test__n_fold_i2t_medr": 4.0,
    "test__n_fold_i2t_meanr": 10.158071748878923,
    "test__n_fold_t2i_recall_1": 43.83408071748879,
    "test__n_fold_t2i_recall_5": 69.95515695067265,
    "test__n_fold_t2i_recall_10": 77.13004484304933,
    "test__n_fold_t2i_rsum": 190.91928251121078,
    "test__n_fold_t2i_medr": 2.0,
    "test__n_fold_t2i_meanr": 8.830717488789237,
    "test__i2t_recall_1": 10.426008968609866,
    "test__i2t_recall_5": 64.57399103139014,
    "test__i2t_recall_10": 79.14798206278027,
    "test__i2t_rsum": 154.14798206278027,
    "test__i2t_medr": 4.0,
    "test__i2t_meanr": 10.158071748878923,
    "test__t2i_recall_1": 43.83408071748879,
    "test__t2i_recall_5": 69.95515695067265,
    "test__t2i_recall_10": 77.13004484304933,
    "test__t2i_rsum": 190.91928251121078,
    "test__t2i_medr": 2.0,
    "test__t2i_meanr": 8.830717488789237
}
[2026-03-19 21:17:49] [Eval] Report @step: 1.00 {
    "test__rsum": 220.57142857142856,
    "test__medr": 26.0,
    "test__meanr": 24.84,
    "test__n_fold_i2t_recall_1": 27.428571428571427,
    "test__n_fold_i2t_recall_5": 36.0,
    "test__n_fold_i2t_recall_10": 57.714285714285715,
    "test__n_fold_i2t_rsum": 121.14285714285714,
    "test__n_fold_i2t_medr": 9.0,
    "test__n_fold_i2t_meanr": 9.76,
    "test__n_fold_t2i_recall_1": 27.428571428571427,
    "test__n_fold_t2i_recall_5": 35.42857142857143,
    "test__n_fold_t2i_recall_10": 36.57142857142857,
    "test__n_fold_t2i_rsum": 99.42857142857143,
    "test__n_fold_t2i_medr": 17.0,
    "test__n_fold_t2i_meanr": 15.08,
    "test__i2t_recall_1": 27.428571428571427,
    "test__i2t_recall_5": 36.0,
    "test__i2t_recall_10": 57.714285714285715,
    "test__i2t_rsum": 121.14285714285714,
    "test__i2t_medr": 9.0,
    "test__i2t_meanr": 9.76,
    "test__t2i_recall_1": 27.428571428571427,
    "test__t2i_recall_5": 35.42857142857143,
    "test__t2i_recall_10": 36.57142857142857,
    "test__t2i_rsum": 99.42857142857143,
    "test__t2i_medr": 17.0,
    "test__t2i_meanr": 15.08
}
[2026-03-19 21:17:51] [Eval] Report @step: 1.00 {
    "test__rsum": 409.6774193548387,
    "test__medr": 4.0,
    "test__meanr": 8.96774193548387,
    "test__n_fold_i2t_recall_1": 53.225806451612904,
    "test__n_fold_i2t_recall_5": 77.41935483870968,
    "test__n_fold_i2t_recall_10": 96.7741935483871,
    "test__n_fold_i2t_rsum": 227.4193548387097,
    "test__n_fold_i2t_medr": 1.0,
    "test__n_fold_i2t_meanr": 3.1451612903225805,
    "test__n_fold_t2i_recall_1": 14.516129032258064,
    "test__n_fold_t2i_recall_5": 75.80645161290323,
    "test__n_fold_t2i_recall_10": 91.93548387096774,
    "test__n_fold_t2i_rsum": 182.25806451612902,
    "test__n_fold_t2i_medr": 3.0,
    "test__n_fold_t2i_meanr": 5.82258064516129,
    "test__i2t_recall_1": 53.225806451612904,
    "test__i2t_recall_5": 77.41935483870968,
    "test__i2t_recall_10": 96.7741935483871,
    "test__i2t_rsum": 227.4193548387097,
    "test__i2t_medr": 1.0,
    "test__i2t_meanr": 3.1451612903225805,
    "test__t2i_recall_1": 14.516129032258064,
    "test__t2i_recall_5": 75.80645161290323,
    "test__t2i_recall_10": 91.93548387096774,
    "test__t2i_rsum": 182.25806451612902,
    "test__t2i_medr": 3.0,
    "test__t2i_meanr": 5.82258064516129
}
[2026-03-19 21:17:51] Round 2!
[2026-03-19 21:17:53] Distill client 0 (image) step 0: loss=0.777228
[2026-03-19 21:17:53] Epoch: [1] image	Loss 0.7082 (0.7522)	
[2026-03-19 21:17:53] Distill client 1 (image) step 0: loss=0.778078
[2026-03-19 21:17:53] Epoch: [1] image	Loss 0.7075 (0.7527)	
[2026-03-19 21:17:53] Distill client 3 (image) step 0: loss=0.778339
[2026-03-19 21:17:53] Epoch: [1] image	Loss 0.7102 (0.7542)	
[2026-03-19 21:17:53] Distill client 12 (mm) step 0: loss=7.801173
[2026-03-19 21:17:53] Distill client 8 (text) step 0: loss=0.865626
[2026-03-19 21:17:53] Epoch: [1] text	Loss 0.6932 (0.7924)	
[2026-03-19 21:17:53] Distill client 9 (text) step 0: loss=0.865653
[2026-03-19 21:17:54] Epoch: [1] text	Loss 0.6930 (0.7924)	
[2026-03-19 21:17:54] Distill client 14 (mm) step 0: loss=7.563279
[2026-03-19 21:17:54] Distill client 11 (mm) step 0: loss=7.915533
[2026-03-19 21:17:54] Distill client 5 (text) step 0: loss=0.865730
[2026-03-19 21:17:54] Epoch: [1] text	Loss 0.6930 (0.7925)	
[2026-03-19 21:17:54] Distill client 6 (text) step 0: loss=0.864708
[2026-03-19 21:17:54] Epoch: [1] text	Loss 0.6943 (0.7921)	
[2026-03-19 21:17:54] Distill client 4 (image) step 0: loss=0.778244
[2026-03-19 21:17:54] Epoch: [1] image	Loss 0.7090 (0.7536)	
[2026-03-19 21:17:54] Distill client 7 (text) step 0: loss=0.908171
[2026-03-19 21:17:54] Epoch: [1] text	Loss 0.7668 (0.8571)	
[2026-03-19 21:17:54] Distill client 10 (mm) step 0: loss=7.446831
[2026-03-19 21:17:55] Distill client 13 (mm) step 0: loss=7.963611
[2026-03-19 21:17:55] Distill client 2 (image) step 0: loss=0.779990
[2026-03-19 21:17:55] Epoch: [1] image	Loss 0.7170 (0.7590)	
[2026-03-19 21:17:55] Epoch: [2] image	Loss 3.2988 (3.3454)	Prec@1 0.000 (0.000)	Prec@5 34.375 (23.958)
[2026-03-19 21:17:55] TEST:  Epoch: [2] image	Prec@1 11.111 (11.296)	Prec@5 68.889 (64.120)
[2026-03-19 21:17:56] Epoch: [2] image	Loss 3.2818 (3.2818)	Prec@1 16.016 (16.016)	Prec@5 31.250 (31.250)
[2026-03-19 21:17:56] TEST:  Epoch: [2] image	Prec@1 16.000 (13.595)	Prec@5 45.333 (39.275)
[2026-03-19 21:17:57] Epoch: [2] image	Loss 3.2048 (3.2455)	Prec@1 16.797 (8.724)	Prec@5 58.984 (56.641)
[2026-03-19 21:17:57] TEST:  Epoch: [2] image	Prec@1 20.000 (20.000)	Prec@5 49.143 (49.143)
[2026-03-19 21:17:57] Epoch 2
[2026-03-19 21:17:58] Epoch: [2] text	Loss 3.3242 (3.3242)	Prec@1 0.000 (0.000)	Prec@5 28.516 (28.516)
[2026-03-19 21:17:58] TEST:  Epoch: [2] text	Prec@1 0.000 (0.000)	Prec@5 34.286 (34.286)
[2026-03-19 21:17:58] Epoch: [2] text	Loss 0.0000 (0.0000)	Prec@1 0.000 (0.000)	Prec@5 0.000 (0.000)
[2026-03-19 21:17:58] TEST:  Epoch: [2] text	Prec@1 0.000 (0.000)	Prec@5 9.677 (9.677)
[2026-03-19 21:17:58] Epoch 2
[2026-03-19 21:17:59] Epoch 2
[2026-03-19 21:17:59] Epoch: [2] text	Loss 3.5205 (3.5205)	Prec@1 0.000 (0.000)	Prec@5 0.000 (0.000)
[2026-03-19 21:17:59] TEST:  Epoch: [2] text	Prec@1 0.000 (0.000)	Prec@5 0.000 (0.000)
[2026-03-19 21:18:00] Epoch: [2] text	Loss 3.0851 (3.1191)	Prec@1 14.844 (14.844)	Prec@5 87.500 (71.615)
[2026-03-19 21:18:00] TEST:  Epoch: [2] text	Prec@1 12.000 (11.178)	Prec@5 96.000 (95.166)
[2026-03-19 21:18:01] Epoch: [2] image	Loss 3.2732 (3.2732)	Prec@1 0.781 (0.781)	Prec@5 63.672 (63.672)
[2026-03-19 21:18:01] TEST:  Epoch: [2] image	Prec@1 4.839 (4.839)	Prec@5 56.452 (56.452)
[2026-03-19 21:18:02] Epoch: [2] text	Loss 1.6483 (1.7750)	Prec@1 53.516 (53.975)	Prec@5 99.609 (98.966)
[2026-03-19 21:18:03] TEST:  Epoch: [2] text	Prec@1 60.484 (53.251)	Prec@5 98.387 (98.767)
[2026-03-19 21:18:03] Epoch 2
[2026-03-19 21:18:04] Epoch 2
[2026-03-19 21:18:04] Epoch: [2] image	Loss 3.1126 (3.1742)	Prec@1 53.125 (23.698)	Prec@5 57.812 (54.818)
[2026-03-19 21:18:05] TEST:  Epoch: [2] image	Prec@1 60.484 (53.251)	Prec@5 64.516 (59.978)
[2026-03-19 21:18:06] TEST:  Epoch: [2] image	Prec@1 11.111 (11.296)	Prec@5 68.889 (64.120)
[2026-03-19 21:18:06] TEST:  Epoch: [2] image	Prec@1 16.000 (13.595)	Prec@5 45.333 (39.275)
[2026-03-19 21:18:06] TEST:  Epoch: [2] image	Prec@1 60.484 (53.251)	Prec@5 64.516 (59.978)
[2026-03-19 21:18:07] TEST:  Epoch: [2] image	Prec@1 20.000 (20.000)	Prec@5 49.143 (49.143)
[2026-03-19 21:18:07] TEST:  Epoch: [2] image	Prec@1 4.839 (4.839)	Prec@5 56.452 (56.452)
[2026-03-19 21:18:07] TEST:  Epoch: [2] text	Prec@1 0.000 (0.000)	Prec@5 0.000 (0.000)
[2026-03-19 21:18:07] TEST:  Epoch: [2] text	Prec@1 12.000 (11.178)	Prec@5 96.000 (95.166)
[2026-03-19 21:18:08] TEST:  Epoch: [2] text	Prec@1 60.484 (53.251)	Prec@5 98.387 (98.767)
[2026-03-19 21:18:08] TEST:  Epoch: [2] text	Prec@1 0.000 (0.000)	Prec@5 34.286 (34.286)
[2026-03-19 21:18:08] TEST:  Epoch: [2] text	Prec@1 0.000 (0.000)	Prec@5 9.677 (9.677)
[2026-03-19 21:18:36] [Eval] Report @step: 2.00 {
    "test__rsum": 384.0531561461794,
    "test__medr": 8.0,
    "test__meanr": 9.551495016611296,
    "test__n_fold_i2t_recall_1": 25.91362126245847,
    "test__n_fold_i2t_recall_5": 88.37209302325581,
    "test__n_fold_i2t_recall_10": 88.37209302325581,
    "test__n_fold_i2t_rsum": 202.6578073089701,
    "test__n_fold_i2t_medr": 3.0,
    "test__n_fold_i2t_meanr": 4.083056478405316,
    "test__n_fold_t2i_recall_1": 26.578073089700997,
    "test__n_fold_t2i_recall_5": 64.45182724252491,
    "test__n_fold_t2i_recall_10": 90.36544850498339,
    "test__n_fold_t2i_rsum": 181.3953488372093,
    "test__n_fold_t2i_medr": 5.0,
    "test__n_fold_t2i_meanr": 5.46843853820598,
    "test__i2t_recall_1": 25.91362126245847,
    "test__i2t_recall_5": 88.37209302325581,
    "test__i2t_recall_10": 88.37209302325581,
    "test__i2t_rsum": 202.6578073089701,
    "test__i2t_medr": 3.0,
    "test__i2t_meanr": 4.083056478405316,
    "test__t2i_recall_1": 26.578073089700997,
    "test__t2i_recall_5": 64.45182724252491,
    "test__t2i_recall_10": 90.36544850498339,
    "test__t2i_rsum": 181.3953488372093,
    "test__t2i_medr": 5.0,
    "test__t2i_meanr": 5.46843853820598
}
[2026-03-19 21:19:16] [Eval] Report @step: 2.00 {
    "test__rsum": 385.19637462235653,
    "test__medr": 6.0,
    "test__meanr": 16.580060422960724,
    "test__n_fold_i2t_recall_1": 20.241691842900302,
    "test__n_fold_i2t_recall_5": 80.06042296072508,
    "test__n_fold_i2t_recall_10": 93.65558912386707,
    "test__n_fold_i2t_rsum": 193.95770392749245,
    "test__n_fold_i2t_medr": 2.0,
    "test__n_fold_i2t_meanr": 5.954682779456193,
    "test__n_fold_t2i_recall_1": 26.88821752265861,
    "test__n_fold_t2i_recall_5": 70.69486404833837,
    "test__n_fold_t2i_recall_10": 93.65558912386707,
    "test__n_fold_t2i_rsum": 191.23867069486406,
    "test__n_fold_t2i_medr": 4.0,
    "test__n_fold_t2i_meanr": 10.625377643504532,
    "test__i2t_recall_1": 20.241691842900302,
    "test__i2t_recall_5": 80.06042296072508,
    "test__i2t_recall_10": 93.65558912386707,
    "test__i2t_rsum": 193.95770392749245,
    "test__i2t_medr": 2.0,
    "test__i2t_meanr": 5.954682779456193,
    "test__t2i_recall_1": 26.88821752265861,
    "test__t2i_recall_5": 70.69486404833837,
    "test__t2i_recall_10": 93.65558912386707,
    "test__t2i_rsum": 191.23867069486406,
    "test__t2i_medr": 4.0,
    "test__t2i_meanr": 10.625377643504532
}
[2026-03-19 21:26:14] [Eval] Report @step: 2.00 {
    "test__rsum": 445.96412556053815,
    "test__medr": 3.0,
    "test__meanr": 8.584080717488789,
    "test__n_fold_i2t_recall_1": 51.34529147982063,
    "test__n_fold_i2t_recall_5": 80.04484304932735,
    "test__n_fold_i2t_recall_10": 92.9372197309417,
    "test__n_fold_i2t_rsum": 224.3273542600897,
    "test__n_fold_i2t_medr": 1.0,
    "test__n_fold_i2t_meanr": 4.003363228699552,
    "test__n_fold_t2i_recall_1": 48.87892376681614,
    "test__n_fold_t2i_recall_5": 83.74439461883408,
    "test__n_fold_t2i_recall_10": 89.01345291479821,
    "test__n_fold_t2i_rsum": 221.63677130044846,
    "test__n_fold_t2i_medr": 2.0,
    "test__n_fold_t2i_meanr": 4.5807174887892375,
    "test__i2t_recall_1": 51.34529147982063,
    "test__i2t_recall_5": 80.04484304932735,
    "test__i2t_recall_10": 92.9372197309417,
    "test__i2t_rsum": 224.3273542600897,
    "test__i2t_medr": 1.0,
    "test__i2t_meanr": 4.003363228699552,
    "test__t2i_recall_1": 48.87892376681614,
    "test__t2i_recall_5": 83.74439461883408,
    "test__t2i_recall_10": 89.01345291479821,
    "test__t2i_rsum": 221.63677130044846,
    "test__t2i_medr": 2.0,
    "test__t2i_meanr": 4.5807174887892375
}
[2026-03-19 21:26:23] [Eval] Report @step: 2.00 {
    "test__rsum": 333.14285714285717,
    "test__medr": 9.0,
    "test__meanr": 17.81714285714286,
    "test__n_fold_i2t_recall_1": 27.428571428571427,
    "test__n_fold_i2t_recall_5": 69.71428571428571,
    "test__n_fold_i2t_recall_10": 78.28571428571429,
    "test__n_fold_i2t_rsum": 175.42857142857144,
    "test__n_fold_i2t_medr": 4.0,
    "test__n_fold_i2t_meanr": 7.422857142857143,
    "test__n_fold_t2i_recall_1": 27.428571428571427,
    "test__n_fold_t2i_recall_5": 58.285714285714285,
    "test__n_fold_t2i_recall_10": 72.0,
    "test__n_fold_t2i_rsum": 157.71428571428572,
    "test__n_fold_t2i_medr": 5.0,
    "test__n_fold_t2i_meanr": 10.394285714285715,
    "test__i2t_recall_1": 27.428571428571427,
    "test__i2t_recall_5": 69.71428571428571,
    "test__i2t_recall_10": 78.28571428571429,
    "test__i2t_rsum": 175.42857142857144,
    "test__i2t_medr": 4.0,
    "test__i2t_meanr": 7.422857142857143,
    "test__t2i_recall_1": 27.428571428571427,
    "test__t2i_recall_5": 58.285714285714285,
    "test__t2i_recall_10": 72.0,
    "test__t2i_rsum": 157.71428571428572,
    "test__t2i_medr": 5.0,
    "test__t2i_meanr": 10.394285714285715
}
[2026-03-19 21:26:26] [Eval] Report @step: 2.00 {
    "test__rsum": 385.48387096774195,
    "test__medr": 5.0,
    "test__meanr": 11.64516129032258,
    "test__n_fold_i2t_recall_1": 40.32258064516129,
    "test__n_fold_i2t_recall_5": 64.51612903225806,
    "test__n_fold_i2t_recall_10": 80.64516129032258,
    "test__n_fold_i2t_rsum": 185.48387096774195,
    "test__n_fold_i2t_medr": 2.0,
    "test__n_fold_i2t_meanr": 8.0,
    "test__n_fold_t2i_recall_1": 8.064516129032258,
    "test__n_fold_t2i_recall_5": 93.54838709677419,
    "test__n_fold_t2i_recall_10": 98.38709677419355,
    "test__n_fold_t2i_rsum": 200.0,
    "test__n_fold_t2i_medr": 3.0,
    "test__n_fold_t2i_meanr": 3.6451612903225805,
    "test__i2t_recall_1": 40.32258064516129,
    "test__i2t_recall_5": 64.51612903225806,
    "test__i2t_recall_10": 80.64516129032258,
    "test__i2t_rsum": 185.48387096774195,
    "test__i2t_medr": 2.0,
    "test__i2t_meanr": 8.0,
    "test__t2i_recall_1": 8.064516129032258,
    "test__t2i_recall_5": 93.54838709677419,
    "test__t2i_recall_10": 98.38709677419355,
    "test__t2i_rsum": 200.0,
    "test__t2i_medr": 3.0,
    "test__t2i_meanr": 3.6451612903225805
}
[2026-03-19 21:26:26] Round 3!
[2026-03-19 21:26:28] Distill client 12 (mm) step 0: loss=3.163893
[2026-03-19 21:26:28] Distill client 13 (mm) step 0: loss=2.731938
[2026-03-19 21:26:28] Distill client 0 (image) step 0: loss=0.396230
[2026-03-19 21:26:28] Epoch: [2] image	Loss 0.3109 (0.3607)	
[2026-03-19 21:26:28] Distill client 2 (image) step 0: loss=0.405966
[2026-03-19 21:26:28] Epoch: [2] image	Loss 0.3218 (0.3724)	
[2026-03-19 21:26:28] Distill client 6 (text) step 0: loss=0.422550
[2026-03-19 21:26:28] Epoch: [2] text	Loss 0.2756 (0.3466)	
[2026-03-19 21:26:28] Distill client 5 (text) step 0: loss=0.458660
[2026-03-19 21:26:28] Epoch: [2] text	Loss 0.2713 (0.3568)	
[2026-03-19 21:26:28] Distill client 4 (image) step 0: loss=0.409114
[2026-03-19 21:26:28] Epoch: [2] image	Loss 0.3071 (0.3644)	
[2026-03-19 21:26:28] Distill client 11 (mm) step 0: loss=3.009110
[2026-03-19 21:26:29] Distill client 1 (image) step 0: loss=0.407371
[2026-03-19 21:26:29] Epoch: [2] image	Loss 0.3039 (0.3617)	
[2026-03-19 21:26:29] Distill client 7 (text) step 0: loss=0.413910
[2026-03-19 21:26:29] Epoch: [2] text	Loss 0.3210 (0.3755)	
[2026-03-19 21:26:29] Distill client 14 (mm) step 0: loss=2.870076
[2026-03-19 21:26:29] Distill client 8 (text) step 0: loss=0.458007
[2026-03-19 21:26:29] Epoch: [2] text	Loss 0.2713 (0.3564)	
[2026-03-19 21:26:29] Distill client 10 (mm) step 0: loss=2.674099
[2026-03-19 21:26:29] Distill client 3 (image) step 0: loss=0.399390
[2026-03-19 21:26:29] Epoch: [2] image	Loss 0.3104 (0.3622)	
[2026-03-19 21:26:29] Distill client 9 (text) step 0: loss=0.483660
[2026-03-19 21:26:30] Epoch: [2] text	Loss 0.2717 (0.3659)	
[2026-03-19 21:26:30] Epoch 3
[2026-03-19 21:26:30] Epoch 3
[2026-03-19 21:26:31] Epoch: [3] image	Loss 3.0574 (3.0993)	Prec@1 35.156 (38.021)	Prec@5 66.406 (69.141)
[2026-03-19 21:26:31] TEST:  Epoch: [3] image	Prec@1 37.778 (41.196)	Prec@5 82.222 (80.399)
[2026-03-19 21:26:31] Epoch: [3] image	Loss 2.8288 (2.9082)	Prec@1 52.734 (52.344)	Prec@5 72.266 (71.094)
[2026-03-19 21:26:32] TEST:  Epoch: [3] image	Prec@1 60.484 (53.251)	Prec@5 87.097 (81.951)
[2026-03-19 21:26:33] Epoch: [3] text	Loss 2.8774 (2.9298)	Prec@1 25.781 (20.443)	Prec@5 95.312 (95.443)
[2026-03-19 21:26:33] TEST:  Epoch: [3] text	Prec@1 33.333 (30.211)	Prec@5 96.000 (95.770)
[2026-03-19 21:26:33] Epoch: [3] text	Loss 3.4670 (3.4670)	Prec@1 0.000 (0.000)	Prec@5 0.000 (0.000)
[2026-03-19 21:26:33] TEST:  Epoch: [3] text	Prec@1 0.000 (0.000)	Prec@5 0.000 (0.000)
[2026-03-19 21:26:34] Epoch: [3] image	Loss 3.1872 (3.1872)	Prec@1 25.781 (25.781)	Prec@5 64.453 (64.453)
[2026-03-19 21:26:34] TEST:  Epoch: [3] image	Prec@1 50.000 (50.000)	Prec@5 56.452 (56.452)
[2026-03-19 21:26:34] Epoch 3
[2026-03-19 21:26:35] Epoch: [3] image	Loss 3.2496 (3.2496)	Prec@1 14.844 (14.844)	Prec@5 43.359 (43.359)
[2026-03-19 21:26:35] TEST:  Epoch: [3] image	Prec@1 16.000 (13.595)	Prec@5 48.000 (42.900)
[2026-03-19 21:26:37] Epoch: [3] text	Loss 1.6483 (1.5619)	Prec@1 47.266 (53.631)	Prec@5 98.828 (99.058)
[2026-03-19 21:26:37] TEST:  Epoch: [3] text	Prec@1 60.484 (53.251)	Prec@5 98.387 (98.767)
[2026-03-19 21:26:38] Epoch 3
[2026-03-19 21:26:38] Epoch: [3] text	Loss 3.2891 (3.2891)	Prec@1 0.781 (0.781)	Prec@5 43.750 (43.750)
[2026-03-19 21:26:38] TEST:  Epoch: [3] text	Prec@1 2.857 (2.857)	Prec@5 46.857 (46.857)
[2026-03-19 21:26:39] Epoch 3
[2026-03-19 21:26:39] Epoch: [3] image	Loss 3.0623 (3.1066)	Prec@1 20.703 (19.531)	Prec@5 76.953 (66.797)
[2026-03-19 21:26:39] TEST:  Epoch: [3] image	Prec@1 18.286 (18.286)	Prec@5 74.857 (74.857)
[2026-03-19 21:26:40] Epoch: [3] text	Loss 0.0000 (0.0000)	Prec@1 0.000 (0.000)	Prec@5 0.000 (0.000)
[2026-03-19 21:26:40] TEST:  Epoch: [3] text	Prec@1 0.000 (0.000)	Prec@5 22.581 (22.581)
[2026-03-19 21:26:40] TEST:  Epoch: [3] image	Prec@1 37.778 (41.196)	Prec@5 82.222 (80.399)
[2026-03-19 21:26:41] TEST:  Epoch: [3] image	Prec@1 16.000 (13.595)	Prec@5 48.000 (42.900)
[2026-03-19 21:26:41] TEST:  Epoch: [3] image	Prec@1 60.484 (53.251)	Prec@5 87.097 (81.951)
[2026-03-19 21:26:41] TEST:  Epoch: [3] image	Prec@1 18.286 (18.286)	Prec@5 74.857 (74.857)
[2026-03-19 21:26:41] TEST:  Epoch: [3] image	Prec@1 50.000 (50.000)	Prec@5 56.452 (56.452)
[2026-03-19 21:26:42] TEST:  Epoch: [3] text	Prec@1 0.000 (0.000)	Prec@5 0.000 (0.000)
[2026-03-19 21:26:42] TEST:  Epoch: [3] text	Prec@1 33.333 (30.211)	Prec@5 96.000 (95.770)
[2026-03-19 21:26:42] TEST:  Epoch: [3] text	Prec@1 60.484 (53.251)	Prec@5 98.387 (98.767)
[2026-03-19 21:26:43] TEST:  Epoch: [3] text	Prec@1 2.857 (2.857)	Prec@5 46.857 (46.857)
[2026-03-19 21:26:43] TEST:  Epoch: [3] text	Prec@1 0.000 (0.000)	Prec@5 22.581 (22.581)
[2026-03-19 21:27:12] [Eval] Report @step: 3.00 {
    "test__rsum": 337.2093023255814,
    "test__medr": 10.0,
    "test__meanr": 22.245847176079735,
    "test__n_fold_i2t_recall_1": 41.19601328903654,
    "test__n_fold_i2t_recall_5": 47.50830564784053,
    "test__n_fold_i2t_recall_10": 67.77408637873754,
    "test__n_fold_i2t_rsum": 156.47840531561462,
    "test__n_fold_i2t_medr": 6.0,
    "test__n_fold_i2t_meanr": 15.90033222591362,
    "test__n_fold_t2i_recall_1": 26.245847176079735,
    "test__n_fold_t2i_recall_5": 74.08637873754152,
    "test__n_fold_t2i_recall_10": 80.39867109634551,
    "test__n_fold_t2i_rsum": 180.73089700996678,
    "test__n_fold_t2i_medr": 4.0,
    "test__n_fold_t2i_meanr": 6.3455149501661126,
    "test__i2t_recall_1": 41.19601328903654,
    "test__i2t_recall_5": 47.50830564784053,
    "test__i2t_recall_10": 67.77408637873754,
    "test__i2t_rsum": 156.47840531561462,
    "test__i2t_medr": 6.0,
    "test__i2t_meanr": 15.90033222591362,
    "test__t2i_recall_1": 26.245847176079735,
    "test__t2i_recall_5": 74.08637873754152,
    "test__t2i_recall_10": 80.39867109634551,
    "test__t2i_rsum": 180.73089700996678,
    "test__t2i_medr": 4.0,
    "test__t2i_meanr": 6.3455149501661126
}
[2026-03-19 21:27:42] [Eval] Report @step: 3.00 {
    "test__rsum": 383.6858006042296,
    "test__medr": 8.0,
    "test__meanr": 15.498489425981873,
    "test__n_fold_i2t_recall_1": 20.241691842900302,
    "test__n_fold_i2t_recall_5": 74.62235649546828,
    "test__n_fold_i2t_recall_10": 94.25981873111782,
    "test__n_fold_i2t_rsum": 189.12386706948638,
    "test__n_fold_i2t_medr": 4.0,
    "test__n_fold_i2t_meanr": 4.867069486404834,
    "test__n_fold_t2i_recall_1": 26.88821752265861,
    "test__n_fold_t2i_recall_5": 79.15407854984895,
    "test__n_fold_t2i_recall_10": 88.51963746223565,
    "test__n_fold_t2i_rsum": 194.56193353474322,
    "test__n_fold_t2i_medr": 4.0,
    "test__n_fold_t2i_meanr": 10.63141993957704,
    "test__i2t_recall_1": 20.241691842900302,
    "test__i2t_recall_5": 74.62235649546828,
    "test__i2t_recall_10": 94.25981873111782,
    "test__i2t_rsum": 189.12386706948638,
    "test__i2t_medr": 4.0,
    "test__i2t_meanr": 4.867069486404834,
    "test__t2i_recall_1": 26.88821752265861,
    "test__t2i_recall_5": 79.15407854984895,
    "test__t2i_recall_10": 88.51963746223565,
    "test__t2i_rsum": 194.56193353474322,
    "test__t2i_medr": 4.0,
    "test__t2i_meanr": 10.63141993957704
}
[2026-03-19 21:34:21] [Eval] Report @step: 3.00 {
    "test__rsum": 448.6547085201794,
    "test__medr": 2.0,
    "test__meanr": 11.512331838565022,
    "test__n_fold_i2t_recall_1": 52.80269058295964,
    "test__n_fold_i2t_recall_5": 78.36322869955157,
    "test__n_fold_i2t_recall_10": 85.31390134529148,
    "test__n_fold_i2t_rsum": 216.47982062780267,
    "test__n_fold_i2t_medr": 1.0,
    "test__n_fold_i2t_meanr": 5.202914798206278,
    "test__n_fold_t2i_recall_1": 50.89686098654708,
    "test__n_fold_t2i_recall_5": 89.79820627802691,
    "test__n_fold_t2i_recall_10": 91.4798206278027,
    "test__n_fold_t2i_rsum": 232.1748878923767,
    "test__n_fold_t2i_medr": 1.0,
    "test__n_fold_t2i_meanr": 6.309417040358745,
    "test__i2t_recall_1": 52.80269058295964,
    "test__i2t_recall_5": 78.36322869955157,
    "test__i2t_recall_10": 85.31390134529148,
    "test__i2t_rsum": 216.47982062780267,
    "test__i2t_medr": 1.0,
    "test__i2t_meanr": 5.202914798206278,
    "test__t2i_recall_1": 50.89686098654708,
    "test__t2i_recall_5": 89.79820627802691,
    "test__t2i_recall_10": 91.4798206278027,
    "test__t2i_rsum": 232.1748878923767,
    "test__t2i_medr": 1.0,
    "test__t2i_meanr": 6.309417040358745
}
[2026-03-19 21:34:30] [Eval] Report @step: 3.00 {
    "test__rsum": 326.2857142857143,
    "test__medr": 7.0,
    "test__meanr": 11.611428571428572,
    "test__n_fold_i2t_recall_1": 8.0,
    "test__n_fold_i2t_recall_5": 76.0,
    "test__n_fold_i2t_recall_10": 76.0,
    "test__n_fold_i2t_rsum": 160.0,
    "test__n_fold_i2t_medr": 3.0,
    "test__n_fold_i2t_meanr": 6.217142857142857,
    "test__n_fold_t2i_recall_1": 11.428571428571429,
    "test__n_fold_t2i_recall_5": 70.85714285714286,
    "test__n_fold_t2i_recall_10": 84.0,
    "test__n_fold_t2i_rsum": 166.28571428571428,
    "test__n_fold_t2i_medr": 4.0,
    "test__n_fold_t2i_meanr": 5.394285714285714,
    "test__i2t_recall_1": 8.0,
    "test__i2t_recall_5": 76.0,
    "test__i2t_recall_10": 76.0,
    "test__i2t_rsum": 160.0,
    "test__i2t_medr": 3.0,
    "test__i2t_meanr": 6.217142857142857,
    "test__t2i_recall_1": 11.428571428571429,
    "test__t2i_recall_5": 70.85714285714286,
    "test__t2i_recall_10": 84.0,
    "test__t2i_rsum": 166.28571428571428,
    "test__t2i_medr": 4.0,
    "test__t2i_meanr": 5.394285714285714
}
[2026-03-19 21:34:32] [Eval] Report @step: 3.00 {
    "test__rsum": 311.2903225806451,
    "test__medr": 4.0,
    "test__meanr": 11.70967741935484,
    "test__n_fold_i2t_recall_1": 8.064516129032258,
    "test__n_fold_i2t_recall_5": 67.74193548387096,
    "test__n_fold_i2t_recall_10": 95.16129032258064,
    "test__n_fold_i2t_rsum": 170.96774193548384,
    "test__n_fold_i2t_medr": 2.0,
    "test__n_fold_i2t_meanr": 5.161290322580645,
    "test__n_fold_t2i_recall_1": 8.064516129032258,
    "test__n_fold_t2i_recall_5": 64.51612903225806,
    "test__n_fold_t2i_recall_10": 67.74193548387096,
    "test__n_fold_t2i_rsum": 140.32258064516128,
    "test__n_fold_t2i_medr": 2.0,
    "test__n_fold_t2i_meanr": 6.548387096774194,
    "test__i2t_recall_1": 8.064516129032258,
    "test__i2t_recall_5": 67.74193548387096,
    "test__i2t_recall_10": 95.16129032258064,
    "test__i2t_rsum": 170.96774193548384,
    "test__i2t_medr": 2.0,
    "test__i2t_meanr": 5.161290322580645,
    "test__t2i_recall_1": 8.064516129032258,
    "test__t2i_recall_5": 64.51612903225806,
    "test__t2i_recall_10": 67.74193548387096,
    "test__t2i_rsum": 140.32258064516128,
    "test__t2i_medr": 2.0,
    "test__t2i_meanr": 6.548387096774194
}
[2026-03-19 21:34:33] Round 4!
[2026-03-19 21:34:34] Distill client 13 (mm) step 0: loss=2.020654
[2026-03-19 21:34:35] Distill client 5 (text) step 0: loss=0.282317
[2026-03-19 21:34:35] Epoch: [3] text	Loss 0.1523 (0.2135)	
[2026-03-19 21:34:35] Distill client 9 (text) step 0: loss=0.297940
[2026-03-19 21:34:35] Epoch: [3] text	Loss 0.1511 (0.2182)	
[2026-03-19 21:34:35] Distill client 4 (image) step 0: loss=0.292640
[2026-03-19 21:34:35] Epoch: [3] image	Loss 0.1793 (0.2394)	
[2026-03-19 21:34:35] Distill client 0 (image) step 0: loss=0.280563
[2026-03-19 21:34:35] Epoch: [3] image	Loss 0.1898 (0.2408)	
[2026-03-19 21:34:35] Distill client 7 (text) step 0: loss=0.258798
[2026-03-19 21:34:35] Epoch: [3] text	Loss 0.1921 (0.2307)	
[2026-03-19 21:34:35] Distill client 8 (text) step 0: loss=0.281050
[2026-03-19 21:34:35] Epoch: [3] text	Loss 0.1514 (0.2123)	
[2026-03-19 21:34:35] Distill client 1 (image) step 0: loss=0.289770
[2026-03-19 21:34:35] Epoch: [3] image	Loss 0.1759 (0.2361)	
[2026-03-19 21:34:35] Distill client 3 (image) step 0: loss=0.280351
[2026-03-19 21:34:36] Epoch: [3] image	Loss 0.1852 (0.2378)	
[2026-03-19 21:34:36] Distill client 10 (mm) step 0: loss=1.925398
[2026-03-19 21:34:36] Distill client 11 (mm) step 0: loss=2.193020
[2026-03-19 21:34:36] Distill client 2 (image) step 0: loss=0.291582
[2026-03-19 21:34:36] Epoch: [3] image	Loss 0.1992 (0.2521)	
[2026-03-19 21:34:36] Distill client 6 (text) step 0: loss=0.263933
[2026-03-19 21:34:36] Epoch: [3] text	Loss 0.1592 (0.2110)	
[2026-03-19 21:34:36] Distill client 12 (mm) step 0: loss=2.364077
[2026-03-19 21:34:36] Distill client 14 (mm) step 0: loss=2.144142
[2026-03-19 21:34:36] Epoch 4
[2026-03-19 21:34:37] Epoch: [4] text	Loss 3.4170 (3.4170)	Prec@1 0.000 (0.000)	Prec@5 1.562 (1.562)
[2026-03-19 21:34:37] TEST:  Epoch: [4] text	Prec@1 0.000 (0.000)	Prec@5 13.333 (16.944)
[2026-03-19 21:34:37] Epoch: [4] text	Loss 0.0000 (0.0000)	Prec@1 0.000 (0.000)	Prec@5 0.000 (0.000)
[2026-03-19 21:34:38] TEST:  Epoch: [4] text	Prec@1 0.000 (0.000)	Prec@5 38.710 (38.710)
[2026-03-19 21:34:38] Epoch: [4] image	Loss 3.1356 (3.1356)	Prec@1 61.328 (61.328)	Prec@5 61.719 (61.719)
[2026-03-19 21:34:38] TEST:  Epoch: [4] image	Prec@1 56.452 (56.452)	Prec@5 56.452 (56.452)
[2026-03-19 21:34:39] Epoch: [4] image	Loss 2.8305 (2.8815)	Prec@1 35.547 (37.370)	Prec@5 80.078 (82.292)
[2026-03-19 21:34:39] TEST:  Epoch: [4] image	Prec@1 37.778 (41.196)	Prec@5 84.444 (85.382)
[2026-03-19 21:34:41] Epoch: [4] text	Loss 1.5843 (1.4783)	Prec@1 49.609 (53.791)	Prec@5 98.047 (99.058)
[2026-03-19 21:34:41] TEST:  Epoch: [4] text	Prec@1 60.484 (53.251)	Prec@5 98.387 (98.767)
[2026-03-19 21:34:42] Epoch: [4] text	Loss 3.2406 (3.2406)	Prec@1 11.719 (11.719)	Prec@5 58.594 (58.594)
[2026-03-19 21:34:42] TEST:  Epoch: [4] text	Prec@1 16.000 (16.000)	Prec@5 48.571 (48.571)
[2026-03-19 21:34:42] Epoch: [4] image	Loss 3.2148 (3.2148)	Prec@1 16.016 (16.016)	Prec@5 50.781 (50.781)
[2026-03-19 21:34:42] TEST:  Epoch: [4] image	Prec@1 16.000 (13.595)	Prec@5 58.667 (54.381)
[2026-03-19 21:34:43] Epoch: [4] image	Loss 2.9256 (2.9707)	Prec@1 28.125 (26.693)	Prec@5 88.281 (83.073)
[2026-03-19 21:34:43] TEST:  Epoch: [4] image	Prec@1 20.000 (20.000)	Prec@5 88.000 (88.000)
[2026-03-19 21:34:43] Epoch 4
[2026-03-19 21:34:44] Epoch 4
[2026-03-19 21:34:44] Epoch: [4] image	Loss 2.5841 (2.6557)	Prec@1 50.391 (51.562)	Prec@5 88.672 (85.286)
[2026-03-19 21:34:45] TEST:  Epoch: [4] image	Prec@1 60.484 (53.251)	Prec@5 94.355 (90.022)
[2026-03-19 21:34:45] Epoch: [4] text	Loss 2.6972 (2.7391)	Prec@1 39.062 (31.641)	Prec@5 94.922 (95.703)
[2026-03-19 21:34:46] TEST:  Epoch: [4] text	Prec@1 40.000 (40.785)	Prec@5 96.000 (95.770)
[2026-03-19 21:34:46] Epoch 4
[2026-03-19 21:34:46] Epoch 4
[2026-03-19 21:34:47] TEST:  Epoch: [4] image	Prec@1 37.778 (41.196)	Prec@5 84.444 (85.382)
[2026-03-19 21:34:47] TEST:  Epoch: [4] image	Prec@1 16.000 (13.595)	Prec@5 58.667 (54.381)
[2026-03-19 21:34:48] TEST:  Epoch: [4] image	Prec@1 60.484 (53.251)	Prec@5 94.355 (90.022)
[2026-03-19 21:34:48] TEST:  Epoch: [4] image	Prec@1 20.000 (20.000)	Prec@5 88.000 (88.000)
[2026-03-19 21:34:48] TEST:  Epoch: [4] image	Prec@1 56.452 (56.452)	Prec@5 56.452 (56.452)
[2026-03-19 21:34:48] TEST:  Epoch: [4] text	Prec@1 0.000 (0.000)	Prec@5 13.333 (16.944)
[2026-03-19 21:34:48] TEST:  Epoch: [4] text	Prec@1 40.000 (40.785)	Prec@5 96.000 (95.770)
[2026-03-19 21:34:49] TEST:  Epoch: [4] text	Prec@1 60.484 (53.251)	Prec@5 98.387 (98.767)
[2026-03-19 21:34:49] TEST:  Epoch: [4] text	Prec@1 16.000 (16.000)	Prec@5 48.571 (48.571)
[2026-03-19 21:34:49] TEST:  Epoch: [4] text	Prec@1 0.000 (0.000)	Prec@5 38.710 (38.710)
[2026-03-19 21:35:28] [Eval] Report @step: 4.00 {
    "test__rsum": 350.1661129568106,
    "test__medr": 5.0,
    "test__meanr": 19.57142857142857,
    "test__n_fold_i2t_recall_1": 34.5514950166113,
    "test__n_fold_i2t_recall_5": 67.77408637873754,
    "test__n_fold_i2t_recall_10": 79.734219269103,
    "test__n_fold_i2t_rsum": 182.0598006644518,
    "test__n_fold_i2t_medr": 2.0,
    "test__n_fold_i2t_meanr": 13.847176079734218,
    "test__n_fold_t2i_recall_1": 22.92358803986711,
    "test__n_fold_t2i_recall_5": 63.78737541528239,
    "test__n_fold_t2i_recall_10": 81.3953488372093,
    "test__n_fold_t2i_rsum": 168.10631229235878,
    "test__n_fold_t2i_medr": 3.0,
    "test__n_fold_t2i_meanr": 5.724252491694352,
    "test__i2t_recall_1": 34.5514950166113,
    "test__i2t_recall_5": 67.77408637873754,
    "test__i2t_recall_10": 79.734219269103,
    "test__i2t_rsum": 182.0598006644518,
    "test__i2t_medr": 2.0,
    "test__i2t_meanr": 13.847176079734218,
    "test__t2i_recall_1": 22.92358803986711,
    "test__t2i_recall_5": 63.78737541528239,
    "test__t2i_recall_10": 81.3953488372093,
    "test__t2i_rsum": 168.10631229235878,
    "test__t2i_medr": 3.0,
    "test__t2i_meanr": 5.724252491694352
}
[2026-03-19 21:36:08] [Eval] Report @step: 4.00 {
    "test__rsum": 358.00604229607245,
    "test__medr": 7.0,
    "test__meanr": 14.56797583081571,
    "test__n_fold_i2t_recall_1": 20.241691842900302,
    "test__n_fold_i2t_recall_5": 71.29909365558912,
    "test__n_fold_i2t_recall_10": 97.2809667673716,
    "test__n_fold_i2t_rsum": 188.821752265861,
    "test__n_fold_i2t_medr": 3.0,
    "test__n_fold_i2t_meanr": 4.8912386706948645,
    "test__n_fold_t2i_recall_1": 26.88821752265861,
    "test__n_fold_t2i_recall_5": 59.818731117824775,
    "test__n_fold_t2i_recall_10": 82.4773413897281,
    "test__n_fold_t2i_rsum": 169.18429003021149,
    "test__n_fold_t2i_medr": 4.0,
    "test__n_fold_t2i_meanr": 9.676737160120846,
    "test__i2t_recall_1": 20.241691842900302,
    "test__i2t_recall_5": 71.29909365558912,
    "test__i2t_recall_10": 97.2809667673716,
    "test__i2t_rsum": 188.821752265861,
    "test__i2t_medr": 3.0,
    "test__i2t_meanr": 4.8912386706948645,
    "test__t2i_recall_1": 26.88821752265861,
    "test__t2i_recall_5": 59.818731117824775,
    "test__t2i_recall_10": 82.4773413897281,
    "test__t2i_rsum": 169.18429003021149,
    "test__t2i_medr": 4.0,
    "test__t2i_meanr": 9.676737160120846
}
[2026-03-19 21:42:29] [Eval] Report @step: 4.00 {
    "test__rsum": 376.68161434977577,
    "test__medr": 6.0,
    "test__meanr": 11.04372197309417,
    "test__n_fold_i2t_recall_1": 20.739910313901344,
    "test__n_fold_i2t_recall_5": 79.7085201793722,
    "test__n_fold_i2t_recall_10": 84.19282511210763,
    "test__n_fold_i2t_rsum": 184.64125560538116,
    "test__n_fold_i2t_medr": 3.0,
    "test__n_fold_i2t_meanr": 5.300448430493273,
    "test__n_fold_t2i_recall_1": 20.96412556053812,
    "test__n_fold_t2i_recall_5": 79.5964125560538,
    "test__n_fold_t2i_recall_10": 91.4798206278027,
    "test__n_fold_t2i_rsum": 192.0403587443946,
    "test__n_fold_t2i_medr": 3.0,
    "test__n_fold_t2i_meanr": 5.743273542600897,
    "test__i2t_recall_1": 20.739910313901344,
    "test__i2t_recall_5": 79.7085201793722,
    "test__i2t_recall_10": 84.19282511210763,
    "test__i2t_rsum": 184.64125560538116,
    "test__i2t_medr": 3.0,
    "test__i2t_meanr": 5.300448430493273,
    "test__t2i_recall_1": 20.96412556053812,
    "test__t2i_recall_5": 79.5964125560538,
    "test__t2i_recall_10": 91.4798206278027,
    "test__t2i_rsum": 192.0403587443946,
    "test__t2i_medr": 3.0,
    "test__t2i_meanr": 5.743273542600897
}
[2026-03-19 21:42:38] [Eval] Report @step: 4.00 {
    "test__rsum": 297.1428571428571,
    "test__medr": 11.0,
    "test__meanr": 14.017142857142858,
    "test__n_fold_i2t_recall_1": 20.571428571428573,
    "test__n_fold_i2t_recall_5": 48.57142857142857,
    "test__n_fold_i2t_recall_10": 84.0,
    "test__n_fold_i2t_rsum": 153.14285714285714,
    "test__n_fold_i2t_medr": 6.0,
    "test__n_fold_i2t_meanr": 6.942857142857143,
    "test__n_fold_t2i_recall_1": 20.571428571428573,
    "test__n_fold_t2i_recall_5": 54.857142857142854,
    "test__n_fold_t2i_recall_10": 68.57142857142857,
    "test__n_fold_t2i_rsum": 144.0,
    "test__n_fold_t2i_medr": 5.0,
    "test__n_fold_t2i_meanr": 7.074285714285714,
    "test__i2t_recall_1": 20.571428571428573,
    "test__i2t_recall_5": 48.57142857142857,
    "test__i2t_recall_10": 84.0,
    "test__i2t_rsum": 153.14285714285714,
    "test__i2t_medr": 6.0,
    "test__i2t_meanr": 6.942857142857143,
    "test__t2i_recall_1": 20.571428571428573,
    "test__t2i_recall_5": 54.857142857142854,
    "test__t2i_recall_10": 68.57142857142857,
    "test__t2i_rsum": 144.0,
    "test__t2i_medr": 5.0,
    "test__t2i_meanr": 7.074285714285714
}
[2026-03-19 21:42:40] [Eval] Report @step: 4.00 {
    "test__rsum": 395.16129032258067,
    "test__medr": 3.0,
    "test__meanr": 10.080645161290322,
    "test__n_fold_i2t_recall_1": 8.064516129032258,
    "test__n_fold_i2t_recall_5": 88.70967741935483,
    "test__n_fold_i2t_recall_10": 95.16129032258064,
    "test__n_fold_i2t_rsum": 191.93548387096774,
    "test__n_fold_i2t_medr": 2.0,
    "test__n_fold_i2t_meanr": 4.387096774193548,
    "test__n_fold_t2i_recall_1": 56.45161290322581,
    "test__n_fold_t2i_recall_5": 64.51612903225806,
    "test__n_fold_t2i_recall_10": 82.25806451612904,
    "test__n_fold_t2i_rsum": 203.22580645161293,
    "test__n_fold_t2i_medr": 1.0,
    "test__n_fold_t2i_meanr": 5.693548387096774,
    "test__i2t_recall_1": 8.064516129032258,
    "test__i2t_recall_5": 88.70967741935483,
    "test__i2t_recall_10": 95.16129032258064,
    "test__i2t_rsum": 191.93548387096774,
    "test__i2t_medr": 2.0,
    "test__i2t_meanr": 4.387096774193548,
    "test__t2i_recall_1": 56.45161290322581,
    "test__t2i_recall_5": 64.51612903225806,
    "test__t2i_recall_10": 82.25806451612904,
    "test__t2i_rsum": 203.22580645161293,
    "test__t2i_medr": 1.0,
    "test__t2i_meanr": 5.693548387096774
}
[2026-03-19 21:42:41] Round 5!
[2026-03-19 21:42:42] Distill client 11 (mm) step 0: loss=1.717558
[2026-03-19 21:42:42] Distill client 1 (image) step 0: loss=0.222945
[2026-03-19 21:42:43] Epoch: [4] image	Loss 0.1232 (0.1742)	
[2026-03-19 21:42:43] Distill client 0 (image) step 0: loss=0.220366
[2026-03-19 21:42:43] Epoch: [4] image	Loss 0.1404 (0.1842)	
[2026-03-19 21:42:43] Distill client 10 (mm) step 0: loss=1.578465
[2026-03-19 21:42:43] Distill client 3 (image) step 0: loss=0.215896
[2026-03-19 21:42:43] Epoch: [4] image	Loss 0.1341 (0.1780)	
[2026-03-19 21:42:43] Distill client 4 (image) step 0: loss=0.226249
[2026-03-19 21:42:43] Epoch: [4] image	Loss 0.1263 (0.1776)	
[2026-03-19 21:42:43] Distill client 13 (mm) step 0: loss=1.619804
[2026-03-19 21:42:43] Distill client 14 (mm) step 0: loss=1.716949
[2026-03-19 21:42:44] Distill client 6 (text) step 0: loss=0.184284
[2026-03-19 21:42:44] Epoch: [4] text	Loss 0.1087 (0.1458)	
[2026-03-19 21:42:44] Distill client 12 (mm) step 0: loss=1.929169
[2026-03-19 21:42:44] Distill client 7 (text) step 0: loss=0.181566
[2026-03-19 21:42:44] Epoch: [4] text	Loss 0.1341 (0.1611)	
[2026-03-19 21:42:44] Distill client 2 (image) step 0: loss=0.230698
[2026-03-19 21:42:44] Epoch: [4] image	Loss 0.1482 (0.1941)	
[2026-03-19 21:42:44] Distill client 8 (text) step 0: loss=0.190775
[2026-03-19 21:42:44] Epoch: [4] text	Loss 0.0979 (0.1413)	
[2026-03-19 21:42:44] Distill client 9 (text) step 0: loss=0.201332
[2026-03-19 21:42:44] Epoch: [4] text	Loss 0.0960 (0.1440)	
[2026-03-19 21:42:44] Distill client 5 (text) step 0: loss=0.193209
[2026-03-19 21:42:44] Epoch: [4] text	Loss 0.0996 (0.1436)	
[2026-03-19 21:42:44] Epoch 5
[2026-03-19 21:42:45] Epoch: [5] image	Loss 3.1731 (3.1731)	Prec@1 16.016 (16.016)	Prec@5 71.875 (71.875)
[2026-03-19 21:42:45] TEST:  Epoch: [5] image	Prec@1 16.000 (13.595)	Prec@5 82.667 (76.737)
[2026-03-19 21:42:46] Epoch: [5] image	Loss 2.6155 (2.6722)	Prec@1 39.453 (37.891)	Prec@5 80.078 (82.943)
[2026-03-19 21:42:46] TEST:  Epoch: [5] image	Prec@1 37.778 (41.196)	Prec@5 84.444 (85.382)
[2026-03-19 21:42:46] Epoch 5
[2026-03-19 21:42:47] Epoch: [5] image	Loss 2.7982 (2.8405)	Prec@1 30.469 (27.865)	Prec@5 89.844 (90.365)
[2026-03-19 21:42:47] TEST:  Epoch: [5] image	Prec@1 20.000 (20.000)	Prec@5 89.714 (89.714)
[2026-03-19 21:42:47] Epoch: [5] image	Loss 3.0420 (3.0420)	Prec@1 65.234 (65.234)	Prec@5 66.406 (66.406)
[2026-03-19 21:42:47] TEST:  Epoch: [5] image	Prec@1 56.452 (56.452)	Prec@5 56.452 (56.452)
[2026-03-19 21:42:48] Epoch 5
[2026-03-19 21:42:48] Epoch 5
[2026-03-19 21:42:49] Epoch: [5] text	Loss 2.4995 (2.5602)	Prec@1 33.594 (35.547)	Prec@5 95.703 (95.443)
[2026-03-19 21:42:49] TEST:  Epoch: [5] text	Prec@1 32.000 (32.931)	Prec@5 96.000 (95.770)
[2026-03-19 21:42:49] Epoch 5
[2026-03-19 21:42:51] Epoch: [5] text	Loss 1.4361 (1.4294)	Prec@1 54.688 (53.768)	Prec@5 98.047 (99.150)
[2026-03-19 21:42:51] TEST:  Epoch: [5] text	Prec@1 60.484 (53.251)	Prec@5 98.387 (98.767)
[2026-03-19 21:42:52] Epoch: [5] image	Loss 2.3185 (2.4264)	Prec@1 53.906 (51.302)	Prec@5 96.875 (95.443)
[2026-03-19 21:42:53] TEST:  Epoch: [5] image	Prec@1 60.484 (53.251)	Prec@5 98.387 (97.422)
[2026-03-19 21:42:53] Epoch: [5] text	Loss 3.2269 (3.2269)	Prec@1 17.969 (17.969)	Prec@5 56.250 (56.250)
[2026-03-19 21:42:53] TEST:  Epoch: [5] text	Prec@1 21.143 (21.143)	Prec@5 48.571 (48.571)
[2026-03-19 21:42:54] Epoch: [5] text	Loss 0.0000 (0.0000)	Prec@1 0.000 (0.000)	Prec@5 0.000 (0.000)
[2026-03-19 21:42:54] TEST:  Epoch: [5] text	Prec@1 0.000 (0.000)	Prec@5 51.613 (51.613)
[2026-03-19 21:42:54] Epoch: [5] text	Loss 3.3485 (3.3485)	Prec@1 0.000 (0.000)	Prec@5 19.141 (19.141)
[2026-03-19 21:42:54] TEST:  Epoch: [5] text	Prec@1 2.222 (1.661)	Prec@5 37.778 (39.867)
[2026-03-19 21:42:55] TEST:  Epoch: [5] image	Prec@1 37.778 (41.196)	Prec@5 84.444 (85.382)
[2026-03-19 21:42:55] TEST:  Epoch: [5] image	Prec@1 16.000 (13.595)	Prec@5 82.667 (76.737)
[2026-03-19 21:42:55] TEST:  Epoch: [5] image	Prec@1 60.484 (53.251)	Prec@5 98.387 (97.422)
[2026-03-19 21:42:56] TEST:  Epoch: [5] image	Prec@1 20.000 (20.000)	Prec@5 89.714 (89.714)
[2026-03-19 21:42:56] TEST:  Epoch: [5] image	Prec@1 56.452 (56.452)	Prec@5 56.452 (56.452)
[2026-03-19 21:42:56] TEST:  Epoch: [5] text	Prec@1 2.222 (1.661)	Prec@5 37.778 (39.867)
[2026-03-19 21:42:56] TEST:  Epoch: [5] text	Prec@1 32.000 (32.931)	Prec@5 96.000 (95.770)
[2026-03-19 21:42:57] TEST:  Epoch: [5] text	Prec@1 60.484 (53.251)	Prec@5 98.387 (98.767)
[2026-03-19 21:42:57] TEST:  Epoch: [5] text	Prec@1 21.143 (21.143)	Prec@5 48.571 (48.571)
[2026-03-19 21:42:57] TEST:  Epoch: [5] text	Prec@1 0.000 (0.000)	Prec@5 51.613 (51.613)
[2026-03-19 21:43:35] [Eval] Report @step: 5.00 {
    "test__rsum": 316.27906976744185,
    "test__medr": 5.0,
    "test__meanr": 18.92358803986711,
    "test__n_fold_i2t_recall_1": 26.578073089700997,
    "test__n_fold_i2t_recall_5": 67.77408637873754,
    "test__n_fold_i2t_recall_10": 70.09966777408638,
    "test__n_fold_i2t_rsum": 164.45182724252493,
    "test__n_fold_i2t_medr": 2.0,
    "test__n_fold_i2t_meanr": 13.395348837209303,
    "test__n_fold_t2i_recall_1": 7.641196013289036,
    "test__n_fold_t2i_recall_5": 52.49169435215947,
    "test__n_fold_t2i_recall_10": 91.69435215946844,
    "test__n_fold_t2i_rsum": 151.82724252491693,
    "test__n_fold_t2i_medr": 3.0,
    "test__n_fold_t2i_meanr": 5.528239202657807,
    "test__i2t_recall_1": 26.578073089700997,
    "test__i2t_recall_5": 67.77408637873754,
    "test__i2t_recall_10": 70.09966777408638,
    "test__i2t_rsum": 164.45182724252493,
    "test__i2t_medr": 2.0,
    "test__i2t_meanr": 13.395348837209303,
    "test__t2i_recall_1": 7.641196013289036,
    "test__t2i_recall_5": 52.49169435215947,
    "test__t2i_recall_10": 91.69435215946844,
    "test__t2i_rsum": 151.82724252491693,
    "test__t2i_medr": 3.0,
    "test__t2i_meanr": 5.528239202657807
}
[2026-03-19 21:44:15] [Eval] Report @step: 5.00 {
    "test__rsum": 377.94561933534743,
    "test__medr": 7.0,
    "test__meanr": 12.223564954682779,
    "test__n_fold_i2t_recall_1": 20.241691842900302,
    "test__n_fold_i2t_recall_5": 93.65558912386707,
    "test__n_fold_i2t_recall_10": 97.2809667673716,
    "test__n_fold_i2t_rsum": 211.17824773413895,
    "test__n_fold_i2t_medr": 3.0,
    "test__n_fold_i2t_meanr": 3.7673716012084593,
    "test__n_fold_t2i_recall_1": 26.88821752265861,
    "test__n_fold_t2i_recall_5": 59.818731117824775,
    "test__n_fold_t2i_recall_10": 80.06042296072508,
    "test__n_fold_t2i_rsum": 166.76737160120848,
    "test__n_fold_t2i_medr": 4.0,
    "test__n_fold_t2i_meanr": 8.456193353474319,
    "test__i2t_recall_1": 20.241691842900302,
    "test__i2t_recall_5": 93.65558912386707,
    "test__i2t_recall_10": 97.2809667673716,
    "test__i2t_rsum": 211.17824773413895,
    "test__i2t_medr": 3.0,
    "test__i2t_meanr": 3.7673716012084593,
    "test__t2i_recall_1": 26.88821752265861,
    "test__t2i_recall_5": 59.818731117824775,
    "test__t2i_recall_10": 80.06042296072508,
    "test__t2i_rsum": 166.76737160120848,
    "test__t2i_medr": 4.0,
    "test__t2i_meanr": 8.456193353474319
}
[2026-03-19 21:50:45] [Eval] Report @step: 5.00 {
    "test__rsum": 338.67713004484307,
    "test__medr": 8.0,
    "test__meanr": 16.85089686098655,
    "test__n_fold_i2t_recall_1": 32.847533632286996,
    "test__n_fold_i2t_recall_5": 79.26008968609865,
    "test__n_fold_i2t_recall_10": 80.15695067264573,
    "test__n_fold_i2t_rsum": 192.2645739910314,
    "test__n_fold_i2t_medr": 2.0,
    "test__n_fold_i2t_meanr": 6.987668161434978,
    "test__n_fold_t2i_recall_1": 18.49775784753363,
    "test__n_fold_t2i_recall_5": 43.83408071748879,
    "test__n_fold_t2i_recall_10": 84.08071748878923,
    "test__n_fold_t2i_rsum": 146.41255605381167,
    "test__n_fold_t2i_medr": 6.0,
    "test__n_fold_t2i_meanr": 9.86322869955157,
    "test__i2t_recall_1": 32.847533632286996,
    "test__i2t_recall_5": 79.26008968609865,
    "test__i2t_recall_10": 80.15695067264573,
    "test__i2t_rsum": 192.2645739910314,
    "test__i2t_medr": 2.0,
    "test__i2t_meanr": 6.987668161434978,
    "test__t2i_recall_1": 18.49775784753363,
    "test__t2i_recall_5": 43.83408071748879,
    "test__t2i_recall_10": 84.08071748878923,
    "test__t2i_rsum": 146.41255605381167,
    "test__t2i_medr": 6.0,
    "test__t2i_meanr": 9.86322869955157
}
[2026-03-19 21:50:51] [Eval] Report @step: 5.00 {
    "test__rsum": 281.7142857142857,
    "test__medr": 12.0,
    "test__meanr": 16.05142857142857,
    "test__n_fold_i2t_recall_1": 20.571428571428573,
    "test__n_fold_i2t_recall_5": 44.57142857142857,
    "test__n_fold_i2t_recall_10": 86.28571428571429,
    "test__n_fold_i2t_rsum": 151.42857142857144,
    "test__n_fold_i2t_medr": 6.0,
    "test__n_fold_i2t_meanr": 8.125714285714285,
    "test__n_fold_t2i_recall_1": 20.571428571428573,
    "test__n_fold_t2i_recall_5": 43.42857142857143,
    "test__n_fold_t2i_recall_10": 66.28571428571429,
    "test__n_fold_t2i_rsum": 130.28571428571428,
    "test__n_fold_t2i_medr": 6.0,
    "test__n_fold_t2i_meanr": 7.925714285714286,
    "test__i2t_recall_1": 20.571428571428573,
    "test__i2t_recall_5": 44.57142857142857,
    "test__i2t_recall_10": 86.28571428571429,
    "test__i2t_rsum": 151.42857142857144,
    "test__i2t_medr": 6.0,
    "test__i2t_meanr": 8.125714285714285,
    "test__t2i_recall_1": 20.571428571428573,
    "test__t2i_recall_5": 43.42857142857143,
    "test__t2i_recall_10": 66.28571428571429,
    "test__t2i_rsum": 130.28571428571428,
    "test__t2i_medr": 6.0,
    "test__t2i_meanr": 7.925714285714286
}
[2026-03-19 21:50:53] [Eval] Report @step: 5.00 {
    "test__rsum": 395.1612903225806,
    "test__medr": 4.0,
    "test__meanr": 9.983870967741936,
    "test__n_fold_i2t_recall_1": 8.064516129032258,
    "test__n_fold_i2t_recall_5": 95.16129032258064,
    "test__n_fold_i2t_recall_10": 95.16129032258064,
    "test__n_fold_i2t_rsum": 198.38709677419354,
    "test__n_fold_i2t_medr": 3.0,
    "test__n_fold_i2t_meanr": 4.370967741935484,
    "test__n_fold_t2i_recall_1": 56.45161290322581,
    "test__n_fold_t2i_recall_5": 58.064516129032256,
    "test__n_fold_t2i_recall_10": 82.25806451612904,
    "test__n_fold_t2i_rsum": 196.7741935483871,
    "test__n_fold_t2i_medr": 1.0,
    "test__n_fold_t2i_meanr": 5.612903225806452,
    "test__i2t_recall_1": 8.064516129032258,
    "test__i2t_recall_5": 95.16129032258064,
    "test__i2t_recall_10": 95.16129032258064,
    "test__i2t_rsum": 198.38709677419354,
    "test__i2t_medr": 3.0,
    "test__i2t_meanr": 4.370967741935484,
    "test__t2i_recall_1": 56.45161290322581,
    "test__t2i_recall_5": 58.064516129032256,
    "test__t2i_recall_10": 82.25806451612904,
    "test__t2i_rsum": 196.7741935483871,
    "test__t2i_medr": 1.0,
    "test__t2i_meanr": 5.612903225806452
}
[2026-03-19 21:50:53] Round 6!
[2026-03-19 21:50:54] Distill client 5 (text) step 0: loss=0.150248
[2026-03-19 21:50:55] Epoch: [5] text	Loss 0.0785 (0.1124)	
[2026-03-19 21:50:55] Distill client 14 (mm) step 0: loss=1.463563
[2026-03-19 21:50:55] Distill client 3 (image) step 0: loss=0.175991
[2026-03-19 21:50:55] Epoch: [5] image	Loss 0.1107 (0.1456)	
[2026-03-19 21:50:55] Distill client 10 (mm) step 0: loss=1.328182
[2026-03-19 21:50:55] Distill client 4 (image) step 0: loss=0.180899
[2026-03-19 21:50:55] Epoch: [5] image	Loss 0.1019 (0.1421)	
[2026-03-19 21:50:55] Distill client 1 (image) step 0: loss=0.177880
[2026-03-19 21:50:55] Epoch: [5] image	Loss 0.0990 (0.1390)	
[2026-03-19 21:50:55] Distill client 2 (image) step 0: loss=0.187413
[2026-03-19 21:50:55] Epoch: [5] image	Loss 0.1202 (0.1571)	
[2026-03-19 21:50:55] Distill client 12 (mm) step 0: loss=1.534864
[2026-03-19 21:50:56] Distill client 9 (text) step 0: loss=0.153322
[2026-03-19 21:50:56] Epoch: [5] text	Loss 0.0736 (0.1101)	
[2026-03-19 21:50:56] Distill client 7 (text) step 0: loss=0.146150
[2026-03-19 21:50:56] Epoch: [5] text	Loss 0.1083 (0.1297)	
[2026-03-19 21:50:56] Distill client 13 (mm) step 0: loss=1.346096
[2026-03-19 21:50:56] Distill client 8 (text) step 0: loss=0.147325
[2026-03-19 21:50:56] Epoch: [5] text	Loss 0.0765 (0.1097)	
[2026-03-19 21:50:56] Distill client 11 (mm) step 0: loss=1.437109
[2026-03-19 21:50:56] Distill client 0 (image) step 0: loss=0.180763
[2026-03-19 21:50:56] Epoch: [5] image	Loss 0.1157 (0.1511)	
[2026-03-19 21:50:56] Distill client 6 (text) step 0: loss=0.147795
[2026-03-19 21:50:57] Epoch: [5] text	Loss 0.0887 (0.1177)	
[2026-03-19 21:50:57] Epoch: [6] text	Loss 3.3149 (3.3149)	Prec@1 4.688 (4.688)	Prec@5 38.281 (38.281)
[2026-03-19 21:50:57] TEST:  Epoch: [6] text	Prec@1 24.444 (30.897)	Prec@5 66.667 (62.458)
[2026-03-19 21:50:57] Epoch 6
[2026-03-19 21:50:58] Epoch: [6] image	Loss 2.6812 (2.7142)	Prec@1 28.125 (27.995)	Prec@5 88.281 (90.234)
[2026-03-19 21:50:58] TEST:  Epoch: [6] image	Prec@1 20.000 (20.000)	Prec@5 89.714 (89.714)
[2026-03-19 21:50:58] Epoch 6
[2026-03-19 21:50:59] Epoch: [6] image	Loss 2.9925 (2.9925)	Prec@1 61.719 (61.719)	Prec@5 62.500 (62.500)
[2026-03-19 21:50:59] TEST:  Epoch: [6] image	Prec@1 56.452 (56.452)	Prec@5 59.677 (59.677)
[2026-03-19 21:50:59] Epoch: [6] image	Loss 3.1602 (3.1602)	Prec@1 15.625 (15.625)	Prec@5 80.859 (80.859)
[2026-03-19 21:50:59] TEST:  Epoch: [6] image	Prec@1 16.000 (14.502)	Prec@5 89.333 (90.937)
[2026-03-19 21:51:00] Epoch: [6] image	Loss 2.1728 (2.2192)	Prec@1 51.172 (51.953)	Prec@5 98.828 (98.307)
[2026-03-19 21:51:01] TEST:  Epoch: [6] image	Prec@1 60.484 (53.251)	Prec@5 98.387 (98.767)
[2026-03-19 21:51:01] Epoch 6
[2026-03-19 21:51:01] Epoch: [6] text	Loss 0.0000 (0.0000)	Prec@1 0.000 (0.000)	Prec@5 0.000 (0.000)
[2026-03-19 21:51:01] TEST:  Epoch: [6] text	Prec@1 3.226 (3.226)	Prec@5 54.839 (54.839)
[2026-03-19 21:51:03] Epoch: [6] text	Loss 1.4071 (1.4056)	Prec@1 52.734 (53.745)	Prec@5 99.219 (99.104)
[2026-03-19 21:51:04] TEST:  Epoch: [6] text	Prec@1 60.484 (53.251)	Prec@5 98.387 (98.767)
[2026-03-19 21:51:04] Epoch 6
[2026-03-19 21:51:04] Epoch: [6] text	Loss 3.1875 (3.1875)	Prec@1 24.609 (24.609)	Prec@5 56.250 (56.250)
[2026-03-19 21:51:05] TEST:  Epoch: [6] text	Prec@1 23.429 (23.429)	Prec@5 48.571 (48.571)
[2026-03-19 21:51:05] Epoch 6
[2026-03-19 21:51:06] Epoch: [6] image	Loss 2.4094 (2.4810)	Prec@1 38.672 (37.760)	Prec@5 87.109 (85.938)
[2026-03-19 21:51:06] TEST:  Epoch: [6] image	Prec@1 37.778 (41.196)	Prec@5 88.889 (88.372)
[2026-03-19 21:51:06] Epoch: [6] text	Loss 2.3547 (2.3974)	Prec@1 28.516 (30.339)	Prec@5 96.875 (95.964)
[2026-03-19 21:51:07] TEST:  Epoch: [6] text	Prec@1 30.667 (32.931)	Prec@5 96.000 (95.770)
[2026-03-19 21:51:07] TEST:  Epoch: [6] image	Prec@1 37.778 (41.196)	Prec@5 88.889 (88.372)
[2026-03-19 21:51:07] TEST:  Epoch: [6] image	Prec@1 16.000 (14.502)	Prec@5 89.333 (90.937)
[2026-03-19 21:51:08] TEST:  Epoch: [6] image	Prec@1 60.484 (53.251)	Prec@5 98.387 (98.767)
[2026-03-19 21:51:08] TEST:  Epoch: [6] image	Prec@1 20.000 (20.000)	Prec@5 89.714 (89.714)
[2026-03-19 21:51:08] TEST:  Epoch: [6] image	Prec@1 56.452 (56.452)	Prec@5 59.677 (59.677)
[2026-03-19 21:51:08] TEST:  Epoch: [6] text	Prec@1 24.444 (30.897)	Prec@5 66.667 (62.458)
[2026-03-19 21:51:08] TEST:  Epoch: [6] text	Prec@1 30.667 (32.931)	Prec@5 96.000 (95.770)
[2026-03-19 21:51:09] TEST:  Epoch: [6] text	Prec@1 60.484 (53.251)	Prec@5 98.387 (98.767)
[2026-03-19 21:51:09] TEST:  Epoch: [6] text	Prec@1 23.429 (23.429)	Prec@5 48.571 (48.571)
[2026-03-19 21:51:09] TEST:  Epoch: [6] text	Prec@1 3.226 (3.226)	Prec@5 54.839 (54.839)
[2026-03-19 21:51:48] [Eval] Report @step: 6.00 {
    "test__rsum": 355.48172757475083,
    "test__medr": 5.0,
    "test__meanr": 16.568106312292358,
    "test__n_fold_i2t_recall_1": 26.578073089700997,
    "test__n_fold_i2t_recall_5": 67.77408637873754,
    "test__n_fold_i2t_recall_10": 88.03986710963456,
    "test__n_fold_i2t_rsum": 182.3920265780731,
    "test__n_fold_i2t_medr": 2.0,
    "test__n_fold_i2t_meanr": 11.541528239202657,
    "test__n_fold_t2i_recall_1": 7.641196013289036,
    "test__n_fold_t2i_recall_5": 69.43521594684385,
    "test__n_fold_t2i_recall_10": 96.01328903654485,
    "test__n_fold_t2i_rsum": 173.08970099667772,
    "test__n_fold_t2i_medr": 3.0,
    "test__n_fold_t2i_meanr": 5.026578073089701,
    "test__i2t_recall_1": 26.578073089700997,
    "test__i2t_recall_5": 67.77408637873754,
    "test__i2t_recall_10": 88.03986710963456,
    "test__i2t_rsum": 182.3920265780731,
    "test__i2t_medr": 2.0,
    "test__i2t_meanr": 11.541528239202657,
    "test__t2i_recall_1": 7.641196013289036,
    "test__t2i_recall_5": 69.43521594684385,
    "test__t2i_recall_10": 96.01328903654485,
    "test__t2i_rsum": 173.08970099667772,
    "test__t2i_medr": 3.0,
    "test__t2i_meanr": 5.026578073089701
}
[2026-03-19 21:52:28] [Eval] Report @step: 6.00 {
    "test__rsum": 376.13293051359517,
    "test__medr": 7.0,
    "test__meanr": 11.867069486404834,
    "test__n_fold_i2t_recall_1": 20.241691842900302,
    "test__n_fold_i2t_recall_5": 93.65558912386707,
    "test__n_fold_i2t_recall_10": 93.95770392749245,
    "test__n_fold_i2t_rsum": 207.85498489425981,
    "test__n_fold_i2t_medr": 2.0,
    "test__n_fold_i2t_meanr": 3.5619335347432024,
    "test__n_fold_t2i_recall_1": 26.88821752265861,
    "test__n_fold_t2i_recall_5": 61.329305135951664,
    "test__n_fold_t2i_recall_10": 80.06042296072508,
    "test__n_fold_t2i_rsum": 168.27794561933536,
    "test__n_fold_t2i_medr": 5.0,
    "test__n_fold_t2i_meanr": 8.305135951661631,
    "test__i2t_recall_1": 20.241691842900302,
    "test__i2t_recall_5": 93.65558912386707,
    "test__i2t_recall_10": 93.95770392749245,
    "test__i2t_rsum": 207.85498489425981,
    "test__i2t_medr": 2.0,
    "test__i2t_meanr": 3.5619335347432024,
    "test__t2i_recall_1": 26.88821752265861,
    "test__t2i_recall_5": 61.329305135951664,
    "test__t2i_recall_10": 80.06042296072508,
    "test__t2i_rsum": 168.27794561933536,
    "test__t2i_medr": 5.0,
    "test__t2i_meanr": 8.305135951661631
}
[2026-03-19 21:59:25] [Eval] Report @step: 6.00 {
    "test__rsum": 296.97309417040356,
    "test__medr": 11.0,
    "test__meanr": 18.085201793721975,
    "test__n_fold_i2t_recall_1": 28.1390134529148,
    "test__n_fold_i2t_recall_5": 79.82062780269058,
    "test__n_fold_i2t_recall_10": 80.04484304932735,
    "test__n_fold_i2t_rsum": 188.00448430493273,
    "test__n_fold_i2t_medr": 2.0,
    "test__n_fold_i2t_meanr": 8.650224215246638,
    "test__n_fold_t2i_recall_1": 20.96412556053812,
    "test__n_fold_t2i_recall_5": 29.03587443946188,
    "test__n_fold_t2i_recall_10": 58.96860986547085,
    "test__n_fold_t2i_rsum": 108.96860986547085,
    "test__n_fold_t2i_medr": 9.0,
    "test__n_fold_t2i_meanr": 9.434977578475337,
    "test__i2t_recall_1": 28.1390134529148,
    "test__i2t_recall_5": 79.82062780269058,
    "test__i2t_recall_10": 80.04484304932735,
    "test__i2t_rsum": 188.00448430493273,
    "test__i2t_medr": 2.0,
    "test__i2t_meanr": 8.650224215246638,
    "test__t2i_recall_1": 20.96412556053812,
    "test__t2i_recall_5": 29.03587443946188,
    "test__t2i_recall_10": 58.96860986547085,
    "test__t2i_rsum": 108.96860986547085,
    "test__t2i_medr": 9.0,
    "test__t2i_meanr": 9.434977578475337
}
[2026-03-19 21:59:34] [Eval] Report @step: 6.00 {
    "test__rsum": 298.8571428571429,
    "test__medr": 10.0,
    "test__meanr": 16.114285714285714,
    "test__n_fold_i2t_recall_1": 20.571428571428573,
    "test__n_fold_i2t_recall_5": 51.42857142857143,
    "test__n_fold_i2t_recall_10": 78.28571428571429,
    "test__n_fold_i2t_rsum": 150.28571428571428,
    "test__n_fold_i2t_medr": 5.0,
    "test__n_fold_i2t_meanr": 7.514285714285714,
    "test__n_fold_t2i_recall_1": 20.571428571428573,
    "test__n_fold_t2i_recall_5": 61.714285714285715,
    "test__n_fold_t2i_recall_10": 66.28571428571429,
    "test__n_fold_t2i_rsum": 148.57142857142858,
    "test__n_fold_t2i_medr": 5.0,
    "test__n_fold_t2i_meanr": 8.6,
    "test__i2t_recall_1": 20.571428571428573,
    "test__i2t_recall_5": 51.42857142857143,
    "test__i2t_recall_10": 78.28571428571429,
    "test__i2t_rsum": 150.28571428571428,
    "test__i2t_medr": 5.0,
    "test__i2t_meanr": 7.514285714285714,
    "test__t2i_recall_1": 20.571428571428573,
    "test__t2i_recall_5": 61.714285714285715,
    "test__t2i_recall_10": 66.28571428571429,
    "test__t2i_rsum": 148.57142857142858,
    "test__t2i_medr": 5.0,
    "test__t2i_meanr": 8.6
}
[2026-03-19 21:59:37] [Eval] Report @step: 6.00 {
    "test__rsum": 411.2903225806451,
    "test__medr": 4.0,
    "test__meanr": 9.080645161290324,
    "test__n_fold_i2t_recall_1": 8.064516129032258,
    "test__n_fold_i2t_recall_5": 95.16129032258064,
    "test__n_fold_i2t_recall_10": 95.16129032258064,
    "test__n_fold_i2t_rsum": 198.38709677419354,
    "test__n_fold_i2t_medr": 3.0,
    "test__n_fold_i2t_meanr": 4.419354838709678,
    "test__n_fold_t2i_recall_1": 56.45161290322581,
    "test__n_fold_t2i_recall_5": 74.19354838709677,
    "test__n_fold_t2i_recall_10": 82.25806451612904,
    "test__n_fold_t2i_rsum": 212.9032258064516,
    "test__n_fold_t2i_medr": 1.0,
    "test__n_fold_t2i_meanr": 4.661290322580645,
    "test__i2t_recall_1": 8.064516129032258,
    "test__i2t_recall_5": 95.16129032258064,
    "test__i2t_recall_10": 95.16129032258064,
    "test__i2t_rsum": 198.38709677419354,
    "test__i2t_medr": 3.0,
    "test__i2t_meanr": 4.419354838709678,
    "test__t2i_recall_1": 56.45161290322581,
    "test__t2i_recall_5": 74.19354838709677,
    "test__t2i_recall_10": 82.25806451612904,
    "test__t2i_rsum": 212.9032258064516,
    "test__t2i_medr": 1.0,
    "test__t2i_meanr": 4.661290322580645
}
[2026-03-19 21:59:37] Round 7!
[2026-03-19 21:59:39] Distill client 13 (mm) step 0: loss=1.151810
[2026-03-19 21:59:39] Distill client 12 (mm) step 0: loss=1.235110
[2026-03-19 21:59:39] Distill client 14 (mm) step 0: loss=1.235197
[2026-03-19 21:59:40] Distill client 0 (image) step 0: loss=0.153272
[2026-03-19 21:59:40] Epoch: [6] image	Loss 0.1005 (0.1293)	
[2026-03-19 21:59:40] Distill client 3 (image) step 0: loss=0.148543
[2026-03-19 21:59:40] Epoch: [6] image	Loss 0.0963 (0.1243)	
[2026-03-19 21:59:40] Distill client 11 (mm) step 0: loss=1.191851
[2026-03-19 21:59:40] Distill client 5 (text) step 0: loss=0.124132
[2026-03-19 21:59:40] Epoch: [6] text	Loss 0.0677 (0.0944)	
[2026-03-19 21:59:40] Distill client 6 (text) step 0: loss=0.125827
[2026-03-19 21:59:40] Epoch: [6] text	Loss 0.0786 (0.1017)	
[2026-03-19 21:59:40] Distill client 2 (image) step 0: loss=0.156639
[2026-03-19 21:59:40] Epoch: [6] image	Loss 0.1022 (0.1319)	
[2026-03-19 21:59:40] Distill client 9 (text) step 0: loss=0.124346
[2026-03-19 21:59:40] Epoch: [6] text	Loss 0.0624 (0.0908)	
[2026-03-19 21:59:40] Distill client 1 (image) step 0: loss=0.146393
[2026-03-19 21:59:41] Epoch: [6] image	Loss 0.0846 (0.1160)	
[2026-03-19 21:59:41] Distill client 7 (text) step 0: loss=0.125961
[2026-03-19 21:59:41] Epoch: [6] text	Loss 0.0948 (0.1122)	
[2026-03-19 21:59:41] Distill client 8 (text) step 0: loss=0.120983
[2026-03-19 21:59:41] Epoch: [6] text	Loss 0.0655 (0.0915)	
[2026-03-19 21:59:41] Distill client 4 (image) step 0: loss=0.149582
[2026-03-19 21:59:41] Epoch: [6] image	Loss 0.0875 (0.1192)	
[2026-03-19 21:59:41] Distill client 10 (mm) step 0: loss=1.119020
[2026-03-19 21:59:41] Epoch 7
[2026-03-19 21:59:42] Epoch 7
[2026-03-19 21:59:42] Epoch 7
[2026-03-19 21:59:43] Epoch: [7] image	Loss 2.3012 (2.3344)	Prec@1 34.766 (36.719)	Prec@5 90.234 (90.234)
[2026-03-19 21:59:43] TEST:  Epoch: [7] image	Prec@1 37.778 (41.196)	Prec@5 88.889 (88.372)
[2026-03-19 21:59:43] Epoch: [7] image	Loss 2.5264 (2.5949)	Prec@1 31.641 (27.604)	Prec@5 91.406 (90.234)
[2026-03-19 21:59:43] TEST:  Epoch: [7] image	Prec@1 20.000 (20.000)	Prec@5 89.714 (89.714)
[2026-03-19 21:59:44] Epoch 7
[2026-03-19 21:59:44] Epoch: [7] text	Loss 3.2402 (3.2402)	Prec@1 33.594 (33.594)	Prec@5 66.016 (66.016)
[2026-03-19 21:59:44] TEST:  Epoch: [7] text	Prec@1 37.778 (41.196)	Prec@5 71.111 (67.774)
[2026-03-19 21:59:45] Epoch: [7] text	Loss 2.2028 (2.2547)	Prec@1 34.375 (31.120)	Prec@5 95.312 (96.094)
[2026-03-19 21:59:45] TEST:  Epoch: [7] text	Prec@1 30.667 (32.931)	Prec@5 96.000 (95.770)
[2026-03-19 21:59:46] Epoch: [7] image	Loss 2.0132 (2.1145)	Prec@1 53.125 (49.870)	Prec@5 99.219 (99.089)
[2026-03-19 21:59:47] TEST:  Epoch: [7] image	Prec@1 60.484 (53.251)	Prec@5 98.387 (98.767)
[2026-03-19 21:59:47] Epoch: [7] text	Loss 0.0000 (0.0000)	Prec@1 0.000 (0.000)	Prec@5 0.000 (0.000)
[2026-03-19 21:59:47] TEST:  Epoch: [7] text	Prec@1 4.839 (4.839)	Prec@5 56.452 (56.452)
[2026-03-19 21:59:47] Epoch: [7] image	Loss 3.1275 (3.1275)	Prec@1 13.672 (13.672)	Prec@5 87.500 (87.500)
[2026-03-19 21:59:48] TEST:  Epoch: [7] image	Prec@1 18.667 (15.710)	Prec@5 94.667 (93.656)
[2026-03-19 21:59:49] Epoch: [7] text	Loss 1.4025 (1.3885)	Prec@1 50.000 (53.424)	Prec@5 98.828 (99.127)
[2026-03-19 21:59:50] TEST:  Epoch: [7] text	Prec@1 60.484 (53.251)	Prec@5 98.387 (98.767)
[2026-03-19 21:59:50] Epoch: [7] text	Loss 3.1342 (3.1342)	Prec@1 30.078 (30.078)	Prec@5 57.422 (57.422)
[2026-03-19 21:59:50] TEST:  Epoch: [7] text	Prec@1 23.429 (23.429)	Prec@5 48.571 (48.571)
[2026-03-19 21:59:51] Epoch: [7] image	Loss 2.9146 (2.9146)	Prec@1 61.328 (61.328)	Prec@5 63.672 (63.672)
[2026-03-19 21:59:51] TEST:  Epoch: [7] image	Prec@1 56.452 (56.452)	Prec@5 70.968 (70.968)
[2026-03-19 21:59:51] Epoch 7
[2026-03-19 21:59:52] TEST:  Epoch: [7] image	Prec@1 37.778 (41.196)	Prec@5 88.889 (88.372)
[2026-03-19 21:59:52] TEST:  Epoch: [7] image	Prec@1 18.667 (15.710)	Prec@5 94.667 (93.656)
[2026-03-19 21:59:53] TEST:  Epoch: [7] image	Prec@1 60.484 (53.251)	Prec@5 98.387 (98.767)
[2026-03-19 21:59:53] TEST:  Epoch: [7] image	Prec@1 20.000 (20.000)	Prec@5 89.714 (89.714)
[2026-03-19 21:59:53] TEST:  Epoch: [7] image	Prec@1 56.452 (56.452)	Prec@5 70.968 (70.968)
[2026-03-19 21:59:53] TEST:  Epoch: [7] text	Prec@1 37.778 (41.196)	Prec@5 71.111 (67.774)
[2026-03-19 21:59:53] TEST:  Epoch: [7] text	Prec@1 30.667 (32.931)	Prec@5 96.000 (95.770)
[2026-03-19 21:59:54] TEST:  Epoch: [7] text	Prec@1 60.484 (53.251)	Prec@5 98.387 (98.767)
[2026-03-19 21:59:54] TEST:  Epoch: [7] text	Prec@1 23.429 (23.429)	Prec@5 48.571 (48.571)
[2026-03-19 21:59:54] TEST:  Epoch: [7] text	Prec@1 4.839 (4.839)	Prec@5 56.452 (56.452)
[2026-03-19 22:00:20] [Eval] Report @step: 7.00 {
    "test__rsum": 352.8239202657807,
    "test__medr": 6.0,
    "test__meanr": 15.378737541528238,
    "test__n_fold_i2t_recall_1": 26.578073089700997,
    "test__n_fold_i2t_recall_5": 67.77408637873754,
    "test__n_fold_i2t_recall_10": 85.38205980066445,
    "test__n_fold_i2t_rsum": 179.734219269103,
    "test__n_fold_i2t_medr": 2.0,
    "test__n_fold_i2t_meanr": 10.318936877076412,
    "test__n_fold_t2i_recall_1": 7.641196013289036,
    "test__n_fold_t2i_recall_5": 69.43521594684385,
    "test__n_fold_t2i_recall_10": 96.01328903654485,
    "test__n_fold_t2i_rsum": 173.08970099667772,
    "test__n_fold_t2i_medr": 4.0,
    "test__n_fold_t2i_meanr": 5.059800664451827,
    "test__i2t_recall_1": 26.578073089700997,
    "test__i2t_recall_5": 67.77408637873754,
    "test__i2t_recall_10": 85.38205980066445,
    "test__i2t_rsum": 179.734219269103,
    "test__i2t_medr": 2.0,
    "test__i2t_meanr": 10.318936877076412,
    "test__t2i_recall_1": 7.641196013289036,
    "test__t2i_recall_5": 69.43521594684385,
    "test__t2i_recall_10": 96.01328903654485,
    "test__t2i_rsum": 173.08970099667772,
    "test__t2i_medr": 4.0,
    "test__t2i_meanr": 5.059800664451827
}
[2026-03-19 22:00:48] [Eval] Report @step: 7.00 {
    "test__rsum": 371.2990936555891,
    "test__medr": 7.0,
    "test__meanr": 12.93655589123867,
    "test__n_fold_i2t_recall_1": 20.241691842900302,
    "test__n_fold_i2t_recall_5": 93.65558912386707,
    "test__n_fold_i2t_recall_10": 93.65558912386707,
    "test__n_fold_i2t_rsum": 207.55287009063443,
    "test__n_fold_i2t_medr": 2.0,
    "test__n_fold_i2t_meanr": 4.706948640483384,
    "test__n_fold_t2i_recall_1": 26.88821752265861,
    "test__n_fold_t2i_recall_5": 56.797583081571,
    "test__n_fold_t2i_recall_10": 80.06042296072508,
    "test__n_fold_t2i_rsum": 163.74622356495468,
    "test__n_fold_t2i_medr": 5.0,
    "test__n_fold_t2i_meanr": 8.229607250755286,
    "test__i2t_recall_1": 20.241691842900302,
    "test__i2t_recall_5": 93.65558912386707,
    "test__i2t_recall_10": 93.65558912386707,
    "test__i2t_rsum": 207.55287009063443,
    "test__i2t_medr": 2.0,
    "test__i2t_meanr": 4.706948640483384,
    "test__t2i_recall_1": 26.88821752265861,
    "test__t2i_recall_5": 56.797583081571,
    "test__t2i_recall_10": 80.06042296072508,
    "test__t2i_rsum": 163.74622356495468,
    "test__t2i_medr": 5.0,
    "test__t2i_meanr": 8.229607250755286
}
[2026-03-19 22:07:45] [Eval] Report @step: 7.00 {
    "test__rsum": 376.56950672645735,
    "test__medr": 6.0,
    "test__meanr": 14.615470852017935,
    "test__n_fold_i2t_recall_1": 49.2152466367713,
    "test__n_fold_i2t_recall_5": 77.01793721973094,
    "test__n_fold_i2t_recall_10": 91.4798206278027,
    "test__n_fold_i2t_rsum": 217.71300448430492,
    "test__n_fold_i2t_medr": 2.0,
    "test__n_fold_i2t_meanr": 6.455156950672646,
    "test__n_fold_t2i_recall_1": 7.623318385650224,
    "test__n_fold_t2i_recall_5": 71.18834080717488,
    "test__n_fold_t2i_recall_10": 80.04484304932735,
    "test__n_fold_t2i_rsum": 158.85650224215246,
    "test__n_fold_t2i_medr": 4.0,
    "test__n_fold_t2i_meanr": 8.16031390134529,
    "test__i2t_recall_1": 49.2152466367713,
    "test__i2t_recall_5": 77.01793721973094,
    "test__i2t_recall_10": 91.4798206278027,
    "test__i2t_rsum": 217.71300448430492,
    "test__i2t_medr": 2.0,
    "test__i2t_meanr": 6.455156950672646,
    "test__t2i_recall_1": 7.623318385650224,
    "test__t2i_recall_5": 71.18834080717488,
    "test__t2i_recall_10": 80.04484304932735,
    "test__t2i_rsum": 158.85650224215246,
    "test__t2i_medr": 4.0,
    "test__t2i_meanr": 8.16031390134529
}
[2026-03-19 22:07:55] [Eval] Report @step: 7.00 {
    "test__rsum": 304.57142857142856,
    "test__medr": 10.0,
    "test__meanr": 19.725714285714286,
    "test__n_fold_i2t_recall_1": 20.0,
    "test__n_fold_i2t_recall_5": 71.42857142857143,
    "test__n_fold_i2t_recall_10": 78.28571428571429,
    "test__n_fold_i2t_rsum": 169.71428571428572,
    "test__n_fold_i2t_medr": 4.0,
    "test__n_fold_i2t_meanr": 6.817142857142857,
    "test__n_fold_t2i_recall_1": 20.571428571428573,
    "test__n_fold_t2i_recall_5": 48.0,
    "test__n_fold_t2i_recall_10": 66.28571428571429,
    "test__n_fold_t2i_rsum": 134.85714285714286,
    "test__n_fold_t2i_medr": 6.0,
    "test__n_fold_t2i_meanr": 12.90857142857143,
    "test__i2t_recall_1": 20.0,
    "test__i2t_recall_5": 71.42857142857143,
    "test__i2t_recall_10": 78.28571428571429,
    "test__i2t_rsum": 169.71428571428572,
    "test__i2t_medr": 4.0,
    "test__i2t_meanr": 6.817142857142857,
    "test__t2i_recall_1": 20.571428571428573,
    "test__t2i_recall_5": 48.0,
    "test__t2i_recall_10": 66.28571428571429,
    "test__t2i_rsum": 134.85714285714286,
    "test__t2i_medr": 6.0,
    "test__t2i_meanr": 12.90857142857143
}
[2026-03-19 22:07:57] [Eval] Report @step: 7.00 {
    "test__rsum": 422.5806451612903,
    "test__medr": 4.0,
    "test__meanr": 8.67741935483871,
    "test__n_fold_i2t_recall_1": 17.741935483870968,
    "test__n_fold_i2t_recall_5": 95.16129032258064,
    "test__n_fold_i2t_recall_10": 95.16129032258064,
    "test__n_fold_i2t_rsum": 208.06451612903226,
    "test__n_fold_i2t_medr": 3.0,
    "test__n_fold_i2t_meanr": 4.435483870967742,
    "test__n_fold_t2i_recall_1": 54.83870967741935,
    "test__n_fold_t2i_recall_5": 74.19354838709677,
    "test__n_fold_t2i_recall_10": 85.48387096774194,
    "test__n_fold_t2i_rsum": 214.51612903225805,
    "test__n_fold_t2i_medr": 1.0,
    "test__n_fold_t2i_meanr": 4.241935483870968,
    "test__i2t_recall_1": 17.741935483870968,
    "test__i2t_recall_5": 95.16129032258064,
    "test__i2t_recall_10": 95.16129032258064,
    "test__i2t_rsum": 208.06451612903226,
    "test__i2t_medr": 3.0,
    "test__i2t_meanr": 4.435483870967742,
    "test__t2i_recall_1": 54.83870967741935,
    "test__t2i_recall_5": 74.19354838709677,
    "test__t2i_recall_10": 85.48387096774194,
    "test__t2i_rsum": 214.51612903225805,
    "test__t2i_medr": 1.0,
    "test__t2i_meanr": 4.241935483870968
}
[2026-03-19 22:07:57] Round 8!
[2026-03-19 22:07:59] Distill client 14 (mm) step 0: loss=1.044439
[2026-03-19 22:07:59] Distill client 10 (mm) step 0: loss=0.952761
[2026-03-19 22:07:59] Distill client 7 (text) step 0: loss=0.107250
[2026-03-19 22:08:00] Epoch: [7] text	Loss 0.0820 (0.0959)	
[2026-03-19 22:08:00] Distill client 2 (image) step 0: loss=0.131933
[2026-03-19 22:08:00] Epoch: [7] image	Loss 0.0865 (0.1111)	
[2026-03-19 22:08:00] Distill client 4 (image) step 0: loss=0.126581
[2026-03-19 22:08:00] Epoch: [7] image	Loss 0.0766 (0.1023)	
[2026-03-19 22:08:00] Distill client 11 (mm) step 0: loss=0.992143
[2026-03-19 22:08:00] Distill client 3 (image) step 0: loss=0.128452
[2026-03-19 22:08:00] Epoch: [7] image	Loss 0.0854 (0.1085)	
[2026-03-19 22:08:00] Distill client 13 (mm) step 0: loss=0.981647
[2026-03-19 22:08:00] Distill client 5 (text) step 0: loss=0.101894
[2026-03-19 22:08:00] Epoch: [7] text	Loss 0.0586 (0.0791)	
[2026-03-19 22:08:00] Distill client 12 (mm) step 0: loss=1.045429
[2026-03-19 22:08:01] Distill client 8 (text) step 0: loss=0.098813
[2026-03-19 22:08:01] Epoch: [7] text	Loss 0.0563 (0.0763)	
[2026-03-19 22:08:01] Distill client 6 (text) step 0: loss=0.105743
[2026-03-19 22:08:01] Epoch: [7] text	Loss 0.0689 (0.0868)	
[2026-03-19 22:08:01] Distill client 1 (image) step 0: loss=0.123370
[2026-03-19 22:08:01] Epoch: [7] image	Loss 0.0736 (0.0990)	
[2026-03-19 22:08:01] Distill client 0 (image) step 0: loss=0.131771
[2026-03-19 22:08:01] Epoch: [7] image	Loss 0.0879 (0.1118)	
[2026-03-19 22:08:01] Distill client 9 (text) step 0: loss=0.100208
[2026-03-19 22:08:01] Epoch: [7] text	Loss 0.0530 (0.0747)	
[2026-03-19 22:08:01] Epoch 8
[2026-03-19 22:08:02] Epoch 8
[2026-03-19 22:08:03] Epoch: [8] text	Loss 1.4827 (1.3728)	Prec@1 51.172 (53.608)	Prec@5 97.656 (99.081)
[2026-03-19 22:08:04] TEST:  Epoch: [8] text	Prec@1 60.484 (53.251)	Prec@5 98.387 (98.767)
[2026-03-19 22:08:05] Epoch: [8] image	Loss 1.9038 (1.9705)	Prec@1 53.125 (51.823)	Prec@5 99.219 (99.089)
[2026-03-19 22:08:05] TEST:  Epoch: [8] image	Prec@1 60.484 (53.251)	Prec@5 98.387 (98.767)
[2026-03-19 22:08:06] Epoch: [8] image	Loss 2.8194 (2.8194)	Prec@1 62.109 (62.109)	Prec@5 69.531 (69.531)
[2026-03-19 22:08:06] TEST:  Epoch: [8] image	Prec@1 56.452 (56.452)	Prec@5 74.194 (74.194)
[2026-03-19 22:08:06] Epoch 8
[2026-03-19 22:08:07] Epoch: [8] image	Loss 2.4396 (2.4842)	Prec@1 28.516 (27.865)	Prec@5 92.578 (90.365)
[2026-03-19 22:08:07] TEST:  Epoch: [8] image	Prec@1 20.000 (20.000)	Prec@5 89.714 (89.714)
[2026-03-19 22:08:07] Epoch 8
[2026-03-19 22:08:08] Epoch: [8] text	Loss 3.1798 (3.1798)	Prec@1 37.891 (37.891)	Prec@5 68.750 (68.750)
[2026-03-19 22:08:08] TEST:  Epoch: [8] text	Prec@1 37.778 (41.196)	Prec@5 71.111 (67.774)
[2026-03-19 22:08:08] Epoch 8
[2026-03-19 22:08:09] Epoch: [8] text	Loss 3.1058 (3.1058)	Prec@1 26.953 (26.953)	Prec@5 54.297 (54.297)
[2026-03-19 22:08:09] TEST:  Epoch: [8] text	Prec@1 20.000 (20.000)	Prec@5 49.143 (49.143)
[2026-03-19 22:08:09] Epoch: [8] text	Loss 2.1152 (2.1459)	Prec@1 33.984 (31.510)	Prec@5 94.531 (96.094)
[2026-03-19 22:08:10] TEST:  Epoch: [8] text	Prec@1 30.667 (32.931)	Prec@5 96.000 (96.375)
[2026-03-19 22:08:10] Epoch: [8] image	Loss 3.0853 (3.0853)	Prec@1 16.797 (16.797)	Prec@5 94.531 (94.531)
[2026-03-19 22:08:10] TEST:  Epoch: [8] image	Prec@1 29.333 (21.148)	Prec@5 94.667 (93.656)
[2026-03-19 22:08:11] Epoch: [8] image	Loss 2.1490 (2.1975)	Prec@1 39.062 (38.021)	Prec@5 89.844 (89.583)
[2026-03-19 22:08:11] TEST:  Epoch: [8] image	Prec@1 37.778 (41.196)	Prec@5 88.889 (88.372)
[2026-03-19 22:08:11] Epoch: [8] text	Loss 0.0000 (0.0000)	Prec@1 0.000 (0.000)	Prec@5 0.000 (0.000)
[2026-03-19 22:08:11] TEST:  Epoch: [8] text	Prec@1 17.742 (17.742)	Prec@5 56.452 (56.452)
[2026-03-19 22:08:12] TEST:  Epoch: [8] image	Prec@1 37.778 (41.196)	Prec@5 88.889 (88.372)
[2026-03-19 22:08:12] TEST:  Epoch: [8] image	Prec@1 29.333 (21.148)	Prec@5 94.667 (93.656)
[2026-03-19 22:08:13] TEST:  Epoch: [8] image	Prec@1 60.484 (53.251)	Prec@5 98.387 (98.767)
[2026-03-19 22:08:13] TEST:  Epoch: [8] image	Prec@1 20.000 (20.000)	Prec@5 89.714 (89.714)
[2026-03-19 22:08:13] TEST:  Epoch: [8] image	Prec@1 56.452 (56.452)	Prec@5 74.194 (74.194)
[2026-03-19 22:08:13] TEST:  Epoch: [8] text	Prec@1 37.778 (41.196)	Prec@5 71.111 (67.774)
[2026-03-19 22:08:13] TEST:  Epoch: [8] text	Prec@1 30.667 (32.931)	Prec@5 96.000 (96.375)
[2026-03-19 22:08:14] TEST:  Epoch: [8] text	Prec@1 60.484 (53.251)	Prec@5 98.387 (98.767)
[2026-03-19 22:08:14] TEST:  Epoch: [8] text	Prec@1 20.000 (20.000)	Prec@5 49.143 (49.143)
[2026-03-19 22:08:14] TEST:  Epoch: [8] text	Prec@1 17.742 (17.742)	Prec@5 56.452 (56.452)
[2026-03-19 22:08:53] [Eval] Report @step: 8.00 {
    "test__rsum": 372.09302325581393,
    "test__medr": 6.0,
    "test__meanr": 13.740863787375416,
    "test__n_fold_i2t_recall_1": 26.578073089700997,
    "test__n_fold_i2t_recall_5": 83.05647840531562,
    "test__n_fold_i2t_recall_10": 88.37209302325581,
    "test__n_fold_i2t_rsum": 198.00664451827242,
    "test__n_fold_i2t_medr": 2.0,
    "test__n_fold_i2t_meanr": 8.375415282392026,
    "test__n_fold_t2i_recall_1": 8.637873754152825,
    "test__n_fold_t2i_recall_5": 69.43521594684385,
    "test__n_fold_t2i_recall_10": 96.01328903654485,
    "test__n_fold_t2i_rsum": 174.0863787375415,
    "test__n_fold_t2i_medr": 4.0,
    "test__n_fold_t2i_meanr": 5.365448504983389,
    "test__i2t_recall_1": 26.578073089700997,
    "test__i2t_recall_5": 83.05647840531562,
    "test__i2t_recall_10": 88.37209302325581,
    "test__i2t_rsum": 198.00664451827242,
    "test__i2t_medr": 2.0,
    "test__i2t_meanr": 8.375415282392026,
    "test__t2i_recall_1": 8.637873754152825,
    "test__t2i_recall_5": 69.43521594684385,
    "test__t2i_recall_10": 96.01328903654485,
    "test__t2i_rsum": 174.0863787375415,
    "test__t2i_medr": 4.0,
    "test__t2i_meanr": 5.365448504983389
}
[2026-03-19 22:09:32] [Eval] Report @step: 8.00 {
    "test__rsum": 374.9244712990936,
    "test__medr": 6.0,
    "test__meanr": 12.027190332326285,
    "test__n_fold_i2t_recall_1": 20.241691842900302,
    "test__n_fold_i2t_recall_5": 91.54078549848943,
    "test__n_fold_i2t_recall_10": 93.65558912386707,
    "test__n_fold_i2t_rsum": 205.43806646525678,
    "test__n_fold_i2t_medr": 2.0,
    "test__n_fold_i2t_meanr": 4.622356495468278,
    "test__n_fold_t2i_recall_1": 26.88821752265861,
    "test__n_fold_t2i_recall_5": 62.53776435045317,
    "test__n_fold_t2i_recall_10": 80.06042296072508,
    "test__n_fold_t2i_rsum": 169.48640483383684,
    "test__n_fold_t2i_medr": 4.0,
    "test__n_fold_t2i_meanr": 7.404833836858006,
    "test__i2t_recall_1": 20.241691842900302,
    "test__i2t_recall_5": 91.54078549848943,
    "test__i2t_recall_10": 93.65558912386707,
    "test__i2t_rsum": 205.43806646525678,
    "test__i2t_medr": 2.0,
    "test__i2t_meanr": 4.622356495468278,
    "test__t2i_recall_1": 26.88821752265861,
    "test__t2i_recall_5": 62.53776435045317,
    "test__t2i_recall_10": 80.06042296072508,
    "test__t2i_rsum": 169.48640483383684,
    "test__t2i_medr": 4.0,
    "test__t2i_meanr": 7.404833836858006
}
[2026-03-19 22:16:01] [Eval] Report @step: 8.00 {
    "test__rsum": 405.15695067264573,
    "test__medr": 6.0,
    "test__meanr": 16.43946188340807,
    "test__n_fold_i2t_recall_1": 53.25112107623318,
    "test__n_fold_i2t_recall_5": 85.08968609865471,
    "test__n_fold_i2t_recall_10": 91.4798206278027,
    "test__n_fold_i2t_rsum": 229.82062780269058,
    "test__n_fold_i2t_medr": 1.0,
    "test__n_fold_i2t_meanr": 7.024663677130045,
    "test__n_fold_t2i_recall_1": 20.96412556053812,
    "test__n_fold_t2i_recall_5": 74.77578475336323,
    "test__n_fold_t2i_recall_10": 79.5964125560538,
    "test__n_fold_t2i_rsum": 175.33632286995515,
    "test__n_fold_t2i_medr": 5.0,
    "test__n_fold_t2i_meanr": 9.414798206278027,
    "test__i2t_recall_1": 53.25112107623318,
    "test__i2t_recall_5": 85.08968609865471,
    "test__i2t_recall_10": 91.4798206278027,
    "test__i2t_rsum": 229.82062780269058,
    "test__i2t_medr": 1.0,
    "test__i2t_meanr": 7.024663677130045,
    "test__t2i_recall_1": 20.96412556053812,
    "test__t2i_recall_5": 74.77578475336323,
    "test__t2i_recall_10": 79.5964125560538,
    "test__t2i_rsum": 175.33632286995515,
    "test__t2i_medr": 5.0,
    "test__t2i_meanr": 9.414798206278027
}
[2026-03-19 22:16:10] [Eval] Report @step: 8.00 {
    "test__rsum": 330.8571428571429,
    "test__medr": 6.0,
    "test__meanr": 18.291428571428572,
    "test__n_fold_i2t_recall_1": 20.0,
    "test__n_fold_i2t_recall_5": 77.71428571428571,
    "test__n_fold_i2t_recall_10": 78.28571428571429,
    "test__n_fold_i2t_rsum": 176.0,
    "test__n_fold_i2t_medr": 3.0,
    "test__n_fold_i2t_meanr": 5.92,
    "test__n_fold_t2i_recall_1": 27.428571428571427,
    "test__n_fold_t2i_recall_5": 55.42857142857143,
    "test__n_fold_t2i_recall_10": 72.0,
    "test__n_fold_t2i_rsum": 154.85714285714286,
    "test__n_fold_t2i_medr": 3.0,
    "test__n_fold_t2i_meanr": 12.371428571428572,
    "test__i2t_recall_1": 20.0,
    "test__i2t_recall_5": 77.71428571428571,
    "test__i2t_recall_10": 78.28571428571429,
    "test__i2t_rsum": 176.0,
    "test__i2t_medr": 3.0,
    "test__i2t_meanr": 5.92,
    "test__t2i_recall_1": 27.428571428571427,
    "test__t2i_recall_5": 55.42857142857143,
    "test__t2i_recall_10": 72.0,
    "test__t2i_rsum": 154.85714285714286,
    "test__t2i_medr": 3.0,
    "test__t2i_meanr": 12.371428571428572
}
[2026-03-19 22:16:12] [Eval] Report @step: 8.00 {
    "test__rsum": 424.19354838709677,
    "test__medr": 3.0,
    "test__meanr": 8.17741935483871,
    "test__n_fold_i2t_recall_1": 17.741935483870968,
    "test__n_fold_i2t_recall_5": 95.16129032258064,
    "test__n_fold_i2t_recall_10": 95.16129032258064,
    "test__n_fold_i2t_rsum": 208.06451612903226,
    "test__n_fold_i2t_medr": 2.0,
    "test__n_fold_i2t_meanr": 3.7903225806451615,
    "test__n_fold_t2i_recall_1": 56.45161290322581,
    "test__n_fold_t2i_recall_5": 74.19354838709677,
    "test__n_fold_t2i_recall_10": 85.48387096774194,
    "test__n_fold_t2i_rsum": 216.1290322580645,
    "test__n_fold_t2i_medr": 1.0,
    "test__n_fold_t2i_meanr": 4.387096774193548,
    "test__i2t_recall_1": 17.741935483870968,
    "test__i2t_recall_5": 95.16129032258064,
    "test__i2t_recall_10": 95.16129032258064,
    "test__i2t_rsum": 208.06451612903226,
    "test__i2t_medr": 2.0,
    "test__i2t_meanr": 3.7903225806451615,
    "test__t2i_recall_1": 56.45161290322581,
    "test__t2i_recall_5": 74.19354838709677,
    "test__t2i_recall_10": 85.48387096774194,
    "test__t2i_rsum": 216.1290322580645,
    "test__t2i_medr": 1.0,
    "test__t2i_meanr": 4.387096774193548
}
[2026-03-19 22:16:12] Round 9!
[2026-03-19 22:16:14] Distill client 8 (text) step 0: loss=0.082407
[2026-03-19 22:16:14] Epoch: [8] text	Loss 0.0493 (0.0649)	
[2026-03-19 22:16:14] Distill client 7 (text) step 0: loss=0.092804
[2026-03-19 22:16:14] Epoch: [8] text	Loss 0.0723 (0.0836)	
[2026-03-19 22:16:14] Distill client 1 (image) step 0: loss=0.104675
[2026-03-19 22:16:15] Epoch: [8] image	Loss 0.0645 (0.0852)	
[2026-03-19 22:16:15] Distill client 0 (image) step 0: loss=0.113170
[2026-03-19 22:16:15] Epoch: [8] image	Loss 0.0765 (0.0966)	
[2026-03-19 22:16:15] Distill client 12 (mm) step 0: loss=0.901309
[2026-03-19 22:16:15] Distill client 2 (image) step 0: loss=0.111234
[2026-03-19 22:16:15] Epoch: [8] image	Loss 0.0738 (0.0941)	
[2026-03-19 22:16:15] Distill client 9 (text) step 0: loss=0.082582
[2026-03-19 22:16:15] Epoch: [8] text	Loss 0.0460 (0.0628)	
[2026-03-19 22:16:15] Distill client 6 (text) step 0: loss=0.090910
[2026-03-19 22:16:15] Epoch: [8] text	Loss 0.0615 (0.0757)	
[2026-03-19 22:16:15] Distill client 4 (image) step 0: loss=0.108329
[2026-03-19 22:16:15] Epoch: [8] image	Loss 0.0677 (0.0888)	
[2026-03-19 22:16:15] Distill client 11 (mm) step 0: loss=0.855011
[2026-03-19 22:16:16] Distill client 3 (image) step 0: loss=0.111208
[2026-03-19 22:16:16] Epoch: [8] image	Loss 0.0756 (0.0948)	
[2026-03-19 22:16:16] Distill client 13 (mm) step 0: loss=0.821846
[2026-03-19 22:16:16] Distill client 14 (mm) step 0: loss=0.883411
[2026-03-19 22:16:16] Distill client 10 (mm) step 0: loss=0.792208
[2026-03-19 22:16:16] Distill client 5 (text) step 0: loss=0.085596
[2026-03-19 22:16:16] Epoch: [8] text	Loss 0.0517 (0.0679)	
[2026-03-19 22:16:17] Epoch: [9] text	Loss 3.0539 (3.0539)	Prec@1 26.562 (26.562)	Prec@5 58.203 (58.203)
[2026-03-19 22:16:17] TEST:  Epoch: [9] text	Prec@1 20.000 (20.000)	Prec@5 65.714 (65.714)
[2026-03-19 22:16:18] Epoch: [9] text	Loss 1.3006 (1.3613)	Prec@1 56.250 (53.470)	Prec@5 99.609 (99.081)
[2026-03-19 22:16:19] TEST:  Epoch: [9] text	Prec@1 60.484 (53.251)	Prec@5 98.387 (98.767)
[2026-03-19 22:16:19] Epoch: [9] image	Loss 3.0440 (3.0440)	Prec@1 21.875 (21.875)	Prec@5 93.359 (93.359)
[2026-03-19 22:16:20] TEST:  Epoch: [9] image	Prec@1 24.000 (18.429)	Prec@5 94.667 (93.656)
[2026-03-19 22:16:20] Epoch: [9] image	Loss 2.1016 (2.1134)	Prec@1 38.672 (36.979)	Prec@5 91.016 (90.234)
[2026-03-19 22:16:20] TEST:  Epoch: [9] image	Prec@1 37.778 (41.196)	Prec@5 88.889 (89.369)
[2026-03-19 22:16:21] Epoch 9
[2026-03-19 22:16:21] Epoch: [9] image	Loss 1.9148 (1.9302)	Prec@1 50.391 (50.130)	Prec@5 99.609 (99.089)
[2026-03-19 22:16:22] TEST:  Epoch: [9] image	Prec@1 60.484 (53.251)	Prec@5 98.387 (98.767)
[2026-03-19 22:16:22] Epoch: [9] text	Loss 0.0000 (0.0000)	Prec@1 0.000 (0.000)	Prec@5 0.000 (0.000)
[2026-03-19 22:16:22] TEST:  Epoch: [9] text	Prec@1 24.194 (24.194)	Prec@5 56.452 (56.452)
[2026-03-19 22:16:23] Epoch: [9] text	Loss 2.0517 (2.0593)	Prec@1 28.906 (31.510)	Prec@5 96.094 (96.224)
[2026-03-19 22:16:23] TEST:  Epoch: [9] text	Prec@1 30.667 (32.931)	Prec@5 96.000 (96.375)
[2026-03-19 22:16:23] Epoch: [9] image	Loss 2.7142 (2.7142)	Prec@1 62.500 (62.500)	Prec@5 82.422 (82.422)
[2026-03-19 22:16:23] TEST:  Epoch: [9] image	Prec@1 56.452 (56.452)	Prec@5 74.194 (74.194)
[2026-03-19 22:16:24] Epoch 9
[2026-03-19 22:16:24] Epoch: [9] image	Loss 2.3821 (2.3870)	Prec@1 24.219 (27.865)	Prec@5 91.406 (90.495)
[2026-03-19 22:16:25] TEST:  Epoch: [9] image	Prec@1 20.000 (20.000)	Prec@5 89.714 (89.714)
[2026-03-19 22:16:25] Epoch 9
[2026-03-19 22:16:25] Epoch 9
[2026-03-19 22:16:26] Epoch 9
[2026-03-19 22:16:26] Epoch: [9] text	Loss 3.1089 (3.1089)	Prec@1 41.016 (41.016)	Prec@5 66.797 (66.797)
[2026-03-19 22:16:26] TEST:  Epoch: [9] text	Prec@1 37.778 (41.196)	Prec@5 71.111 (67.774)
[2026-03-19 22:16:27] TEST:  Epoch: [9] image	Prec@1 37.778 (41.196)	Prec@5 88.889 (89.369)
[2026-03-19 22:16:27] TEST:  Epoch: [9] image	Prec@1 24.000 (18.429)	Prec@5 94.667 (93.656)
[2026-03-19 22:16:28] TEST:  Epoch: [9] image	Prec@1 60.484 (53.251)	Prec@5 98.387 (98.767)
[2026-03-19 22:16:28] TEST:  Epoch: [9] image	Prec@1 20.000 (20.000)	Prec@5 89.714 (89.714)
[2026-03-19 22:16:28] TEST:  Epoch: [9] image	Prec@1 56.452 (56.452)	Prec@5 74.194 (74.194)
[2026-03-19 22:16:28] TEST:  Epoch: [9] text	Prec@1 37.778 (41.196)	Prec@5 71.111 (67.774)
[2026-03-19 22:16:28] TEST:  Epoch: [9] text	Prec@1 30.667 (32.931)	Prec@5 96.000 (96.375)
[2026-03-19 22:16:29] TEST:  Epoch: [9] text	Prec@1 60.484 (53.251)	Prec@5 98.387 (98.767)
[2026-03-19 22:16:29] TEST:  Epoch: [9] text	Prec@1 20.000 (20.000)	Prec@5 65.714 (65.714)
[2026-03-19 22:16:29] TEST:  Epoch: [9] text	Prec@1 24.194 (24.194)	Prec@5 56.452 (56.452)
[2026-03-19 22:17:07] [Eval] Report @step: 9.00 {
    "test__rsum": 340.19933554817277,
    "test__medr": 5.0,
    "test__meanr": 15.279069767441861,
    "test__n_fold_i2t_recall_1": 26.578073089700997,
    "test__n_fold_i2t_recall_5": 67.77408637873754,
    "test__n_fold_i2t_recall_10": 80.39867109634551,
    "test__n_fold_i2t_rsum": 174.75083056478405,
    "test__n_fold_i2t_medr": 2.0,
    "test__n_fold_i2t_meanr": 9.508305647840531,
    "test__n_fold_t2i_recall_1": 7.641196013289036,
    "test__n_fold_t2i_recall_5": 67.44186046511628,
    "test__n_fold_t2i_recall_10": 90.36544850498339,
    "test__n_fold_t2i_rsum": 165.44850498338872,
    "test__n_fold_t2i_medr": 3.0,
    "test__n_fold_t2i_meanr": 5.770764119601329,
    "test__i2t_recall_1": 26.578073089700997,
    "test__i2t_recall_5": 67.77408637873754,
    "test__i2t_recall_10": 80.39867109634551,
    "test__i2t_rsum": 174.75083056478405,
    "test__i2t_medr": 2.0,
    "test__i2t_meanr": 9.508305647840531,
    "test__t2i_recall_1": 7.641196013289036,
    "test__t2i_recall_5": 67.44186046511628,
    "test__t2i_recall_10": 90.36544850498339,
    "test__t2i_rsum": 165.44850498338872,
    "test__t2i_medr": 3.0,
    "test__t2i_meanr": 5.770764119601329
}
[2026-03-19 22:17:47] [Eval] Report @step: 9.00 {
    "test__rsum": 375.8308157099698,
    "test__medr": 5.0,
    "test__meanr": 11.3987915407855,
    "test__n_fold_i2t_recall_1": 20.241691842900302,
    "test__n_fold_i2t_recall_5": 93.65558912386707,
    "test__n_fold_i2t_recall_10": 93.65558912386707,
    "test__n_fold_i2t_rsum": 207.55287009063443,
    "test__n_fold_i2t_medr": 2.0,
    "test__n_fold_i2t_meanr": 5.021148036253776,
    "test__n_fold_t2i_recall_1": 26.88821752265861,
    "test__n_fold_t2i_recall_5": 59.818731117824775,
    "test__n_fold_t2i_recall_10": 81.57099697885197,
    "test__n_fold_t2i_rsum": 168.27794561933536,
    "test__n_fold_t2i_medr": 3.0,
    "test__n_fold_t2i_meanr": 6.377643504531722,
    "test__i2t_recall_1": 20.241691842900302,
    "test__i2t_recall_5": 93.65558912386707,
    "test__i2t_recall_10": 93.65558912386707,
    "test__i2t_rsum": 207.55287009063443,
    "test__i2t_medr": 2.0,
    "test__i2t_meanr": 5.021148036253776,
    "test__t2i_recall_1": 26.88821752265861,
    "test__t2i_recall_5": 59.818731117824775,
    "test__t2i_recall_10": 81.57099697885197,
    "test__t2i_rsum": 168.27794561933536,
    "test__t2i_medr": 3.0,
    "test__t2i_meanr": 6.377643504531722
}
[2026-03-19 22:24:02] [Eval] Report @step: 9.00 {
    "test__rsum": 393.3856502242153,
    "test__medr": 5.0,
    "test__meanr": 16.969730941704036,
    "test__n_fold_i2t_recall_1": 53.25112107623318,
    "test__n_fold_i2t_recall_5": 77.24215246636771,
    "test__n_fold_i2t_recall_10": 91.4798206278027,
    "test__n_fold_i2t_rsum": 221.97309417040358,
    "test__n_fold_i2t_medr": 1.0,
    "test__n_fold_i2t_meanr": 6.631165919282512,
    "test__n_fold_t2i_recall_1": 20.96412556053812,
    "test__n_fold_t2i_recall_5": 75.0,
    "test__n_fold_t2i_recall_10": 75.44843049327355,
    "test__n_fold_t2i_rsum": 171.41255605381167,
    "test__n_fold_t2i_medr": 4.0,
    "test__n_fold_t2i_meanr": 10.338565022421525,
    "test__i2t_recall_1": 53.25112107623318,
    "test__i2t_recall_5": 77.24215246636771,
    "test__i2t_recall_10": 91.4798206278027,
    "test__i2t_rsum": 221.97309417040358,
    "test__i2t_medr": 1.0,
    "test__i2t_meanr": 6.631165919282512,
    "test__t2i_recall_1": 20.96412556053812,
    "test__t2i_recall_5": 75.0,
    "test__t2i_recall_10": 75.44843049327355,
    "test__t2i_rsum": 171.41255605381167,
    "test__t2i_medr": 4.0,
    "test__t2i_meanr": 10.338565022421525
}
[2026-03-19 22:24:11] [Eval] Report @step: 9.00 {
    "test__rsum": 337.7142857142857,
    "test__medr": 6.0,
    "test__meanr": 14.46857142857143,
    "test__n_fold_i2t_recall_1": 20.0,
    "test__n_fold_i2t_recall_5": 78.28571428571429,
    "test__n_fold_i2t_recall_10": 80.57142857142857,
    "test__n_fold_i2t_rsum": 178.85714285714286,
    "test__n_fold_i2t_medr": 3.0,
    "test__n_fold_i2t_meanr": 5.017142857142857,
    "test__n_fold_t2i_recall_1": 27.428571428571427,
    "test__n_fold_t2i_recall_5": 56.0,
    "test__n_fold_t2i_recall_10": 75.42857142857143,
    "test__n_fold_t2i_rsum": 158.85714285714286,
    "test__n_fold_t2i_medr": 3.0,
    "test__n_fold_t2i_meanr": 9.451428571428572,
    "test__i2t_recall_1": 20.0,
    "test__i2t_recall_5": 78.28571428571429,
    "test__i2t_recall_10": 80.57142857142857,
    "test__i2t_rsum": 178.85714285714286,
    "test__i2t_medr": 3.0,
    "test__i2t_meanr": 5.017142857142857,
    "test__t2i_recall_1": 27.428571428571427,
    "test__t2i_recall_5": 56.0,
    "test__t2i_recall_10": 75.42857142857143,
    "test__t2i_rsum": 158.85714285714286,
    "test__t2i_medr": 3.0,
    "test__t2i_meanr": 9.451428571428572
}
[2026-03-19 22:24:13] [Eval] Report @step: 9.00 {
    "test__rsum": 425.8064516129032,
    "test__medr": 3.0,
    "test__meanr": 8.17741935483871,
    "test__n_fold_i2t_recall_1": 17.741935483870968,
    "test__n_fold_i2t_recall_5": 95.16129032258064,
    "test__n_fold_i2t_recall_10": 95.16129032258064,
    "test__n_fold_i2t_rsum": 208.06451612903226,
    "test__n_fold_i2t_medr": 2.0,
    "test__n_fold_i2t_meanr": 3.9838709677419355,
    "test__n_fold_t2i_recall_1": 56.45161290322581,
    "test__n_fold_t2i_recall_5": 74.19354838709677,
    "test__n_fold_t2i_recall_10": 87.09677419354838,
    "test__n_fold_t2i_rsum": 217.74193548387095,
    "test__n_fold_t2i_medr": 1.0,
    "test__n_fold_t2i_meanr": 4.193548387096774,
    "test__i2t_recall_1": 17.741935483870968,
    "test__i2t_recall_5": 95.16129032258064,
    "test__i2t_recall_10": 95.16129032258064,
    "test__i2t_rsum": 208.06451612903226,
    "test__i2t_medr": 2.0,
    "test__i2t_meanr": 3.9838709677419355,
    "test__t2i_recall_1": 56.45161290322581,
    "test__t2i_recall_5": 74.19354838709677,
    "test__t2i_recall_10": 87.09677419354838,
    "test__t2i_rsum": 217.74193548387095,
    "test__t2i_medr": 1.0,
    "test__t2i_meanr": 4.193548387096774
}
[2026-03-19 22:24:14] Round 10!
[2026-03-19 22:24:15] Distill client 8 (text) step 0: loss=0.070688
[2026-03-19 22:24:16] Epoch: [9] text	Loss 0.0442 (0.0567)	
[2026-03-19 22:24:16] Distill client 13 (mm) step 0: loss=0.680768
[2026-03-19 22:24:16] Distill client 0 (image) step 0: loss=0.097939
[2026-03-19 22:24:16] Epoch: [9] image	Loss 0.0669 (0.0839)	
[2026-03-19 22:24:16] Distill client 10 (mm) step 0: loss=0.673671
[2026-03-19 22:24:16] Distill client 1 (image) step 0: loss=0.090911
[2026-03-19 22:24:16] Epoch: [9] image	Loss 0.0576 (0.0749)	
[2026-03-19 22:24:16] Distill client 14 (mm) step 0: loss=0.758165
[2026-03-19 22:24:16] Distill client 4 (image) step 0: loss=0.094491
[2026-03-19 22:24:17] Epoch: [9] image	Loss 0.0607 (0.0784)	
[2026-03-19 22:24:17] Distill client 5 (text) step 0: loss=0.073562
[2026-03-19 22:24:17] Epoch: [9] text	Loss 0.0465 (0.0594)	
[2026-03-19 22:24:17] Distill client 12 (mm) step 0: loss=0.784969
[2026-03-19 22:24:17] Distill client 2 (image) step 0: loss=0.095287
[2026-03-19 22:24:17] Epoch: [9] image	Loss 0.0641 (0.0810)	
[2026-03-19 22:24:17] Distill client 3 (image) step 0: loss=0.097311
[2026-03-19 22:24:17] Epoch: [9] image	Loss 0.0672 (0.0835)	
[2026-03-19 22:24:17] Distill client 11 (mm) step 0: loss=0.751282
[2026-03-19 22:24:17] Distill client 9 (text) step 0: loss=0.069709
[2026-03-19 22:24:17] Epoch: [9] text	Loss 0.0407 (0.0541)	
[2026-03-19 22:24:17] Distill client 6 (text) step 0: loss=0.078846
[2026-03-19 22:24:18] Epoch: [9] text	Loss 0.0548 (0.0663)	
[2026-03-19 22:24:18] Distill client 7 (text) step 0: loss=0.081721
[2026-03-19 22:24:18] Epoch: [9] text	Loss 0.0646 (0.0740)	
[2026-03-19 22:24:18] Epoch: [10] text	Loss 3.0012 (3.0012)	Prec@1 29.688 (29.688)	Prec@5 71.484 (71.484)
[2026-03-19 22:24:18] TEST:  Epoch: [10] text	Prec@1 20.000 (20.000)	Prec@5 76.000 (76.000)
[2026-03-19 22:24:18] Epoch 10
[2026-03-19 22:24:19] Epoch: [10] image	Loss 2.1815 (2.0479)	Prec@1 28.516 (34.896)	Prec@5 91.797 (92.839)
[2026-03-19 22:24:19] TEST:  Epoch: [10] image	Prec@1 37.778 (41.196)	Prec@5 93.333 (92.027)
[2026-03-19 22:24:19] Epoch 10
[2026-03-19 22:24:20] Epoch: [10] image	Loss 2.9965 (2.9965)	Prec@1 18.750 (18.750)	Prec@5 93.750 (93.750)
[2026-03-19 22:24:20] TEST:  Epoch: [10] image	Prec@1 22.667 (17.825)	Prec@5 94.667 (93.656)
[2026-03-19 22:24:20] Epoch 10
[2026-03-19 22:24:21] Epoch: [10] image	Loss 2.5961 (2.5961)	Prec@1 63.672 (63.672)	Prec@5 84.766 (84.766)
[2026-03-19 22:24:21] TEST:  Epoch: [10] image	Prec@1 56.452 (56.452)	Prec@5 74.194 (74.194)
[2026-03-19 22:24:21] Epoch: [10] text	Loss 3.0442 (3.0442)	Prec@1 37.891 (37.891)	Prec@5 67.188 (67.188)
[2026-03-19 22:24:21] TEST:  Epoch: [10] text	Prec@1 37.778 (41.196)	Prec@5 71.111 (67.774)
[2026-03-19 22:24:22] Epoch 10
[2026-03-19 22:24:22] Epoch: [10] image	Loss 1.8189 (1.8439)	Prec@1 51.172 (51.562)	Prec@5 99.219 (99.089)
[2026-03-19 22:24:23] TEST:  Epoch: [10] image	Prec@1 60.484 (53.251)	Prec@5 98.387 (98.767)
[2026-03-19 22:24:23] Epoch: [10] image	Loss 2.3541 (2.3129)	Prec@1 25.391 (27.734)	Prec@5 86.719 (90.234)
[2026-03-19 22:24:24] TEST:  Epoch: [10] image	Prec@1 20.000 (20.000)	Prec@5 89.714 (89.714)
[2026-03-19 22:24:24] Epoch 10
[2026-03-19 22:24:24] Epoch: [10] text	Loss 0.0000 (0.0000)	Prec@1 0.000 (0.000)	Prec@5 0.000 (0.000)
[2026-03-19 22:24:24] TEST:  Epoch: [10] text	Prec@1 27.419 (27.419)	Prec@5 56.452 (56.452)
[2026-03-19 22:24:25] Epoch: [10] text	Loss 1.9703 (2.0013)	Prec@1 26.953 (30.599)	Prec@5 97.656 (96.094)
[2026-03-19 22:24:25] TEST:  Epoch: [10] text	Prec@1 30.667 (32.931)	Prec@5 96.000 (96.375)
[2026-03-19 22:24:27] Epoch: [10] text	Loss 1.3164 (1.3501)	Prec@1 52.344 (53.768)	Prec@5 99.219 (99.081)
[2026-03-19 22:24:27] TEST:  Epoch: [10] text	Prec@1 60.484 (53.251)	Prec@5 98.387 (98.767)
[2026-03-19 22:24:28] TEST:  Epoch: [10] image	Prec@1 37.778 (41.196)	Prec@5 93.333 (92.027)
[2026-03-19 22:24:28] TEST:  Epoch: [10] image	Prec@1 22.667 (17.825)	Prec@5 94.667 (93.656)
[2026-03-19 22:24:29] TEST:  Epoch: [10] image	Prec@1 60.484 (53.251)	Prec@5 98.387 (98.767)
[2026-03-19 22:24:29] TEST:  Epoch: [10] image	Prec@1 20.000 (20.000)	Prec@5 89.714 (89.714)
[2026-03-19 22:24:29] TEST:  Epoch: [10] image	Prec@1 56.452 (56.452)	Prec@5 74.194 (74.194)
[2026-03-19 22:24:29] TEST:  Epoch: [10] text	Prec@1 37.778 (41.196)	Prec@5 71.111 (67.774)
[2026-03-19 22:24:29] TEST:  Epoch: [10] text	Prec@1 30.667 (32.931)	Prec@5 96.000 (96.375)
[2026-03-19 22:24:30] TEST:  Epoch: [10] text	Prec@1 60.484 (53.251)	Prec@5 98.387 (98.767)
[2026-03-19 22:24:30] TEST:  Epoch: [10] text	Prec@1 20.000 (20.000)	Prec@5 76.000 (76.000)
[2026-03-19 22:24:30] TEST:  Epoch: [10] text	Prec@1 27.419 (27.419)	Prec@5 56.452 (56.452)
[2026-03-19 22:25:09] [Eval] Report @step: 10.00 {
    "test__rsum": 356.81063122923587,
    "test__medr": 5.0,
    "test__meanr": 14.232558139534884,
    "test__n_fold_i2t_recall_1": 26.578073089700997,
    "test__n_fold_i2t_recall_5": 68.43853820598007,
    "test__n_fold_i2t_recall_10": 86.7109634551495,
    "test__n_fold_i2t_rsum": 181.72757475083057,
    "test__n_fold_i2t_medr": 2.0,
    "test__n_fold_i2t_meanr": 8.401993355481729,
    "test__n_fold_t2i_recall_1": 14.617940199335548,
    "test__n_fold_t2i_recall_5": 66.77740863787375,
    "test__n_fold_t2i_recall_10": 93.68770764119601,
    "test__n_fold_t2i_rsum": 175.0830564784053,
    "test__n_fold_t2i_medr": 3.0,
    "test__n_fold_t2i_meanr": 5.8305647840531565,
    "test__i2t_recall_1": 26.578073089700997,
    "test__i2t_recall_5": 68.43853820598007,
    "test__i2t_recall_10": 86.7109634551495,
    "test__i2t_rsum": 181.72757475083057,
    "test__i2t_medr": 2.0,
    "test__i2t_meanr": 8.401993355481729,
    "test__t2i_recall_1": 14.617940199335548,
    "test__t2i_recall_5": 66.77740863787375,
    "test__t2i_recall_10": 93.68770764119601,
    "test__t2i_rsum": 175.0830564784053,
    "test__t2i_medr": 3.0,
    "test__t2i_meanr": 5.8305647840531565
}
[2026-03-19 22:25:48] [Eval] Report @step: 10.00 {
    "test__rsum": 387.9154078549849,
    "test__medr": 4.0,
    "test__meanr": 10.419939577039274,
    "test__n_fold_i2t_recall_1": 20.241691842900302,
    "test__n_fold_i2t_recall_5": 93.65558912386707,
    "test__n_fold_i2t_recall_10": 93.65558912386707,
    "test__n_fold_i2t_rsum": 207.55287009063443,
    "test__n_fold_i2t_medr": 2.0,
    "test__n_fold_i2t_meanr": 5.395770392749244,
    "test__n_fold_t2i_recall_1": 26.88821752265861,
    "test__n_fold_t2i_recall_5": 59.818731117824775,
    "test__n_fold_t2i_recall_10": 93.65558912386707,
    "test__n_fold_t2i_rsum": 180.36253776435046,
    "test__n_fold_t2i_medr": 2.0,
    "test__n_fold_t2i_meanr": 5.02416918429003,
    "test__i2t_recall_1": 20.241691842900302,
    "test__i2t_recall_5": 93.65558912386707,
    "test__i2t_recall_10": 93.65558912386707,
    "test__i2t_rsum": 207.55287009063443,
    "test__i2t_medr": 2.0,
    "test__i2t_meanr": 5.395770392749244,
    "test__t2i_recall_1": 26.88821752265861,
    "test__t2i_recall_5": 59.818731117824775,
    "test__t2i_recall_10": 93.65558912386707,
    "test__t2i_rsum": 180.36253776435046,
    "test__t2i_medr": 2.0,
    "test__t2i_meanr": 5.02416918429003
}
[2026-03-19 22:32:40] [Eval] Report @step: 10.00 {
    "test__rsum": 387.89237668161434,
    "test__medr": 5.0,
    "test__meanr": 16.58744394618834,
    "test__n_fold_i2t_recall_1": 53.25112107623318,
    "test__n_fold_i2t_recall_5": 72.19730941704036,
    "test__n_fold_i2t_recall_10": 91.4798206278027,
    "test__n_fold_i2t_rsum": 216.92825112107624,
    "test__n_fold_i2t_medr": 1.0,
    "test__n_fold_i2t_meanr": 5.506726457399103,
    "test__n_fold_t2i_recall_1": 20.96412556053812,
    "test__n_fold_t2i_recall_5": 74.66367713004485,
    "test__n_fold_t2i_recall_10": 75.33632286995515,
    "test__n_fold_t2i_rsum": 170.96412556053812,
    "test__n_fold_t2i_medr": 4.0,
    "test__n_fold_t2i_meanr": 11.080717488789238,
    "test__i2t_recall_1": 53.25112107623318,
    "test__i2t_recall_5": 72.19730941704036,
    "test__i2t_recall_10": 91.4798206278027,
    "test__i2t_rsum": 216.92825112107624,
    "test__i2t_medr": 1.0,
    "test__i2t_meanr": 5.506726457399103,
    "test__t2i_recall_1": 20.96412556053812,
    "test__t2i_recall_5": 74.66367713004485,
    "test__t2i_recall_10": 75.33632286995515,
    "test__t2i_rsum": 170.96412556053812,
    "test__t2i_medr": 4.0,
    "test__t2i_meanr": 11.080717488789238
}
[2026-03-19 22:32:47] [Eval] Report @step: 10.00 {
    "test__rsum": 334.28571428571433,
    "test__medr": 8.0,
    "test__meanr": 14.188571428571429,
    "test__n_fold_i2t_recall_1": 20.0,
    "test__n_fold_i2t_recall_5": 78.28571428571429,
    "test__n_fold_i2t_recall_10": 78.28571428571429,
    "test__n_fold_i2t_rsum": 176.57142857142858,
    "test__n_fold_i2t_medr": 3.0,
    "test__n_fold_i2t_meanr": 5.48,
    "test__n_fold_t2i_recall_1": 27.428571428571427,
    "test__n_fold_t2i_recall_5": 50.285714285714285,
    "test__n_fold_t2i_recall_10": 80.0,
    "test__n_fold_t2i_rsum": 157.71428571428572,
    "test__n_fold_t2i_medr": 5.0,
    "test__n_fold_t2i_meanr": 8.708571428571428,
    "test__i2t_recall_1": 20.0,
    "test__i2t_recall_5": 78.28571428571429,
    "test__i2t_recall_10": 78.28571428571429,
    "test__i2t_rsum": 176.57142857142858,
    "test__i2t_medr": 3.0,
    "test__i2t_meanr": 5.48,
    "test__t2i_recall_1": 27.428571428571427,
    "test__t2i_recall_5": 50.285714285714285,
    "test__t2i_recall_10": 80.0,
    "test__t2i_rsum": 157.71428571428572,
    "test__t2i_medr": 5.0,
    "test__t2i_meanr": 8.708571428571428
}
[2026-03-19 22:32:48] [Eval] Report @step: 10.00 {
    "test__rsum": 438.7096774193548,
    "test__medr": 3.0,
    "test__meanr": 7.870967741935484,
    "test__n_fold_i2t_recall_1": 17.741935483870968,
    "test__n_fold_i2t_recall_5": 95.16129032258064,
    "test__n_fold_i2t_recall_10": 95.16129032258064,
    "test__n_fold_i2t_rsum": 208.06451612903226,
    "test__n_fold_i2t_medr": 2.0,
    "test__n_fold_i2t_meanr": 4.016129032258064,
    "test__n_fold_t2i_recall_1": 56.45161290322581,
    "test__n_fold_t2i_recall_5": 85.48387096774194,
    "test__n_fold_t2i_recall_10": 88.70967741935483,
    "test__n_fold_t2i_rsum": 230.64516129032256,
    "test__n_fold_t2i_medr": 1.0,
    "test__n_fold_t2i_meanr": 3.8548387096774195,
    "test__i2t_recall_1": 17.741935483870968,
    "test__i2t_recall_5": 95.16129032258064,
    "test__i2t_recall_10": 95.16129032258064,
    "test__i2t_rsum": 208.06451612903226,
    "test__i2t_medr": 2.0,
    "test__i2t_meanr": 4.016129032258064,
    "test__t2i_recall_1": 56.45161290322581,
    "test__t2i_recall_5": 85.48387096774194,
    "test__t2i_recall_10": 88.70967741935483,
    "test__t2i_rsum": 230.64516129032256,
    "test__t2i_medr": 1.0,
    "test__t2i_meanr": 3.8548387096774195
}
[2026-03-19 22:32:49] Round 11!
[2026-03-19 22:32:51] Distill client 8 (text) step 0: loss=0.062422
[2026-03-19 22:32:51] Epoch: [10] text	Loss 0.0403 (0.0508)	
[2026-03-19 22:32:51] Distill client 12 (mm) step 0: loss=0.697387
[2026-03-19 22:32:51] Distill client 2 (image) step 0: loss=0.081756
[2026-03-19 22:32:51] Epoch: [10] image	Loss 0.0561 (0.0700)	
[2026-03-19 22:32:51] Distill client 14 (mm) step 0: loss=0.663902
[2026-03-19 22:32:52] Distill client 1 (image) step 0: loss=0.079392
[2026-03-19 22:32:52] Epoch: [10] image	Loss 0.0516 (0.0662)	
[2026-03-19 22:32:52] Distill client 4 (image) step 0: loss=0.082845
[2026-03-19 22:32:52] Epoch: [10] image	Loss 0.0547 (0.0695)	
[2026-03-19 22:32:52] Distill client 11 (mm) step 0: loss=0.630419
[2026-03-19 22:32:52] Distill client 3 (image) step 0: loss=0.085091
[2026-03-19 22:32:52] Epoch: [10] image	Loss 0.0597 (0.0735)	
[2026-03-19 22:32:52] Distill client 10 (mm) step 0: loss=0.599299
[2026-03-19 22:32:52] Distill client 13 (mm) step 0: loss=0.592368
[2026-03-19 22:32:53] Distill client 6 (text) step 0: loss=0.070250
[2026-03-19 22:32:53] Epoch: [10] text	Loss 0.0498 (0.0595)	
[2026-03-19 22:32:53] Distill client 0 (image) step 0: loss=0.084481
[2026-03-19 22:32:53] Epoch: [10] image	Loss 0.0585 (0.0727)	
[2026-03-19 22:32:53] Distill client 5 (text) step 0: loss=0.064905
[2026-03-19 22:32:53] Epoch: [10] text	Loss 0.0423 (0.0531)	
[2026-03-19 22:32:53] Distill client 9 (text) step 0: loss=0.060630
[2026-03-19 22:32:53] Epoch: [10] text	Loss 0.0366 (0.0478)	
[2026-03-19 22:32:53] Distill client 7 (text) step 0: loss=0.073154
[2026-03-19 22:32:53] Epoch: [10] text	Loss 0.0581 (0.0662)	
[2026-03-19 22:32:53] Epoch: [11] text	Loss 2.9705 (2.9705)	Prec@1 27.344 (27.344)	Prec@5 75.391 (75.391)
[2026-03-19 22:32:54] TEST:  Epoch: [11] text	Prec@1 20.000 (20.000)	Prec@5 76.000 (76.000)
[2026-03-19 22:32:54] Epoch 11
[2026-03-19 22:32:55] Epoch: [11] image	Loss 1.8596 (1.7976)	Prec@1 46.875 (51.172)	Prec@5 99.609 (99.089)
[2026-03-19 22:32:56] TEST:  Epoch: [11] image	Prec@1 60.484 (53.251)	Prec@5 98.387 (98.767)
[2026-03-19 22:32:56] Epoch 11
[2026-03-19 22:32:57] Epoch: [11] image	Loss 2.9460 (2.9460)	Prec@1 19.531 (19.531)	Prec@5 93.750 (93.750)
[2026-03-19 22:32:57] TEST:  Epoch: [11] image	Prec@1 24.000 (18.731)	Prec@5 94.667 (93.656)
[2026-03-19 22:32:57] Epoch: [11] image	Loss 2.4930 (2.4930)	Prec@1 63.281 (63.281)	Prec@5 83.984 (83.984)
[2026-03-19 22:32:57] TEST:  Epoch: [11] image	Prec@1 56.452 (56.452)	Prec@5 74.194 (74.194)
[2026-03-19 22:32:58] Epoch 11
[2026-03-19 22:32:58] Epoch: [11] image	Loss 2.2100 (2.2447)	Prec@1 29.688 (27.474)	Prec@5 90.234 (90.234)
[2026-03-19 22:32:58] TEST:  Epoch: [11] image	Prec@1 20.000 (20.000)	Prec@5 89.714 (89.714)
[2026-03-19 22:32:59] Epoch 11
[2026-03-19 22:32:59] Epoch 11
[2026-03-19 22:33:00] Epoch: [11] text	Loss 1.9384 (1.9440)	Prec@1 30.078 (30.729)	Prec@5 97.266 (96.224)
[2026-03-19 22:33:00] TEST:  Epoch: [11] text	Prec@1 30.667 (32.931)	Prec@5 96.000 (96.375)
[2026-03-19 22:33:01] Epoch: [11] image	Loss 1.9088 (1.9211)	Prec@1 40.625 (38.932)	Prec@5 92.969 (94.271)
[2026-03-19 22:33:01] TEST:  Epoch: [11] image	Prec@1 37.778 (41.196)	Prec@5 93.333 (92.359)
[2026-03-19 22:33:01] Epoch: [11] text	Loss 2.9309 (2.9309)	Prec@1 41.016 (41.016)	Prec@5 71.484 (71.484)
[2026-03-19 22:33:01] TEST:  Epoch: [11] text	Prec@1 37.778 (41.196)	Prec@5 71.111 (67.774)
[2026-03-19 22:33:02] Epoch: [11] text	Loss 0.0000 (0.0000)	Prec@1 0.000 (0.000)	Prec@5 0.000 (0.000)
[2026-03-19 22:33:02] TEST:  Epoch: [11] text	Prec@1 29.032 (29.032)	Prec@5 56.452 (56.452)
[2026-03-19 22:33:04] Epoch: [11] text	Loss 1.3051 (1.3441)	Prec@1 52.734 (53.539)	Prec@5 99.609 (99.104)
[2026-03-19 22:33:04] TEST:  Epoch: [11] text	Prec@1 60.484 (53.251)	Prec@5 98.387 (98.767)
[2026-03-19 22:33:05] TEST:  Epoch: [11] image	Prec@1 37.778 (41.196)	Prec@5 93.333 (92.359)
[2026-03-19 22:33:05] TEST:  Epoch: [11] image	Prec@1 24.000 (18.731)	Prec@5 94.667 (93.656)
[2026-03-19 22:33:06] TEST:  Epoch: [11] image	Prec@1 60.484 (53.251)	Prec@5 98.387 (98.767)
[2026-03-19 22:33:06] TEST:  Epoch: [11] image	Prec@1 20.000 (20.000)	Prec@5 89.714 (89.714)
[2026-03-19 22:33:06] TEST:  Epoch: [11] image	Prec@1 56.452 (56.452)	Prec@5 74.194 (74.194)
[2026-03-19 22:33:06] TEST:  Epoch: [11] text	Prec@1 37.778 (41.196)	Prec@5 71.111 (67.774)
[2026-03-19 22:33:06] TEST:  Epoch: [11] text	Prec@1 30.667 (32.931)	Prec@5 96.000 (96.375)
[2026-03-19 22:33:07] TEST:  Epoch: [11] text	Prec@1 60.484 (53.251)	Prec@5 98.387 (98.767)
[2026-03-19 22:33:07] TEST:  Epoch: [11] text	Prec@1 20.000 (20.000)	Prec@5 76.000 (76.000)
[2026-03-19 22:33:07] TEST:  Epoch: [11] text	Prec@1 29.032 (29.032)	Prec@5 56.452 (56.452)
[2026-03-19 22:33:38] [Eval] Report @step: 11.00 {
    "test__rsum": 354.81727574750835,
    "test__medr": 5.0,
    "test__meanr": 13.156146179401993,
    "test__n_fold_i2t_recall_1": 26.578073089700997,
    "test__n_fold_i2t_recall_5": 72.42524916943522,
    "test__n_fold_i2t_recall_10": 85.38205980066445,
    "test__n_fold_i2t_rsum": 184.38538205980066,
    "test__n_fold_i2t_medr": 2.0,
    "test__n_fold_i2t_meanr": 7.710963455149502,
    "test__n_fold_t2i_recall_1": 7.641196013289036,
    "test__n_fold_t2i_recall_5": 67.44186046511628,
    "test__n_fold_t2i_recall_10": 95.34883720930233,
    "test__n_fold_t2i_rsum": 170.43189368770766,
    "test__n_fold_t2i_medr": 3.0,
    "test__n_fold_t2i_meanr": 5.445182724252492,
    "test__i2t_recall_1": 26.578073089700997,
    "test__i2t_recall_5": 72.42524916943522,
    "test__i2t_recall_10": 85.38205980066445,
    "test__i2t_rsum": 184.38538205980066,
    "test__i2t_medr": 2.0,
    "test__i2t_meanr": 7.710963455149502,
    "test__t2i_recall_1": 7.641196013289036,
    "test__t2i_recall_5": 67.44186046511628,
    "test__t2i_recall_10": 95.34883720930233,
    "test__t2i_rsum": 170.43189368770766,
    "test__t2i_medr": 3.0,
    "test__t2i_meanr": 5.445182724252492
}
[2026-03-19 22:34:19] [Eval] Report @step: 11.00 {
    "test__rsum": 389.42598187311177,
    "test__medr": 4.0,
    "test__meanr": 10.036253776435046,
    "test__n_fold_i2t_recall_1": 20.241691842900302,
    "test__n_fold_i2t_recall_5": 93.65558912386707,
    "test__n_fold_i2t_recall_10": 93.65558912386707,
    "test__n_fold_i2t_rsum": 207.55287009063443,
    "test__n_fold_i2t_medr": 2.0,
    "test__n_fold_i2t_meanr": 5.504531722054381,
    "test__n_fold_t2i_recall_1": 28.3987915407855,
    "test__n_fold_t2i_recall_5": 59.818731117824775,
    "test__n_fold_t2i_recall_10": 93.65558912386707,
    "test__n_fold_t2i_rsum": 181.87311178247734,
    "test__n_fold_t2i_medr": 2.0,
    "test__n_fold_t2i_meanr": 4.531722054380665,
    "test__i2t_recall_1": 20.241691842900302,
    "test__i2t_recall_5": 93.65558912386707,
    "test__i2t_recall_10": 93.65558912386707,
    "test__i2t_rsum": 207.55287009063443,
    "test__i2t_medr": 2.0,
    "test__i2t_meanr": 5.504531722054381,
    "test__t2i_recall_1": 28.3987915407855,
    "test__t2i_recall_5": 59.818731117824775,
    "test__t2i_recall_10": 93.65558912386707,
    "test__t2i_rsum": 181.87311178247734,
    "test__t2i_medr": 2.0,
    "test__t2i_meanr": 4.531722054380665
}
[2026-03-19 22:41:16] [Eval] Report @step: 11.00 {
    "test__rsum": 387.78026905829597,
    "test__medr": 4.0,
    "test__meanr": 13.12780269058296,
    "test__n_fold_i2t_recall_1": 53.25112107623318,
    "test__n_fold_i2t_recall_5": 73.65470852017937,
    "test__n_fold_i2t_recall_10": 91.4798206278027,
    "test__n_fold_i2t_rsum": 218.38565022421525,
    "test__n_fold_i2t_medr": 1.0,
    "test__n_fold_i2t_meanr": 5.355381165919282,
    "test__n_fold_t2i_recall_1": 20.96412556053812,
    "test__n_fold_t2i_recall_5": 74.2152466367713,
    "test__n_fold_t2i_recall_10": 74.2152466367713,
    "test__n_fold_t2i_rsum": 169.39461883408072,
    "test__n_fold_t2i_medr": 3.0,
    "test__n_fold_t2i_meanr": 7.772421524663677,
    "test__i2t_recall_1": 53.25112107623318,
    "test__i2t_recall_5": 73.65470852017937,
    "test__i2t_recall_10": 91.4798206278027,
    "test__i2t_rsum": 218.38565022421525,
    "test__i2t_medr": 1.0,
    "test__i2t_meanr": 5.355381165919282,
    "test__t2i_recall_1": 20.96412556053812,
    "test__t2i_recall_5": 74.2152466367713,
    "test__t2i_recall_10": 74.2152466367713,
    "test__t2i_rsum": 169.39461883408072,
    "test__t2i_medr": 3.0,
    "test__t2i_meanr": 7.772421524663677
}
[2026-03-19 22:41:25] [Eval] Report @step: 11.00 {
    "test__rsum": 340.0,
    "test__medr": 6.0,
    "test__meanr": 13.440000000000001,
    "test__n_fold_i2t_recall_1": 20.0,
    "test__n_fold_i2t_recall_5": 73.14285714285714,
    "test__n_fold_i2t_recall_10": 78.85714285714286,
    "test__n_fold_i2t_rsum": 172.0,
    "test__n_fold_i2t_medr": 3.0,
    "test__n_fold_i2t_meanr": 5.388571428571429,
    "test__n_fold_t2i_recall_1": 27.428571428571427,
    "test__n_fold_t2i_recall_5": 61.142857142857146,
    "test__n_fold_t2i_recall_10": 79.42857142857143,
    "test__n_fold_t2i_rsum": 168.0,
    "test__n_fold_t2i_medr": 3.0,
    "test__n_fold_t2i_meanr": 8.051428571428572,
    "test__i2t_recall_1": 20.0,
    "test__i2t_recall_5": 73.14285714285714,
    "test__i2t_recall_10": 78.85714285714286,
    "test__i2t_rsum": 172.0,
    "test__i2t_medr": 3.0,
    "test__i2t_meanr": 5.388571428571429,
    "test__t2i_recall_1": 27.428571428571427,
    "test__t2i_recall_5": 61.142857142857146,
    "test__t2i_recall_10": 79.42857142857143,
    "test__t2i_rsum": 168.0,
    "test__t2i_medr": 3.0,
    "test__t2i_meanr": 8.051428571428572
}
[2026-03-19 22:41:27] [Eval] Report @step: 11.00 {
    "test__rsum": 440.3225806451613,
    "test__medr": 4.0,
    "test__meanr": 7.387096774193549,
    "test__n_fold_i2t_recall_1": 17.741935483870968,
    "test__n_fold_i2t_recall_5": 95.16129032258064,
    "test__n_fold_i2t_recall_10": 95.16129032258064,
    "test__n_fold_i2t_rsum": 208.06451612903226,
    "test__n_fold_i2t_medr": 3.0,
    "test__n_fold_i2t_meanr": 4.112903225806452,
    "test__n_fold_t2i_recall_1": 59.67741935483871,
    "test__n_fold_t2i_recall_5": 82.25806451612904,
    "test__n_fold_t2i_recall_10": 90.3225806451613,
    "test__n_fold_t2i_rsum": 232.25806451612902,
    "test__n_fold_t2i_medr": 1.0,
    "test__n_fold_t2i_meanr": 3.274193548387097,
    "test__i2t_recall_1": 17.741935483870968,
    "test__i2t_recall_5": 95.16129032258064,
    "test__i2t_recall_10": 95.16129032258064,
    "test__i2t_rsum": 208.06451612903226,
    "test__i2t_medr": 3.0,
    "test__i2t_meanr": 4.112903225806452,
    "test__t2i_recall_1": 59.67741935483871,
    "test__t2i_recall_5": 82.25806451612904,
    "test__t2i_recall_10": 90.3225806451613,
    "test__t2i_rsum": 232.25806451612902,
    "test__t2i_medr": 1.0,
    "test__t2i_meanr": 3.274193548387097
}
[2026-03-19 22:41:28] Round 12!
[2026-03-19 22:41:29] Distill client 0 (image) step 0: loss=0.073503
[2026-03-19 22:41:29] Epoch: [11] image	Loss 0.0518 (0.0637)	
[2026-03-19 22:41:29] Distill client 1 (image) step 0: loss=0.069850
[2026-03-19 22:41:29] Epoch: [11] image	Loss 0.0465 (0.0589)	
[2026-03-19 22:41:29] Distill client 5 (text) step 0: loss=0.058110
[2026-03-19 22:41:30] Epoch: [11] text	Loss 0.0387 (0.0481)	
[2026-03-19 22:41:30] Distill client 4 (image) step 0: loss=0.073664
[2026-03-19 22:41:30] Epoch: [11] image	Loss 0.0499 (0.0626)	
[2026-03-19 22:41:30] Distill client 3 (image) step 0: loss=0.074514
[2026-03-19 22:41:30] Epoch: [11] image	Loss 0.0530 (0.0647)	
[2026-03-19 22:41:30] Distill client 14 (mm) step 0: loss=0.584945
[2026-03-19 22:41:30] Distill client 10 (mm) step 0: loss=0.536096
[2026-03-19 22:41:30] Distill client 13 (mm) step 0: loss=0.523661
[2026-03-19 22:41:30] Distill client 9 (text) step 0: loss=0.053419
[2026-03-19 22:41:30] Epoch: [11] text	Loss 0.0330 (0.0424)	
[2026-03-19 22:41:30] Distill client 12 (mm) step 0: loss=0.618942
[2026-03-19 22:41:31] Distill client 8 (text) step 0: loss=0.055546
[2026-03-19 22:41:31] Epoch: [11] text	Loss 0.0366 (0.0455)	
[2026-03-19 22:41:31] Distill client 6 (text) step 0: loss=0.062503
[2026-03-19 22:41:31] Epoch: [11] text	Loss 0.0448 (0.0532)	
[2026-03-19 22:41:31] Distill client 2 (image) step 0: loss=0.070939
[2026-03-19 22:41:31] Epoch: [11] image	Loss 0.0496 (0.0613)	
[2026-03-19 22:41:31] Distill client 11 (mm) step 0: loss=0.546579
[2026-03-19 22:41:31] Distill client 7 (text) step 0: loss=0.065654
[2026-03-19 22:41:31] Epoch: [11] text	Loss 0.0525 (0.0595)	
[2026-03-19 22:41:31] Epoch: [12] image	Loss 1.8702 (1.8859)	Prec@1 37.891 (38.411)	Prec@5 94.141 (94.792)
[2026-03-19 22:41:32] TEST:  Epoch: [12] image	Prec@1 37.778 (41.196)	Prec@5 93.333 (92.359)
[2026-03-19 22:41:32] Epoch: [12] image	Loss 2.8779 (2.8779)	Prec@1 22.266 (22.266)	Prec@5 93.750 (93.750)
[2026-03-19 22:41:32] TEST:  Epoch: [12] image	Prec@1 24.000 (20.846)	Prec@5 94.667 (93.656)
[2026-03-19 22:41:33] Epoch: [12] text	Loss 2.8920 (2.8920)	Prec@1 41.797 (41.797)	Prec@5 66.797 (66.797)
[2026-03-19 22:41:33] TEST:  Epoch: [12] text	Prec@1 37.778 (41.196)	Prec@5 73.333 (69.435)
[2026-03-19 22:41:33] Epoch: [12] image	Loss 2.3782 (2.3782)	Prec@1 63.281 (63.281)	Prec@5 84.375 (84.375)
[2026-03-19 22:41:33] TEST:  Epoch: [12] image	Prec@1 56.452 (56.452)	Prec@5 74.194 (74.194)
[2026-03-19 22:41:34] Epoch: [12] image	Loss 2.1985 (2.1866)	Prec@1 23.828 (27.734)	Prec@5 90.234 (90.234)
[2026-03-19 22:41:34] TEST:  Epoch: [12] image	Prec@1 20.000 (20.000)	Prec@5 89.714 (89.714)
[2026-03-19 22:41:34] Epoch 12
[2026-03-19 22:41:35] Epoch 12
[2026-03-19 22:41:35] Epoch 12
[2026-03-19 22:41:35] Epoch: [12] text	Loss 0.0000 (0.0000)	Prec@1 0.000 (0.000)	Prec@5 0.000 (0.000)
[2026-03-19 22:41:35] TEST:  Epoch: [12] text	Prec@1 22.581 (22.581)	Prec@5 56.452 (56.452)
[2026-03-19 22:41:36] Epoch 12
[2026-03-19 22:41:36] Epoch: [12] text	Loss 2.8821 (2.8821)	Prec@1 30.469 (30.469)	Prec@5 80.859 (80.859)
[2026-03-19 22:41:36] TEST:  Epoch: [12] text	Prec@1 20.000 (20.000)	Prec@5 77.714 (77.714)
[2026-03-19 22:41:37] Epoch: [12] text	Loss 1.8096 (1.8968)	Prec@1 33.203 (29.948)	Prec@5 97.266 (96.354)
[2026-03-19 22:41:37] TEST:  Epoch: [12] text	Prec@1 30.667 (32.931)	Prec@5 96.000 (96.375)
[2026-03-19 22:41:38] Epoch: [12] image	Loss 1.7500 (1.7326)	Prec@1 49.609 (52.083)	Prec@5 99.219 (99.089)
[2026-03-19 22:41:38] TEST:  Epoch: [12] image	Prec@1 60.484 (53.251)	Prec@5 98.387 (98.767)
[2026-03-19 22:41:39] Epoch 12
[2026-03-19 22:41:40] Epoch: [12] text	Loss 1.3149 (1.3357)	Prec@1 55.469 (53.837)	Prec@5 98.828 (99.081)
[2026-03-19 22:41:41] TEST:  Epoch: [12] text	Prec@1 60.484 (53.251)	Prec@5 98.387 (98.767)
[2026-03-19 22:41:41] TEST:  Epoch: [12] image	Prec@1 37.778 (41.196)	Prec@5 93.333 (92.359)
[2026-03-19 22:41:41] TEST:  Epoch: [12] image	Prec@1 24.000 (20.846)	Prec@5 94.667 (93.656)
[2026-03-19 22:41:42] TEST:  Epoch: [12] image	Prec@1 60.484 (53.251)	Prec@5 98.387 (98.767)
[2026-03-19 22:41:42] TEST:  Epoch: [12] image	Prec@1 20.000 (20.000)	Prec@5 89.714 (89.714)
[2026-03-19 22:41:42] TEST:  Epoch: [12] image	Prec@1 56.452 (56.452)	Prec@5 74.194 (74.194)
[2026-03-19 22:41:42] TEST:  Epoch: [12] text	Prec@1 37.778 (41.196)	Prec@5 73.333 (69.435)
[2026-03-19 22:41:43] TEST:  Epoch: [12] text	Prec@1 30.667 (32.931)	Prec@5 96.000 (96.375)
[2026-03-19 22:41:43] TEST:  Epoch: [12] text	Prec@1 60.484 (53.251)	Prec@5 98.387 (98.767)
[2026-03-19 22:41:43] TEST:  Epoch: [12] text	Prec@1 20.000 (20.000)	Prec@5 77.714 (77.714)
[2026-03-19 22:41:43] TEST:  Epoch: [12] text	Prec@1 22.581 (22.581)	Prec@5 56.452 (56.452)
[2026-03-19 22:42:21] [Eval] Report @step: 12.00 {
    "test__rsum": 364.1196013289036,
    "test__medr": 5.0,
    "test__meanr": 12.242524916943522,
    "test__n_fold_i2t_recall_1": 26.578073089700997,
    "test__n_fold_i2t_recall_5": 85.38205980066445,
    "test__n_fold_i2t_recall_10": 85.38205980066445,
    "test__n_fold_i2t_rsum": 197.34219269102988,
    "test__n_fold_i2t_medr": 2.0,
    "test__n_fold_i2t_meanr": 7.083056478405315,
    "test__n_fold_t2i_recall_1": 7.641196013289036,
    "test__n_fold_t2i_recall_5": 68.10631229235881,
    "test__n_fold_t2i_recall_10": 91.0299003322259,
    "test__n_fold_t2i_rsum": 166.77740863787375,
    "test__n_fold_t2i_medr": 3.0,
    "test__n_fold_t2i_meanr": 5.159468438538206,
    "test__i2t_recall_1": 26.578073089700997,
    "test__i2t_recall_5": 85.38205980066445,
    "test__i2t_recall_10": 85.38205980066445,
    "test__i2t_rsum": 197.34219269102988,
    "test__i2t_medr": 2.0,
    "test__i2t_meanr": 7.083056478405315,
    "test__t2i_recall_1": 7.641196013289036,
    "test__t2i_recall_5": 68.10631229235881,
    "test__t2i_recall_10": 91.0299003322259,
    "test__t2i_rsum": 166.77740863787375,
    "test__t2i_medr": 3.0,
    "test__t2i_meanr": 5.159468438538206
}
[2026-03-19 22:43:01] [Eval] Report @step: 12.00 {
    "test__rsum": 401.2084592145015,
    "test__medr": 4.0,
    "test__meanr": 9.797583081570998,
    "test__n_fold_i2t_recall_1": 20.241691842900302,
    "test__n_fold_i2t_recall_5": 93.65558912386707,
    "test__n_fold_i2t_recall_10": 93.65558912386707,
    "test__n_fold_i2t_rsum": 207.55287009063443,
    "test__n_fold_i2t_medr": 2.0,
    "test__n_fold_i2t_meanr": 5.574018126888218,
    "test__n_fold_t2i_recall_1": 33.53474320241692,
    "test__n_fold_t2i_recall_5": 66.46525679758308,
    "test__n_fold_t2i_recall_10": 93.65558912386707,
    "test__n_fold_t2i_rsum": 193.65558912386706,
    "test__n_fold_t2i_medr": 2.0,
    "test__n_fold_t2i_meanr": 4.22356495468278,
    "test__i2t_recall_1": 20.241691842900302,
    "test__i2t_recall_5": 93.65558912386707,
    "test__i2t_recall_10": 93.65558912386707,
    "test__i2t_rsum": 207.55287009063443,
    "test__i2t_medr": 2.0,
    "test__i2t_meanr": 5.574018126888218,
    "test__t2i_recall_1": 33.53474320241692,
    "test__t2i_recall_5": 66.46525679758308,
    "test__t2i_recall_10": 93.65558912386707,
    "test__t2i_rsum": 193.65558912386706,
    "test__t2i_medr": 2.0,
    "test__t2i_meanr": 4.22356495468278
}
[2026-03-19 22:47:29] [Eval] Report @step: 12.00 {
    "test__rsum": 384.304932735426,
    "test__medr": 4.0,
    "test__meanr": 12.781390134529147,
    "test__n_fold_i2t_recall_1": 53.25112107623318,
    "test__n_fold_i2t_recall_5": 70.17937219730942,
    "test__n_fold_i2t_recall_10": 91.4798206278027,
    "test__n_fold_i2t_rsum": 214.9103139013453,
    "test__n_fold_i2t_medr": 1.0,
    "test__n_fold_i2t_meanr": 5.307174887892376,
    "test__n_fold_t2i_recall_1": 20.96412556053812,
    "test__n_fold_t2i_recall_5": 74.2152466367713,
    "test__n_fold_t2i_recall_10": 74.2152466367713,
    "test__n_fold_t2i_rsum": 169.39461883408072,
    "test__n_fold_t2i_medr": 3.0,
    "test__n_fold_t2i_meanr": 7.4742152466367715,
    "test__i2t_recall_1": 53.25112107623318,
    "test__i2t_recall_5": 70.17937219730942,
    "test__i2t_recall_10": 91.4798206278027,
    "test__i2t_rsum": 214.9103139013453,
    "test__i2t_medr": 1.0,
    "test__i2t_meanr": 5.307174887892376,
    "test__t2i_recall_1": 20.96412556053812,
    "test__t2i_recall_5": 74.2152466367713,
    "test__t2i_recall_10": 74.2152466367713,
    "test__t2i_rsum": 169.39461883408072,
    "test__t2i_medr": 3.0,
    "test__t2i_meanr": 7.4742152466367715
}
[2026-03-19 22:47:35] [Eval] Report @step: 12.00 {
    "test__rsum": 350.8571428571429,
    "test__medr": 6.0,
    "test__meanr": 13.674285714285713,
    "test__n_fold_i2t_recall_1": 20.0,
    "test__n_fold_i2t_recall_5": 77.71428571428571,
    "test__n_fold_i2t_recall_10": 86.28571428571429,
    "test__n_fold_i2t_rsum": 184.0,
    "test__n_fold_i2t_medr": 3.0,
    "test__n_fold_i2t_meanr": 5.154285714285714,
    "test__n_fold_t2i_recall_1": 27.428571428571427,
    "test__n_fold_t2i_recall_5": 61.142857142857146,
    "test__n_fold_t2i_recall_10": 78.28571428571429,
    "test__n_fold_t2i_rsum": 166.85714285714286,
    "test__n_fold_t2i_medr": 3.0,
    "test__n_fold_t2i_meanr": 8.52,
    "test__i2t_recall_1": 20.0,
    "test__i2t_recall_5": 77.71428571428571,
    "test__i2t_recall_10": 86.28571428571429,
    "test__i2t_rsum": 184.0,
    "test__i2t_medr": 3.0,
    "test__i2t_meanr": 5.154285714285714,
    "test__t2i_recall_1": 27.428571428571427,
    "test__t2i_recall_5": 61.142857142857146,
    "test__t2i_recall_10": 78.28571428571429,
    "test__t2i_rsum": 166.85714285714286,
    "test__t2i_medr": 3.0,
    "test__t2i_meanr": 8.52
}
[2026-03-19 22:47:37] [Eval] Report @step: 12.00 {
    "test__rsum": 411.2903225806451,
    "test__medr": 4.0,
    "test__meanr": 7.419354838709678,
    "test__n_fold_i2t_recall_1": 17.741935483870968,
    "test__n_fold_i2t_recall_5": 95.16129032258064,
    "test__n_fold_i2t_recall_10": 95.16129032258064,
    "test__n_fold_i2t_rsum": 208.06451612903226,
    "test__n_fold_i2t_medr": 2.0,
    "test__n_fold_i2t_meanr": 3.8548387096774195,
    "test__n_fold_t2i_recall_1": 33.87096774193548,
    "test__n_fold_t2i_recall_5": 77.41935483870968,
    "test__n_fold_t2i_recall_10": 91.93548387096774,
    "test__n_fold_t2i_rsum": 203.2258064516129,
    "test__n_fold_t2i_medr": 2.0,
    "test__n_fold_t2i_meanr": 3.564516129032258,
    "test__i2t_recall_1": 17.741935483870968,
    "test__i2t_recall_5": 95.16129032258064,
    "test__i2t_recall_10": 95.16129032258064,
    "test__i2t_rsum": 208.06451612903226,
    "test__i2t_medr": 2.0,
    "test__i2t_meanr": 3.8548387096774195,
    "test__t2i_recall_1": 33.87096774193548,
    "test__t2i_recall_5": 77.41935483870968,
    "test__t2i_recall_10": 91.93548387096774,
    "test__t2i_rsum": 203.2258064516129,
    "test__t2i_medr": 2.0,
    "test__t2i_meanr": 3.564516129032258
}
[2026-03-19 22:47:37] Round 13!
[2026-03-19 22:47:39] Distill client 10 (mm) step 0: loss=0.483683
[2026-03-19 22:47:39] Distill client 7 (text) step 0: loss=0.058857
[2026-03-19 22:47:39] Epoch: [12] text	Loss 0.0472 (0.0534)	
[2026-03-19 22:47:39] Distill client 8 (text) step 0: loss=0.049116
[2026-03-19 22:47:39] Epoch: [12] text	Loss 0.0330 (0.0406)	
[2026-03-19 22:47:39] Distill client 2 (image) step 0: loss=0.062602
[2026-03-19 22:47:39] Epoch: [12] image	Loss 0.0446 (0.0545)	
[2026-03-19 22:47:39] Distill client 4 (image) step 0: loss=0.065629
[2026-03-19 22:47:39] Epoch: [12] image	Loss 0.0452 (0.0562)	
[2026-03-19 22:47:39] Distill client 12 (mm) step 0: loss=0.553101
[2026-03-19 22:47:39] Distill client 6 (text) step 0: loss=0.055280
[2026-03-19 22:47:39] Epoch: [12] text	Loss 0.0402 (0.0472)	
[2026-03-19 22:47:39] Distill client 3 (image) step 0: loss=0.066123
[2026-03-19 22:47:40] Epoch: [12] image	Loss 0.0477 (0.0578)	
[2026-03-19 22:47:40] Distill client 14 (mm) step 0: loss=0.524202
[2026-03-19 22:47:40] Distill client 5 (text) step 0: loss=0.051700
[2026-03-19 22:47:40] Epoch: [12] text	Loss 0.0351 (0.0431)	
[2026-03-19 22:47:40] Distill client 1 (image) step 0: loss=0.061857
[2026-03-19 22:47:40] Epoch: [12] image	Loss 0.0420 (0.0526)	
[2026-03-19 22:47:40] Distill client 11 (mm) step 0: loss=0.488138
[2026-03-19 22:47:40] Distill client 9 (text) step 0: loss=0.046733
[2026-03-19 22:47:40] Epoch: [12] text	Loss 0.0295 (0.0375)	
[2026-03-19 22:47:40] Distill client 13 (mm) step 0: loss=0.467562
[2026-03-19 22:47:40] Distill client 0 (image) step 0: loss=0.064388
[2026-03-19 22:47:41] Epoch: [12] image	Loss 0.0459 (0.0561)	
[2026-03-19 22:47:41] Epoch 13
[2026-03-19 22:47:42] Epoch: [13] text	Loss 1.3572 (1.3273)	Prec@1 53.906 (53.952)	Prec@5 98.828 (99.035)
[2026-03-19 22:47:43] TEST:  Epoch: [13] text	Prec@1 60.484 (53.251)	Prec@5 98.387 (98.767)
[2026-03-19 22:47:43] Epoch: [13] text	Loss 2.8533 (2.8533)	Prec@1 30.078 (30.078)	Prec@5 79.688 (79.688)
[2026-03-19 22:47:43] TEST:  Epoch: [13] text	Prec@1 20.000 (20.000)	Prec@5 81.143 (81.143)
[2026-03-19 22:47:44] Epoch: [13] image	Loss 1.6761 (1.6920)	Prec@1 51.562 (51.823)	Prec@5 100.000 (99.349)
[2026-03-19 22:47:45] TEST:  Epoch: [13] image	Prec@1 60.484 (53.251)	Prec@5 98.387 (98.767)
[2026-03-19 22:47:45] Epoch: [13] image	Loss 2.2580 (2.2580)	Prec@1 64.062 (64.062)	Prec@5 84.375 (84.375)
[2026-03-19 22:47:45] TEST:  Epoch: [13] image	Prec@1 56.452 (56.452)	Prec@5 74.194 (74.194)
[2026-03-19 22:47:45] Epoch 13
[2026-03-19 22:47:46] Epoch: [13] text	Loss 1.8487 (1.8624)	Prec@1 31.641 (31.901)	Prec@5 97.266 (96.094)
[2026-03-19 22:47:46] TEST:  Epoch: [13] text	Prec@1 30.667 (32.931)	Prec@5 96.000 (96.375)
[2026-03-19 22:47:47] Epoch: [13] image	Loss 2.1045 (2.1365)	Prec@1 30.859 (27.995)	Prec@5 91.016 (90.365)
[2026-03-19 22:47:47] TEST:  Epoch: [13] image	Prec@1 20.000 (20.000)	Prec@5 89.714 (89.714)
[2026-03-19 22:47:47] Epoch 13
[2026-03-19 22:47:48] Epoch: [13] text	Loss 2.8278 (2.8278)	Prec@1 39.062 (39.062)	Prec@5 67.969 (67.969)
[2026-03-19 22:47:48] TEST:  Epoch: [13] text	Prec@1 37.778 (41.196)	Prec@5 77.778 (80.066)
[2026-03-19 22:47:48] Epoch: [13] image	Loss 2.8182 (2.8182)	Prec@1 22.266 (22.266)	Prec@5 94.531 (94.531)
[2026-03-19 22:47:48] TEST:  Epoch: [13] image	Prec@1 25.333 (20.544)	Prec@5 94.667 (93.656)
[2026-03-19 22:47:49] Epoch 13
[2026-03-19 22:47:49] Epoch: [13] text	Loss 0.0000 (0.0000)	Prec@1 0.000 (0.000)	Prec@5 0.000 (0.000)
[2026-03-19 22:47:49] TEST:  Epoch: [13] text	Prec@1 20.968 (20.968)	Prec@5 56.452 (56.452)
[2026-03-19 22:47:49] Epoch 13
[2026-03-19 22:47:50] Epoch: [13] image	Loss 1.9756 (1.8772)	Prec@1 32.422 (36.719)	Prec@5 92.969 (93.880)
[2026-03-19 22:47:50] TEST:  Epoch: [13] image	Prec@1 37.778 (41.196)	Prec@5 93.333 (92.359)
[2026-03-19 22:47:51] TEST:  Epoch: [13] image	Prec@1 37.778 (41.196)	Prec@5 93.333 (92.359)
[2026-03-19 22:47:51] TEST:  Epoch: [13] image	Prec@1 25.333 (20.544)	Prec@5 94.667 (93.656)
[2026-03-19 22:47:51] TEST:  Epoch: [13] image	Prec@1 60.484 (53.251)	Prec@5 98.387 (98.767)
[2026-03-19 22:47:52] TEST:  Epoch: [13] image	Prec@1 20.000 (20.000)	Prec@5 89.714 (89.714)
[2026-03-19 22:47:52] TEST:  Epoch: [13] image	Prec@1 56.452 (56.452)	Prec@5 74.194 (74.194)
[2026-03-19 22:47:52] TEST:  Epoch: [13] text	Prec@1 37.778 (41.196)	Prec@5 77.778 (80.066)
[2026-03-19 22:47:52] TEST:  Epoch: [13] text	Prec@1 30.667 (32.931)	Prec@5 96.000 (96.375)
[2026-03-19 22:47:53] TEST:  Epoch: [13] text	Prec@1 60.484 (53.251)	Prec@5 98.387 (98.767)
[2026-03-19 22:47:53] TEST:  Epoch: [13] text	Prec@1 20.000 (20.000)	Prec@5 81.143 (81.143)
[2026-03-19 22:47:53] TEST:  Epoch: [13] text	Prec@1 20.968 (20.968)	Prec@5 56.452 (56.452)
[2026-03-19 22:48:19] [Eval] Report @step: 13.00 {
    "test__rsum": 401.32890365448503,
    "test__medr": 5.0,
    "test__meanr": 11.106312292358805,
    "test__n_fold_i2t_recall_1": 26.578073089700997,
    "test__n_fold_i2t_recall_5": 85.38205980066445,
    "test__n_fold_i2t_recall_10": 85.38205980066445,
    "test__n_fold_i2t_rsum": 197.34219269102988,
    "test__n_fold_i2t_medr": 2.0,
    "test__n_fold_i2t_meanr": 7.142857142857143,
    "test__n_fold_t2i_recall_1": 17.940199335548172,
    "test__n_fold_t2i_recall_5": 93.02325581395348,
    "test__n_fold_t2i_recall_10": 93.02325581395348,
    "test__n_fold_t2i_rsum": 203.98671096345515,
    "test__n_fold_t2i_medr": 3.0,
    "test__n_fold_t2i_meanr": 3.963455149501661,
    "test__i2t_recall_1": 26.578073089700997,
    "test__i2t_recall_5": 85.38205980066445,
    "test__i2t_recall_10": 85.38205980066445,
    "test__i2t_rsum": 197.34219269102988,
    "test__i2t_medr": 2.0,
    "test__i2t_meanr": 7.142857142857143,
    "test__t2i_recall_1": 17.940199335548172,
    "test__t2i_recall_5": 93.02325581395348,
    "test__t2i_recall_10": 93.02325581395348,
    "test__t2i_rsum": 203.98671096345515,
    "test__t2i_medr": 3.0,
    "test__t2i_meanr": 3.963455149501661
}
[2026-03-19 22:48:46] [Eval] Report @step: 13.00 {
    "test__rsum": 403.32326283987913,
    "test__medr": 4.0,
    "test__meanr": 9.492447129909365,
    "test__n_fold_i2t_recall_1": 20.241691842900302,
    "test__n_fold_i2t_recall_5": 93.65558912386707,
    "test__n_fold_i2t_recall_10": 93.65558912386707,
    "test__n_fold_i2t_rsum": 207.55287009063443,
    "test__n_fold_i2t_medr": 2.0,
    "test__n_fold_i2t_meanr": 5.395770392749244,
    "test__n_fold_t2i_recall_1": 32.93051359516616,
    "test__n_fold_t2i_recall_5": 69.18429003021149,
    "test__n_fold_t2i_recall_10": 93.65558912386707,
    "test__n_fold_t2i_rsum": 195.7703927492447,
    "test__n_fold_t2i_medr": 2.0,
    "test__n_fold_t2i_meanr": 4.096676737160121,
    "test__i2t_recall_1": 20.241691842900302,
    "test__i2t_recall_5": 93.65558912386707,
    "test__i2t_recall_10": 93.65558912386707,
    "test__i2t_rsum": 207.55287009063443,
    "test__i2t_medr": 2.0,
    "test__i2t_meanr": 5.395770392749244,
    "test__t2i_recall_1": 32.93051359516616,
    "test__t2i_recall_5": 69.18429003021149,
    "test__t2i_recall_10": 93.65558912386707,
    "test__t2i_rsum": 195.7703927492447,
    "test__t2i_medr": 2.0,
    "test__t2i_meanr": 4.096676737160121
}
[2026-03-19 22:50:52] [Eval] Report @step: 13.00 {
    "test__rsum": 370.4035874439462,
    "test__medr": 3.0,
    "test__meanr": 12.24775784753363,
    "test__n_fold_i2t_recall_1": 53.25112107623318,
    "test__n_fold_i2t_recall_5": 54.37219730941704,
    "test__n_fold_i2t_recall_10": 91.4798206278027,
    "test__n_fold_i2t_rsum": 199.1031390134529,
    "test__n_fold_i2t_medr": 1.0,
    "test__n_fold_i2t_meanr": 5.586322869955157,
    "test__n_fold_t2i_recall_1": 22.869955156950674,
    "test__n_fold_t2i_recall_5": 74.2152466367713,
    "test__n_fold_t2i_recall_10": 74.2152466367713,
    "test__n_fold_t2i_rsum": 171.30044843049328,
    "test__n_fold_t2i_medr": 2.0,
    "test__n_fold_t2i_meanr": 6.661434977578475,
    "test__i2t_recall_1": 53.25112107623318,
    "test__i2t_recall_5": 54.37219730941704,
    "test__i2t_recall_10": 91.4798206278027,
    "test__i2t_rsum": 199.1031390134529,
    "test__i2t_medr": 1.0,
    "test__i2t_meanr": 5.586322869955157,
    "test__t2i_recall_1": 22.869955156950674,
    "test__t2i_recall_5": 74.2152466367713,
    "test__t2i_recall_10": 74.2152466367713,
    "test__t2i_rsum": 171.30044843049328,
    "test__t2i_medr": 2.0,
    "test__t2i_meanr": 6.661434977578475
}
[2026-03-19 22:50:53] [Eval] Report @step: 13.00 {
    "test__rsum": 330.2857142857143,
    "test__medr": 6.0,
    "test__meanr": 13.091428571428573,
    "test__n_fold_i2t_recall_1": 20.0,
    "test__n_fold_i2t_recall_5": 69.71428571428571,
    "test__n_fold_i2t_recall_10": 79.42857142857143,
    "test__n_fold_i2t_rsum": 169.14285714285714,
    "test__n_fold_i2t_medr": 3.0,
    "test__n_fold_i2t_meanr": 5.7942857142857145,
    "test__n_fold_t2i_recall_1": 27.428571428571427,
    "test__n_fold_t2i_recall_5": 61.714285714285715,
    "test__n_fold_t2i_recall_10": 72.0,
    "test__n_fold_t2i_rsum": 161.14285714285714,
    "test__n_fold_t2i_medr": 3.0,
    "test__n_fold_t2i_meanr": 7.297142857142857,
    "test__i2t_recall_1": 20.0,
    "test__i2t_recall_5": 69.71428571428571,
    "test__i2t_recall_10": 79.42857142857143,
    "test__i2t_rsum": 169.14285714285714,
    "test__i2t_medr": 3.0,
    "test__i2t_meanr": 5.7942857142857145,
    "test__t2i_recall_1": 27.428571428571427,
    "test__t2i_recall_5": 61.714285714285715,
    "test__t2i_recall_10": 72.0,
    "test__t2i_rsum": 161.14285714285714,
    "test__t2i_medr": 3.0,
    "test__t2i_meanr": 7.297142857142857
}
[2026-03-19 22:50:54] [Eval] Report @step: 13.00 {
    "test__rsum": 395.1612903225806,
    "test__medr": 4.0,
    "test__meanr": 7.661290322580646,
    "test__n_fold_i2t_recall_1": 17.741935483870968,
    "test__n_fold_i2t_recall_5": 95.16129032258064,
    "test__n_fold_i2t_recall_10": 95.16129032258064,
    "test__n_fold_i2t_rsum": 208.06451612903226,
    "test__n_fold_i2t_medr": 2.0,
    "test__n_fold_i2t_meanr": 3.8548387096774195,
    "test__n_fold_t2i_recall_1": 17.741935483870968,
    "test__n_fold_t2i_recall_5": 77.41935483870968,
    "test__n_fold_t2i_recall_10": 91.93548387096774,
    "test__n_fold_t2i_rsum": 187.09677419354838,
    "test__n_fold_t2i_medr": 2.0,
    "test__n_fold_t2i_meanr": 3.806451612903226,
    "test__i2t_recall_1": 17.741935483870968,
    "test__i2t_recall_5": 95.16129032258064,
    "test__i2t_recall_10": 95.16129032258064,
    "test__i2t_rsum": 208.06451612903226,
    "test__i2t_medr": 2.0,
    "test__i2t_meanr": 3.8548387096774195,
    "test__t2i_recall_1": 17.741935483870968,
    "test__t2i_recall_5": 77.41935483870968,
    "test__t2i_recall_10": 91.93548387096774,
    "test__t2i_rsum": 187.09677419354838,
    "test__t2i_medr": 2.0,
    "test__t2i_meanr": 3.806451612903226
}
[2026-03-19 22:50:54] Round 14!
[2026-03-19 22:50:56] Distill client 14 (mm) step 0: loss=0.474967
[2026-03-19 22:50:56] Distill client 8 (text) step 0: loss=0.043313
[2026-03-19 22:50:56] Epoch: [13] text	Loss 0.0297 (0.0361)	
[2026-03-19 22:50:56] Distill client 7 (text) step 0: loss=0.052848
[2026-03-19 22:50:56] Epoch: [13] text	Loss 0.0425 (0.0478)	
[2026-03-19 22:50:56] Distill client 1 (image) step 0: loss=0.054925
[2026-03-19 22:50:56] Epoch: [13] image	Loss 0.0381 (0.0472)	
[2026-03-19 22:50:56] Distill client 3 (image) step 0: loss=0.058246
[2026-03-19 22:50:56] Epoch: [13] image	Loss 0.0426 (0.0512)	
[2026-03-19 22:50:56] Distill client 10 (mm) step 0: loss=0.425509
[2026-03-19 22:50:56] Distill client 11 (mm) step 0: loss=0.439699
[2026-03-19 22:50:57] Distill client 5 (text) step 0: loss=0.046137
[2026-03-19 22:50:57] Epoch: [13] text	Loss 0.0319 (0.0388)	
[2026-03-19 22:50:57] Distill client 0 (image) step 0: loss=0.056820
[2026-03-19 22:50:57] Epoch: [13] image	Loss 0.0411 (0.0498)	
[2026-03-19 22:50:57] Distill client 4 (image) step 0: loss=0.058634
[2026-03-19 22:50:57] Epoch: [13] image	Loss 0.0412 (0.0507)	
[2026-03-19 22:50:57] Distill client 12 (mm) step 0: loss=0.490695
[2026-03-19 22:50:57] Distill client 13 (mm) step 0: loss=0.414729
[2026-03-19 22:50:57] Distill client 2 (image) step 0: loss=0.055207
[2026-03-19 22:50:57] Epoch: [13] image	Loss 0.0400 (0.0484)	
[2026-03-19 22:50:57] Distill client 6 (text) step 0: loss=0.049056
[2026-03-19 22:50:57] Epoch: [13] text	Loss 0.0361 (0.0421)	
[2026-03-19 22:50:57] Distill client 9 (text) step 0: loss=0.040853
[2026-03-19 22:50:58] Epoch: [13] text	Loss 0.0263 (0.0330)	
[2026-03-19 22:50:58] Epoch 14
[2026-03-19 22:50:58] Epoch: [14] text	Loss 2.8146 (2.8146)	Prec@1 29.688 (29.688)	Prec@5 82.031 (82.031)
[2026-03-19 22:50:58] TEST:  Epoch: [14] text	Prec@1 20.000 (20.000)	Prec@5 83.429 (83.429)
[2026-03-19 22:51:00] Epoch: [14] text	Loss 1.3938 (1.3246)	Prec@1 48.047 (53.653)	Prec@5 98.828 (99.058)
[2026-03-19 22:51:00] TEST:  Epoch: [14] text	Prec@1 60.484 (53.251)	Prec@5 98.387 (98.767)
[2026-03-19 22:51:01] Epoch: [14] image	Loss 2.7725 (2.7725)	Prec@1 21.094 (21.094)	Prec@5 93.750 (93.750)
[2026-03-19 22:51:01] TEST:  Epoch: [14] image	Prec@1 28.000 (22.659)	Prec@5 94.667 (93.656)
[2026-03-19 22:51:02] Epoch: [14] image	Loss 2.0891 (2.0941)	Prec@1 26.172 (27.995)	Prec@5 91.016 (90.495)
[2026-03-19 22:51:02] TEST:  Epoch: [14] image	Prec@1 20.000 (20.000)	Prec@5 89.714 (89.714)
[2026-03-19 22:51:02] Epoch 14
[2026-03-19 22:51:02] Epoch 14
[2026-03-19 22:51:03] Epoch: [14] text	Loss 2.7648 (2.7648)	Prec@1 36.328 (36.328)	Prec@5 78.906 (78.906)
[2026-03-19 22:51:03] TEST:  Epoch: [14] text	Prec@1 37.778 (41.196)	Prec@5 84.444 (85.382)
[2026-03-19 22:51:03] Epoch: [14] image	Loss 1.7784 (1.8250)	Prec@1 39.062 (38.151)	Prec@5 94.141 (94.661)
[2026-03-19 22:51:04] TEST:  Epoch: [14] image	Prec@1 37.778 (41.196)	Prec@5 93.333 (92.359)
[2026-03-19 22:51:04] Epoch: [14] image	Loss 2.1787 (2.1787)	Prec@1 62.109 (62.109)	Prec@5 84.766 (84.766)
[2026-03-19 22:51:04] TEST:  Epoch: [14] image	Prec@1 56.452 (56.452)	Prec@5 74.194 (74.194)
[2026-03-19 22:51:04] Epoch 14
[2026-03-19 22:51:05] Epoch 14
[2026-03-19 22:51:05] Epoch: [14] image	Loss 1.6245 (1.6539)	Prec@1 53.125 (51.823)	Prec@5 98.828 (98.828)
[2026-03-19 22:51:06] TEST:  Epoch: [14] image	Prec@1 60.484 (53.251)	Prec@5 98.387 (98.767)
[2026-03-19 22:51:06] Epoch: [14] text	Loss 1.7894 (1.8246)	Prec@1 32.422 (30.990)	Prec@5 98.047 (96.484)
[2026-03-19 22:51:07] TEST:  Epoch: [14] text	Prec@1 30.667 (32.931)	Prec@5 96.000 (96.375)
[2026-03-19 22:51:07] Epoch: [14] text	Loss 0.0000 (0.0000)	Prec@1 0.000 (0.000)	Prec@5 0.000 (0.000)
[2026-03-19 22:51:07] TEST:  Epoch: [14] text	Prec@1 20.968 (20.968)	Prec@5 56.452 (56.452)
[2026-03-19 22:51:08] TEST:  Epoch: [14] image	Prec@1 37.778 (41.196)	Prec@5 93.333 (92.359)
[2026-03-19 22:51:08] TEST:  Epoch: [14] image	Prec@1 28.000 (22.659)	Prec@5 94.667 (93.656)
[2026-03-19 22:51:08] TEST:  Epoch: [14] image	Prec@1 60.484 (53.251)	Prec@5 98.387 (98.767)
[2026-03-19 22:51:08] TEST:  Epoch: [14] image	Prec@1 20.000 (20.000)	Prec@5 89.714 (89.714)
[2026-03-19 22:51:08] TEST:  Epoch: [14] image	Prec@1 56.452 (56.452)	Prec@5 74.194 (74.194)
[2026-03-19 22:51:09] TEST:  Epoch: [14] text	Prec@1 37.778 (41.196)	Prec@5 84.444 (85.382)
[2026-03-19 22:51:09] TEST:  Epoch: [14] text	Prec@1 30.667 (32.931)	Prec@5 96.000 (96.375)
[2026-03-19 22:51:09] TEST:  Epoch: [14] text	Prec@1 60.484 (53.251)	Prec@5 98.387 (98.767)
[2026-03-19 22:51:10] TEST:  Epoch: [14] text	Prec@1 20.000 (20.000)	Prec@5 83.429 (83.429)
[2026-03-19 22:51:10] TEST:  Epoch: [14] text	Prec@1 20.968 (20.968)	Prec@5 56.452 (56.452)
[2026-03-19 22:51:16] [Eval] Report @step: 14.00 {
    "test__rsum": 401.6611295681063,
    "test__medr": 5.0,
    "test__meanr": 11.365448504983387,
    "test__n_fold_i2t_recall_1": 26.578073089700997,
    "test__n_fold_i2t_recall_5": 85.38205980066445,
    "test__n_fold_i2t_recall_10": 85.38205980066445,
    "test__n_fold_i2t_rsum": 197.34219269102988,
    "test__n_fold_i2t_medr": 2.0,
    "test__n_fold_i2t_meanr": 7.192691029900332,
    "test__n_fold_t2i_recall_1": 18.272425249169434,
    "test__n_fold_t2i_recall_5": 93.02325581395348,
    "test__n_fold_t2i_recall_10": 93.02325581395348,
    "test__n_fold_t2i_rsum": 204.3189368770764,
    "test__n_fold_t2i_medr": 3.0,
    "test__n_fold_t2i_meanr": 4.172757475083056,
    "test__i2t_recall_1": 26.578073089700997,
    "test__i2t_recall_5": 85.38205980066445,
    "test__i2t_recall_10": 85.38205980066445,
    "test__i2t_rsum": 197.34219269102988,
    "test__i2t_medr": 2.0,
    "test__i2t_meanr": 7.192691029900332,
    "test__t2i_recall_1": 18.272425249169434,
    "test__t2i_recall_5": 93.02325581395348,
    "test__t2i_recall_10": 93.02325581395348,
    "test__t2i_rsum": 204.3189368770764,
    "test__t2i_medr": 3.0,
    "test__t2i_meanr": 4.172757475083056
}
[2026-03-19 22:51:23] [Eval] Report @step: 14.00 {
    "test__rsum": 392.1450151057402,
    "test__medr": 4.0,
    "test__meanr": 9.51963746223565,
    "test__n_fold_i2t_recall_1": 20.241691842900302,
    "test__n_fold_i2t_recall_5": 91.23867069486406,
    "test__n_fold_i2t_recall_10": 93.65558912386707,
    "test__n_fold_i2t_rsum": 205.13595166163145,
    "test__n_fold_i2t_medr": 2.0,
    "test__n_fold_i2t_meanr": 5.425981873111782,
    "test__n_fold_t2i_recall_1": 32.93051359516616,
    "test__n_fold_t2i_recall_5": 60.42296072507553,
    "test__n_fold_t2i_recall_10": 93.65558912386707,
    "test__n_fold_t2i_rsum": 187.00906344410876,
    "test__n_fold_t2i_medr": 2.0,
    "test__n_fold_t2i_meanr": 4.093655589123867,
    "test__i2t_recall_1": 20.241691842900302,
    "test__i2t_recall_5": 91.23867069486406,
    "test__i2t_recall_10": 93.65558912386707,
    "test__i2t_rsum": 205.13595166163145,
    "test__i2t_medr": 2.0,
    "test__i2t_meanr": 5.425981873111782,
    "test__t2i_recall_1": 32.93051359516616,
    "test__t2i_recall_5": 60.42296072507553,
    "test__t2i_recall_10": 93.65558912386707,
    "test__t2i_rsum": 187.00906344410876,
    "test__t2i_medr": 2.0,
    "test__t2i_meanr": 4.093655589123867
}
[2026-03-19 22:52:28] [Eval] Report @step: 14.00 {
    "test__rsum": 396.4125560538116,
    "test__medr": 3.0,
    "test__meanr": 12.823991031390134,
    "test__n_fold_i2t_recall_1": 53.25112107623318,
    "test__n_fold_i2t_recall_5": 53.36322869955157,
    "test__n_fold_i2t_recall_10": 91.4798206278027,
    "test__n_fold_i2t_rsum": 198.09417040358744,
    "test__n_fold_i2t_medr": 1.0,
    "test__n_fold_i2t_meanr": 5.276905829596412,
    "test__n_fold_t2i_recall_1": 49.88789237668161,
    "test__n_fold_t2i_recall_5": 74.2152466367713,
    "test__n_fold_t2i_recall_10": 74.2152466367713,
    "test__n_fold_t2i_rsum": 198.3183856502242,
    "test__n_fold_t2i_medr": 2.0,
    "test__n_fold_t2i_meanr": 7.547085201793722,
    "test__i2t_recall_1": 53.25112107623318,
    "test__i2t_recall_5": 53.36322869955157,
    "test__i2t_recall_10": 91.4798206278027,
    "test__i2t_rsum": 198.09417040358744,
    "test__i2t_medr": 1.0,
    "test__i2t_meanr": 5.276905829596412,
    "test__t2i_recall_1": 49.88789237668161,
    "test__t2i_recall_5": 74.2152466367713,
    "test__t2i_recall_10": 74.2152466367713,
    "test__t2i_rsum": 198.3183856502242,
    "test__t2i_medr": 2.0,
    "test__t2i_meanr": 7.547085201793722
}
[2026-03-19 22:52:30] [Eval] Report @step: 14.00 {
    "test__rsum": 332.0,
    "test__medr": 6.0,
    "test__meanr": 12.702857142857143,
    "test__n_fold_i2t_recall_1": 20.0,
    "test__n_fold_i2t_recall_5": 72.57142857142857,
    "test__n_fold_i2t_recall_10": 78.28571428571429,
    "test__n_fold_i2t_rsum": 170.85714285714286,
    "test__n_fold_i2t_medr": 3.0,
    "test__n_fold_i2t_meanr": 5.862857142857143,
    "test__n_fold_t2i_recall_1": 27.428571428571427,
    "test__n_fold_t2i_recall_5": 61.714285714285715,
    "test__n_fold_t2i_recall_10": 72.0,
    "test__n_fold_t2i_rsum": 161.14285714285714,
    "test__n_fold_t2i_medr": 3.0,
    "test__n_fold_t2i_meanr": 6.84,
    "test__i2t_recall_1": 20.0,
    "test__i2t_recall_5": 72.57142857142857,
    "test__i2t_recall_10": 78.28571428571429,
    "test__i2t_rsum": 170.85714285714286,
    "test__i2t_medr": 3.0,
    "test__i2t_meanr": 5.862857142857143,
    "test__t2i_recall_1": 27.428571428571427,
    "test__t2i_recall_5": 61.714285714285715,
    "test__t2i_recall_10": 72.0,
    "test__t2i_rsum": 161.14285714285714,
    "test__t2i_medr": 3.0,
    "test__t2i_meanr": 6.84
}
[2026-03-19 22:52:30] [Eval] Report @step: 14.00 {
    "test__rsum": 393.5483870967742,
    "test__medr": 5.0,
    "test__meanr": 8.161290322580646,
    "test__n_fold_i2t_recall_1": 17.741935483870968,
    "test__n_fold_i2t_recall_5": 95.16129032258064,
    "test__n_fold_i2t_recall_10": 95.16129032258064,
    "test__n_fold_i2t_rsum": 208.06451612903226,
    "test__n_fold_i2t_medr": 2.0,
    "test__n_fold_i2t_meanr": 3.9193548387096775,
    "test__n_fold_t2i_recall_1": 17.741935483870968,
    "test__n_fold_t2i_recall_5": 75.80645161290323,
    "test__n_fold_t2i_recall_10": 91.93548387096774,
    "test__n_fold_t2i_rsum": 185.48387096774195,
    "test__n_fold_t2i_medr": 3.0,
    "test__n_fold_t2i_meanr": 4.241935483870968,
    "test__i2t_recall_1": 17.741935483870968,
    "test__i2t_recall_5": 95.16129032258064,
    "test__i2t_recall_10": 95.16129032258064,
    "test__i2t_rsum": 208.06451612903226,
    "test__i2t_medr": 2.0,
    "test__i2t_meanr": 3.9193548387096775,
    "test__t2i_recall_1": 17.741935483870968,
    "test__t2i_recall_5": 75.80645161290323,
    "test__t2i_recall_10": 91.93548387096774,
    "test__t2i_rsum": 185.48387096774195,
    "test__t2i_medr": 3.0,
    "test__t2i_meanr": 4.241935483870968
}
[2026-03-19 22:52:31] Round 15!
[2026-03-19 22:52:32] Distill client 1 (image) step 0: loss=0.050042
[2026-03-19 22:52:33] Epoch: [14] image	Loss 0.0353 (0.0433)	
[2026-03-19 22:52:33] Distill client 11 (mm) step 0: loss=0.391211
[2026-03-19 22:52:33] Distill client 10 (mm) step 0: loss=0.386423
[2026-03-19 22:52:33] Distill client 0 (image) step 0: loss=0.051142
[2026-03-19 22:52:33] Epoch: [14] image	Loss 0.0374 (0.0450)	
[2026-03-19 22:52:33] Distill client 3 (image) step 0: loss=0.052735
[2026-03-19 22:52:33] Epoch: [14] image	Loss 0.0390 (0.0466)	
[2026-03-19 22:52:33] Distill client 14 (mm) step 0: loss=0.423707
[2026-03-19 22:52:33] Distill client 13 (mm) step 0: loss=0.377621
[2026-03-19 22:52:33] Distill client 5 (text) step 0: loss=0.041672
[2026-03-19 22:52:34] Epoch: [14] text	Loss 0.0293 (0.0352)	
[2026-03-19 22:52:34] Distill client 8 (text) step 0: loss=0.038884
[2026-03-19 22:52:34] Epoch: [14] text	Loss 0.0271 (0.0326)	
[2026-03-19 22:52:34] Distill client 4 (image) step 0: loss=0.053437
[2026-03-19 22:52:34] Epoch: [14] image	Loss 0.0380 (0.0464)	
[2026-03-19 22:52:34] Distill client 9 (text) step 0: loss=0.036258
[2026-03-19 22:52:34] Epoch: [14] text	Loss 0.0238 (0.0296)	
[2026-03-19 22:52:34] Distill client 2 (image) step 0: loss=0.049946
[2026-03-19 22:52:34] Epoch: [14] image	Loss 0.0366 (0.0440)	
[2026-03-19 22:52:34] Distill client 12 (mm) step 0: loss=0.442345
[2026-03-19 22:52:34] Distill client 7 (text) step 0: loss=0.048288
[2026-03-19 22:52:34] Epoch: [14] text	Loss 0.0390 (0.0437)	
[2026-03-19 22:52:34] Distill client 6 (text) step 0: loss=0.044094
[2026-03-19 22:52:34] Epoch: [14] text	Loss 0.0328 (0.0379)	
[2026-03-19 22:52:35] Epoch: [15] image	Loss 2.6939 (2.6939)	Prec@1 22.266 (22.266)	Prec@5 94.531 (94.531)
[2026-03-19 22:52:35] TEST:  Epoch: [15] image	Prec@1 28.000 (23.565)	Prec@5 94.667 (93.656)
[2026-03-19 22:52:35] Epoch 15
[2026-03-19 22:52:35] Epoch 15
[2026-03-19 22:52:36] Epoch: [15] image	Loss 1.8314 (1.8196)	Prec@1 34.375 (37.500)	Prec@5 94.141 (94.922)
[2026-03-19 22:52:36] TEST:  Epoch: [15] image	Prec@1 37.778 (41.196)	Prec@5 93.333 (92.359)
[2026-03-19 22:52:37] Epoch: [15] image	Loss 2.0008 (2.0630)	Prec@1 31.641 (27.995)	Prec@5 91.406 (90.365)
[2026-03-19 22:52:37] TEST:  Epoch: [15] image	Prec@1 20.000 (20.000)	Prec@5 89.714 (89.714)
[2026-03-19 22:52:37] Epoch 15
[2026-03-19 22:52:38] Epoch 15
[2026-03-19 22:52:38] Epoch: [15] text	Loss 2.6549 (2.6549)	Prec@1 39.453 (39.453)	Prec@5 82.422 (82.422)
[2026-03-19 22:52:38] TEST:  Epoch: [15] text	Prec@1 37.778 (41.196)	Prec@5 84.444 (85.382)
[2026-03-19 22:52:39] Epoch: [15] text	Loss 2.7710 (2.7710)	Prec@1 27.344 (27.344)	Prec@5 86.328 (86.328)
[2026-03-19 22:52:39] TEST:  Epoch: [15] text	Prec@1 20.000 (20.000)	Prec@5 85.714 (85.714)
[2026-03-19 22:52:39] Epoch: [15] image	Loss 2.0713 (2.0713)	Prec@1 62.891 (62.891)	Prec@5 84.375 (84.375)
[2026-03-19 22:52:39] TEST:  Epoch: [15] image	Prec@1 56.452 (56.452)	Prec@5 74.194 (74.194)
[2026-03-19 22:52:40] Epoch: [15] text	Loss 0.0000 (0.0000)	Prec@1 0.000 (0.000)	Prec@5 0.000 (0.000)
[2026-03-19 22:52:40] TEST:  Epoch: [15] text	Prec@1 19.355 (19.355)	Prec@5 56.452 (56.452)
[2026-03-19 22:52:40] Epoch: [15] image	Loss 1.5385 (1.5943)	Prec@1 57.031 (52.734)	Prec@5 99.219 (99.089)
[2026-03-19 22:52:41] TEST:  Epoch: [15] image	Prec@1 60.484 (53.251)	Prec@5 98.387 (98.767)
[2026-03-19 22:52:41] Epoch 15
[2026-03-19 22:52:43] Epoch: [15] text	Loss 1.3531 (1.3170)	Prec@1 51.953 (53.676)	Prec@5 98.828 (99.127)
[2026-03-19 22:52:43] TEST:  Epoch: [15] text	Prec@1 60.484 (53.251)	Prec@5 98.387 (98.767)
[2026-03-19 22:52:44] Epoch: [15] text	Loss 1.7912 (1.8193)	Prec@1 33.984 (30.729)	Prec@5 96.875 (96.094)
[2026-03-19 22:52:44] TEST:  Epoch: [15] text	Prec@1 30.667 (32.931)	Prec@5 96.000 (96.375)
[2026-03-19 22:52:45] TEST:  Epoch: [15] image	Prec@1 37.778 (41.196)	Prec@5 93.333 (92.359)
[2026-03-19 22:52:45] TEST:  Epoch: [15] image	Prec@1 28.000 (23.565)	Prec@5 94.667 (93.656)
[2026-03-19 22:52:45] TEST:  Epoch: [15] image	Prec@1 60.484 (53.251)	Prec@5 98.387 (98.767)
[2026-03-19 22:52:45] TEST:  Epoch: [15] image	Prec@1 20.000 (20.000)	Prec@5 89.714 (89.714)
[2026-03-19 22:52:45] TEST:  Epoch: [15] image	Prec@1 56.452 (56.452)	Prec@5 74.194 (74.194)
[2026-03-19 22:52:46] TEST:  Epoch: [15] text	Prec@1 37.778 (41.196)	Prec@5 84.444 (85.382)
[2026-03-19 22:52:46] TEST:  Epoch: [15] text	Prec@1 30.667 (32.931)	Prec@5 96.000 (96.375)
[2026-03-19 22:52:46] TEST:  Epoch: [15] text	Prec@1 60.484 (53.251)	Prec@5 98.387 (98.767)
[2026-03-19 22:52:47] TEST:  Epoch: [15] text	Prec@1 20.000 (20.000)	Prec@5 85.714 (85.714)
[2026-03-19 22:52:47] TEST:  Epoch: [15] text	Prec@1 19.355 (19.355)	Prec@5 56.452 (56.452)
[2026-03-19 22:52:53] [Eval] Report @step: 15.00 {
    "test__rsum": 399.6677740863787,
    "test__medr": 6.0,
    "test__meanr": 12.315614617940199,
    "test__n_fold_i2t_recall_1": 26.578073089700997,
    "test__n_fold_i2t_recall_5": 85.38205980066445,
    "test__n_fold_i2t_recall_10": 85.38205980066445,
    "test__n_fold_i2t_rsum": 197.34219269102988,
    "test__n_fold_i2t_medr": 3.0,
    "test__n_fold_i2t_meanr": 7.541528239202658,
    "test__n_fold_t2i_recall_1": 18.272425249169434,
    "test__n_fold_t2i_recall_5": 91.0299003322259,
    "test__n_fold_t2i_recall_10": 93.02325581395348,
    "test__n_fold_t2i_rsum": 202.32558139534882,
    "test__n_fold_t2i_medr": 3.0,
    "test__n_fold_t2i_meanr": 4.774086378737541,
    "test__i2t_recall_1": 26.578073089700997,
    "test__i2t_recall_5": 85.38205980066445,
    "test__i2t_recall_10": 85.38205980066445,
    "test__i2t_rsum": 197.34219269102988,
    "test__i2t_medr": 3.0,
    "test__i2t_meanr": 7.541528239202658,
    "test__t2i_recall_1": 18.272425249169434,
    "test__t2i_recall_5": 91.0299003322259,
    "test__t2i_recall_10": 93.02325581395348,
    "test__t2i_rsum": 202.32558139534882,
    "test__t2i_medr": 3.0,
    "test__t2i_meanr": 4.774086378737541
}
[2026-03-19 22:53:00] [Eval] Report @step: 15.00 {
    "test__rsum": 380.96676737160124,
    "test__medr": 4.0,
    "test__meanr": 9.664652567975832,
    "test__n_fold_i2t_recall_1": 20.241691842900302,
    "test__n_fold_i2t_recall_5": 80.66465256797584,
    "test__n_fold_i2t_recall_10": 93.65558912386707,
    "test__n_fold_i2t_rsum": 194.56193353474322,
    "test__n_fold_i2t_medr": 2.0,
    "test__n_fold_i2t_meanr": 5.628398791540786,
    "test__n_fold_t2i_recall_1": 32.93051359516616,
    "test__n_fold_t2i_recall_5": 59.818731117824775,
    "test__n_fold_t2i_recall_10": 93.65558912386707,
    "test__n_fold_t2i_rsum": 186.40483383685802,
    "test__n_fold_t2i_medr": 2.0,
    "test__n_fold_t2i_meanr": 4.0362537764350455,
    "test__i2t_recall_1": 20.241691842900302,
    "test__i2t_recall_5": 80.66465256797584,
    "test__i2t_recall_10": 93.65558912386707,
    "test__i2t_rsum": 194.56193353474322,
    "test__i2t_medr": 2.0,
    "test__i2t_meanr": 5.628398791540786,
    "test__t2i_recall_1": 32.93051359516616,
    "test__t2i_recall_5": 59.818731117824775,
    "test__t2i_recall_10": 93.65558912386707,
    "test__t2i_rsum": 186.40483383685802,
    "test__t2i_medr": 2.0,
    "test__t2i_meanr": 4.0362537764350455
}
[2026-03-19 22:54:08] [Eval] Report @step: 15.00 {
    "test__rsum": 381.83856502242156,
    "test__medr": 3.0,
    "test__meanr": 13.723094170403588,
    "test__n_fold_i2t_recall_1": 53.25112107623318,
    "test__n_fold_i2t_recall_5": 56.502242152466366,
    "test__n_fold_i2t_recall_10": 91.4798206278027,
    "test__n_fold_i2t_rsum": 201.23318385650225,
    "test__n_fold_i2t_medr": 1.0,
    "test__n_fold_i2t_meanr": 5.227578475336323,
    "test__n_fold_t2i_recall_1": 32.17488789237668,
    "test__n_fold_t2i_recall_5": 74.2152466367713,
    "test__n_fold_t2i_recall_10": 74.2152466367713,
    "test__n_fold_t2i_rsum": 180.60538116591928,
    "test__n_fold_t2i_medr": 2.0,
    "test__n_fold_t2i_meanr": 8.495515695067265,
    "test__i2t_recall_1": 53.25112107623318,
    "test__i2t_recall_5": 56.502242152466366,
    "test__i2t_recall_10": 91.4798206278027,
    "test__i2t_rsum": 201.23318385650225,
    "test__i2t_medr": 1.0,
    "test__i2t_meanr": 5.227578475336323,
    "test__t2i_recall_1": 32.17488789237668,
    "test__t2i_recall_5": 74.2152466367713,
    "test__t2i_recall_10": 74.2152466367713,
    "test__t2i_rsum": 180.60538116591928,
    "test__t2i_medr": 2.0,
    "test__t2i_meanr": 8.495515695067265
}
[2026-03-19 22:54:10] [Eval] Report @step: 15.00 {
    "test__rsum": 332.57142857142856,
    "test__medr": 8.0,
    "test__meanr": 12.382857142857143,
    "test__n_fold_i2t_recall_1": 16.571428571428573,
    "test__n_fold_i2t_recall_5": 76.57142857142857,
    "test__n_fold_i2t_recall_10": 78.28571428571429,
    "test__n_fold_i2t_rsum": 171.42857142857144,
    "test__n_fold_i2t_medr": 3.0,
    "test__n_fold_i2t_meanr": 5.908571428571428,
    "test__n_fold_t2i_recall_1": 27.428571428571427,
    "test__n_fold_t2i_recall_5": 61.714285714285715,
    "test__n_fold_t2i_recall_10": 72.0,
    "test__n_fold_t2i_rsum": 161.14285714285714,
    "test__n_fold_t2i_medr": 5.0,
    "test__n_fold_t2i_meanr": 6.474285714285714,
    "test__i2t_recall_1": 16.571428571428573,
    "test__i2t_recall_5": 76.57142857142857,
    "test__i2t_recall_10": 78.28571428571429,
    "test__i2t_rsum": 171.42857142857144,
    "test__i2t_medr": 3.0,
    "test__i2t_meanr": 5.908571428571428,
    "test__t2i_recall_1": 27.428571428571427,
    "test__t2i_recall_5": 61.714285714285715,
    "test__t2i_recall_10": 72.0,
    "test__t2i_rsum": 161.14285714285714,
    "test__t2i_medr": 5.0,
    "test__t2i_meanr": 6.474285714285714
}
[2026-03-19 22:54:10] [Eval] Report @step: 15.00 {
    "test__rsum": 395.1612903225806,
    "test__medr": 5.0,
    "test__meanr": 8.53225806451613,
    "test__n_fold_i2t_recall_1": 17.741935483870968,
    "test__n_fold_i2t_recall_5": 95.16129032258064,
    "test__n_fold_i2t_recall_10": 95.16129032258064,
    "test__n_fold_i2t_rsum": 208.06451612903226,
    "test__n_fold_i2t_medr": 2.0,
    "test__n_fold_i2t_meanr": 4.112903225806452,
    "test__n_fold_t2i_recall_1": 17.741935483870968,
    "test__n_fold_t2i_recall_5": 77.41935483870968,
    "test__n_fold_t2i_recall_10": 91.93548387096774,
    "test__n_fold_t2i_rsum": 187.09677419354838,
    "test__n_fold_t2i_medr": 3.0,
    "test__n_fold_t2i_meanr": 4.419354838709678,
    "test__i2t_recall_1": 17.741935483870968,
    "test__i2t_recall_5": 95.16129032258064,
    "test__i2t_recall_10": 95.16129032258064,
    "test__i2t_rsum": 208.06451612903226,
    "test__i2t_medr": 2.0,
    "test__i2t_meanr": 4.112903225806452,
    "test__t2i_recall_1": 17.741935483870968,
    "test__t2i_recall_5": 77.41935483870968,
    "test__t2i_recall_10": 91.93548387096774,
    "test__t2i_rsum": 187.09677419354838,
    "test__t2i_medr": 3.0,
    "test__t2i_meanr": 4.419354838709678
}
[2026-03-19 22:54:11] Round 16!
[2026-03-19 22:54:12] Distill client 8 (text) step 0: loss=0.035400
[2026-03-19 22:54:12] Epoch: [15] text	Loss 0.0250 (0.0298)	
[2026-03-19 22:54:12] Distill client 2 (image) step 0: loss=0.045271
[2026-03-19 22:54:12] Epoch: [15] image	Loss 0.0335 (0.0401)	
[2026-03-19 22:54:12] Distill client 11 (mm) step 0: loss=0.355073
[2026-03-19 22:54:13] Distill client 9 (text) step 0: loss=0.032581
[2026-03-19 22:54:13] Epoch: [15] text	Loss 0.0217 (0.0267)	
[2026-03-19 22:54:13] Distill client 12 (mm) step 0: loss=0.402343
[2026-03-19 22:54:13] Distill client 7 (text) step 0: loss=0.044405
[2026-03-19 22:54:13] Epoch: [15] text	Loss 0.0358 (0.0401)	
[2026-03-19 22:54:13] Distill client 3 (image) step 0: loss=0.047840
[2026-03-19 22:54:13] Epoch: [15] image	Loss 0.0358 (0.0424)	
[2026-03-19 22:54:13] Distill client 10 (mm) step 0: loss=0.344145
[2026-03-19 22:54:13] Distill client 6 (text) step 0: loss=0.040059
[2026-03-19 22:54:13] Epoch: [15] text	Loss 0.0299 (0.0345)	
[2026-03-19 22:54:13] Distill client 14 (mm) step 0: loss=0.385188
[2026-03-19 22:54:14] Distill client 1 (image) step 0: loss=0.045572
[2026-03-19 22:54:14] Epoch: [15] image	Loss 0.0326 (0.0397)	
[2026-03-19 22:54:14] Distill client 0 (image) step 0: loss=0.046055
[2026-03-19 22:54:14] Epoch: [15] image	Loss 0.0340 (0.0407)	
[2026-03-19 22:54:14] Distill client 5 (text) step 0: loss=0.038035
[2026-03-19 22:54:14] Epoch: [15] text	Loss 0.0271 (0.0323)	
[2026-03-19 22:54:14] Distill client 4 (image) step 0: loss=0.048381
[2026-03-19 22:54:14] Epoch: [15] image	Loss 0.0348 (0.0422)	
[2026-03-19 22:54:14] Distill client 13 (mm) step 0: loss=0.345200
[2026-03-19 22:54:14] Epoch: [16] text	Loss 2.7103 (2.7103)	Prec@1 28.516 (28.516)	Prec@5 87.500 (87.500)
[2026-03-19 22:54:14] TEST:  Epoch: [16] text	Prec@1 20.000 (20.000)	Prec@5 86.857 (86.857)
[2026-03-19 22:54:15] Epoch: [16] image	Loss 1.6654 (1.6263)	Prec@1 49.219 (51.042)	Prec@5 98.438 (98.958)
[2026-03-19 22:54:15] TEST:  Epoch: [16] image	Prec@1 60.484 (53.251)	Prec@5 98.387 (98.767)
[2026-03-19 22:54:16] Epoch 16
[2026-03-19 22:54:16] Epoch: [16] text	Loss 0.0000 (0.0000)	Prec@1 0.000 (0.000)	Prec@5 0.000 (0.000)
[2026-03-19 22:54:16] TEST:  Epoch: [16] text	Prec@1 17.742 (17.742)	Prec@5 56.452 (56.452)
[2026-03-19 22:54:17] Epoch 16
[2026-03-19 22:54:18] Epoch: [16] text	Loss 1.3202 (1.3123)	Prec@1 54.297 (53.929)	Prec@5 98.438 (99.058)
[2026-03-19 22:54:19] TEST:  Epoch: [16] text	Prec@1 60.484 (53.251)	Prec@5 98.387 (98.767)
[2026-03-19 22:54:19] Epoch: [16] image	Loss 1.9849 (2.0316)	Prec@1 29.297 (27.865)	Prec@5 91.406 (90.495)
[2026-03-19 22:54:19] TEST:  Epoch: [16] image	Prec@1 20.000 (20.000)	Prec@5 89.714 (89.714)
[2026-03-19 22:54:20] Epoch 16
[2026-03-19 22:54:20] Epoch: [16] text	Loss 1.7960 (1.7812)	Prec@1 30.859 (32.292)	Prec@5 96.094 (96.354)
[2026-03-19 22:54:21] TEST:  Epoch: [16] text	Prec@1 30.667 (32.931)	Prec@5 96.000 (96.375)
[2026-03-19 22:54:21] Epoch 16
[2026-03-19 22:54:21] Epoch: [16] image	Loss 2.6302 (2.6302)	Prec@1 23.047 (23.047)	Prec@5 94.141 (94.141)
[2026-03-19 22:54:22] TEST:  Epoch: [16] image	Prec@1 30.667 (25.680)	Prec@5 94.667 (93.656)
[2026-03-19 22:54:22] Epoch: [16] image	Loss 1.7961 (1.8119)	Prec@1 37.500 (36.849)	Prec@5 96.484 (95.312)
[2026-03-19 22:54:22] TEST:  Epoch: [16] image	Prec@1 37.778 (41.196)	Prec@5 93.333 (92.359)
[2026-03-19 22:54:23] Epoch: [16] text	Loss 2.5877 (2.5877)	Prec@1 37.891 (37.891)	Prec@5 82.812 (82.812)
[2026-03-19 22:54:23] TEST:  Epoch: [16] text	Prec@1 37.778 (41.196)	Prec@5 84.444 (85.382)
[2026-03-19 22:54:23] Epoch: [16] image	Loss 1.9704 (1.9704)	Prec@1 63.672 (63.672)	Prec@5 83.203 (83.203)
[2026-03-19 22:54:23] TEST:  Epoch: [16] image	Prec@1 56.452 (56.452)	Prec@5 74.194 (74.194)
[2026-03-19 22:54:24] Epoch 16
[2026-03-19 22:54:24] TEST:  Epoch: [16] image	Prec@1 37.778 (41.196)	Prec@5 93.333 (92.359)
[2026-03-19 22:54:24] TEST:  Epoch: [16] image	Prec@1 30.667 (25.680)	Prec@5 94.667 (93.656)
[2026-03-19 22:54:25] TEST:  Epoch: [16] image	Prec@1 60.484 (53.251)	Prec@5 98.387 (98.767)
[2026-03-19 22:54:25] TEST:  Epoch: [16] image	Prec@1 20.000 (20.000)	Prec@5 89.714 (89.714)
[2026-03-19 22:54:25] TEST:  Epoch: [16] image	Prec@1 56.452 (56.452)	Prec@5 74.194 (74.194)
[2026-03-19 22:54:25] TEST:  Epoch: [16] text	Prec@1 37.778 (41.196)	Prec@5 84.444 (85.382)
[2026-03-19 22:54:26] TEST:  Epoch: [16] text	Prec@1 30.667 (32.931)	Prec@5 96.000 (96.375)
[2026-03-19 22:54:26] TEST:  Epoch: [16] text	Prec@1 60.484 (53.251)	Prec@5 98.387 (98.767)
[2026-03-19 22:54:26] TEST:  Epoch: [16] text	Prec@1 20.000 (20.000)	Prec@5 86.857 (86.857)
[2026-03-19 22:54:26] TEST:  Epoch: [16] text	Prec@1 17.742 (17.742)	Prec@5 56.452 (56.452)
[2026-03-19 22:54:33] [Eval] Report @step: 16.00 {
    "test__rsum": 399.0033222591362,
    "test__medr": 6.0,
    "test__meanr": 12.205980066445182,
    "test__n_fold_i2t_recall_1": 26.578073089700997,
    "test__n_fold_i2t_recall_5": 85.38205980066445,
    "test__n_fold_i2t_recall_10": 85.38205980066445,
    "test__n_fold_i2t_rsum": 197.34219269102988,
    "test__n_fold_i2t_medr": 3.0,
    "test__n_fold_i2t_meanr": 7.431893687707642,
    "test__n_fold_t2i_recall_1": 18.93687707641196,
    "test__n_fold_t2i_recall_5": 89.70099667774086,
    "test__n_fold_t2i_recall_10": 93.02325581395348,
    "test__n_fold_t2i_rsum": 201.6611295681063,
    "test__n_fold_t2i_medr": 3.0,
    "test__n_fold_t2i_meanr": 4.774086378737541,
    "test__i2t_recall_1": 26.578073089700997,
    "test__i2t_recall_5": 85.38205980066445,
    "test__i2t_recall_10": 85.38205980066445,
    "test__i2t_rsum": 197.34219269102988,
    "test__i2t_medr": 3.0,
    "test__i2t_meanr": 7.431893687707642,
    "test__t2i_recall_1": 18.93687707641196,
    "test__t2i_recall_5": 89.70099667774086,
    "test__t2i_recall_10": 93.02325581395348,
    "test__t2i_rsum": 201.6611295681063,
    "test__t2i_medr": 3.0,
    "test__t2i_meanr": 4.774086378737541
}
[2026-03-19 22:54:40] [Eval] Report @step: 16.00 {
    "test__rsum": 380.0604229607251,
    "test__medr": 4.0,
    "test__meanr": 9.821752265861027,
    "test__n_fold_i2t_recall_1": 20.241691842900302,
    "test__n_fold_i2t_recall_5": 80.36253776435045,
    "test__n_fold_i2t_recall_10": 93.65558912386707,
    "test__n_fold_i2t_rsum": 194.25981873111783,
    "test__n_fold_i2t_medr": 2.0,
    "test__n_fold_i2t_meanr": 5.634441087613293,
    "test__n_fold_t2i_recall_1": 32.93051359516616,
    "test__n_fold_t2i_recall_5": 59.818731117824775,
    "test__n_fold_t2i_recall_10": 93.05135951661632,
    "test__n_fold_t2i_rsum": 185.80060422960725,
    "test__n_fold_t2i_medr": 2.0,
    "test__n_fold_t2i_meanr": 4.187311178247734,
    "test__i2t_recall_1": 20.241691842900302,
    "test__i2t_recall_5": 80.36253776435045,
    "test__i2t_recall_10": 93.65558912386707,
    "test__i2t_rsum": 194.25981873111783,
    "test__i2t_medr": 2.0,
    "test__i2t_meanr": 5.634441087613293,
    "test__t2i_recall_1": 32.93051359516616,
    "test__t2i_recall_5": 59.818731117824775,
    "test__t2i_recall_10": 93.05135951661632,
    "test__t2i_rsum": 185.80060422960725,
    "test__t2i_medr": 2.0,
    "test__t2i_meanr": 4.187311178247734
}
[2026-03-19 22:55:49] [Eval] Report @step: 16.00 {
    "test__rsum": 379.1479820627803,
    "test__medr": 3.0,
    "test__meanr": 13.866591928251122,
    "test__n_fold_i2t_recall_1": 53.25112107623318,
    "test__n_fold_i2t_recall_5": 63.789237668161434,
    "test__n_fold_i2t_recall_10": 90.35874439461884,
    "test__n_fold_i2t_rsum": 207.39910313901345,
    "test__n_fold_i2t_medr": 1.0,
    "test__n_fold_i2t_meanr": 4.836322869955157,
    "test__n_fold_t2i_recall_1": 23.318385650224215,
    "test__n_fold_t2i_recall_5": 74.2152466367713,
    "test__n_fold_t2i_recall_10": 74.2152466367713,
    "test__n_fold_t2i_rsum": 171.74887892376682,
    "test__n_fold_t2i_medr": 2.0,
    "test__n_fold_t2i_meanr": 9.030269058295964,
    "test__i2t_recall_1": 53.25112107623318,
    "test__i2t_recall_5": 63.789237668161434,
    "test__i2t_recall_10": 90.35874439461884,
    "test__i2t_rsum": 207.39910313901345,
    "test__i2t_medr": 1.0,
    "test__i2t_meanr": 4.836322869955157,
    "test__t2i_recall_1": 23.318385650224215,
    "test__t2i_recall_5": 74.2152466367713,
    "test__t2i_recall_10": 74.2152466367713,
    "test__t2i_rsum": 171.74887892376682,
    "test__t2i_medr": 2.0,
    "test__t2i_meanr": 9.030269058295964
}
[2026-03-19 22:55:50] [Eval] Report @step: 16.00 {
    "test__rsum": 336.0,
    "test__medr": 8.0,
    "test__meanr": 12.234285714285715,
    "test__n_fold_i2t_recall_1": 18.857142857142858,
    "test__n_fold_i2t_recall_5": 78.28571428571429,
    "test__n_fold_i2t_recall_10": 78.28571428571429,
    "test__n_fold_i2t_rsum": 175.42857142857144,
    "test__n_fold_i2t_medr": 3.0,
    "test__n_fold_i2t_meanr": 5.908571428571428,
    "test__n_fold_t2i_recall_1": 27.428571428571427,
    "test__n_fold_t2i_recall_5": 60.57142857142857,
    "test__n_fold_t2i_recall_10": 72.57142857142857,
    "test__n_fold_t2i_rsum": 160.57142857142856,
    "test__n_fold_t2i_medr": 5.0,
    "test__n_fold_t2i_meanr": 6.325714285714286,
    "test__i2t_recall_1": 18.857142857142858,
    "test__i2t_recall_5": 78.28571428571429,
    "test__i2t_recall_10": 78.28571428571429,
    "test__i2t_rsum": 175.42857142857144,
    "test__i2t_medr": 3.0,
    "test__i2t_meanr": 5.908571428571428,
    "test__t2i_recall_1": 27.428571428571427,
    "test__t2i_recall_5": 60.57142857142857,
    "test__t2i_recall_10": 72.57142857142857,
    "test__t2i_rsum": 160.57142857142856,
    "test__t2i_medr": 5.0,
    "test__t2i_meanr": 6.325714285714286
}
[2026-03-19 22:55:51] [Eval] Report @step: 16.00 {
    "test__rsum": 390.3225806451613,
    "test__medr": 5.0,
    "test__meanr": 8.516129032258064,
    "test__n_fold_i2t_recall_1": 17.741935483870968,
    "test__n_fold_i2t_recall_5": 95.16129032258064,
    "test__n_fold_i2t_recall_10": 95.16129032258064,
    "test__n_fold_i2t_rsum": 208.06451612903226,
    "test__n_fold_i2t_medr": 2.0,
    "test__n_fold_i2t_meanr": 4.193548387096774,
    "test__n_fold_t2i_recall_1": 17.741935483870968,
    "test__n_fold_t2i_recall_5": 75.80645161290323,
    "test__n_fold_t2i_recall_10": 88.70967741935483,
    "test__n_fold_t2i_rsum": 182.25806451612902,
    "test__n_fold_t2i_medr": 3.0,
    "test__n_fold_t2i_meanr": 4.32258064516129,
    "test__i2t_recall_1": 17.741935483870968,
    "test__i2t_recall_5": 95.16129032258064,
    "test__i2t_recall_10": 95.16129032258064,
    "test__i2t_rsum": 208.06451612903226,
    "test__i2t_medr": 2.0,
    "test__i2t_meanr": 4.193548387096774,
    "test__t2i_recall_1": 17.741935483870968,
    "test__t2i_recall_5": 75.80645161290323,
    "test__t2i_recall_10": 88.70967741935483,
    "test__t2i_rsum": 182.25806451612902,
    "test__t2i_medr": 3.0,
    "test__t2i_meanr": 4.32258064516129
}
[2026-03-19 22:55:51] Round 17!
[2026-03-19 22:55:53] Distill client 6 (text) step 0: loss=0.036368
[2026-03-19 22:55:53] Epoch: [16] text	Loss 0.0274 (0.0314)	
[2026-03-19 22:55:53] Distill client 14 (mm) step 0: loss=0.331459
[2026-03-19 22:55:53] Distill client 7 (text) step 0: loss=0.040692
[2026-03-19 22:55:53] Epoch: [16] text	Loss 0.0328 (0.0367)	
[2026-03-19 22:55:53] Distill client 11 (mm) step 0: loss=0.320666
[2026-03-19 22:55:53] Distill client 0 (image) step 0: loss=0.042009
[2026-03-19 22:55:54] Epoch: [16] image	Loss 0.0313 (0.0373)	
[2026-03-19 22:55:54] Distill client 1 (image) step 0: loss=0.041968
[2026-03-19 22:55:54] Epoch: [16] image	Loss 0.0304 (0.0367)	
[2026-03-19 22:55:54] Distill client 10 (mm) step 0: loss=0.312888
[2026-03-19 22:55:54] Distill client 13 (mm) step 0: loss=0.315634
[2026-03-19 22:55:54] Distill client 5 (text) step 0: loss=0.034796
[2026-03-19 22:55:54] Epoch: [16] text	Loss 0.0251 (0.0297)	
[2026-03-19 22:55:54] Distill client 2 (image) step 0: loss=0.041738
[2026-03-19 22:55:54] Epoch: [16] image	Loss 0.0311 (0.0370)	
[2026-03-19 22:55:54] Distill client 8 (text) step 0: loss=0.032217
[2026-03-19 22:55:54] Epoch: [16] text	Loss 0.0230 (0.0273)	
[2026-03-19 22:55:54] Distill client 9 (text) step 0: loss=0.029246
[2026-03-19 22:55:54] Epoch: [16] text	Loss 0.0198 (0.0241)	
[2026-03-19 22:55:54] Distill client 4 (image) step 0: loss=0.044448
[2026-03-19 22:55:55] Epoch: [16] image	Loss 0.0322 (0.0389)	
[2026-03-19 22:55:55] Distill client 12 (mm) step 0: loss=0.368588
[2026-03-19 22:55:55] Distill client 3 (image) step 0: loss=0.043828
[2026-03-19 22:55:55] Epoch: [16] image	Loss 0.0330 (0.0390)	
[2026-03-19 22:55:55] Epoch: [17] text	Loss 1.7379 (1.7723)	Prec@1 30.859 (30.469)	Prec@5 95.703 (96.224)
[2026-03-19 22:55:55] TEST:  Epoch: [17] text	Prec@1 30.667 (32.931)	Prec@5 96.000 (96.375)
[2026-03-19 22:55:56] Epoch 17
[2026-03-19 22:55:57] Epoch: [17] text	Loss 1.3532 (1.3054)	Prec@1 48.828 (53.883)	Prec@5 99.609 (99.035)
[2026-03-19 22:55:58] TEST:  Epoch: [17] text	Prec@1 60.484 (53.251)	Prec@5 98.387 (98.767)
[2026-03-19 22:55:58] Epoch 17
[2026-03-19 22:55:59] Epoch: [17] image	Loss 1.7609 (1.7737)	Prec@1 37.891 (38.411)	Prec@5 94.922 (94.010)
[2026-03-19 22:55:59] TEST:  Epoch: [17] image	Prec@1 37.778 (41.196)	Prec@5 93.333 (92.359)
[2026-03-19 22:56:00] Epoch: [17] image	Loss 2.5831 (2.5831)	Prec@1 26.953 (26.953)	Prec@5 94.141 (94.141)
[2026-03-19 22:56:00] TEST:  Epoch: [17] image	Prec@1 30.667 (27.190)	Prec@5 94.667 (93.656)
[2026-03-19 22:56:00] Epoch 17
[2026-03-19 22:56:00] Epoch 17
[2026-03-19 22:56:01] Epoch: [17] text	Loss 2.5034 (2.5034)	Prec@1 39.453 (39.453)	Prec@5 83.984 (83.984)
[2026-03-19 22:56:01] TEST:  Epoch: [17] text	Prec@1 37.778 (41.196)	Prec@5 84.444 (85.382)
[2026-03-19 22:56:02] Epoch: [17] image	Loss 1.5993 (1.5894)	Prec@1 51.953 (51.693)	Prec@5 99.219 (99.089)
[2026-03-19 22:56:02] TEST:  Epoch: [17] image	Prec@1 60.484 (53.251)	Prec@5 98.387 (98.767)
[2026-03-19 22:56:03] Epoch: [17] text	Loss 2.6817 (2.6817)	Prec@1 27.734 (27.734)	Prec@5 89.844 (89.844)
[2026-03-19 22:56:03] TEST:  Epoch: [17] text	Prec@1 20.000 (20.000)	Prec@5 87.429 (87.429)
[2026-03-19 22:56:03] Epoch: [17] text	Loss 0.0000 (0.0000)	Prec@1 0.000 (0.000)	Prec@5 0.000 (0.000)
[2026-03-19 22:56:03] TEST:  Epoch: [17] text	Prec@1 17.742 (17.742)	Prec@5 56.452 (56.452)
[2026-03-19 22:56:04] Epoch: [17] image	Loss 1.8702 (1.8702)	Prec@1 64.453 (64.453)	Prec@5 83.984 (83.984)
[2026-03-19 22:56:04] TEST:  Epoch: [17] image	Prec@1 56.452 (56.452)	Prec@5 74.194 (74.194)
[2026-03-19 22:56:04] Epoch 17
[2026-03-19 22:56:05] Epoch: [17] image	Loss 2.0308 (2.0073)	Prec@1 29.297 (27.865)	Prec@5 89.453 (90.365)
[2026-03-19 22:56:05] TEST:  Epoch: [17] image	Prec@1 20.000 (20.000)	Prec@5 89.714 (89.714)
[2026-03-19 22:56:05] TEST:  Epoch: [17] image	Prec@1 37.778 (41.196)	Prec@5 93.333 (92.359)
[2026-03-19 22:56:05] TEST:  Epoch: [17] image	Prec@1 30.667 (27.190)	Prec@5 94.667 (93.656)
[2026-03-19 22:56:06] TEST:  Epoch: [17] image	Prec@1 60.484 (53.251)	Prec@5 98.387 (98.767)
[2026-03-19 22:56:06] TEST:  Epoch: [17] image	Prec@1 20.000 (20.000)	Prec@5 89.714 (89.714)
[2026-03-19 22:56:06] TEST:  Epoch: [17] image	Prec@1 56.452 (56.452)	Prec@5 74.194 (74.194)
[2026-03-19 22:56:06] TEST:  Epoch: [17] text	Prec@1 37.778 (41.196)	Prec@5 84.444 (85.382)
[2026-03-19 22:56:07] TEST:  Epoch: [17] text	Prec@1 30.667 (32.931)	Prec@5 96.000 (96.375)
[2026-03-19 22:56:07] TEST:  Epoch: [17] text	Prec@1 60.484 (53.251)	Prec@5 98.387 (98.767)
[2026-03-19 22:56:07] TEST:  Epoch: [17] text	Prec@1 20.000 (20.000)	Prec@5 87.429 (87.429)
[2026-03-19 22:56:07] TEST:  Epoch: [17] text	Prec@1 17.742 (17.742)	Prec@5 56.452 (56.452)
[2026-03-19 22:56:14] [Eval] Report @step: 17.00 {
    "test__rsum": 364.1196013289036,
    "test__medr": 9.0,
    "test__meanr": 12.867109634551495,
    "test__n_fold_i2t_recall_1": 26.578073089700997,
    "test__n_fold_i2t_recall_5": 53.820598006644516,
    "test__n_fold_i2t_recall_10": 85.38205980066445,
    "test__n_fold_i2t_rsum": 165.78073089700996,
    "test__n_fold_i2t_medr": 5.0,
    "test__n_fold_i2t_meanr": 8.259136212624584,
    "test__n_fold_t2i_recall_1": 25.91362126245847,
    "test__n_fold_t2i_recall_5": 79.40199335548172,
    "test__n_fold_t2i_recall_10": 93.02325581395348,
    "test__n_fold_t2i_rsum": 198.33887043189367,
    "test__n_fold_t2i_medr": 4.0,
    "test__n_fold_t2i_meanr": 4.607973421926911,
    "test__i2t_recall_1": 26.578073089700997,
    "test__i2t_recall_5": 53.820598006644516,
    "test__i2t_recall_10": 85.38205980066445,
    "test__i2t_rsum": 165.78073089700996,
    "test__i2t_medr": 5.0,
    "test__i2t_meanr": 8.259136212624584,
    "test__t2i_recall_1": 25.91362126245847,
    "test__t2i_recall_5": 79.40199335548172,
    "test__t2i_recall_10": 93.02325581395348,
    "test__t2i_rsum": 198.33887043189367,
    "test__t2i_medr": 4.0,
    "test__t2i_meanr": 4.607973421926911
}
[2026-03-19 22:56:21] [Eval] Report @step: 17.00 {
    "test__rsum": 386.10271903323263,
    "test__medr": 4.0,
    "test__meanr": 10.123867069486405,
    "test__n_fold_i2t_recall_1": 20.241691842900302,
    "test__n_fold_i2t_recall_5": 80.06042296072508,
    "test__n_fold_i2t_recall_10": 93.65558912386707,
    "test__n_fold_i2t_rsum": 193.95770392749245,
    "test__n_fold_i2t_medr": 2.0,
    "test__n_fold_i2t_meanr": 5.737160120845921,
    "test__n_fold_t2i_recall_1": 32.93051359516616,
    "test__n_fold_t2i_recall_5": 67.6737160120846,
    "test__n_fold_t2i_recall_10": 91.54078549848943,
    "test__n_fold_t2i_rsum": 192.14501510574019,
    "test__n_fold_t2i_medr": 2.0,
    "test__n_fold_t2i_meanr": 4.386706948640484,
    "test__i2t_recall_1": 20.241691842900302,
    "test__i2t_recall_5": 80.06042296072508,
    "test__i2t_recall_10": 93.65558912386707,
    "test__i2t_rsum": 193.95770392749245,
    "test__i2t_medr": 2.0,
    "test__i2t_meanr": 5.737160120845921,
    "test__t2i_recall_1": 32.93051359516616,
    "test__t2i_recall_5": 67.6737160120846,
    "test__t2i_recall_10": 91.54078549848943,
    "test__t2i_rsum": 192.14501510574019,
    "test__t2i_medr": 2.0,
    "test__t2i_meanr": 4.386706948640484
}
[2026-03-19 22:57:29] [Eval] Report @step: 17.00 {
    "test__rsum": 377.8026905829596,
    "test__medr": 3.0,
    "test__meanr": 13.672645739910315,
    "test__n_fold_i2t_recall_1": 53.25112107623318,
    "test__n_fold_i2t_recall_5": 69.5067264573991,
    "test__n_fold_i2t_recall_10": 85.65022421524664,
    "test__n_fold_i2t_rsum": 208.4080717488789,
    "test__n_fold_i2t_medr": 1.0,
    "test__n_fold_i2t_meanr": 4.783632286995516,
    "test__n_fold_t2i_recall_1": 20.96412556053812,
    "test__n_fold_t2i_recall_5": 74.2152466367713,
    "test__n_fold_t2i_recall_10": 74.2152466367713,
    "test__n_fold_t2i_rsum": 169.39461883408072,
    "test__n_fold_t2i_medr": 2.0,
    "test__n_fold_t2i_meanr": 8.8890134529148,
    "test__i2t_recall_1": 53.25112107623318,
    "test__i2t_recall_5": 69.5067264573991,
    "test__i2t_recall_10": 85.65022421524664,
    "test__i2t_rsum": 208.4080717488789,
    "test__i2t_medr": 1.0,
    "test__i2t_meanr": 4.783632286995516,
    "test__t2i_recall_1": 20.96412556053812,
    "test__t2i_recall_5": 74.2152466367713,
    "test__t2i_recall_10": 74.2152466367713,
    "test__t2i_rsum": 169.39461883408072,
    "test__t2i_medr": 2.0,
    "test__t2i_meanr": 8.8890134529148
}
[2026-03-19 22:57:30] [Eval] Report @step: 17.00 {
    "test__rsum": 349.7142857142857,
    "test__medr": 8.0,
    "test__meanr": 11.971428571428572,
    "test__n_fold_i2t_recall_1": 20.571428571428573,
    "test__n_fold_i2t_recall_5": 78.28571428571429,
    "test__n_fold_i2t_recall_10": 78.28571428571429,
    "test__n_fold_i2t_rsum": 177.14285714285717,
    "test__n_fold_i2t_medr": 3.0,
    "test__n_fold_i2t_meanr": 5.937142857142857,
    "test__n_fold_t2i_recall_1": 27.428571428571427,
    "test__n_fold_t2i_recall_5": 56.0,
    "test__n_fold_t2i_recall_10": 89.14285714285714,
    "test__n_fold_t2i_rsum": 172.57142857142856,
    "test__n_fold_t2i_medr": 5.0,
    "test__n_fold_t2i_meanr": 6.034285714285715,
    "test__i2t_recall_1": 20.571428571428573,
    "test__i2t_recall_5": 78.28571428571429,
    "test__i2t_recall_10": 78.28571428571429,
    "test__i2t_rsum": 177.14285714285717,
    "test__i2t_medr": 3.0,
    "test__i2t_meanr": 5.937142857142857,
    "test__t2i_recall_1": 27.428571428571427,
    "test__t2i_recall_5": 56.0,
    "test__t2i_recall_10": 89.14285714285714,
    "test__t2i_rsum": 172.57142857142856,
    "test__t2i_medr": 5.0,
    "test__t2i_meanr": 6.034285714285715
}
[2026-03-19 22:57:31] [Eval] Report @step: 17.00 {
    "test__rsum": 395.16129032258067,
    "test__medr": 5.0,
    "test__meanr": 8.467741935483872,
    "test__n_fold_i2t_recall_1": 17.741935483870968,
    "test__n_fold_i2t_recall_5": 95.16129032258064,
    "test__n_fold_i2t_recall_10": 95.16129032258064,
    "test__n_fold_i2t_rsum": 208.06451612903226,
    "test__n_fold_i2t_medr": 2.0,
    "test__n_fold_i2t_meanr": 4.306451612903226,
    "test__n_fold_t2i_recall_1": 17.741935483870968,
    "test__n_fold_t2i_recall_5": 75.80645161290323,
    "test__n_fold_t2i_recall_10": 93.54838709677419,
    "test__n_fold_t2i_rsum": 187.0967741935484,
    "test__n_fold_t2i_medr": 3.0,
    "test__n_fold_t2i_meanr": 4.161290322580645,
    "test__i2t_recall_1": 17.741935483870968,
    "test__i2t_recall_5": 95.16129032258064,
    "test__i2t_recall_10": 95.16129032258064,
    "test__i2t_rsum": 208.06451612903226,
    "test__i2t_medr": 2.0,
    "test__i2t_meanr": 4.306451612903226,
    "test__t2i_recall_1": 17.741935483870968,
    "test__t2i_recall_5": 75.80645161290323,
    "test__t2i_recall_10": 93.54838709677419,
    "test__t2i_rsum": 187.0967741935484,
    "test__t2i_medr": 3.0,
    "test__t2i_meanr": 4.161290322580645
}
[2026-03-19 22:57:31] Round 18!
[2026-03-19 22:57:33] Distill client 2 (image) step 0: loss=0.038420
[2026-03-19 22:57:33] Epoch: [17] image	Loss 0.0288 (0.0342)	
[2026-03-19 22:57:33] Distill client 6 (text) step 0: loss=0.033642
[2026-03-19 22:57:33] Epoch: [17] text	Loss 0.0254 (0.0291)	
[2026-03-19 22:57:33] Distill client 14 (mm) step 0: loss=0.300417
[2026-03-19 22:57:33] Distill client 4 (image) step 0: loss=0.041020
[2026-03-19 22:57:33] Epoch: [17] image	Loss 0.0299 (0.0360)	
[2026-03-19 22:57:33] Distill client 7 (text) step 0: loss=0.038128
[2026-03-19 22:57:33] Epoch: [17] text	Loss 0.0307 (0.0343)	
[2026-03-19 22:57:33] Distill client 3 (image) step 0: loss=0.040292
[2026-03-19 22:57:33] Epoch: [17] image	Loss 0.0306 (0.0360)	
[2026-03-19 22:57:33] Distill client 1 (image) step 0: loss=0.038949
[2026-03-19 22:57:34] Epoch: [17] image	Loss 0.0285 (0.0342)	
[2026-03-19 22:57:34] Distill client 10 (mm) step 0: loss=0.278477
[2026-03-19 22:57:34] Distill client 13 (mm) step 0: loss=0.284761
[2026-03-19 22:57:34] Distill client 11 (mm) step 0: loss=0.293185
[2026-03-19 22:57:34] Distill client 0 (image) step 0: loss=0.038617
[2026-03-19 22:57:34] Epoch: [17] image	Loss 0.0291 (0.0344)	
[2026-03-19 22:57:34] Distill client 5 (text) step 0: loss=0.032385
[2026-03-19 22:57:34] Epoch: [17] text	Loss 0.0235 (0.0277)	
[2026-03-19 22:57:34] Distill client 12 (mm) step 0: loss=0.337139
[2026-03-19 22:57:34] Distill client 9 (text) step 0: loss=0.026831
[2026-03-19 22:57:35] Epoch: [17] text	Loss 0.0183 (0.0222)	
[2026-03-19 22:57:35] Distill client 8 (text) step 0: loss=0.029901
[2026-03-19 22:57:35] Epoch: [17] text	Loss 0.0216 (0.0254)	
[2026-03-19 22:57:35] Epoch: [18] image	Loss 1.5209 (1.5609)	Prec@1 51.562 (51.432)	Prec@5 99.219 (99.089)
[2026-03-19 22:57:35] TEST:  Epoch: [18] image	Prec@1 60.484 (53.251)	Prec@5 98.387 (98.767)
[2026-03-19 22:57:36] Epoch: [18] text	Loss 1.7826 (1.7664)	Prec@1 35.156 (31.120)	Prec@5 94.922 (96.094)
[2026-03-19 22:57:36] TEST:  Epoch: [18] text	Prec@1 30.667 (32.931)	Prec@5 96.000 (96.375)
[2026-03-19 22:57:37] Epoch 18
[2026-03-19 22:57:37] Epoch: [18] image	Loss 1.8232 (1.8232)	Prec@1 62.891 (62.891)	Prec@5 85.547 (85.547)
[2026-03-19 22:57:37] TEST:  Epoch: [18] image	Prec@1 56.452 (56.452)	Prec@5 74.194 (74.194)
[2026-03-19 22:57:39] Epoch: [18] text	Loss 1.3090 (1.3070)	Prec@1 55.469 (53.768)	Prec@5 99.219 (99.035)
[2026-03-19 22:57:39] TEST:  Epoch: [18] text	Prec@1 60.484 (53.251)	Prec@5 98.387 (98.767)
[2026-03-19 22:57:40] Epoch: [18] image	Loss 1.9139 (1.9853)	Prec@1 32.422 (27.604)	Prec@5 92.188 (90.365)
[2026-03-19 22:57:40] TEST:  Epoch: [18] image	Prec@1 20.000 (20.000)	Prec@5 89.714 (89.714)
[2026-03-19 22:57:40] Epoch: [18] image	Loss 2.5295 (2.5295)	Prec@1 27.734 (27.734)	Prec@5 92.969 (92.969)
[2026-03-19 22:57:41] TEST:  Epoch: [18] image	Prec@1 30.667 (27.190)	Prec@5 94.667 (93.656)
[2026-03-19 22:57:41] Epoch 18
[2026-03-19 22:57:41] Epoch 18
[2026-03-19 22:57:42] Epoch 18
[2026-03-19 22:57:42] Epoch: [18] image	Loss 1.7374 (1.7650)	Prec@1 42.188 (37.760)	Prec@5 95.312 (94.401)
[2026-03-19 22:57:43] TEST:  Epoch: [18] image	Prec@1 37.778 (41.196)	Prec@5 93.333 (92.359)
[2026-03-19 22:57:43] Epoch: [18] text	Loss 2.4578 (2.4578)	Prec@1 36.719 (36.719)	Prec@5 83.594 (83.594)
[2026-03-19 22:57:43] TEST:  Epoch: [18] text	Prec@1 37.778 (41.196)	Prec@5 84.444 (85.382)
[2026-03-19 22:57:44] Epoch 18
[2026-03-19 22:57:44] Epoch: [18] text	Loss 0.0000 (0.0000)	Prec@1 0.000 (0.000)	Prec@5 0.000 (0.000)
[2026-03-19 22:57:44] TEST:  Epoch: [18] text	Prec@1 17.742 (17.742)	Prec@5 56.452 (56.452)
[2026-03-19 22:57:44] Epoch: [18] text	Loss 2.6278 (2.6278)	Prec@1 28.906 (28.906)	Prec@5 90.234 (90.234)
[2026-03-19 22:57:45] TEST:  Epoch: [18] text	Prec@1 20.000 (20.000)	Prec@5 89.143 (89.143)
[2026-03-19 22:57:45] TEST:  Epoch: [18] image	Prec@1 37.778 (41.196)	Prec@5 93.333 (92.359)
[2026-03-19 22:57:45] TEST:  Epoch: [18] image	Prec@1 30.667 (27.190)	Prec@5 94.667 (93.656)
[2026-03-19 22:57:46] TEST:  Epoch: [18] image	Prec@1 60.484 (53.251)	Prec@5 98.387 (98.767)
[2026-03-19 22:57:46] TEST:  Epoch: [18] image	Prec@1 20.000 (20.000)	Prec@5 89.714 (89.714)
[2026-03-19 22:57:46] TEST:  Epoch: [18] image	Prec@1 56.452 (56.452)	Prec@5 74.194 (74.194)
[2026-03-19 22:57:46] TEST:  Epoch: [18] text	Prec@1 37.778 (41.196)	Prec@5 84.444 (85.382)
[2026-03-19 22:57:46] TEST:  Epoch: [18] text	Prec@1 30.667 (32.931)	Prec@5 96.000 (96.375)
[2026-03-19 22:57:47] TEST:  Epoch: [18] text	Prec@1 60.484 (53.251)	Prec@5 98.387 (98.767)
[2026-03-19 22:57:47] TEST:  Epoch: [18] text	Prec@1 20.000 (20.000)	Prec@5 89.143 (89.143)
[2026-03-19 22:57:47] TEST:  Epoch: [18] text	Prec@1 17.742 (17.742)	Prec@5 56.452 (56.452)
[2026-03-19 22:57:54] [Eval] Report @step: 18.00 {
    "test__rsum": 337.54152823920265,
    "test__medr": 9.0,
    "test__meanr": 13.441860465116278,
    "test__n_fold_i2t_recall_1": 26.578073089700997,
    "test__n_fold_i2t_recall_5": 53.15614617940199,
    "test__n_fold_i2t_recall_10": 85.38205980066445,
    "test__n_fold_i2t_rsum": 165.11627906976744,
    "test__n_fold_i2t_medr": 5.0,
    "test__n_fold_i2t_meanr": 8.352159468438538,
    "test__n_fold_t2i_recall_1": 26.578073089700997,
    "test__n_fold_t2i_recall_5": 52.82392026578073,
    "test__n_fold_t2i_recall_10": 93.02325581395348,
    "test__n_fold_t2i_rsum": 172.4252491694352,
    "test__n_fold_t2i_medr": 4.0,
    "test__n_fold_t2i_meanr": 5.089700996677741,
    "test__i2t_recall_1": 26.578073089700997,
    "test__i2t_recall_5": 53.15614617940199,
    "test__i2t_recall_10": 85.38205980066445,
    "test__i2t_rsum": 165.11627906976744,
    "test__i2t_medr": 5.0,
    "test__i2t_meanr": 8.352159468438538,
    "test__t2i_recall_1": 26.578073089700997,
    "test__t2i_recall_5": 52.82392026578073,
    "test__t2i_recall_10": 93.02325581395348,
    "test__t2i_rsum": 172.4252491694352,
    "test__t2i_medr": 4.0,
    "test__t2i_meanr": 5.089700996677741
}
[2026-03-19 22:58:00] [Eval] Report @step: 18.00 {
    "test__rsum": 391.238670694864,
    "test__medr": 4.0,
    "test__meanr": 10.3202416918429,
    "test__n_fold_i2t_recall_1": 20.241691842900302,
    "test__n_fold_i2t_recall_5": 80.06042296072508,
    "test__n_fold_i2t_recall_10": 93.65558912386707,
    "test__n_fold_i2t_rsum": 193.95770392749245,
    "test__n_fold_i2t_medr": 2.0,
    "test__n_fold_i2t_meanr": 5.848942598187311,
    "test__n_fold_t2i_recall_1": 32.93051359516616,
    "test__n_fold_t2i_recall_5": 73.41389728096676,
    "test__n_fold_t2i_recall_10": 90.93655589123867,
    "test__n_fold_t2i_rsum": 197.28096676737158,
    "test__n_fold_t2i_medr": 2.0,
    "test__n_fold_t2i_meanr": 4.471299093655589,
    "test__i2t_recall_1": 20.241691842900302,
    "test__i2t_recall_5": 80.06042296072508,
    "test__i2t_recall_10": 93.65558912386707,
    "test__i2t_rsum": 193.95770392749245,
    "test__i2t_medr": 2.0,
    "test__i2t_meanr": 5.848942598187311,
    "test__t2i_recall_1": 32.93051359516616,
    "test__t2i_recall_5": 73.41389728096676,
    "test__t2i_recall_10": 90.93655589123867,
    "test__t2i_rsum": 197.28096676737158,
    "test__t2i_medr": 2.0,
    "test__t2i_meanr": 4.471299093655589
}
[2026-03-19 22:59:10] [Eval] Report @step: 18.00 {
    "test__rsum": 378.69955156950675,
    "test__medr": 3.0,
    "test__meanr": 14.52578475336323,
    "test__n_fold_i2t_recall_1": 53.25112107623318,
    "test__n_fold_i2t_recall_5": 70.2914798206278,
    "test__n_fold_i2t_recall_10": 85.76233183856502,
    "test__n_fold_i2t_rsum": 209.304932735426,
    "test__n_fold_i2t_medr": 1.0,
    "test__n_fold_i2t_meanr": 4.866591928251121,
    "test__n_fold_t2i_recall_1": 20.96412556053812,
    "test__n_fold_t2i_recall_5": 74.2152466367713,
    "test__n_fold_t2i_recall_10": 74.2152466367713,
    "test__n_fold_t2i_rsum": 169.39461883408072,
    "test__n_fold_t2i_medr": 2.0,
    "test__n_fold_t2i_meanr": 9.659192825112108,
    "test__i2t_recall_1": 53.25112107623318,
    "test__i2t_recall_5": 70.2914798206278,
    "test__i2t_recall_10": 85.76233183856502,
    "test__i2t_rsum": 209.304932735426,
    "test__i2t_medr": 1.0,
    "test__i2t_meanr": 4.866591928251121,
    "test__t2i_recall_1": 20.96412556053812,
    "test__t2i_recall_5": 74.2152466367713,
    "test__t2i_recall_10": 74.2152466367713,
    "test__t2i_rsum": 169.39461883408072,
    "test__t2i_medr": 2.0,
    "test__t2i_meanr": 9.659192825112108
}
[2026-03-19 22:59:11] [Eval] Report @step: 18.00 {
    "test__rsum": 340.57142857142856,
    "test__medr": 8.0,
    "test__meanr": 12.085714285714285,
    "test__n_fold_i2t_recall_1": 20.571428571428573,
    "test__n_fold_i2t_recall_5": 75.42857142857143,
    "test__n_fold_i2t_recall_10": 78.28571428571429,
    "test__n_fold_i2t_rsum": 174.28571428571428,
    "test__n_fold_i2t_medr": 3.0,
    "test__n_fold_i2t_meanr": 5.982857142857143,
    "test__n_fold_t2i_recall_1": 27.428571428571427,
    "test__n_fold_t2i_recall_5": 50.857142857142854,
    "test__n_fold_t2i_recall_10": 88.0,
    "test__n_fold_t2i_rsum": 166.28571428571428,
    "test__n_fold_t2i_medr": 5.0,
    "test__n_fold_t2i_meanr": 6.102857142857143,
    "test__i2t_recall_1": 20.571428571428573,
    "test__i2t_recall_5": 75.42857142857143,
    "test__i2t_recall_10": 78.28571428571429,
    "test__i2t_rsum": 174.28571428571428,
    "test__i2t_medr": 3.0,
    "test__i2t_meanr": 5.982857142857143,
    "test__t2i_recall_1": 27.428571428571427,
    "test__t2i_recall_5": 50.857142857142854,
    "test__t2i_recall_10": 88.0,
    "test__t2i_rsum": 166.28571428571428,
    "test__t2i_medr": 5.0,
    "test__t2i_meanr": 6.102857142857143
}
[2026-03-19 22:59:12] [Eval] Report @step: 18.00 {
    "test__rsum": 396.7741935483871,
    "test__medr": 5.0,
    "test__meanr": 8.258064516129032,
    "test__n_fold_i2t_recall_1": 17.741935483870968,
    "test__n_fold_i2t_recall_5": 95.16129032258064,
    "test__n_fold_i2t_recall_10": 95.16129032258064,
    "test__n_fold_i2t_rsum": 208.06451612903226,
    "test__n_fold_i2t_medr": 2.0,
    "test__n_fold_i2t_meanr": 4.338709677419355,
    "test__n_fold_t2i_recall_1": 17.741935483870968,
    "test__n_fold_t2i_recall_5": 75.80645161290323,
    "test__n_fold_t2i_recall_10": 95.16129032258064,
    "test__n_fold_t2i_rsum": 188.70967741935485,
    "test__n_fold_t2i_medr": 3.0,
    "test__n_fold_t2i_meanr": 3.9193548387096775,
    "test__i2t_recall_1": 17.741935483870968,
    "test__i2t_recall_5": 95.16129032258064,
    "test__i2t_recall_10": 95.16129032258064,
    "test__i2t_rsum": 208.06451612903226,
    "test__i2t_medr": 2.0,
    "test__i2t_meanr": 4.338709677419355,
    "test__t2i_recall_1": 17.741935483870968,
    "test__t2i_recall_5": 75.80645161290323,
    "test__t2i_recall_10": 95.16129032258064,
    "test__t2i_rsum": 188.70967741935485,
    "test__t2i_medr": 3.0,
    "test__t2i_meanr": 3.9193548387096775
}
[2026-03-19 22:59:12] Round 19!
[2026-03-19 22:59:14] Distill client 14 (mm) step 0: loss=0.275434
[2026-03-19 22:59:14] Distill client 12 (mm) step 0: loss=0.290555
[2026-03-19 22:59:14] Distill client 3 (image) step 0: loss=0.036770
[2026-03-19 22:59:14] Epoch: [18] image	Loss 0.0281 (0.0329)	
[2026-03-19 22:59:14] Distill client 2 (image) step 0: loss=0.034881
[2026-03-19 22:59:14] Epoch: [18] image	Loss 0.0264 (0.0312)	
[2026-03-19 22:59:14] Distill client 6 (text) step 0: loss=0.031518
[2026-03-19 22:59:14] Epoch: [18] text	Loss 0.0239 (0.0272)	
[2026-03-19 22:59:14] Distill client 7 (text) step 0: loss=0.035892
[2026-03-19 22:59:14] Epoch: [18] text	Loss 0.0286 (0.0320)	
[2026-03-19 22:59:14] Distill client 9 (text) step 0: loss=0.024982
[2026-03-19 22:59:15] Epoch: [18] text	Loss 0.0172 (0.0208)	
[2026-03-19 22:59:15] Distill client 13 (mm) step 0: loss=0.261886
[2026-03-19 22:59:15] Distill client 10 (mm) step 0: loss=0.253622
[2026-03-19 22:59:15] Distill client 8 (text) step 0: loss=0.028168
[2026-03-19 22:59:15] Epoch: [18] text	Loss 0.0204 (0.0240)	
[2026-03-19 22:59:15] Distill client 0 (image) step 0: loss=0.035261
[2026-03-19 22:59:15] Epoch: [18] image	Loss 0.0268 (0.0316)	
[2026-03-19 22:59:15] Distill client 1 (image) step 0: loss=0.035703
[2026-03-19 22:59:15] Epoch: [18] image	Loss 0.0264 (0.0315)	
[2026-03-19 22:59:15] Distill client 5 (text) step 0: loss=0.030625
[2026-03-19 22:59:15] Epoch: [18] text	Loss 0.0223 (0.0263)	
[2026-03-19 22:59:15] Distill client 4 (image) step 0: loss=0.037454
[2026-03-19 22:59:15] Epoch: [18] image	Loss 0.0275 (0.0329)	
[2026-03-19 22:59:15] Distill client 11 (mm) step 0: loss=0.266046
[2026-03-19 22:59:16] Epoch 19
[2026-03-19 22:59:16] Epoch 19
[2026-03-19 22:59:17] Epoch: [19] image	Loss 1.9320 (1.9617)	Prec@1 28.906 (27.865)	Prec@5 92.188 (90.495)
[2026-03-19 22:59:17] TEST:  Epoch: [19] image	Prec@1 20.000 (20.000)	Prec@5 89.714 (89.714)
[2026-03-19 22:59:17] Epoch: [19] image	Loss 1.5779 (1.5492)	Prec@1 50.391 (52.083)	Prec@5 99.219 (98.958)
[2026-03-19 22:59:18] TEST:  Epoch: [19] image	Prec@1 60.484 (53.251)	Prec@5 98.387 (98.767)
[2026-03-19 22:59:18] Epoch: [19] text	Loss 1.7572 (1.7437)	Prec@1 27.734 (30.339)	Prec@5 96.484 (96.224)
[2026-03-19 22:59:19] TEST:  Epoch: [19] text	Prec@1 30.667 (32.931)	Prec@5 96.000 (96.375)
[2026-03-19 22:59:20] Epoch: [19] text	Loss 1.3349 (1.2996)	Prec@1 52.344 (53.585)	Prec@5 98.438 (99.104)
[2026-03-19 22:59:21] TEST:  Epoch: [19] text	Prec@1 60.484 (53.251)	Prec@5 98.387 (98.767)
[2026-03-19 22:59:21] Epoch: [19] text	Loss 0.0000 (0.0000)	Prec@1 0.000 (0.000)	Prec@5 0.000 (0.000)
[2026-03-19 22:59:21] TEST:  Epoch: [19] text	Prec@1 14.516 (14.516)	Prec@5 56.452 (56.452)
[2026-03-19 22:59:22] Epoch 19
[2026-03-19 22:59:22] Epoch 19
[2026-03-19 22:59:22] Epoch: [19] text	Loss 2.5974 (2.5974)	Prec@1 27.344 (27.344)	Prec@5 91.016 (91.016)
[2026-03-19 22:59:23] TEST:  Epoch: [19] text	Prec@1 20.000 (20.000)	Prec@5 89.143 (89.143)
[2026-03-19 22:59:23] Epoch: [19] image	Loss 1.7429 (1.7349)	Prec@1 37.500 (37.630)	Prec@5 94.141 (94.531)
[2026-03-19 22:59:23] TEST:  Epoch: [19] image	Prec@1 37.778 (41.196)	Prec@5 93.333 (92.359)
[2026-03-19 22:59:24] Epoch: [19] image	Loss 2.4641 (2.4641)	Prec@1 29.297 (29.297)	Prec@5 93.750 (93.750)
[2026-03-19 22:59:24] TEST:  Epoch: [19] image	Prec@1 30.667 (26.888)	Prec@5 94.667 (93.656)
[2026-03-19 22:59:24] Epoch: [19] text	Loss 2.3855 (2.3855)	Prec@1 39.453 (39.453)	Prec@5 82.812 (82.812)
[2026-03-19 22:59:25] TEST:  Epoch: [19] text	Prec@1 37.778 (41.196)	Prec@5 84.444 (85.382)
[2026-03-19 22:59:25] Epoch: [19] image	Loss 1.8103 (1.8103)	Prec@1 61.719 (61.719)	Prec@5 83.203 (83.203)
[2026-03-19 22:59:25] TEST:  Epoch: [19] image	Prec@1 56.452 (56.452)	Prec@5 75.806 (75.806)
[2026-03-19 22:59:25] Epoch 19
[2026-03-19 22:59:26] TEST:  Epoch: [19] image	Prec@1 37.778 (41.196)	Prec@5 93.333 (92.359)
[2026-03-19 22:59:26] TEST:  Epoch: [19] image	Prec@1 30.667 (26.888)	Prec@5 94.667 (93.656)
[2026-03-19 22:59:27] TEST:  Epoch: [19] image	Prec@1 60.484 (53.251)	Prec@5 98.387 (98.767)
[2026-03-19 22:59:27] TEST:  Epoch: [19] image	Prec@1 20.000 (20.000)	Prec@5 89.714 (89.714)
[2026-03-19 22:59:27] TEST:  Epoch: [19] image	Prec@1 56.452 (56.452)	Prec@5 75.806 (75.806)
[2026-03-19 22:59:27] TEST:  Epoch: [19] text	Prec@1 37.778 (41.196)	Prec@5 84.444 (85.382)
[2026-03-19 22:59:27] TEST:  Epoch: [19] text	Prec@1 30.667 (32.931)	Prec@5 96.000 (96.375)
[2026-03-19 22:59:28] TEST:  Epoch: [19] text	Prec@1 60.484 (53.251)	Prec@5 98.387 (98.767)
[2026-03-19 22:59:28] TEST:  Epoch: [19] text	Prec@1 20.000 (20.000)	Prec@5 89.143 (89.143)
[2026-03-19 22:59:28] TEST:  Epoch: [19] text	Prec@1 14.516 (14.516)	Prec@5 56.452 (56.452)
[2026-03-19 22:59:35] [Eval] Report @step: 19.00 {
    "test__rsum": 356.1461794019933,
    "test__medr": 8.0,
    "test__meanr": 13.358803986710964,
    "test__n_fold_i2t_recall_1": 26.578073089700997,
    "test__n_fold_i2t_recall_5": 72.75747508305648,
    "test__n_fold_i2t_recall_10": 85.38205980066445,
    "test__n_fold_i2t_rsum": 184.71760797342193,
    "test__n_fold_i2t_medr": 4.0,
    "test__n_fold_i2t_meanr": 8.186046511627907,
    "test__n_fold_t2i_recall_1": 26.578073089700997,
    "test__n_fold_t2i_recall_5": 51.82724252491694,
    "test__n_fold_t2i_recall_10": 93.02325581395348,
    "test__n_fold_t2i_rsum": 171.42857142857142,
    "test__n_fold_t2i_medr": 4.0,
    "test__n_fold_t2i_meanr": 5.172757475083056,
    "test__i2t_recall_1": 26.578073089700997,
    "test__i2t_recall_5": 72.75747508305648,
    "test__i2t_recall_10": 85.38205980066445,
    "test__i2t_rsum": 184.71760797342193,
    "test__i2t_medr": 4.0,
    "test__i2t_meanr": 8.186046511627907,
    "test__t2i_recall_1": 26.578073089700997,
    "test__t2i_recall_5": 51.82724252491694,
    "test__t2i_recall_10": 93.02325581395348,
    "test__t2i_rsum": 171.42857142857142,
    "test__t2i_medr": 4.0,
    "test__t2i_meanr": 5.172757475083056
}
[2026-03-19 22:59:42] [Eval] Report @step: 19.00 {
    "test__rsum": 395.16616314199393,
    "test__medr": 4.0,
    "test__meanr": 9.791540785498489,
    "test__n_fold_i2t_recall_1": 20.241691842900302,
    "test__n_fold_i2t_recall_5": 80.06042296072508,
    "test__n_fold_i2t_recall_10": 93.65558912386707,
    "test__n_fold_i2t_rsum": 193.95770392749245,
    "test__n_fold_i2t_medr": 2.0,
    "test__n_fold_i2t_meanr": 5.906344410876133,
    "test__n_fold_t2i_recall_1": 33.23262839879154,
    "test__n_fold_t2i_recall_5": 71.29909365558912,
    "test__n_fold_t2i_recall_10": 96.67673716012085,
    "test__n_fold_t2i_rsum": 201.2084592145015,
    "test__n_fold_t2i_medr": 2.0,
    "test__n_fold_t2i_meanr": 3.8851963746223563,
    "test__i2t_recall_1": 20.241691842900302,
    "test__i2t_recall_5": 80.06042296072508,
    "test__i2t_recall_10": 93.65558912386707,
    "test__i2t_rsum": 193.95770392749245,
    "test__i2t_medr": 2.0,
    "test__i2t_meanr": 5.906344410876133,
    "test__t2i_recall_1": 33.23262839879154,
    "test__t2i_recall_5": 71.29909365558912,
    "test__t2i_recall_10": 96.67673716012085,
    "test__t2i_rsum": 201.2084592145015,
    "test__t2i_medr": 2.0,
    "test__t2i_meanr": 3.8851963746223563
}
[2026-03-19 23:00:48] [Eval] Report @step: 19.00 {
    "test__rsum": 380.15695067264573,
    "test__medr": 3.0,
    "test__meanr": 15.408071748878925,
    "test__n_fold_i2t_recall_1": 53.25112107623318,
    "test__n_fold_i2t_recall_5": 70.73991031390135,
    "test__n_fold_i2t_recall_10": 85.76233183856502,
    "test__n_fold_i2t_rsum": 209.75336322869956,
    "test__n_fold_i2t_medr": 1.0,
    "test__n_fold_i2t_meanr": 5.016816143497758,
    "test__n_fold_t2i_recall_1": 21.973094170403588,
    "test__n_fold_t2i_recall_5": 74.2152466367713,
    "test__n_fold_t2i_recall_10": 74.2152466367713,
    "test__n_fold_t2i_rsum": 170.40358744394618,
    "test__n_fold_t2i_medr": 2.0,
    "test__n_fold_t2i_meanr": 10.391255605381167,
    "test__i2t_recall_1": 53.25112107623318,
    "test__i2t_recall_5": 70.73991031390135,
    "test__i2t_recall_10": 85.76233183856502,
    "test__i2t_rsum": 209.75336322869956,
    "test__i2t_medr": 1.0,
    "test__i2t_meanr": 5.016816143497758,
    "test__t2i_recall_1": 21.973094170403588,
    "test__t2i_recall_5": 74.2152466367713,
    "test__t2i_recall_10": 74.2152466367713,
    "test__t2i_rsum": 170.40358744394618,
    "test__t2i_medr": 2.0,
    "test__t2i_meanr": 10.391255605381167
}
[2026-03-19 23:00:50] [Eval] Report @step: 19.00 {
    "test__rsum": 330.8571428571429,
    "test__medr": 9.0,
    "test__meanr": 12.142857142857142,
    "test__n_fold_i2t_recall_1": 20.571428571428573,
    "test__n_fold_i2t_recall_5": 69.14285714285714,
    "test__n_fold_i2t_recall_10": 78.28571428571429,
    "test__n_fold_i2t_rsum": 168.0,
    "test__n_fold_i2t_medr": 3.0,
    "test__n_fold_i2t_meanr": 5.857142857142857,
    "test__n_fold_t2i_recall_1": 27.428571428571427,
    "test__n_fold_t2i_recall_5": 44.57142857142857,
    "test__n_fold_t2i_recall_10": 90.85714285714286,
    "test__n_fold_t2i_rsum": 162.85714285714286,
    "test__n_fold_t2i_medr": 6.0,
    "test__n_fold_t2i_meanr": 6.285714285714286,
    "test__i2t_recall_1": 20.571428571428573,
    "test__i2t_recall_5": 69.14285714285714,
    "test__i2t_recall_10": 78.28571428571429,
    "test__i2t_rsum": 168.0,
    "test__i2t_medr": 3.0,
    "test__i2t_meanr": 5.857142857142857,
    "test__t2i_recall_1": 27.428571428571427,
    "test__t2i_recall_5": 44.57142857142857,
    "test__t2i_recall_10": 90.85714285714286,
    "test__t2i_rsum": 162.85714285714286,
    "test__t2i_medr": 6.0,
    "test__t2i_meanr": 6.285714285714286
}
[2026-03-19 23:00:50] [Eval] Report @step: 19.00 {
    "test__rsum": 379.0322580645161,
    "test__medr": 5.0,
    "test__meanr": 8.35483870967742,
    "test__n_fold_i2t_recall_1": 17.741935483870968,
    "test__n_fold_i2t_recall_5": 95.16129032258064,
    "test__n_fold_i2t_recall_10": 95.16129032258064,
    "test__n_fold_i2t_rsum": 208.06451612903226,
    "test__n_fold_i2t_medr": 2.0,
    "test__n_fold_i2t_meanr": 4.112903225806452,
    "test__n_fold_t2i_recall_1": 1.6129032258064515,
    "test__n_fold_t2i_recall_5": 75.80645161290323,
    "test__n_fold_t2i_recall_10": 93.54838709677419,
    "test__n_fold_t2i_rsum": 170.96774193548387,
    "test__n_fold_t2i_medr": 3.0,
    "test__n_fold_t2i_meanr": 4.241935483870968,
    "test__i2t_recall_1": 17.741935483870968,
    "test__i2t_recall_5": 95.16129032258064,
    "test__i2t_recall_10": 95.16129032258064,
    "test__i2t_rsum": 208.06451612903226,
    "test__i2t_medr": 2.0,
    "test__i2t_meanr": 4.112903225806452,
    "test__t2i_recall_1": 1.6129032258064515,
    "test__t2i_recall_5": 75.80645161290323,
    "test__t2i_recall_10": 93.54838709677419,
    "test__t2i_rsum": 170.96774193548387,
    "test__t2i_medr": 3.0,
    "test__t2i_meanr": 4.241935483870968
}
[2026-03-19 23:00:51] Round 20!
[2026-03-19 23:00:52] Distill client 4 (image) step 0: loss=0.034440
[2026-03-19 23:00:52] Epoch: [19] image	Loss 0.0253 (0.0303)	
[2026-03-19 23:00:52] Distill client 12 (mm) step 0: loss=0.264560
[2026-03-19 23:00:53] Distill client 13 (mm) step 0: loss=0.239421
[2026-03-19 23:00:53] Distill client 7 (text) step 0: loss=0.033746
[2026-03-19 23:00:53] Epoch: [19] text	Loss 0.0270 (0.0302)	
[2026-03-19 23:00:53] Distill client 14 (mm) step 0: loss=0.252086
[2026-03-19 23:00:53] Distill client 6 (text) step 0: loss=0.029396
[2026-03-19 23:00:53] Epoch: [19] text	Loss 0.0224 (0.0254)	
[2026-03-19 23:00:53] Distill client 8 (text) step 0: loss=0.026394
[2026-03-19 23:00:53] Epoch: [19] text	Loss 0.0192 (0.0225)	
[2026-03-19 23:00:53] Distill client 11 (mm) step 0: loss=0.243000
[2026-03-19 23:00:53] Distill client 1 (image) step 0: loss=0.033226
[2026-03-19 23:00:53] Epoch: [19] image	Loss 0.0248 (0.0294)	
[2026-03-19 23:00:53] Distill client 9 (text) step 0: loss=0.023148
[2026-03-19 23:00:54] Epoch: [19] text	Loss 0.0161 (0.0193)	
[2026-03-19 23:00:54] Distill client 2 (image) step 0: loss=0.032486
[2026-03-19 23:00:54] Epoch: [19] image	Loss 0.0248 (0.0291)	
[2026-03-19 23:00:54] Distill client 5 (text) step 0: loss=0.028734
[2026-03-19 23:00:54] Epoch: [19] text	Loss 0.0210 (0.0247)	
[2026-03-19 23:00:54] Distill client 0 (image) step 0: loss=0.032764
[2026-03-19 23:00:54] Epoch: [19] image	Loss 0.0251 (0.0294)	
[2026-03-19 23:00:54] Distill client 10 (mm) step 0: loss=0.232609
[2026-03-19 23:00:54] Distill client 3 (image) step 0: loss=0.034096
[2026-03-19 23:00:54] Epoch: [19] image	Loss 0.0263 (0.0306)	
[2026-03-19 23:00:54] Epoch: [20] image	Loss 1.7211 (1.7211)	Prec@1 62.891 (62.891)	Prec@5 84.766 (84.766)
[2026-03-19 23:00:54] TEST:  Epoch: [20] image	Prec@1 56.452 (56.452)	Prec@5 79.032 (79.032)
[2026-03-19 23:00:55] Epoch 20
[2026-03-19 23:00:55] Epoch 20
[2026-03-19 23:00:57] Epoch: [20] text	Loss 1.2917 (1.2938)	Prec@1 53.516 (53.791)	Prec@5 98.828 (99.081)
[2026-03-19 23:00:57] TEST:  Epoch: [20] text	Prec@1 60.484 (53.251)	Prec@5 98.387 (98.767)
[2026-03-19 23:00:58] Epoch 20
[2026-03-19 23:00:58] Epoch: [20] text	Loss 1.7118 (1.7494)	Prec@1 28.906 (30.599)	Prec@5 97.266 (96.224)
[2026-03-19 23:00:58] TEST:  Epoch: [20] text	Prec@1 30.667 (32.931)	Prec@5 96.000 (96.375)
[2026-03-19 23:00:59] Epoch: [20] text	Loss 2.5385 (2.5385)	Prec@1 29.297 (29.297)	Prec@5 90.625 (90.625)
[2026-03-19 23:00:59] TEST:  Epoch: [20] text	Prec@1 20.000 (20.000)	Prec@5 88.571 (88.571)
[2026-03-19 23:00:59] Epoch 20
[2026-03-19 23:01:00] Epoch: [20] image	Loss 2.3985 (2.3985)	Prec@1 29.297 (29.297)	Prec@5 93.750 (93.750)
[2026-03-19 23:01:00] TEST:  Epoch: [20] image	Prec@1 30.667 (26.888)	Prec@5 94.667 (93.656)
[2026-03-19 23:01:00] Epoch: [20] text	Loss 0.0000 (0.0000)	Prec@1 0.000 (0.000)	Prec@5 0.000 (0.000)
[2026-03-19 23:01:00] TEST:  Epoch: [20] text	Prec@1 14.516 (14.516)	Prec@5 56.452 (56.452)
[2026-03-19 23:01:01] Epoch: [20] image	Loss 1.5601 (1.5390)	Prec@1 50.781 (50.651)	Prec@5 98.828 (98.828)
[2026-03-19 23:01:01] TEST:  Epoch: [20] image	Prec@1 60.484 (53.251)	Prec@5 98.387 (98.767)
[2026-03-19 23:01:02] Epoch: [20] text	Loss 2.2868 (2.2868)	Prec@1 40.234 (40.234)	Prec@5 85.547 (85.547)
[2026-03-19 23:01:02] TEST:  Epoch: [20] text	Prec@1 37.778 (41.196)	Prec@5 84.444 (85.382)
[2026-03-19 23:01:03] Epoch: [20] image	Loss 1.6627 (1.7129)	Prec@1 39.453 (37.630)	Prec@5 94.922 (94.922)
[2026-03-19 23:01:03] TEST:  Epoch: [20] image	Prec@1 37.778 (41.196)	Prec@5 93.333 (92.359)
[2026-03-19 23:01:03] Epoch 20
[2026-03-19 23:01:04] Epoch: [20] image	Loss 1.9113 (1.9433)	Prec@1 29.297 (27.995)	Prec@5 92.578 (90.234)
[2026-03-19 23:01:04] TEST:  Epoch: [20] image	Prec@1 20.000 (20.000)	Prec@5 89.714 (89.714)
[2026-03-19 23:01:04] TEST:  Epoch: [20] image	Prec@1 37.778 (41.196)	Prec@5 93.333 (92.359)
[2026-03-19 23:01:05] TEST:  Epoch: [20] image	Prec@1 30.667 (26.888)	Prec@5 94.667 (93.656)
[2026-03-19 23:01:05] TEST:  Epoch: [20] image	Prec@1 60.484 (53.251)	Prec@5 98.387 (98.767)
[2026-03-19 23:01:05] TEST:  Epoch: [20] image	Prec@1 20.000 (20.000)	Prec@5 89.714 (89.714)
[2026-03-19 23:01:05] TEST:  Epoch: [20] image	Prec@1 56.452 (56.452)	Prec@5 79.032 (79.032)
[2026-03-19 23:01:06] TEST:  Epoch: [20] text	Prec@1 37.778 (41.196)	Prec@5 84.444 (85.382)
[2026-03-19 23:01:06] TEST:  Epoch: [20] text	Prec@1 30.667 (32.931)	Prec@5 96.000 (96.375)
[2026-03-19 23:01:06] TEST:  Epoch: [20] text	Prec@1 60.484 (53.251)	Prec@5 98.387 (98.767)
[2026-03-19 23:01:07] TEST:  Epoch: [20] text	Prec@1 20.000 (20.000)	Prec@5 88.571 (88.571)
[2026-03-19 23:01:07] TEST:  Epoch: [20] text	Prec@1 14.516 (14.516)	Prec@5 56.452 (56.452)
[2026-03-19 23:01:13] [Eval] Report @step: 20.00 {
    "test__rsum": 363.7873754152823,
    "test__medr": 7.0,
    "test__meanr": 12.913621262458472,
    "test__n_fold_i2t_recall_1": 26.578073089700997,
    "test__n_fold_i2t_recall_5": 80.39867109634551,
    "test__n_fold_i2t_recall_10": 85.38205980066445,
    "test__n_fold_i2t_rsum": 192.35880398671094,
    "test__n_fold_i2t_medr": 3.0,
    "test__n_fold_i2t_meanr": 7.72093023255814,
    "test__n_fold_t2i_recall_1": 26.578073089700997,
    "test__n_fold_t2i_recall_5": 51.82724252491694,
    "test__n_fold_t2i_recall_10": 93.02325581395348,
    "test__n_fold_t2i_rsum": 171.42857142857142,
    "test__n_fold_t2i_medr": 4.0,
    "test__n_fold_t2i_meanr": 5.192691029900332,
    "test__i2t_recall_1": 26.578073089700997,
    "test__i2t_recall_5": 80.39867109634551,
    "test__i2t_recall_10": 85.38205980066445,
    "test__i2t_rsum": 192.35880398671094,
    "test__i2t_medr": 3.0,
    "test__i2t_meanr": 7.72093023255814,
    "test__t2i_recall_1": 26.578073089700997,
    "test__t2i_recall_5": 51.82724252491694,
    "test__t2i_recall_10": 93.02325581395348,
    "test__t2i_rsum": 171.42857142857142,
    "test__t2i_medr": 4.0,
    "test__t2i_meanr": 5.192691029900332
}
[2026-03-19 23:01:20] [Eval] Report @step: 20.00 {
    "test__rsum": 400.90634441087616,
    "test__medr": 4.0,
    "test__meanr": 9.371601208459214,
    "test__n_fold_i2t_recall_1": 20.241691842900302,
    "test__n_fold_i2t_recall_5": 80.06042296072508,
    "test__n_fold_i2t_recall_10": 93.65558912386707,
    "test__n_fold_i2t_rsum": 193.95770392749245,
    "test__n_fold_i2t_medr": 2.0,
    "test__n_fold_i2t_meanr": 5.924471299093655,
    "test__n_fold_t2i_recall_1": 28.09667673716012,
    "test__n_fold_t2i_recall_5": 81.57099697885197,
    "test__n_fold_t2i_recall_10": 97.2809667673716,
    "test__n_fold_t2i_rsum": 206.94864048338368,
    "test__n_fold_t2i_medr": 2.0,
    "test__n_fold_t2i_meanr": 3.4471299093655587,
    "test__i2t_recall_1": 20.241691842900302,
    "test__i2t_recall_5": 80.06042296072508,
    "test__i2t_recall_10": 93.65558912386707,
    "test__i2t_rsum": 193.95770392749245,
    "test__i2t_medr": 2.0,
    "test__i2t_meanr": 5.924471299093655,
    "test__t2i_recall_1": 28.09667673716012,
    "test__t2i_recall_5": 81.57099697885197,
    "test__t2i_recall_10": 97.2809667673716,
    "test__t2i_rsum": 206.94864048338368,
    "test__t2i_medr": 2.0,
    "test__t2i_meanr": 3.4471299093655587
}
[2026-03-19 23:02:32] [Eval] Report @step: 20.00 {
    "test__rsum": 383.63228699551564,
    "test__medr": 3.0,
    "test__meanr": 17.004484304932735,
    "test__n_fold_i2t_recall_1": 53.25112107623318,
    "test__n_fold_i2t_recall_5": 71.41255605381166,
    "test__n_fold_i2t_recall_10": 85.98654708520179,
    "test__n_fold_i2t_rsum": 210.65022421524662,
    "test__n_fold_i2t_medr": 1.0,
    "test__n_fold_i2t_meanr": 5.0975336322869955,
    "test__n_fold_t2i_recall_1": 24.55156950672646,
    "test__n_fold_t2i_recall_5": 74.2152466367713,
    "test__n_fold_t2i_recall_10": 74.2152466367713,
    "test__n_fold_t2i_rsum": 172.98206278026905,
    "test__n_fold_t2i_medr": 2.0,
    "test__n_fold_t2i_meanr": 11.90695067264574,
    "test__i2t_recall_1": 53.25112107623318,
    "test__i2t_recall_5": 71.41255605381166,
    "test__i2t_recall_10": 85.98654708520179,
    "test__i2t_rsum": 210.65022421524662,
    "test__i2t_medr": 1.0,
    "test__i2t_meanr": 5.0975336322869955,
    "test__t2i_recall_1": 24.55156950672646,
    "test__t2i_recall_5": 74.2152466367713,
    "test__t2i_recall_10": 74.2152466367713,
    "test__t2i_rsum": 172.98206278026905,
    "test__t2i_medr": 2.0,
    "test__t2i_meanr": 11.90695067264574
}
[2026-03-19 23:02:34] [Eval] Report @step: 20.00 {
    "test__rsum": 328.57142857142856,
    "test__medr": 9.0,
    "test__meanr": 12.194285714285714,
    "test__n_fold_i2t_recall_1": 20.571428571428573,
    "test__n_fold_i2t_recall_5": 73.14285714285714,
    "test__n_fold_i2t_recall_10": 78.85714285714286,
    "test__n_fold_i2t_rsum": 172.57142857142856,
    "test__n_fold_i2t_medr": 3.0,
    "test__n_fold_i2t_meanr": 5.817142857142857,
    "test__n_fold_t2i_recall_1": 27.428571428571427,
    "test__n_fold_t2i_recall_5": 44.0,
    "test__n_fold_t2i_recall_10": 84.57142857142857,
    "test__n_fold_t2i_rsum": 156.0,
    "test__n_fold_t2i_medr": 6.0,
    "test__n_fold_t2i_meanr": 6.377142857142857,
    "test__i2t_recall_1": 20.571428571428573,
    "test__i2t_recall_5": 73.14285714285714,
    "test__i2t_recall_10": 78.85714285714286,
    "test__i2t_rsum": 172.57142857142856,
    "test__i2t_medr": 3.0,
    "test__i2t_meanr": 5.817142857142857,
    "test__t2i_recall_1": 27.428571428571427,
    "test__t2i_recall_5": 44.0,
    "test__t2i_recall_10": 84.57142857142857,
    "test__t2i_rsum": 156.0,
    "test__t2i_medr": 6.0,
    "test__t2i_meanr": 6.377142857142857
}
[2026-03-19 23:02:35] [Eval] Report @step: 20.00 {
    "test__rsum": 379.0322580645161,
    "test__medr": 5.0,
    "test__meanr": 8.306451612903226,
    "test__n_fold_i2t_recall_1": 17.741935483870968,
    "test__n_fold_i2t_recall_5": 95.16129032258064,
    "test__n_fold_i2t_recall_10": 95.16129032258064,
    "test__n_fold_i2t_rsum": 208.06451612903226,
    "test__n_fold_i2t_medr": 2.0,
    "test__n_fold_i2t_meanr": 4.112903225806452,
    "test__n_fold_t2i_recall_1": 1.6129032258064515,
    "test__n_fold_t2i_recall_5": 75.80645161290323,
    "test__n_fold_t2i_recall_10": 93.54838709677419,
    "test__n_fold_t2i_rsum": 170.96774193548387,
    "test__n_fold_t2i_medr": 3.0,
    "test__n_fold_t2i_meanr": 4.193548387096774,
    "test__i2t_recall_1": 17.741935483870968,
    "test__i2t_recall_5": 95.16129032258064,
    "test__i2t_recall_10": 95.16129032258064,
    "test__i2t_rsum": 208.06451612903226,
    "test__i2t_medr": 2.0,
    "test__i2t_meanr": 4.112903225806452,
    "test__t2i_recall_1": 1.6129032258064515,
    "test__t2i_recall_5": 75.80645161290323,
    "test__t2i_recall_10": 93.54838709677419,
    "test__t2i_rsum": 170.96774193548387,
    "test__t2i_medr": 3.0,
    "test__t2i_meanr": 4.193548387096774
}
