[2026-03-19 10:47:04] start creating model and partition datasets
[2026-03-19 10:47:04] Setting model 0
[2026-03-19 10:47:04] Setting model 1
[2026-03-19 10:47:04] Setting model 2
[2026-03-19 10:47:05] Setting model 3
[2026-03-19 10:47:05] Setting model 4
[2026-03-19 10:47:05] Setting model 0
[2026-03-19 10:47:05] Setting model 1
[2026-03-19 10:47:05] Setting model 2
[2026-03-19 10:47:05] Setting model 3
[2026-03-19 10:47:05] Setting model 4
[2026-03-19 21:09:04] start creating model and partition datasets
[2026-03-19 21:09:04] Setting model 0
[2026-03-19 21:09:04] Setting model 1
[2026-03-19 21:09:04] Setting model 2
[2026-03-19 21:09:05] Setting model 3
[2026-03-19 21:09:05] Setting model 4
[2026-03-19 21:09:05] Setting model 0
[2026-03-19 21:09:05] Setting model 1
[2026-03-19 21:09:05] Setting model 2
[2026-03-19 21:09:05] Setting model 3
[2026-03-19 21:09:05] Setting model 4
[2026-03-19 21:09:19] Engine is created.
[2026-03-19 21:09:19] Munch({'dataloader': Munch({'batch_size': 256, 'eval_batch_size': 256, 'num_workers': 0, 'alpha': 0.1, 'partition': 'hetero'}), 'model': Munch({'embed_dim': 1024, 'clip_model': 'RN50', 'cnn_type': 'resnet18', 'word_dim': 512, 'cache_dir': '/data/mmdata/log/MMCLIP/', 'n_samples_inference': 1, 'eval_method': 'matmul', 'use_img_client': True, 'use_txt_client': True, 'use_mm_client': True, 'client': 0.1, 'momentum': 0.9, 'name': 'clip', 'use_pretrained_proj': False, 'img_client': 'image', 'txt_client': 'text'}), 'optimizer': Munch({'name': 'adamp', 'learning_rate': 0.0002, 'weight_decay': 0.0}), 'lr_scheduler': Munch({'name': 'cosine_annealing', 'T_max': 30}), 'criterion': Munch({'name': 'pcme', 'init_negative_scale': 15, 'init_shift': 15, 'num_samples': 7, 'vib_beta': 0, 'criterion__negative_sampling_ratio': -1}), 'train': Munch({'is_client': True, 'server_dataset': 'Coco', 'model_save_path': 'model_last_no_prob.pth', 'best_model_save_path': 'model_best_no_prob.pth', 'pretrain_epochs': 0, 'finetune_epochs': 2, 'finetune_lr_decay': 0.1, 'log_step': 1000, 'grad_clip': 2, 'val_epochs': 1, 'pretrain_val_epochs': 1, 'use_fp16': True, 'output_file': 'FedMMDP-Cream_iapr_clip_1e-05_0.1_1x20_model_noprob.log'})})
[2026-03-19 21:09:19] start train
[2026-03-19 21:09:19] Train with half precision
[2026-03-19 21:09:19] Round 1!
[2026-03-19 21:09:19] Global Training!
[2026-03-19 21:09:23] Training Client 13!
[2026-03-19 21:09:23] Epoch 1
[2026-03-19 21:09:23] Skip local supervised step for client 3: train loader has no full batch
[2026-03-19 21:09:24] Generate Local Representations
[2026-03-19 21:09:25] Training Client 1!
[2026-03-19 21:09:25] Epoch: [1] image	Loss 4.9913 (4.9913)	Prec@1 12.500 (12.500)	Prec@5 14.062 (14.062)
[2026-03-19 21:09:25] Start Intra & Inter Contrasting!
[2026-03-19 21:09:25] TEST:  Epoch: [1] image	Prec@1 16.107 (16.107)	Prec@5 42.282 (42.282)
[2026-03-19 21:09:26] Generate Local Representations
[2026-03-19 21:09:26] Training Client 4!
[2026-03-19 21:09:26] Epoch: [1] image	Loss 5.0136 (5.0136)	Prec@1 0.000 (0.000)	Prec@5 23.047 (23.047)
[2026-03-19 21:09:26] Start Intra & Inter Contrasting!
[2026-03-19 21:09:26] TEST:  Epoch: [1] image	Prec@1 5.357 (5.357)	Prec@5 60.714 (60.714)
[2026-03-19 21:09:27] Generate Local Representations
[2026-03-19 21:09:27] Training Client 14!
[2026-03-19 21:09:27] Epoch 1
[2026-03-19 21:09:27] Skip local supervised step for client 4: train loader has no full batch
[2026-03-19 21:09:28] Generate Local Representations
[2026-03-19 21:09:28] Training Client 12!
[2026-03-19 21:09:28] Epoch 1
[2026-03-19 21:09:31] Generate Local Representations
[2026-03-19 21:09:31] Training Client 2!
[2026-03-19 21:09:31] Epoch: [1] image	Loss 5.0141 (5.0453)	Prec@1 0.000 (0.000)	Prec@5 1.172 (1.302)
[2026-03-19 21:09:31] Start Intra & Inter Contrasting!
[2026-03-19 21:09:33] TEST:  Epoch: [1] image	Prec@1 38.488 (41.096)	Prec@5 57.045 (57.534)
[2026-03-19 21:09:33] Generate Local Representations
[2026-03-19 21:09:33] Training Client 6!
[2026-03-19 21:09:34] Epoch: [1] text	Loss 4.9241 (4.9330)	Prec@1 13.672 (14.844)	Prec@5 39.844 (35.156)
[2026-03-19 21:09:34] Start Intra & Inter Contrasting!
[2026-03-19 21:09:35] TEST:  Epoch: [1] text	Prec@1 12.081 (12.081)	Prec@5 67.785 (67.785)
[2026-03-19 21:09:35] Generate Local Representations
[2026-03-19 21:09:36] Training Client 8!
[2026-03-19 21:09:36] Epoch: [1] text	Loss 4.9963 (4.9963)	Prec@1 0.000 (0.000)	Prec@5 26.562 (26.562)
[2026-03-19 21:09:36] Start Intra & Inter Contrasting!
[2026-03-19 21:09:38] TEST:  Epoch: [1] text	Prec@1 0.000 (0.000)	Prec@5 35.032 (35.032)
[2026-03-19 21:09:38] Generate Local Representations
[2026-03-19 21:09:39] Training Client 11!
[2026-03-19 21:09:39] Epoch 1
[2026-03-19 21:09:42] Generate Local Representations
[2026-03-19 21:09:42] Training Client 3!
[2026-03-19 21:09:42] Epoch: [1] image	Loss 4.9796 (5.0063)	Prec@1 0.000 (0.000)	Prec@5 33.594 (30.599)
[2026-03-19 21:09:42] Start Intra & Inter Contrasting!
[2026-03-19 21:09:42] TEST:  Epoch: [1] image	Prec@1 16.561 (16.561)	Prec@5 57.962 (57.962)
[2026-03-19 21:09:43] Generate Local Representations
[2026-03-19 21:09:43] Training Client 10!
[2026-03-19 21:09:43] Epoch 1
[2026-03-19 21:09:46] Generate Local Representations
[2026-03-19 21:09:47] Training Client 7!
[2026-03-19 21:09:49] Epoch: [1] text	Loss 3.6678 (4.4430)	Prec@1 54.688 (37.224)	Prec@5 94.531 (63.097)
[2026-03-19 21:09:49] Start Intra & Inter Contrasting!
[2026-03-19 21:09:49] TEST:  Epoch: [1] text	Prec@1 54.296 (53.300)	Prec@5 99.313 (98.879)
[2026-03-19 21:09:50] Generate Local Representations
[2026-03-19 21:09:50] Training Client 5!
[2026-03-19 21:09:50] Epoch: [1] text	Loss 5.2176 (5.2176)	Prec@1 0.000 (0.000)	Prec@5 0.000 (0.000)
[2026-03-19 21:09:50] Start Intra & Inter Contrasting!
[2026-03-19 21:09:51] TEST:  Epoch: [1] text	Prec@1 0.000 (0.000)	Prec@5 0.000 (0.000)
[2026-03-19 21:09:51] Generate Local Representations
[2026-03-19 21:09:51] Training Client 0!
[2026-03-19 21:09:51] Epoch: [1] image	Loss 5.1534 (5.1852)	Prec@1 0.000 (0.000)	Prec@5 0.000 (0.000)
[2026-03-19 21:09:51] Start Intra & Inter Contrasting!
[2026-03-19 21:09:52] TEST:  Epoch: [1] image	Prec@1 0.000 (0.000)	Prec@5 32.103 (32.103)
[2026-03-19 21:09:52] Generate Local Representations
[2026-03-19 21:09:52] Training Client 9!
[2026-03-19 21:09:52] Epoch: [1] text	Loss 0.0000 (0.0000)	Prec@1 0.000 (0.000)	Prec@5 0.000 (0.000)
[2026-03-19 21:09:52] Start Intra & Inter Contrasting!
[2026-03-19 21:09:53] TEST:  Epoch: [1] text	Prec@1 0.000 (0.000)	Prec@5 14.286 (14.286)
[2026-03-19 21:09:53] Generate Local Representations
[2026-03-19 21:09:55] start distilling
[2026-03-19 21:09:56] TEST:  Epoch: [1] image	Prec@1 0.000 (0.000)	Prec@5 35.556 (37.874)
[2026-03-19 21:09:56] TEST:  Epoch: [1] image	Prec@1 16.000 (13.595)	Prec@5 44.000 (37.764)
[2026-03-19 21:09:57] TEST:  Epoch: [1] image	Prec@1 42.742 (40.807)	Prec@5 62.097 (55.157)
[2026-03-19 21:09:57] TEST:  Epoch: [1] image	Prec@1 19.429 (19.429)	Prec@5 48.571 (48.571)
[2026-03-19 21:09:57] TEST:  Epoch: [1] image	Prec@1 4.839 (4.839)	Prec@5 56.452 (56.452)
[2026-03-19 21:09:57] TEST:  Epoch: [1] text	Prec@1 0.000 (0.000)	Prec@5 0.000 (0.000)
[2026-03-19 21:09:57] TEST:  Epoch: [1] text	Prec@1 16.000 (13.595)	Prec@5 69.333 (67.674)
[2026-03-19 21:09:58] TEST:  Epoch: [1] text	Prec@1 60.484 (53.251)	Prec@5 98.387 (98.430)
[2026-03-19 21:09:58] TEST:  Epoch: [1] text	Prec@1 0.000 (0.000)	Prec@5 33.714 (33.714)
[2026-03-19 21:09:58] TEST:  Epoch: [1] text	Prec@1 0.000 (0.000)	Prec@5 8.065 (8.065)
[2026-03-19 21:09:58] Evaluating test...
[2026-03-19 21:10:19] [Eval] Report @step: 1.00 {
    "test__rsum": 288.37209302325584,
    "test__medr": 11.0,
    "test__meanr": 14.461794019933555,
    "test__n_fold_i2t_recall_1": 20.0,
    "test__n_fold_i2t_recall_5": 80.0,
    "test__n_fold_i2t_recall_10": 100.0,
    "test__n_fold_i2t_rsum": 200.0,
    "test__n_fold_i2t_medr": 4.0,
    "test__n_fold_i2t_meanr": 3.7,
    "test__n_fold_t2i_recall_1": 20.0,
    "test__n_fold_t2i_recall_5": 70.0,
    "test__n_fold_t2i_recall_10": 100.0,
    "test__n_fold_t2i_rsum": 190.0,
    "test__n_fold_t2i_medr": 3.0,
    "test__n_fold_t2i_meanr": 3.8,
    "test__i2t_recall_1": 17.60797342192691,
    "test__i2t_recall_5": 71.09634551495017,
    "test__i2t_recall_10": 91.36212624584718,
    "test__i2t_rsum": 180.06644518272427,
    "test__i2t_medr": 4.0,
    "test__i2t_meanr": 5.9933554817275745,
    "test__t2i_recall_1": 26.578073089700997,
    "test__t2i_recall_5": 30.564784053156146,
    "test__t2i_recall_10": 51.16279069767442,
    "test__t2i_rsum": 108.30564784053155,
    "test__t2i_medr": 7.0,
    "test__t2i_meanr": 8.46843853820598,
    "lr": 0.0002,
    "summary": "20.0, 80.0, 100.0, 20.0, 70.0, 100.0, 17.60797342192691, 71.09634551495017, 91.36212624584718, 26.578073089700997, 30.564784053156146, 51.16279069767442"
}
[2026-03-19 21:10:19] Evaluating test...
[2026-03-19 21:10:39] [Eval] Report @step: 1.00 {
    "test__rsum": 387.00906344410873,
    "test__medr": 8.0,
    "test__meanr": 10.2809667673716,
    "test__n_fold_i2t_recall_1": 50.0,
    "test__n_fold_i2t_recall_5": 100.0,
    "test__n_fold_i2t_recall_10": 100.0,
    "test__n_fold_i2t_rsum": 250.0,
    "test__n_fold_i2t_medr": 1.0,
    "test__n_fold_i2t_meanr": 1.7,
    "test__n_fold_t2i_recall_1": 40.0,
    "test__n_fold_t2i_recall_5": 100.0,
    "test__n_fold_t2i_recall_10": 100.0,
    "test__n_fold_t2i_rsum": 240.0,
    "test__n_fold_t2i_medr": 2.0,
    "test__n_fold_t2i_meanr": 1.7,
    "test__i2t_recall_1": 20.241691842900302,
    "test__i2t_recall_5": 79.75830815709969,
    "test__i2t_recall_10": 93.05135951661632,
    "test__i2t_rsum": 193.05135951661632,
    "test__i2t_medr": 4.0,
    "test__i2t_meanr": 5.429003021148036,
    "test__t2i_recall_1": 26.88821752265861,
    "test__t2i_recall_5": 73.41389728096676,
    "test__t2i_recall_10": 93.65558912386707,
    "test__t2i_rsum": 193.95770392749245,
    "test__t2i_medr": 4.0,
    "test__t2i_meanr": 4.851963746223564,
    "lr": 0.0002,
    "summary": "50.0, 100.0, 100.0, 40.0, 100.0, 100.0, 20.241691842900302, 79.75830815709969, 93.05135951661632, 26.88821752265861, 73.41389728096676, 93.65558912386707"
}
[2026-03-19 21:10:39] Evaluating test...
[2026-03-19 21:14:15] [Eval] Report @step: 1.00 {
    "test__rsum": 362.55605381165924,
    "test__medr": 3.0,
    "test__meanr": 19.362107623318387,
    "test__n_fold_i2t_recall_1": 20.0,
    "test__n_fold_i2t_recall_5": 100.0,
    "test__n_fold_i2t_recall_10": 100.0,
    "test__n_fold_i2t_rsum": 220.0,
    "test__n_fold_i2t_medr": 2.0,
    "test__n_fold_i2t_meanr": 1.8,
    "test__n_fold_t2i_recall_1": 80.0,
    "test__n_fold_t2i_recall_5": 80.0,
    "test__n_fold_t2i_recall_10": 100.0,
    "test__n_fold_t2i_rsum": 260.0,
    "test__n_fold_t2i_medr": 1.0,
    "test__n_fold_t2i_meanr": 2.2,
    "test__i2t_recall_1": 7.8475336322869955,
    "test__i2t_recall_5": 63.00448430493274,
    "test__i2t_recall_10": 78.36322869955157,
    "test__i2t_rsum": 149.2152466367713,
    "test__i2t_medr": 2.0,
    "test__i2t_meanr": 5.820627802690583,
    "test__t2i_recall_1": 53.25112107623318,
    "test__t2i_recall_5": 80.04484304932735,
    "test__t2i_recall_10": 80.04484304932735,
    "test__t2i_rsum": 213.3408071748879,
    "test__t2i_medr": 1.0,
    "test__t2i_meanr": 13.541479820627803,
    "lr": 0.0002,
    "summary": "20.0, 100.0, 100.0, 80.0, 80.0, 100.0, 7.8475336322869955, 63.00448430493274, 78.36322869955157, 53.25112107623318, 80.04484304932735, 80.04484304932735"
}
[2026-03-19 21:14:15] Evaluating test...
[2026-03-19 21:14:18] [Eval] Report @step: 1.00 {
    "test__rsum": 221.14285714285714,
    "test__medr": 15.0,
    "test__meanr": 22.42857142857143,
    "test__n_fold_i2t_recall_1": 10.0,
    "test__n_fold_i2t_recall_5": 70.0,
    "test__n_fold_i2t_recall_10": 100.0,
    "test__n_fold_i2t_rsum": 180.0,
    "test__n_fold_i2t_medr": 4.0,
    "test__n_fold_i2t_meanr": 4.3,
    "test__n_fold_t2i_recall_1": 30.0,
    "test__n_fold_t2i_recall_5": 70.0,
    "test__n_fold_t2i_recall_10": 100.0,
    "test__n_fold_t2i_rsum": 200.0,
    "test__n_fold_t2i_medr": 4.0,
    "test__n_fold_t2i_meanr": 4.3,
    "test__i2t_recall_1": 20.571428571428573,
    "test__i2t_recall_5": 48.57142857142857,
    "test__i2t_recall_10": 56.57142857142857,
    "test__i2t_rsum": 125.71428571428571,
    "test__i2t_medr": 6.0,
    "test__i2t_meanr": 10.48,
    "test__t2i_recall_1": 13.714285714285714,
    "test__t2i_recall_5": 24.0,
    "test__t2i_recall_10": 57.714285714285715,
    "test__t2i_rsum": 95.42857142857143,
    "test__t2i_medr": 9.0,
    "test__t2i_meanr": 11.948571428571428,
    "lr": 0.0002,
    "summary": "10.0, 70.0, 100.0, 30.0, 70.0, 100.0, 20.571428571428573, 48.57142857142857, 56.57142857142857, 13.714285714285714, 24.0, 57.714285714285715"
}
[2026-03-19 21:14:18] Evaluating test...
[2026-03-19 21:14:19] [Eval] Report @step: 1.00 {
    "test__rsum": 404.8387096774194,
    "test__medr": 2.0,
    "test__meanr": 12.370967741935484,
    "test__n_fold_i2t_recall_1": 60.0,
    "test__n_fold_i2t_recall_5": 70.0,
    "test__n_fold_i2t_recall_10": 100.0,
    "test__n_fold_i2t_rsum": 230.0,
    "test__n_fold_i2t_medr": 1.0,
    "test__n_fold_i2t_meanr": 2.6,
    "test__n_fold_t2i_recall_1": 60.0,
    "test__n_fold_t2i_recall_5": 100.0,
    "test__n_fold_t2i_recall_10": 100.0,
    "test__n_fold_t2i_rsum": 260.0,
    "test__n_fold_t2i_medr": 1.0,
    "test__n_fold_t2i_meanr": 2.0,
    "test__i2t_recall_1": 56.45161290322581,
    "test__i2t_recall_5": 75.80645161290323,
    "test__i2t_recall_10": 87.09677419354838,
    "test__i2t_rsum": 219.3548387096774,
    "test__i2t_medr": 1.0,
    "test__i2t_meanr": 4.387096774193548,
    "test__t2i_recall_1": 56.45161290322581,
    "test__t2i_recall_5": 64.51612903225806,
    "test__t2i_recall_10": 64.51612903225806,
    "test__t2i_rsum": 185.48387096774195,
    "test__t2i_medr": 1.0,
    "test__t2i_meanr": 7.983870967741935,
    "lr": 0.0002,
    "summary": "60.0, 70.0, 100.0, 60.0, 100.0, 100.0, 56.45161290322581, 75.80645161290323, 87.09677419354838, 56.45161290322581, 64.51612903225806, 64.51612903225806"
}
[2026-03-19 21:14:19] Round 2!
[2026-03-19 21:14:19] Global Training!
[2026-03-19 21:14:21] Training Client 14!
[2026-03-19 21:14:21] Epoch 2
[2026-03-19 21:14:21] Skip local supervised step for client 4: train loader has no full batch
[2026-03-19 21:14:22] Generate Local Representations
[2026-03-19 21:14:22] Training Client 13!
[2026-03-19 21:14:22] Epoch 2
[2026-03-19 21:14:22] Skip local supervised step for client 3: train loader has no full batch
[2026-03-19 21:14:22] Generate Local Representations
[2026-03-19 21:14:23] Training Client 3!
[2026-03-19 21:14:23] Epoch: [2] image	Loss 4.8306 (4.8542)	Prec@1 19.922 (16.927)	Prec@5 56.250 (57.943)
[2026-03-19 21:14:23] Start Intra & Inter Contrasting!
[2026-03-19 21:14:23] TEST:  Epoch: [2] image	Prec@1 20.571 (20.571)	Prec@5 72.571 (72.571)
[2026-03-19 21:14:23] Generate Local Representations
[2026-03-19 21:14:24] Training Client 12!
[2026-03-19 21:14:24] Epoch 2
[2026-03-19 21:14:26] Generate Local Representations
[2026-03-19 21:14:26] Training Client 6!
[2026-03-19 21:14:26] Epoch: [2] text	Loss 4.7175 (4.7481)	Prec@1 10.938 (14.714)	Prec@5 94.141 (81.901)
[2026-03-19 21:14:26] Start Intra & Inter Contrasting!
[2026-03-19 21:14:26] TEST:  Epoch: [2] text	Prec@1 12.000 (11.480)	Prec@5 96.000 (96.375)
[2026-03-19 21:14:27] Generate Local Representations
[2026-03-19 21:14:27] Training Client 10!
[2026-03-19 21:14:27] Epoch 2
[2026-03-19 21:14:29] Generate Local Representations
[2026-03-19 21:14:29] Training Client 8!
[2026-03-19 21:14:29] Epoch: [2] text	Loss 4.9675 (4.9675)	Prec@1 0.000 (0.000)	Prec@5 33.594 (33.594)
[2026-03-19 21:14:29] Start Intra & Inter Contrasting!
[2026-03-19 21:14:29] TEST:  Epoch: [2] text	Prec@1 0.571 (0.571)	Prec@5 47.429 (47.429)
[2026-03-19 21:14:29] Generate Local Representations
[2026-03-19 21:14:30] Training Client 7!
[2026-03-19 21:14:31] Epoch: [2] text	Loss 3.3647 (3.4168)	Prec@1 50.000 (53.791)	Prec@5 99.219 (99.012)
[2026-03-19 21:14:31] Start Intra & Inter Contrasting!
[2026-03-19 21:14:32] TEST:  Epoch: [2] text	Prec@1 60.484 (53.251)	Prec@5 98.387 (98.767)
[2026-03-19 21:14:32] Generate Local Representations
[2026-03-19 21:14:32] Training Client 0!
[2026-03-19 21:14:32] Epoch: [2] image	Loss 4.8971 (4.9416)	Prec@1 13.672 (4.557)	Prec@5 42.969 (41.667)
[2026-03-19 21:14:32] Start Intra & Inter Contrasting!
[2026-03-19 21:14:33] TEST:  Epoch: [2] image	Prec@1 37.778 (41.196)	Prec@5 71.111 (67.774)
[2026-03-19 21:14:33] Generate Local Representations
[2026-03-19 21:14:33] Training Client 4!
[2026-03-19 21:14:33] Epoch: [2] image	Loss 4.9141 (4.9141)	Prec@1 4.297 (4.297)	Prec@5 59.766 (59.766)
[2026-03-19 21:14:33] Start Intra & Inter Contrasting!
[2026-03-19 21:14:34] TEST:  Epoch: [2] image	Prec@1 56.452 (56.452)	Prec@5 56.452 (56.452)
[2026-03-19 21:14:34] Generate Local Representations
[2026-03-19 21:14:34] Training Client 5!
[2026-03-19 21:14:34] Epoch: [2] text	Loss 5.1566 (5.1566)	Prec@1 0.000 (0.000)	Prec@5 0.000 (0.000)
[2026-03-19 21:14:34] Start Intra & Inter Contrasting!
[2026-03-19 21:14:34] TEST:  Epoch: [2] text	Prec@1 0.000 (0.000)	Prec@5 0.000 (0.000)
[2026-03-19 21:14:35] Generate Local Representations
[2026-03-19 21:14:35] Training Client 11!
[2026-03-19 21:14:35] Epoch 2
[2026-03-19 21:14:37] Generate Local Representations
[2026-03-19 21:14:37] Training Client 1!
[2026-03-19 21:14:37] Epoch: [2] image	Loss 4.9332 (4.9332)	Prec@1 14.844 (14.844)	Prec@5 37.891 (37.891)
[2026-03-19 21:14:37] Start Intra & Inter Contrasting!
[2026-03-19 21:14:37] TEST:  Epoch: [2] image	Prec@1 16.000 (14.199)	Prec@5 48.000 (41.994)
[2026-03-19 21:14:38] Generate Local Representations
[2026-03-19 21:14:38] Training Client 2!
[2026-03-19 21:14:38] Epoch: [2] image	Loss 4.6633 (4.7449)	Prec@1 57.031 (49.219)	Prec@5 61.328 (57.031)
[2026-03-19 21:14:38] Start Intra & Inter Contrasting!
[2026-03-19 21:14:39] TEST:  Epoch: [2] image	Prec@1 60.484 (53.251)	Prec@5 80.645 (77.691)
[2026-03-19 21:14:39] Generate Local Representations
[2026-03-19 21:14:40] Training Client 9!
[2026-03-19 21:14:40] Epoch: [2] text	Loss 0.0000 (0.0000)	Prec@1 0.000 (0.000)	Prec@5 0.000 (0.000)
[2026-03-19 21:14:40] Start Intra & Inter Contrasting!
[2026-03-19 21:14:40] TEST:  Epoch: [2] text	Prec@1 0.000 (0.000)	Prec@5 8.065 (8.065)
[2026-03-19 21:14:40] Generate Local Representations
[2026-03-19 21:14:42] start distilling
[2026-03-19 21:14:42] TEST:  Epoch: [2] image	Prec@1 37.778 (41.196)	Prec@5 71.111 (67.774)
[2026-03-19 21:14:43] TEST:  Epoch: [2] image	Prec@1 16.000 (14.199)	Prec@5 48.000 (41.994)
[2026-03-19 21:14:43] TEST:  Epoch: [2] image	Prec@1 60.484 (53.251)	Prec@5 80.645 (77.691)
[2026-03-19 21:14:43] TEST:  Epoch: [2] image	Prec@1 20.571 (20.571)	Prec@5 72.571 (72.571)
[2026-03-19 21:14:43] TEST:  Epoch: [2] image	Prec@1 56.452 (56.452)	Prec@5 56.452 (56.452)
[2026-03-19 21:14:44] TEST:  Epoch: [2] text	Prec@1 0.000 (0.000)	Prec@5 0.000 (0.000)
[2026-03-19 21:14:44] TEST:  Epoch: [2] text	Prec@1 12.000 (11.480)	Prec@5 96.000 (96.375)
[2026-03-19 21:14:44] TEST:  Epoch: [2] text	Prec@1 60.484 (53.251)	Prec@5 98.387 (98.767)
[2026-03-19 21:14:45] TEST:  Epoch: [2] text	Prec@1 0.571 (0.571)	Prec@5 47.429 (47.429)
[2026-03-19 21:14:45] TEST:  Epoch: [2] text	Prec@1 0.000 (0.000)	Prec@5 8.065 (8.065)
[2026-03-19 21:14:45] Evaluating test...
[2026-03-19 21:15:04] [Eval] Report @step: 2.00 {
    "test__rsum": 314.2857142857143,
    "test__medr": 10.0,
    "test__meanr": 11.946843853820598,
    "test__n_fold_i2t_recall_1": 10.0,
    "test__n_fold_i2t_recall_5": 90.0,
    "test__n_fold_i2t_recall_10": 100.0,
    "test__n_fold_i2t_rsum": 200.0,
    "test__n_fold_i2t_medr": 2.0,
    "test__n_fold_i2t_meanr": 3.0,
    "test__n_fold_t2i_recall_1": 20.0,
    "test__n_fold_t2i_recall_5": 70.0,
    "test__n_fold_t2i_recall_10": 100.0,
    "test__n_fold_t2i_rsum": 190.0,
    "test__n_fold_t2i_medr": 3.0,
    "test__n_fold_t2i_meanr": 3.9,
    "test__i2t_recall_1": 24.916943521594686,
    "test__i2t_recall_5": 77.07641196013289,
    "test__i2t_recall_10": 90.36544850498339,
    "test__i2t_rsum": 192.35880398671097,
    "test__i2t_medr": 3.0,
    "test__i2t_meanr": 5.0365448504983386,
    "test__t2i_recall_1": 3.9867109634551494,
    "test__t2i_recall_5": 48.17275747508306,
    "test__t2i_recall_10": 69.76744186046511,
    "test__t2i_rsum": 121.92691029900332,
    "test__t2i_medr": 7.0,
    "test__t2i_meanr": 6.910299003322259,
    "lr": 0.00019945218953682734,
    "summary": "10.0, 90.0, 100.0, 20.0, 70.0, 100.0, 24.916943521594686, 77.07641196013289, 90.36544850498339, 3.9867109634551494, 48.17275747508306, 69.76744186046511"
}
[2026-03-19 21:15:04] Evaluating test...
[2026-03-19 21:15:25] [Eval] Report @step: 2.00 {
    "test__rsum": 365.8610271903323,
    "test__medr": 7.0,
    "test__meanr": 11.66465256797583,
    "test__n_fold_i2t_recall_1": 60.0,
    "test__n_fold_i2t_recall_5": 100.0,
    "test__n_fold_i2t_recall_10": 100.0,
    "test__n_fold_i2t_rsum": 260.0,
    "test__n_fold_i2t_medr": 1.0,
    "test__n_fold_i2t_meanr": 1.5,
    "test__n_fold_t2i_recall_1": 40.0,
    "test__n_fold_t2i_recall_5": 90.0,
    "test__n_fold_t2i_recall_10": 100.0,
    "test__n_fold_t2i_rsum": 230.0,
    "test__n_fold_t2i_medr": 2.0,
    "test__n_fold_t2i_meanr": 2.2,
    "test__i2t_recall_1": 37.764350453172206,
    "test__i2t_recall_5": 55.89123867069486,
    "test__i2t_recall_10": 78.24773413897282,
    "test__i2t_rsum": 171.90332326283988,
    "test__i2t_medr": 4.0,
    "test__i2t_meanr": 7.492447129909365,
    "test__t2i_recall_1": 26.88821752265861,
    "test__t2i_recall_5": 73.41389728096676,
    "test__t2i_recall_10": 93.65558912386707,
    "test__t2i_rsum": 193.95770392749245,
    "test__t2i_medr": 3.0,
    "test__t2i_meanr": 4.172205438066465,
    "lr": 0.00019945218953682734,
    "summary": "60.0, 100.0, 100.0, 40.0, 90.0, 100.0, 37.764350453172206, 55.89123867069486, 78.24773413897282, 26.88821752265861, 73.41389728096676, 93.65558912386707"
}
[2026-03-19 21:15:25] Evaluating test...
[2026-03-19 21:18:53] [Eval] Report @step: 2.00 {
    "test__rsum": 370.8520179372197,
    "test__medr": 4.0,
    "test__meanr": 20.92152466367713,
    "test__n_fold_i2t_recall_1": 80.0,
    "test__n_fold_i2t_recall_5": 100.0,
    "test__n_fold_i2t_recall_10": 100.0,
    "test__n_fold_i2t_rsum": 280.0,
    "test__n_fold_i2t_medr": 1.0,
    "test__n_fold_i2t_meanr": 1.2,
    "test__n_fold_t2i_recall_1": 80.0,
    "test__n_fold_t2i_recall_5": 90.0,
    "test__n_fold_t2i_recall_10": 100.0,
    "test__n_fold_t2i_rsum": 270.0,
    "test__n_fold_t2i_medr": 1.0,
    "test__n_fold_t2i_meanr": 1.8,
    "test__i2t_recall_1": 40.134529147982065,
    "test__i2t_recall_5": 76.45739910313901,
    "test__i2t_recall_10": 87.4439461883408,
    "test__i2t_rsum": 204.03587443946188,
    "test__i2t_medr": 2.0,
    "test__i2t_meanr": 4.5257847533632285,
    "test__t2i_recall_1": 6.726457399103139,
    "test__t2i_recall_5": 80.04484304932735,
    "test__t2i_recall_10": 80.04484304932735,
    "test__t2i_rsum": 166.81614349775785,
    "test__t2i_medr": 2.0,
    "test__t2i_meanr": 16.3957399103139,
    "lr": 0.00019945218953682734,
    "summary": "80.0, 100.0, 100.0, 80.0, 90.0, 100.0, 40.134529147982065, 76.45739910313901, 87.4439461883408, 6.726457399103139, 80.04484304932735, 80.04484304932735"
}
[2026-03-19 21:18:53] Evaluating test...
[2026-03-19 21:18:57] [Eval] Report @step: 2.00 {
    "test__rsum": 273.7142857142857,
    "test__medr": 14.0,
    "test__meanr": 18.034285714285716,
    "test__n_fold_i2t_recall_1": 60.0,
    "test__n_fold_i2t_recall_5": 100.0,
    "test__n_fold_i2t_recall_10": 100.0,
    "test__n_fold_i2t_rsum": 260.0,
    "test__n_fold_i2t_medr": 1.0,
    "test__n_fold_i2t_meanr": 1.5,
    "test__n_fold_t2i_recall_1": 30.0,
    "test__n_fold_t2i_recall_5": 70.0,
    "test__n_fold_t2i_recall_10": 100.0,
    "test__n_fold_t2i_rsum": 200.0,
    "test__n_fold_t2i_medr": 4.0,
    "test__n_fold_t2i_meanr": 4.1,
    "test__i2t_recall_1": 32.57142857142857,
    "test__i2t_recall_5": 74.28571428571429,
    "test__i2t_recall_10": 90.28571428571429,
    "test__i2t_rsum": 197.14285714285717,
    "test__i2t_medr": 3.0,
    "test__i2t_meanr": 4.542857142857143,
    "test__t2i_recall_1": 13.714285714285714,
    "test__t2i_recall_5": 24.0,
    "test__t2i_recall_10": 38.857142857142854,
    "test__t2i_rsum": 76.57142857142857,
    "test__t2i_medr": 11.0,
    "test__t2i_meanr": 13.491428571428571,
    "lr": 0.00019945218953682734,
    "summary": "60.0, 100.0, 100.0, 30.0, 70.0, 100.0, 32.57142857142857, 74.28571428571429, 90.28571428571429, 13.714285714285714, 24.0, 38.857142857142854"
}
[2026-03-19 21:18:57] Evaluating test...
[2026-03-19 21:18:58] [Eval] Report @step: 2.00 {
    "test__rsum": 383.8709677419355,
    "test__medr": 4.0,
    "test__meanr": 14.274193548387096,
    "test__n_fold_i2t_recall_1": 50.0,
    "test__n_fold_i2t_recall_5": 100.0,
    "test__n_fold_i2t_recall_10": 100.0,
    "test__n_fold_i2t_rsum": 250.0,
    "test__n_fold_i2t_medr": 1.0,
    "test__n_fold_i2t_meanr": 1.7,
    "test__n_fold_t2i_recall_1": 60.0,
    "test__n_fold_t2i_recall_5": 90.0,
    "test__n_fold_t2i_recall_10": 100.0,
    "test__n_fold_t2i_rsum": 250.0,
    "test__n_fold_t2i_medr": 1.0,
    "test__n_fold_t2i_meanr": 2.3,
    "test__i2t_recall_1": 35.483870967741936,
    "test__i2t_recall_5": 72.58064516129032,
    "test__i2t_recall_10": 90.3225806451613,
    "test__i2t_rsum": 198.38709677419354,
    "test__i2t_medr": 3.0,
    "test__i2t_meanr": 4.14516129032258,
    "test__t2i_recall_1": 56.45161290322581,
    "test__t2i_recall_5": 64.51612903225806,
    "test__t2i_recall_10": 64.51612903225806,
    "test__t2i_rsum": 185.48387096774195,
    "test__t2i_medr": 1.0,
    "test__t2i_meanr": 10.129032258064516,
    "lr": 0.00019945218953682734,
    "summary": "50.0, 100.0, 100.0, 60.0, 90.0, 100.0, 35.483870967741936, 72.58064516129032, 90.3225806451613, 56.45161290322581, 64.51612903225806, 64.51612903225806"
}
[2026-03-19 21:18:58] Round 3!
[2026-03-19 21:18:58] Global Training!
[2026-03-19 21:19:00] Training Client 8!
[2026-03-19 21:19:00] Epoch: [3] text	Loss 4.9148 (4.9148)	Prec@1 0.000 (0.000)	Prec@5 59.375 (59.375)
[2026-03-19 21:19:00] Start Intra & Inter Contrasting!
[2026-03-19 21:19:00] TEST:  Epoch: [3] text	Prec@1 2.857 (2.857)	Prec@5 48.571 (48.571)
[2026-03-19 21:19:00] Generate Local Representations
[2026-03-19 21:19:01] Training Client 1!
[2026-03-19 21:19:01] Epoch: [3] image	Loss 4.8788 (4.8788)	Prec@1 14.062 (14.062)	Prec@5 40.234 (40.234)
[2026-03-19 21:19:01] Start Intra & Inter Contrasting!
[2026-03-19 21:19:01] TEST:  Epoch: [3] image	Prec@1 17.333 (15.710)	Prec@5 56.000 (49.547)
[2026-03-19 21:19:01] Generate Local Representations
[2026-03-19 21:19:02] Training Client 9!
[2026-03-19 21:19:02] Epoch: [3] text	Loss 0.0000 (0.0000)	Prec@1 0.000 (0.000)	Prec@5 0.000 (0.000)
[2026-03-19 21:19:02] Start Intra & Inter Contrasting!
[2026-03-19 21:19:02] TEST:  Epoch: [3] text	Prec@1 0.000 (0.000)	Prec@5 8.065 (8.065)
[2026-03-19 21:19:02] Generate Local Representations
[2026-03-19 21:19:02] Training Client 10!
[2026-03-19 21:19:02] Epoch 3
[2026-03-19 21:19:04] Generate Local Representations
[2026-03-19 21:19:04] Training Client 14!
[2026-03-19 21:19:04] Epoch 3
[2026-03-19 21:19:04] Skip local supervised step for client 4: train loader has no full batch
[2026-03-19 21:19:04] Generate Local Representations
[2026-03-19 21:19:04] Training Client 13!
[2026-03-19 21:19:05] Epoch 3
[2026-03-19 21:19:05] Skip local supervised step for client 3: train loader has no full batch
[2026-03-19 21:19:05] Generate Local Representations
[2026-03-19 21:19:05] Training Client 4!
[2026-03-19 21:19:05] Epoch: [3] image	Loss 4.7931 (4.7931)	Prec@1 58.203 (58.203)	Prec@5 58.594 (58.594)
[2026-03-19 21:19:05] Start Intra & Inter Contrasting!
[2026-03-19 21:19:06] TEST:  Epoch: [3] image	Prec@1 56.452 (56.452)	Prec@5 56.452 (56.452)
[2026-03-19 21:19:06] Generate Local Representations
[2026-03-19 21:19:06] Training Client 6!
[2026-03-19 21:19:06] Epoch: [3] text	Loss 4.4688 (4.5228)	Prec@1 19.531 (17.188)	Prec@5 97.656 (96.484)
[2026-03-19 21:19:06] Start Intra & Inter Contrasting!
[2026-03-19 21:19:07] TEST:  Epoch: [3] text	Prec@1 37.333 (38.369)	Prec@5 96.000 (96.375)
[2026-03-19 21:19:07] Generate Local Representations
[2026-03-19 21:19:07] Training Client 5!
[2026-03-19 21:19:07] Epoch: [3] text	Loss 5.0733 (5.0733)	Prec@1 0.000 (0.000)	Prec@5 0.000 (0.000)
[2026-03-19 21:19:07] Start Intra & Inter Contrasting!
[2026-03-19 21:19:08] TEST:  Epoch: [3] text	Prec@1 0.000 (0.000)	Prec@5 24.444 (31.561)
[2026-03-19 21:19:08] Generate Local Representations
[2026-03-19 21:19:08] Training Client 0!
[2026-03-19 21:19:08] Epoch: [3] image	Loss 4.5846 (4.6340)	Prec@1 41.406 (42.578)	Prec@5 69.531 (70.443)
[2026-03-19 21:19:08] Start Intra & Inter Contrasting!
[2026-03-19 21:19:09] TEST:  Epoch: [3] image	Prec@1 37.778 (41.196)	Prec@5 84.444 (85.050)
[2026-03-19 21:19:09] Generate Local Representations
[2026-03-19 21:19:09] Training Client 3!
[2026-03-19 21:19:09] Epoch: [3] image	Loss 4.6265 (4.6622)	Prec@1 25.391 (22.656)	Prec@5 81.641 (80.339)
[2026-03-19 21:19:09] Start Intra & Inter Contrasting!
[2026-03-19 21:19:10] TEST:  Epoch: [3] image	Prec@1 20.000 (20.000)	Prec@5 86.286 (86.286)
[2026-03-19 21:19:10] Generate Local Representations
[2026-03-19 21:19:10] Training Client 11!
[2026-03-19 21:19:10] Epoch 3
[2026-03-19 21:19:12] Generate Local Representations
[2026-03-19 21:19:12] Training Client 12!
[2026-03-19 21:19:12] Epoch 3
[2026-03-19 21:19:14] Generate Local Representations
[2026-03-19 21:19:14] Training Client 7!
[2026-03-19 21:19:16] Epoch: [3] text	Loss 3.2964 (3.1818)	Prec@1 49.609 (53.768)	Prec@5 98.047 (99.127)
[2026-03-19 21:19:16] Start Intra & Inter Contrasting!
[2026-03-19 21:19:17] TEST:  Epoch: [3] text	Prec@1 60.484 (53.251)	Prec@5 98.387 (98.767)
[2026-03-19 21:19:17] Generate Local Representations
[2026-03-19 21:19:17] Training Client 2!
[2026-03-19 21:19:18] Epoch: [3] image	Loss 4.2858 (4.3846)	Prec@1 55.859 (53.255)	Prec@5 85.938 (82.031)
[2026-03-19 21:19:18] Start Intra & Inter Contrasting!
[2026-03-19 21:19:18] TEST:  Epoch: [3] image	Prec@1 60.484 (53.251)	Prec@5 93.548 (90.919)
[2026-03-19 21:19:19] Generate Local Representations
[2026-03-19 21:19:21] start distilling
[2026-03-19 21:19:21] TEST:  Epoch: [3] image	Prec@1 37.778 (41.196)	Prec@5 84.444 (85.050)
[2026-03-19 21:19:21] TEST:  Epoch: [3] image	Prec@1 17.333 (15.710)	Prec@5 56.000 (49.547)
[2026-03-19 21:19:22] TEST:  Epoch: [3] image	Prec@1 60.484 (53.251)	Prec@5 93.548 (90.919)
[2026-03-19 21:19:22] TEST:  Epoch: [3] image	Prec@1 20.000 (20.000)	Prec@5 86.286 (86.286)
[2026-03-19 21:19:22] TEST:  Epoch: [3] image	Prec@1 56.452 (56.452)	Prec@5 56.452 (56.452)
[2026-03-19 21:19:23] TEST:  Epoch: [3] text	Prec@1 0.000 (0.000)	Prec@5 24.444 (31.561)
[2026-03-19 21:19:23] TEST:  Epoch: [3] text	Prec@1 37.333 (38.369)	Prec@5 96.000 (96.375)
[2026-03-19 21:19:23] TEST:  Epoch: [3] text	Prec@1 60.484 (53.251)	Prec@5 98.387 (98.767)
[2026-03-19 21:19:24] TEST:  Epoch: [3] text	Prec@1 2.857 (2.857)	Prec@5 48.571 (48.571)
[2026-03-19 21:19:24] TEST:  Epoch: [3] text	Prec@1 0.000 (0.000)	Prec@5 8.065 (8.065)
[2026-03-19 21:19:24] Evaluating test...
[2026-03-19 21:19:43] [Eval] Report @step: 3.00 {
    "test__rsum": 294.68438538205976,
    "test__medr": 9.0,
    "test__meanr": 15.794019933554816,
    "test__n_fold_i2t_recall_1": 30.0,
    "test__n_fold_i2t_recall_5": 90.0,
    "test__n_fold_i2t_recall_10": 100.0,
    "test__n_fold_i2t_rsum": 220.0,
    "test__n_fold_i2t_medr": 3.0,
    "test__n_fold_i2t_meanr": 3.5,
    "test__n_fold_t2i_recall_1": 0.0,
    "test__n_fold_t2i_recall_5": 70.0,
    "test__n_fold_t2i_recall_10": 100.0,
    "test__n_fold_t2i_rsum": 170.0,
    "test__n_fold_t2i_medr": 3.0,
    "test__n_fold_t2i_meanr": 3.8,
    "test__i2t_recall_1": 17.60797342192691,
    "test__i2t_recall_5": 66.77740863787375,
    "test__i2t_recall_10": 73.421926910299,
    "test__i2t_rsum": 157.80730897009965,
    "test__i2t_medr": 3.0,
    "test__i2t_meanr": 8.598006644518271,
    "test__t2i_recall_1": 26.578073089700997,
    "test__t2i_recall_5": 48.83720930232558,
    "test__t2i_recall_10": 61.461794019933556,
    "test__t2i_rsum": 136.87707641196013,
    "test__t2i_medr": 6.0,
    "test__t2i_meanr": 7.196013289036545,
    "lr": 0.00019781476007338058,
    "summary": "30.0, 90.0, 100.0, 0.0, 70.0, 100.0, 17.60797342192691, 66.77740863787375, 73.421926910299, 26.578073089700997, 48.83720930232558, 61.461794019933556"
}
[2026-03-19 21:19:43] Evaluating test...
[2026-03-19 21:20:04] [Eval] Report @step: 3.00 {
    "test__rsum": 344.10876132930514,
    "test__medr": 10.0,
    "test__meanr": 12.746223564954683,
    "test__n_fold_i2t_recall_1": 50.0,
    "test__n_fold_i2t_recall_5": 100.0,
    "test__n_fold_i2t_recall_10": 100.0,
    "test__n_fold_i2t_rsum": 250.0,
    "test__n_fold_i2t_medr": 1.0,
    "test__n_fold_i2t_meanr": 1.5,
    "test__n_fold_t2i_recall_1": 40.0,
    "test__n_fold_t2i_recall_5": 90.0,
    "test__n_fold_t2i_recall_10": 100.0,
    "test__n_fold_t2i_rsum": 230.0,
    "test__n_fold_t2i_medr": 2.0,
    "test__n_fold_t2i_meanr": 2.2,
    "test__i2t_recall_1": 25.981873111782477,
    "test__i2t_recall_5": 60.725075528700906,
    "test__i2t_recall_10": 86.10271903323263,
    "test__i2t_rsum": 172.809667673716,
    "test__i2t_medr": 5.0,
    "test__i2t_meanr": 7.293051359516617,
    "test__t2i_recall_1": 27.794561933534744,
    "test__t2i_recall_5": 55.58912386706949,
    "test__t2i_recall_10": 87.91540785498489,
    "test__t2i_rsum": 171.29909365558913,
    "test__t2i_medr": 5.0,
    "test__t2i_meanr": 5.453172205438066,
    "lr": 0.00019781476007338058,
    "summary": "50.0, 100.0, 100.0, 40.0, 90.0, 100.0, 25.981873111782477, 60.725075528700906, 86.10271903323263, 27.794561933534744, 55.58912386706949, 87.91540785498489"
}
[2026-03-19 21:20:04] Evaluating test...
[2026-03-19 21:23:28] [Eval] Report @step: 3.00 {
    "test__rsum": 405.9417040358744,
    "test__medr": 4.0,
    "test__meanr": 29.418161434977577,
    "test__n_fold_i2t_recall_1": 70.0,
    "test__n_fold_i2t_recall_5": 100.0,
    "test__n_fold_i2t_recall_10": 100.0,
    "test__n_fold_i2t_rsum": 270.0,
    "test__n_fold_i2t_medr": 1.0,
    "test__n_fold_i2t_meanr": 1.3,
    "test__n_fold_t2i_recall_1": 80.0,
    "test__n_fold_t2i_recall_5": 100.0,
    "test__n_fold_t2i_recall_10": 100.0,
    "test__n_fold_t2i_rsum": 280.0,
    "test__n_fold_t2i_medr": 1.0,
    "test__n_fold_t2i_meanr": 1.5,
    "test__i2t_recall_1": 48.99103139013453,
    "test__i2t_recall_5": 74.10313901345292,
    "test__i2t_recall_10": 84.52914798206278,
    "test__i2t_rsum": 207.62331838565024,
    "test__i2t_medr": 2.0,
    "test__i2t_meanr": 7.013452914798206,
    "test__t2i_recall_1": 47.6457399103139,
    "test__t2i_recall_5": 74.55156950672645,
    "test__t2i_recall_10": 76.12107623318386,
    "test__t2i_rsum": 198.3183856502242,
    "test__t2i_medr": 2.0,
    "test__t2i_meanr": 22.404708520179373,
    "lr": 0.00019781476007338058,
    "summary": "70.0, 100.0, 100.0, 80.0, 100.0, 100.0, 48.99103139013453, 74.10313901345292, 84.52914798206278, 47.6457399103139, 74.55156950672645, 76.12107623318386"
}
[2026-03-19 21:23:28] Evaluating test...
[2026-03-19 21:23:33] [Eval] Report @step: 3.00 {
    "test__rsum": 354.2857142857143,
    "test__medr": 7.0,
    "test__meanr": 11.125714285714285,
    "test__n_fold_i2t_recall_1": 10.0,
    "test__n_fold_i2t_recall_5": 90.0,
    "test__n_fold_i2t_recall_10": 100.0,
    "test__n_fold_i2t_rsum": 200.0,
    "test__n_fold_i2t_medr": 3.0,
    "test__n_fold_i2t_meanr": 3.4,
    "test__n_fold_t2i_recall_1": 40.0,
    "test__n_fold_t2i_recall_5": 70.0,
    "test__n_fold_t2i_recall_10": 100.0,
    "test__n_fold_t2i_rsum": 210.0,
    "test__n_fold_t2i_medr": 2.0,
    "test__n_fold_t2i_meanr": 3.5,
    "test__i2t_recall_1": 27.428571428571427,
    "test__i2t_recall_5": 64.57142857142857,
    "test__i2t_recall_10": 82.28571428571429,
    "test__i2t_rsum": 174.28571428571428,
    "test__i2t_medr": 4.0,
    "test__i2t_meanr": 5.862857142857143,
    "test__t2i_recall_1": 12.0,
    "test__t2i_recall_5": 76.57142857142857,
    "test__t2i_recall_10": 91.42857142857143,
    "test__t2i_rsum": 180.0,
    "test__t2i_medr": 3.0,
    "test__t2i_meanr": 5.2628571428571425,
    "lr": 0.00019781476007338058,
    "summary": "10.0, 90.0, 100.0, 40.0, 70.0, 100.0, 27.428571428571427, 64.57142857142857, 82.28571428571429, 12.0, 76.57142857142857, 91.42857142857143"
}
[2026-03-19 21:23:33] Evaluating test...
[2026-03-19 21:23:34] [Eval] Report @step: 3.00 {
    "test__rsum": 377.41935483870964,
    "test__medr": 3.0,
    "test__meanr": 13.258064516129032,
    "test__n_fold_i2t_recall_1": 80.0,
    "test__n_fold_i2t_recall_5": 100.0,
    "test__n_fold_i2t_recall_10": 100.0,
    "test__n_fold_i2t_rsum": 280.0,
    "test__n_fold_i2t_medr": 1.0,
    "test__n_fold_i2t_meanr": 1.5,
    "test__n_fold_t2i_recall_1": 60.0,
    "test__n_fold_t2i_recall_5": 90.0,
    "test__n_fold_t2i_recall_10": 100.0,
    "test__n_fold_t2i_rsum": 250.0,
    "test__n_fold_t2i_medr": 1.0,
    "test__n_fold_t2i_meanr": 2.0,
    "test__i2t_recall_1": 29.032258064516128,
    "test__i2t_recall_5": 80.64516129032258,
    "test__i2t_recall_10": 88.70967741935483,
    "test__i2t_rsum": 198.38709677419354,
    "test__i2t_medr": 2.0,
    "test__i2t_meanr": 3.8225806451612905,
    "test__t2i_recall_1": 56.45161290322581,
    "test__t2i_recall_5": 56.45161290322581,
    "test__t2i_recall_10": 66.12903225806451,
    "test__t2i_rsum": 179.03225806451613,
    "test__t2i_medr": 1.0,
    "test__t2i_meanr": 9.435483870967742,
    "lr": 0.00019781476007338058,
    "summary": "80.0, 100.0, 100.0, 60.0, 90.0, 100.0, 29.032258064516128, 80.64516129032258, 88.70967741935483, 56.45161290322581, 56.45161290322581, 66.12903225806451"
}
[2026-03-19 21:23:35] Round 4!
[2026-03-19 21:23:35] Global Training!
[2026-03-19 21:23:36] Training Client 12!
[2026-03-19 21:23:36] Epoch 4
[2026-03-19 21:23:38] Generate Local Representations
[2026-03-19 21:23:38] Training Client 13!
[2026-03-19 21:23:38] Epoch 4
[2026-03-19 21:23:38] Skip local supervised step for client 3: train loader has no full batch
[2026-03-19 21:23:39] Generate Local Representations
[2026-03-19 21:23:39] Training Client 8!
[2026-03-19 21:23:39] Epoch: [4] text	Loss 4.8894 (4.8894)	Prec@1 5.078 (5.078)	Prec@5 54.688 (54.688)
[2026-03-19 21:23:39] Start Intra & Inter Contrasting!
[2026-03-19 21:23:40] TEST:  Epoch: [4] text	Prec@1 17.143 (17.143)	Prec@5 49.714 (49.714)
[2026-03-19 21:23:40] Generate Local Representations
[2026-03-19 21:23:40] Training Client 7!
[2026-03-19 21:23:42] Epoch: [4] text	Loss 3.0330 (3.1129)	Prec@1 55.859 (53.653)	Prec@5 100.000 (99.081)
[2026-03-19 21:23:42] Start Intra & Inter Contrasting!
[2026-03-19 21:23:43] TEST:  Epoch: [4] text	Prec@1 60.484 (53.251)	Prec@5 98.387 (98.767)
[2026-03-19 21:23:43] Generate Local Representations
[2026-03-19 21:23:43] Training Client 10!
[2026-03-19 21:23:43] Epoch 4
[2026-03-19 21:23:44] Generate Local Representations
[2026-03-19 21:23:45] Training Client 4!
[2026-03-19 21:23:45] Epoch: [4] image	Loss 4.6416 (4.6416)	Prec@1 60.547 (60.547)	Prec@5 61.328 (61.328)
[2026-03-19 21:23:45] Start Intra & Inter Contrasting!
[2026-03-19 21:23:45] TEST:  Epoch: [4] image	Prec@1 56.452 (56.452)	Prec@5 58.065 (58.065)
[2026-03-19 21:23:45] Generate Local Representations
[2026-03-19 21:23:45] Training Client 11!
[2026-03-19 21:23:45] Epoch 4
[2026-03-19 21:23:48] Generate Local Representations
[2026-03-19 21:23:48] Training Client 0!
[2026-03-19 21:23:48] Epoch: [4] image	Loss 4.2705 (4.3289)	Prec@1 42.969 (43.229)	Prec@5 82.812 (84.635)
[2026-03-19 21:23:48] Start Intra & Inter Contrasting!
[2026-03-19 21:23:49] TEST:  Epoch: [4] image	Prec@1 37.778 (41.196)	Prec@5 84.444 (85.382)
[2026-03-19 21:23:49] Generate Local Representations
[2026-03-19 21:23:49] Training Client 2!
[2026-03-19 21:23:49] Epoch: [4] image	Loss 3.9176 (4.0355)	Prec@1 57.812 (54.688)	Prec@5 92.188 (91.797)
[2026-03-19 21:23:49] Start Intra & Inter Contrasting!
[2026-03-19 21:23:50] TEST:  Epoch: [4] image	Prec@1 60.484 (53.251)	Prec@5 93.548 (91.480)
[2026-03-19 21:23:50] Generate Local Representations
[2026-03-19 21:23:51] Training Client 3!
[2026-03-19 21:23:51] Epoch: [4] image	Loss 4.4396 (4.4775)	Prec@1 29.297 (27.474)	Prec@5 89.844 (90.495)
[2026-03-19 21:23:51] Start Intra & Inter Contrasting!
[2026-03-19 21:23:51] TEST:  Epoch: [4] image	Prec@1 20.000 (20.000)	Prec@5 89.714 (89.714)
[2026-03-19 21:23:51] Generate Local Representations
[2026-03-19 21:23:51] Training Client 9!
[2026-03-19 21:23:51] Epoch: [4] text	Loss 0.0000 (0.0000)	Prec@1 0.000 (0.000)	Prec@5 0.000 (0.000)
[2026-03-19 21:23:51] Start Intra & Inter Contrasting!
[2026-03-19 21:23:52] TEST:  Epoch: [4] text	Prec@1 0.000 (0.000)	Prec@5 1.613 (1.613)
[2026-03-19 21:23:52] Generate Local Representations
[2026-03-19 21:23:52] Training Client 5!
[2026-03-19 21:23:52] Epoch: [4] text	Loss 4.9910 (4.9910)	Prec@1 0.000 (0.000)	Prec@5 30.469 (30.469)
[2026-03-19 21:23:52] Start Intra & Inter Contrasting!
[2026-03-19 21:23:52] TEST:  Epoch: [4] text	Prec@1 2.222 (0.332)	Prec@5 42.222 (47.841)
[2026-03-19 21:23:53] Generate Local Representations
[2026-03-19 21:23:53] Training Client 6!
[2026-03-19 21:23:53] Epoch: [4] text	Loss 4.2636 (4.3011)	Prec@1 31.641 (33.464)	Prec@5 95.312 (96.354)
[2026-03-19 21:23:53] Start Intra & Inter Contrasting!
[2026-03-19 21:23:54] TEST:  Epoch: [4] text	Prec@1 30.667 (32.931)	Prec@5 96.000 (96.375)
[2026-03-19 21:23:54] Generate Local Representations
[2026-03-19 21:23:54] Training Client 1!
[2026-03-19 21:23:54] Epoch: [4] image	Loss 4.8133 (4.8133)	Prec@1 12.891 (12.891)	Prec@5 46.094 (46.094)
[2026-03-19 21:23:54] Start Intra & Inter Contrasting!
[2026-03-19 21:23:54] TEST:  Epoch: [4] image	Prec@1 30.667 (27.492)	Prec@5 77.333 (73.716)
[2026-03-19 21:23:55] Generate Local Representations
[2026-03-19 21:23:55] Training Client 14!
[2026-03-19 21:23:55] Epoch 4
[2026-03-19 21:23:55] Skip local supervised step for client 4: train loader has no full batch
[2026-03-19 21:23:55] Generate Local Representations
[2026-03-19 21:23:57] start distilling
[2026-03-19 21:23:58] TEST:  Epoch: [4] image	Prec@1 37.778 (41.196)	Prec@5 84.444 (85.382)
[2026-03-19 21:23:58] TEST:  Epoch: [4] image	Prec@1 30.667 (27.492)	Prec@5 77.333 (73.716)
[2026-03-19 21:23:58] TEST:  Epoch: [4] image	Prec@1 60.484 (53.251)	Prec@5 93.548 (91.480)
[2026-03-19 21:23:59] TEST:  Epoch: [4] image	Prec@1 20.000 (20.000)	Prec@5 89.714 (89.714)
[2026-03-19 21:23:59] TEST:  Epoch: [4] image	Prec@1 56.452 (56.452)	Prec@5 58.065 (58.065)
[2026-03-19 21:23:59] TEST:  Epoch: [4] text	Prec@1 2.222 (0.332)	Prec@5 42.222 (47.841)
[2026-03-19 21:23:59] TEST:  Epoch: [4] text	Prec@1 30.667 (32.931)	Prec@5 96.000 (96.375)
[2026-03-19 21:24:00] TEST:  Epoch: [4] text	Prec@1 60.484 (53.251)	Prec@5 98.387 (98.767)
[2026-03-19 21:24:00] TEST:  Epoch: [4] text	Prec@1 17.143 (17.143)	Prec@5 49.714 (49.714)
[2026-03-19 21:24:00] TEST:  Epoch: [4] text	Prec@1 0.000 (0.000)	Prec@5 1.613 (1.613)
[2026-03-19 21:24:00] Evaluating test...
[2026-03-19 21:24:20] [Eval] Report @step: 4.00 {
    "test__rsum": 300.0,
    "test__medr": 11.0,
    "test__meanr": 13.279069767441861,
    "test__n_fold_i2t_recall_1": 10.0,
    "test__n_fold_i2t_recall_5": 80.0,
    "test__n_fold_i2t_recall_10": 100.0,
    "test__n_fold_i2t_rsum": 190.0,
    "test__n_fold_i2t_medr": 3.0,
    "test__n_fold_i2t_meanr": 3.6,
    "test__n_fold_t2i_recall_1": 10.0,
    "test__n_fold_t2i_recall_5": 90.0,
    "test__n_fold_t2i_recall_10": 100.0,
    "test__n_fold_t2i_rsum": 200.0,
    "test__n_fold_t2i_medr": 3.0,
    "test__n_fold_t2i_meanr": 3.2,
    "test__i2t_recall_1": 19.601328903654483,
    "test__i2t_recall_5": 82.39202657807309,
    "test__i2t_recall_10": 94.01993355481727,
    "test__i2t_rsum": 196.01328903654485,
    "test__i2t_medr": 4.0,
    "test__i2t_meanr": 5.358803986710964,
    "test__t2i_recall_1": 3.9867109634551494,
    "test__t2i_recall_5": 48.17275747508306,
    "test__t2i_recall_10": 51.82724252491694,
    "test__t2i_rsum": 103.98671096345515,
    "test__t2i_medr": 7.0,
    "test__t2i_meanr": 7.920265780730897,
    "lr": 0.00019510565162951537,
    "summary": "10.0, 80.0, 100.0, 10.0, 90.0, 100.0, 19.601328903654483, 82.39202657807309, 94.01993355481727, 3.9867109634551494, 48.17275747508306, 51.82724252491694"
}
[2026-03-19 21:24:20] Evaluating test...
[2026-03-19 21:24:40] [Eval] Report @step: 4.00 {
    "test__rsum": 356.19335347432025,
    "test__medr": 9.0,
    "test__meanr": 16.154078549848943,
    "test__n_fold_i2t_recall_1": 10.0,
    "test__n_fold_i2t_recall_5": 100.0,
    "test__n_fold_i2t_recall_10": 100.0,
    "test__n_fold_i2t_rsum": 210.0,
    "test__n_fold_i2t_medr": 2.0,
    "test__n_fold_i2t_meanr": 2.7,
    "test__n_fold_t2i_recall_1": 40.0,
    "test__n_fold_t2i_recall_5": 90.0,
    "test__n_fold_t2i_recall_10": 100.0,
    "test__n_fold_t2i_rsum": 230.0,
    "test__n_fold_t2i_medr": 2.0,
    "test__n_fold_t2i_meanr": 2.1,
    "test__i2t_recall_1": 26.58610271903323,
    "test__i2t_recall_5": 37.764350453172206,
    "test__i2t_recall_10": 70.09063444108762,
    "test__i2t_rsum": 134.44108761329306,
    "test__i2t_medr": 7.0,
    "test__i2t_meanr": 12.770392749244714,
    "test__t2i_recall_1": 33.8368580060423,
    "test__t2i_recall_5": 93.65558912386707,
    "test__t2i_recall_10": 94.25981873111782,
    "test__t2i_rsum": 221.75226586102718,
    "test__t2i_medr": 2.0,
    "test__t2i_meanr": 3.3836858006042294,
    "lr": 0.00019510565162951537,
    "summary": "10.0, 100.0, 100.0, 40.0, 90.0, 100.0, 26.58610271903323, 37.764350453172206, 70.09063444108762, 33.8368580060423, 93.65558912386707, 94.25981873111782"
}
[2026-03-19 21:24:40] Evaluating test...
[2026-03-19 21:28:07] [Eval] Report @step: 4.00 {
    "test__rsum": 389.68609865470853,
    "test__medr": 4.0,
    "test__meanr": 16.943946188340806,
    "test__n_fold_i2t_recall_1": 80.0,
    "test__n_fold_i2t_recall_5": 80.0,
    "test__n_fold_i2t_recall_10": 100.0,
    "test__n_fold_i2t_rsum": 260.0,
    "test__n_fold_i2t_medr": 1.0,
    "test__n_fold_i2t_meanr": 2.4,
    "test__n_fold_t2i_recall_1": 80.0,
    "test__n_fold_t2i_recall_5": 100.0,
    "test__n_fold_t2i_recall_10": 100.0,
    "test__n_fold_t2i_rsum": 280.0,
    "test__n_fold_t2i_medr": 1.0,
    "test__n_fold_t2i_meanr": 1.5,
    "test__i2t_recall_1": 55.044843049327355,
    "test__i2t_recall_5": 68.83408071748879,
    "test__i2t_recall_10": 83.07174887892377,
    "test__i2t_rsum": 206.95067264573993,
    "test__i2t_medr": 1.0,
    "test__i2t_meanr": 6.559417040358745,
    "test__t2i_recall_1": 21.41255605381166,
    "test__t2i_recall_5": 80.04484304932735,
    "test__t2i_recall_10": 81.27802690582959,
    "test__t2i_rsum": 182.7354260089686,
    "test__t2i_medr": 3.0,
    "test__t2i_meanr": 10.384529147982063,
    "lr": 0.00019510565162951537,
    "summary": "80.0, 80.0, 100.0, 80.0, 100.0, 100.0, 55.044843049327355, 68.83408071748879, 83.07174887892377, 21.41255605381166, 80.04484304932735, 81.27802690582959"
}
[2026-03-19 21:28:07] Evaluating test...
[2026-03-19 21:28:12] [Eval] Report @step: 4.00 {
    "test__rsum": 252.57142857142858,
    "test__medr": 15.0,
    "test__meanr": 24.942857142857143,
    "test__n_fold_i2t_recall_1": 70.0,
    "test__n_fold_i2t_recall_5": 80.0,
    "test__n_fold_i2t_recall_10": 100.0,
    "test__n_fold_i2t_rsum": 250.0,
    "test__n_fold_i2t_medr": 1.0,
    "test__n_fold_i2t_meanr": 2.6,
    "test__n_fold_t2i_recall_1": 30.0,
    "test__n_fold_t2i_recall_5": 80.0,
    "test__n_fold_t2i_recall_10": 100.0,
    "test__n_fold_t2i_rsum": 210.0,
    "test__n_fold_t2i_medr": 4.0,
    "test__n_fold_t2i_meanr": 3.9,
    "test__i2t_recall_1": 20.571428571428573,
    "test__i2t_recall_5": 57.142857142857146,
    "test__i2t_recall_10": 74.85714285714286,
    "test__i2t_rsum": 152.57142857142858,
    "test__i2t_medr": 5.0,
    "test__i2t_meanr": 9.337142857142856,
    "test__t2i_recall_1": 13.714285714285714,
    "test__t2i_recall_5": 36.0,
    "test__t2i_recall_10": 50.285714285714285,
    "test__t2i_rsum": 100.0,
    "test__t2i_medr": 10.0,
    "test__t2i_meanr": 15.605714285714285,
    "lr": 0.00019510565162951537,
    "summary": "70.0, 80.0, 100.0, 30.0, 80.0, 100.0, 20.571428571428573, 57.142857142857146, 74.85714285714286, 13.714285714285714, 36.0, 50.285714285714285"
}
[2026-03-19 21:28:12] Evaluating test...
[2026-03-19 21:28:13] [Eval] Report @step: 4.00 {
    "test__rsum": 332.258064516129,
    "test__medr": 7.0,
    "test__meanr": 16.338709677419356,
    "test__n_fold_i2t_recall_1": 20.0,
    "test__n_fold_i2t_recall_5": 100.0,
    "test__n_fold_i2t_recall_10": 100.0,
    "test__n_fold_i2t_rsum": 220.0,
    "test__n_fold_i2t_medr": 3.0,
    "test__n_fold_i2t_meanr": 3.3,
    "test__n_fold_t2i_recall_1": 60.0,
    "test__n_fold_t2i_recall_5": 90.0,
    "test__n_fold_t2i_recall_10": 100.0,
    "test__n_fold_t2i_rsum": 250.0,
    "test__n_fold_t2i_medr": 1.0,
    "test__n_fold_t2i_meanr": 2.6,
    "test__i2t_recall_1": 17.741935483870968,
    "test__i2t_recall_5": 40.32258064516129,
    "test__i2t_recall_10": 88.70967741935483,
    "test__i2t_rsum": 146.77419354838707,
    "test__i2t_medr": 6.0,
    "test__i2t_meanr": 6.080645161290323,
    "test__t2i_recall_1": 56.45161290322581,
    "test__t2i_recall_5": 64.51612903225806,
    "test__t2i_recall_10": 64.51612903225806,
    "test__t2i_rsum": 185.48387096774195,
    "test__t2i_medr": 1.0,
    "test__t2i_meanr": 10.258064516129032,
    "lr": 0.00019510565162951537,
    "summary": "20.0, 100.0, 100.0, 60.0, 90.0, 100.0, 17.741935483870968, 40.32258064516129, 88.70967741935483, 56.45161290322581, 64.51612903225806, 64.51612903225806"
}
[2026-03-19 21:28:14] Round 5!
[2026-03-19 21:28:14] Global Training!
[2026-03-19 21:28:15] Training Client 2!
[2026-03-19 21:28:16] Epoch: [5] image	Loss 3.6769 (3.7945)	Prec@1 57.031 (53.516)	Prec@5 91.406 (92.839)
[2026-03-19 21:28:16] Start Intra & Inter Contrasting!
[2026-03-19 21:28:16] TEST:  Epoch: [5] image	Prec@1 60.484 (53.251)	Prec@5 93.548 (91.480)
[2026-03-19 21:28:17] Generate Local Representations
[2026-03-19 21:28:17] Training Client 4!
[2026-03-19 21:28:17] Epoch: [5] image	Loss 4.5155 (4.5155)	Prec@1 59.375 (59.375)	Prec@5 60.156 (60.156)
[2026-03-19 21:28:17] Start Intra & Inter Contrasting!
[2026-03-19 21:28:17] TEST:  Epoch: [5] image	Prec@1 56.452 (56.452)	Prec@5 58.065 (58.065)
[2026-03-19 21:28:18] Generate Local Representations
[2026-03-19 21:28:18] Training Client 6!
[2026-03-19 21:28:18] Epoch: [5] text	Loss 4.0482 (4.1026)	Prec@1 31.250 (31.771)	Prec@5 95.703 (95.964)
[2026-03-19 21:28:18] Start Intra & Inter Contrasting!
[2026-03-19 21:28:18] TEST:  Epoch: [5] text	Prec@1 30.667 (32.931)	Prec@5 96.000 (96.375)
[2026-03-19 21:28:19] Generate Local Representations
[2026-03-19 21:28:19] Training Client 9!
[2026-03-19 21:28:19] Epoch: [5] text	Loss 0.0000 (0.0000)	Prec@1 0.000 (0.000)	Prec@5 0.000 (0.000)
[2026-03-19 21:28:19] Start Intra & Inter Contrasting!
[2026-03-19 21:28:19] TEST:  Epoch: [5] text	Prec@1 0.000 (0.000)	Prec@5 1.613 (1.613)
[2026-03-19 21:28:19] Generate Local Representations
[2026-03-19 21:28:20] Training Client 8!
[2026-03-19 21:28:20] Epoch: [5] text	Loss 4.8455 (4.8455)	Prec@1 22.656 (22.656)	Prec@5 55.078 (55.078)
[2026-03-19 21:28:20] Start Intra & Inter Contrasting!
[2026-03-19 21:28:20] TEST:  Epoch: [5] text	Prec@1 20.000 (20.000)	Prec@5 57.714 (57.714)
[2026-03-19 21:28:20] Generate Local Representations
[2026-03-19 21:28:20] Training Client 13!
[2026-03-19 21:28:20] Epoch 5
[2026-03-19 21:28:20] Skip local supervised step for client 3: train loader has no full batch
[2026-03-19 21:28:21] Generate Local Representations
[2026-03-19 21:28:21] Training Client 11!
[2026-03-19 21:28:21] Epoch 5
[2026-03-19 21:28:23] Generate Local Representations
[2026-03-19 21:28:23] Training Client 0!
[2026-03-19 21:28:23] Epoch: [5] image	Loss 4.0801 (4.0990)	Prec@1 39.844 (41.146)	Prec@5 85.156 (85.807)
[2026-03-19 21:28:23] Start Intra & Inter Contrasting!
[2026-03-19 21:28:24] TEST:  Epoch: [5] image	Prec@1 37.778 (41.196)	Prec@5 88.889 (88.372)
[2026-03-19 21:28:24] Generate Local Representations
[2026-03-19 21:28:24] Training Client 3!
[2026-03-19 21:28:24] Epoch: [5] image	Loss 4.2907 (4.3073)	Prec@1 27.734 (28.385)	Prec@5 90.625 (92.188)
[2026-03-19 21:28:24] Start Intra & Inter Contrasting!
[2026-03-19 21:28:25] TEST:  Epoch: [5] image	Prec@1 20.000 (20.000)	Prec@5 89.714 (89.714)
[2026-03-19 21:28:25] Generate Local Representations
[2026-03-19 21:28:25] Training Client 5!
[2026-03-19 21:28:25] Epoch: [5] text	Loss 4.9187 (4.9187)	Prec@1 0.000 (0.000)	Prec@5 46.484 (46.484)
[2026-03-19 21:28:25] Start Intra & Inter Contrasting!
[2026-03-19 21:28:26] TEST:  Epoch: [5] text	Prec@1 13.333 (16.611)	Prec@5 71.111 (67.774)
[2026-03-19 21:28:26] Generate Local Representations
[2026-03-19 21:28:26] Training Client 14!
[2026-03-19 21:28:26] Epoch 5
[2026-03-19 21:28:26] Skip local supervised step for client 4: train loader has no full batch
[2026-03-19 21:28:27] Generate Local Representations
[2026-03-19 21:28:27] Training Client 1!
[2026-03-19 21:28:27] Epoch: [5] image	Loss 4.7458 (4.7458)	Prec@1 26.562 (26.562)	Prec@5 70.312 (70.312)
[2026-03-19 21:28:27] Start Intra & Inter Contrasting!
[2026-03-19 21:28:28] TEST:  Epoch: [5] image	Prec@1 30.667 (26.888)	Prec@5 78.667 (74.924)
[2026-03-19 21:28:28] Generate Local Representations
[2026-03-19 21:28:28] Training Client 12!
[2026-03-19 21:28:28] Epoch 5
[2026-03-19 21:28:30] Generate Local Representations
[2026-03-19 21:28:30] Training Client 10!
[2026-03-19 21:28:30] Epoch 5
[2026-03-19 21:28:32] Generate Local Representations
[2026-03-19 21:28:32] Training Client 7!
[2026-03-19 21:28:33] Epoch: [5] text	Loss 2.9569 (3.0665)	Prec@1 57.812 (53.768)	Prec@5 99.609 (99.127)
[2026-03-19 21:28:33] Start Intra & Inter Contrasting!
[2026-03-19 21:28:34] TEST:  Epoch: [5] text	Prec@1 60.484 (53.251)	Prec@5 98.387 (98.767)
[2026-03-19 21:28:34] Generate Local Representations
[2026-03-19 21:28:36] start distilling
[2026-03-19 21:28:36] TEST:  Epoch: [5] image	Prec@1 37.778 (41.196)	Prec@5 88.889 (88.372)
[2026-03-19 21:28:37] TEST:  Epoch: [5] image	Prec@1 30.667 (26.888)	Prec@5 78.667 (74.924)
[2026-03-19 21:28:37] TEST:  Epoch: [5] image	Prec@1 60.484 (53.251)	Prec@5 93.548 (91.480)
[2026-03-19 21:28:37] TEST:  Epoch: [5] image	Prec@1 20.000 (20.000)	Prec@5 89.714 (89.714)
[2026-03-19 21:28:37] TEST:  Epoch: [5] image	Prec@1 56.452 (56.452)	Prec@5 58.065 (58.065)
[2026-03-19 21:28:38] TEST:  Epoch: [5] text	Prec@1 13.333 (16.611)	Prec@5 71.111 (67.774)
[2026-03-19 21:28:38] TEST:  Epoch: [5] text	Prec@1 30.667 (32.931)	Prec@5 96.000 (96.375)
[2026-03-19 21:28:38] TEST:  Epoch: [5] text	Prec@1 60.484 (53.251)	Prec@5 98.387 (98.767)
[2026-03-19 21:28:38] TEST:  Epoch: [5] text	Prec@1 20.000 (20.000)	Prec@5 57.714 (57.714)
[2026-03-19 21:28:38] TEST:  Epoch: [5] text	Prec@1 0.000 (0.000)	Prec@5 1.613 (1.613)
[2026-03-19 21:28:38] Evaluating test...
[2026-03-19 21:28:58] [Eval] Report @step: 5.00 {
    "test__rsum": 298.3388704318937,
    "test__medr": 10.0,
    "test__meanr": 14.086378737541528,
    "test__n_fold_i2t_recall_1": 10.0,
    "test__n_fold_i2t_recall_5": 100.0,
    "test__n_fold_i2t_recall_10": 100.0,
    "test__n_fold_i2t_rsum": 210.0,
    "test__n_fold_i2t_medr": 3.0,
    "test__n_fold_i2t_meanr": 3.3,
    "test__n_fold_t2i_recall_1": 10.0,
    "test__n_fold_t2i_recall_5": 90.0,
    "test__n_fold_t2i_recall_10": 100.0,
    "test__n_fold_t2i_rsum": 200.0,
    "test__n_fold_t2i_medr": 3.0,
    "test__n_fold_t2i_meanr": 3.5,
    "test__i2t_recall_1": 41.86046511627907,
    "test__i2t_recall_5": 73.421926910299,
    "test__i2t_recall_10": 79.734219269103,
    "test__i2t_rsum": 195.01661129568106,
    "test__i2t_medr": 3.0,
    "test__i2t_meanr": 6.926910299003322,
    "test__t2i_recall_1": 3.9867109634551494,
    "test__t2i_recall_5": 48.17275747508306,
    "test__t2i_recall_10": 51.16279069767442,
    "test__t2i_rsum": 103.32225913621264,
    "test__t2i_medr": 7.0,
    "test__t2i_meanr": 7.159468438538206,
    "lr": 0.00019135454576426006,
    "summary": "10.0, 100.0, 100.0, 10.0, 90.0, 100.0, 41.86046511627907, 73.421926910299, 79.734219269103, 3.9867109634551494, 48.17275747508306, 51.16279069767442"
}
[2026-03-19 21:28:58] Evaluating test...
[2026-03-19 21:29:19] [Eval] Report @step: 5.00 {
    "test__rsum": 368.8821752265861,
    "test__medr": 6.0,
    "test__meanr": 13.939577039274925,
    "test__n_fold_i2t_recall_1": 50.0,
    "test__n_fold_i2t_recall_5": 90.0,
    "test__n_fold_i2t_recall_10": 100.0,
    "test__n_fold_i2t_rsum": 240.0,
    "test__n_fold_i2t_medr": 1.0,
    "test__n_fold_i2t_meanr": 2.0,
    "test__n_fold_t2i_recall_1": 40.0,
    "test__n_fold_t2i_recall_5": 100.0,
    "test__n_fold_t2i_recall_10": 100.0,
    "test__n_fold_t2i_rsum": 240.0,
    "test__n_fold_t2i_medr": 2.0,
    "test__n_fold_t2i_meanr": 1.8,
    "test__i2t_recall_1": 20.845921450151057,
    "test__i2t_recall_5": 77.94561933534743,
    "test__i2t_recall_10": 83.08157099697885,
    "test__i2t_rsum": 181.87311178247734,
    "test__i2t_medr": 3.0,
    "test__i2t_meanr": 8.755287009063444,
    "test__t2i_recall_1": 12.386706948640484,
    "test__t2i_recall_5": 80.96676737160121,
    "test__t2i_recall_10": 93.65558912386707,
    "test__t2i_rsum": 187.00906344410876,
    "test__t2i_medr": 3.0,
    "test__t2i_meanr": 5.18429003021148,
    "lr": 0.00019135454576426006,
    "summary": "50.0, 90.0, 100.0, 40.0, 100.0, 100.0, 20.845921450151057, 77.94561933534743, 83.08157099697885, 12.386706948640484, 80.96676737160121, 93.65558912386707"
}
[2026-03-19 21:29:19] Evaluating test...
[2026-03-19 21:32:37] [Eval] Report @step: 5.00 {
    "test__rsum": 379.37219730941706,
    "test__medr": 5.0,
    "test__meanr": 18.776905829596412,
    "test__n_fold_i2t_recall_1": 70.0,
    "test__n_fold_i2t_recall_5": 100.0,
    "test__n_fold_i2t_recall_10": 100.0,
    "test__n_fold_i2t_rsum": 270.0,
    "test__n_fold_i2t_medr": 1.0,
    "test__n_fold_i2t_meanr": 1.3,
    "test__n_fold_t2i_recall_1": 80.0,
    "test__n_fold_t2i_recall_5": 100.0,
    "test__n_fold_t2i_recall_10": 100.0,
    "test__n_fold_t2i_rsum": 280.0,
    "test__n_fold_t2i_medr": 1.0,
    "test__n_fold_t2i_meanr": 1.5,
    "test__i2t_recall_1": 43.16143497757847,
    "test__i2t_recall_5": 73.99103139013452,
    "test__i2t_recall_10": 88.67713004484305,
    "test__i2t_rsum": 205.82959641255604,
    "test__i2t_medr": 2.0,
    "test__i2t_meanr": 7.75,
    "test__t2i_recall_1": 11.771300448430493,
    "test__t2i_recall_5": 80.4932735426009,
    "test__t2i_recall_10": 81.27802690582959,
    "test__t2i_rsum": 173.542600896861,
    "test__t2i_medr": 3.0,
    "test__t2i_meanr": 11.026905829596412,
    "lr": 0.00019135454576426006,
    "summary": "70.0, 100.0, 100.0, 80.0, 100.0, 100.0, 43.16143497757847, 73.99103139013452, 88.67713004484305, 11.771300448430493, 80.4932735426009, 81.27802690582959"
}
[2026-03-19 21:32:37] Evaluating test...
[2026-03-19 21:32:41] [Eval] Report @step: 5.00 {
    "test__rsum": 258.28571428571433,
    "test__medr": 13.0,
    "test__meanr": 22.897142857142857,
    "test__n_fold_i2t_recall_1": 50.0,
    "test__n_fold_i2t_recall_5": 90.0,
    "test__n_fold_i2t_recall_10": 100.0,
    "test__n_fold_i2t_rsum": 240.0,
    "test__n_fold_i2t_medr": 1.0,
    "test__n_fold_i2t_meanr": 2.4,
    "test__n_fold_t2i_recall_1": 30.0,
    "test__n_fold_t2i_recall_5": 70.0,
    "test__n_fold_t2i_recall_10": 100.0,
    "test__n_fold_t2i_rsum": 200.0,
    "test__n_fold_t2i_medr": 4.0,
    "test__n_fold_t2i_meanr": 3.9,
    "test__i2t_recall_1": 27.428571428571427,
    "test__i2t_recall_5": 60.57142857142857,
    "test__i2t_recall_10": 83.42857142857143,
    "test__i2t_rsum": 171.42857142857144,
    "test__i2t_medr": 3.0,
    "test__i2t_meanr": 6.32,
    "test__t2i_recall_1": 13.142857142857142,
    "test__t2i_recall_5": 22.285714285714285,
    "test__t2i_recall_10": 51.42857142857143,
    "test__t2i_rsum": 86.85714285714286,
    "test__t2i_medr": 10.0,
    "test__t2i_meanr": 16.577142857142857,
    "lr": 0.00019135454576426006,
    "summary": "50.0, 90.0, 100.0, 30.0, 70.0, 100.0, 27.428571428571427, 60.57142857142857, 83.42857142857143, 13.142857142857142, 22.285714285714285, 51.42857142857143"
}
[2026-03-19 21:32:41] Evaluating test...
[2026-03-19 21:32:43] [Eval] Report @step: 5.00 {
    "test__rsum": 390.3225806451613,
    "test__medr": 3.0,
    "test__meanr": 11.919354838709676,
    "test__n_fold_i2t_recall_1": 80.0,
    "test__n_fold_i2t_recall_5": 100.0,
    "test__n_fold_i2t_recall_10": 100.0,
    "test__n_fold_i2t_rsum": 280.0,
    "test__n_fold_i2t_medr": 1.0,
    "test__n_fold_i2t_meanr": 1.4,
    "test__n_fold_t2i_recall_1": 60.0,
    "test__n_fold_t2i_recall_5": 90.0,
    "test__n_fold_t2i_recall_10": 100.0,
    "test__n_fold_t2i_rsum": 250.0,
    "test__n_fold_t2i_medr": 1.0,
    "test__n_fold_t2i_meanr": 2.3,
    "test__i2t_recall_1": 19.35483870967742,
    "test__i2t_recall_5": 83.87096774193549,
    "test__i2t_recall_10": 95.16129032258064,
    "test__i2t_rsum": 198.38709677419354,
    "test__i2t_medr": 2.0,
    "test__i2t_meanr": 4.080645161290322,
    "test__t2i_recall_1": 56.45161290322581,
    "test__t2i_recall_5": 62.903225806451616,
    "test__t2i_recall_10": 72.58064516129032,
    "test__t2i_rsum": 191.93548387096774,
    "test__t2i_medr": 1.0,
    "test__t2i_meanr": 7.838709677419355,
    "lr": 0.00019135454576426006,
    "summary": "80.0, 100.0, 100.0, 60.0, 90.0, 100.0, 19.35483870967742, 83.87096774193549, 95.16129032258064, 56.45161290322581, 62.903225806451616, 72.58064516129032"
}
[2026-03-19 21:32:43] Round 6!
[2026-03-19 21:32:43] Global Training!
[2026-03-19 21:32:45] Training Client 2!
[2026-03-19 21:32:45] Epoch: [6] image	Loss 3.6494 (3.6312)	Prec@1 50.391 (53.906)	Prec@5 93.359 (91.797)
[2026-03-19 21:32:45] Start Intra & Inter Contrasting!
[2026-03-19 21:32:46] TEST:  Epoch: [6] image	Prec@1 60.484 (53.251)	Prec@5 93.548 (91.480)
[2026-03-19 21:32:46] Generate Local Representations
[2026-03-19 21:32:46] Training Client 14!
[2026-03-19 21:32:46] Epoch 6
[2026-03-19 21:32:46] Skip local supervised step for client 4: train loader has no full batch
[2026-03-19 21:32:47] Generate Local Representations
[2026-03-19 21:32:47] Training Client 5!
[2026-03-19 21:32:47] Epoch: [6] text	Loss 4.8368 (4.8368)	Prec@1 15.234 (15.234)	Prec@5 64.844 (64.844)
[2026-03-19 21:32:47] Start Intra & Inter Contrasting!
[2026-03-19 21:32:48] TEST:  Epoch: [6] text	Prec@1 37.778 (41.196)	Prec@5 75.556 (74.419)
[2026-03-19 21:32:48] Generate Local Representations
[2026-03-19 21:32:48] Training Client 11!
[2026-03-19 21:32:48] Epoch 6
[2026-03-19 21:32:50] Generate Local Representations
[2026-03-19 21:32:50] Training Client 12!
[2026-03-19 21:32:50] Epoch 6
[2026-03-19 21:32:52] Generate Local Representations
[2026-03-19 21:32:52] Training Client 7!
[2026-03-19 21:32:53] Epoch: [6] text	Loss 3.1165 (3.0406)	Prec@1 50.391 (53.837)	Prec@5 99.609 (99.081)
[2026-03-19 21:32:53] Start Intra & Inter Contrasting!
[2026-03-19 21:32:54] TEST:  Epoch: [6] text	Prec@1 60.484 (53.251)	Prec@5 98.387 (98.767)
[2026-03-19 21:32:55] Generate Local Representations
[2026-03-19 21:32:55] Training Client 13!
[2026-03-19 21:32:55] Epoch 6
[2026-03-19 21:32:55] Skip local supervised step for client 3: train loader has no full batch
[2026-03-19 21:32:55] Generate Local Representations
[2026-03-19 21:32:56] Training Client 6!
[2026-03-19 21:32:56] Epoch: [6] text	Loss 3.8627 (3.9281)	Prec@1 32.031 (30.990)	Prec@5 98.047 (96.484)
[2026-03-19 21:32:56] Start Intra & Inter Contrasting!
[2026-03-19 21:32:56] TEST:  Epoch: [6] text	Prec@1 30.667 (32.931)	Prec@5 96.000 (96.375)
[2026-03-19 21:32:57] Generate Local Representations
[2026-03-19 21:32:57] Training Client 3!
[2026-03-19 21:32:57] Epoch: [6] image	Loss 4.1389 (4.1603)	Prec@1 28.125 (28.385)	Prec@5 91.797 (92.188)
[2026-03-19 21:32:57] Start Intra & Inter Contrasting!
[2026-03-19 21:32:57] TEST:  Epoch: [6] image	Prec@1 20.000 (20.000)	Prec@5 89.714 (89.714)
[2026-03-19 21:32:58] Generate Local Representations
[2026-03-19 21:32:58] Training Client 0!
[2026-03-19 21:32:58] Epoch: [6] image	Loss 3.8830 (3.8937)	Prec@1 40.625 (41.406)	Prec@5 90.625 (91.016)
[2026-03-19 21:32:58] Start Intra & Inter Contrasting!
[2026-03-19 21:32:58] TEST:  Epoch: [6] image	Prec@1 37.778 (41.196)	Prec@5 88.889 (89.037)
[2026-03-19 21:32:59] Generate Local Representations
[2026-03-19 21:32:59] Training Client 10!
[2026-03-19 21:32:59] Epoch 6
[2026-03-19 21:33:00] Generate Local Representations
[2026-03-19 21:33:00] Training Client 1!
[2026-03-19 21:33:00] Epoch: [6] image	Loss 4.6936 (4.6936)	Prec@1 23.438 (23.438)	Prec@5 71.484 (71.484)
[2026-03-19 21:33:00] Start Intra & Inter Contrasting!
[2026-03-19 21:33:01] TEST:  Epoch: [6] image	Prec@1 30.667 (26.888)	Prec@5 84.000 (81.571)
[2026-03-19 21:33:01] Generate Local Representations
[2026-03-19 21:33:01] Training Client 9!
[2026-03-19 21:33:01] Epoch: [6] text	Loss 0.0000 (0.0000)	Prec@1 0.000 (0.000)	Prec@5 0.000 (0.000)
[2026-03-19 21:33:01] Start Intra & Inter Contrasting!
[2026-03-19 21:33:01] TEST:  Epoch: [6] text	Prec@1 0.000 (0.000)	Prec@5 1.613 (1.613)
[2026-03-19 21:33:02] Generate Local Representations
[2026-03-19 21:33:02] Training Client 8!
[2026-03-19 21:33:02] Epoch: [6] text	Loss 4.7873 (4.7873)	Prec@1 28.516 (28.516)	Prec@5 61.719 (61.719)
[2026-03-19 21:33:02] Start Intra & Inter Contrasting!
[2026-03-19 21:33:02] TEST:  Epoch: [6] text	Prec@1 20.000 (20.000)	Prec@5 64.000 (64.000)
[2026-03-19 21:33:03] Generate Local Representations
[2026-03-19 21:33:03] Training Client 4!
[2026-03-19 21:33:03] Epoch: [6] image	Loss 4.3824 (4.3824)	Prec@1 59.766 (59.766)	Prec@5 62.109 (62.109)
[2026-03-19 21:33:03] Start Intra & Inter Contrasting!
[2026-03-19 21:33:03] TEST:  Epoch: [6] image	Prec@1 56.452 (56.452)	Prec@5 70.968 (70.968)
[2026-03-19 21:33:04] Generate Local Representations
[2026-03-19 21:33:05] start distilling
[2026-03-19 21:33:06] TEST:  Epoch: [6] image	Prec@1 37.778 (41.196)	Prec@5 88.889 (89.037)
[2026-03-19 21:33:06] TEST:  Epoch: [6] image	Prec@1 30.667 (26.888)	Prec@5 84.000 (81.571)
[2026-03-19 21:33:07] TEST:  Epoch: [6] image	Prec@1 60.484 (53.251)	Prec@5 93.548 (91.480)
[2026-03-19 21:33:07] TEST:  Epoch: [6] image	Prec@1 20.000 (20.000)	Prec@5 89.714 (89.714)
[2026-03-19 21:33:07] TEST:  Epoch: [6] image	Prec@1 56.452 (56.452)	Prec@5 70.968 (70.968)
[2026-03-19 21:33:07] TEST:  Epoch: [6] text	Prec@1 37.778 (41.196)	Prec@5 75.556 (74.419)
[2026-03-19 21:33:07] TEST:  Epoch: [6] text	Prec@1 30.667 (32.931)	Prec@5 96.000 (96.375)
[2026-03-19 21:33:08] TEST:  Epoch: [6] text	Prec@1 60.484 (53.251)	Prec@5 98.387 (98.767)
[2026-03-19 21:33:08] TEST:  Epoch: [6] text	Prec@1 20.000 (20.000)	Prec@5 64.000 (64.000)
[2026-03-19 21:33:08] TEST:  Epoch: [6] text	Prec@1 0.000 (0.000)	Prec@5 1.613 (1.613)
[2026-03-19 21:33:08] Evaluating test...
[2026-03-19 21:33:28] [Eval] Report @step: 6.00 {
    "test__rsum": 336.54485049833886,
    "test__medr": 9.0,
    "test__meanr": 11.853820598006646,
    "test__n_fold_i2t_recall_1": 20.0,
    "test__n_fold_i2t_recall_5": 100.0,
    "test__n_fold_i2t_recall_10": 100.0,
    "test__n_fold_i2t_rsum": 220.0,
    "test__n_fold_i2t_medr": 2.0,
    "test__n_fold_i2t_meanr": 2.5,
    "test__n_fold_t2i_recall_1": 50.0,
    "test__n_fold_t2i_recall_5": 70.0,
    "test__n_fold_t2i_recall_10": 100.0,
    "test__n_fold_t2i_rsum": 220.0,
    "test__n_fold_t2i_medr": 2.0,
    "test__n_fold_t2i_meanr": 3.6,
    "test__i2t_recall_1": 9.634551495016611,
    "test__i2t_recall_5": 53.15614617940199,
    "test__i2t_recall_10": 96.34551495016612,
    "test__i2t_rsum": 159.13621262458472,
    "test__i2t_medr": 5.0,
    "test__i2t_meanr": 6.0066445182724255,
    "test__t2i_recall_1": 24.58471760797342,
    "test__t2i_recall_5": 64.45182724252491,
    "test__t2i_recall_10": 88.37209302325581,
    "test__t2i_rsum": 177.40863787375415,
    "test__t2i_medr": 4.0,
    "test__t2i_meanr": 5.847176079734219,
    "lr": 0.00018660254037844388,
    "summary": "20.0, 100.0, 100.0, 50.0, 70.0, 100.0, 9.634551495016611, 53.15614617940199, 96.34551495016612, 24.58471760797342, 64.45182724252491, 88.37209302325581"
}
[2026-03-19 21:33:28] Evaluating test...
[2026-03-19 21:33:49] [Eval] Report @step: 6.00 {
    "test__rsum": 296.0725075528701,
    "test__medr": 9.0,
    "test__meanr": 21.861027190332326,
    "test__n_fold_i2t_recall_1": 40.0,
    "test__n_fold_i2t_recall_5": 100.0,
    "test__n_fold_i2t_recall_10": 100.0,
    "test__n_fold_i2t_rsum": 240.0,
    "test__n_fold_i2t_medr": 2.0,
    "test__n_fold_i2t_meanr": 1.9,
    "test__n_fold_t2i_recall_1": 50.0,
    "test__n_fold_t2i_recall_5": 100.0,
    "test__n_fold_t2i_recall_10": 100.0,
    "test__n_fold_t2i_rsum": 250.0,
    "test__n_fold_t2i_medr": 1.0,
    "test__n_fold_t2i_meanr": 1.9,
    "test__i2t_recall_1": 28.09667673716012,
    "test__i2t_recall_5": 51.661631419939575,
    "test__i2t_recall_10": 67.06948640483384,
    "test__i2t_rsum": 146.82779456193353,
    "test__i2t_medr": 5.0,
    "test__i2t_meanr": 9.622356495468278,
    "test__t2i_recall_1": 26.88821752265861,
    "test__t2i_recall_5": 59.818731117824775,
    "test__t2i_recall_10": 62.53776435045317,
    "test__t2i_rsum": 149.24471299093656,
    "test__t2i_medr": 4.0,
    "test__t2i_meanr": 12.238670694864048,
    "lr": 0.00018660254037844388,
    "summary": "40.0, 100.0, 100.0, 50.0, 100.0, 100.0, 28.09667673716012, 51.661631419939575, 67.06948640483384, 26.88821752265861, 59.818731117824775, 62.53776435045317"
}
[2026-03-19 21:33:49] Evaluating test...
[2026-03-19 21:37:15] [Eval] Report @step: 6.00 {
    "test__rsum": 398.9910313901345,
    "test__medr": 3.0,
    "test__meanr": 15.143497757847534,
    "test__n_fold_i2t_recall_1": 80.0,
    "test__n_fold_i2t_recall_5": 100.0,
    "test__n_fold_i2t_recall_10": 100.0,
    "test__n_fold_i2t_rsum": 280.0,
    "test__n_fold_i2t_medr": 1.0,
    "test__n_fold_i2t_meanr": 1.2,
    "test__n_fold_t2i_recall_1": 80.0,
    "test__n_fold_t2i_recall_5": 80.0,
    "test__n_fold_t2i_recall_10": 100.0,
    "test__n_fold_t2i_rsum": 260.0,
    "test__n_fold_t2i_medr": 1.0,
    "test__n_fold_t2i_meanr": 2.1,
    "test__i2t_recall_1": 46.0762331838565,
    "test__i2t_recall_5": 77.24215246636771,
    "test__i2t_recall_10": 86.43497757847534,
    "test__i2t_rsum": 209.75336322869956,
    "test__i2t_medr": 2.0,
    "test__i2t_meanr": 5.375560538116592,
    "test__t2i_recall_1": 53.25112107623318,
    "test__t2i_recall_5": 60.31390134529148,
    "test__t2i_recall_10": 75.67264573991031,
    "test__t2i_rsum": 189.23766816143495,
    "test__t2i_medr": 1.0,
    "test__t2i_meanr": 9.76793721973094,
    "lr": 0.00018660254037844388,
    "summary": "80.0, 100.0, 100.0, 80.0, 80.0, 100.0, 46.0762331838565, 77.24215246636771, 86.43497757847534, 53.25112107623318, 60.31390134529148, 75.67264573991031"
}
[2026-03-19 21:37:15] Evaluating test...
[2026-03-19 21:37:20] [Eval] Report @step: 6.00 {
    "test__rsum": 326.85714285714283,
    "test__medr": 9.0,
    "test__meanr": 11.851428571428572,
    "test__n_fold_i2t_recall_1": 40.0,
    "test__n_fold_i2t_recall_5": 80.0,
    "test__n_fold_i2t_recall_10": 100.0,
    "test__n_fold_i2t_rsum": 220.0,
    "test__n_fold_i2t_medr": 2.0,
    "test__n_fold_i2t_meanr": 3.2,
    "test__n_fold_t2i_recall_1": 40.0,
    "test__n_fold_t2i_recall_5": 60.0,
    "test__n_fold_t2i_recall_10": 100.0,
    "test__n_fold_t2i_rsum": 200.0,
    "test__n_fold_t2i_medr": 2.0,
    "test__n_fold_t2i_meanr": 4.0,
    "test__i2t_recall_1": 18.285714285714285,
    "test__i2t_recall_5": 44.0,
    "test__i2t_recall_10": 68.0,
    "test__i2t_rsum": 130.28571428571428,
    "test__i2t_medr": 6.0,
    "test__i2t_meanr": 7.954285714285715,
    "test__t2i_recall_1": 21.714285714285715,
    "test__t2i_recall_5": 81.14285714285714,
    "test__t2i_recall_10": 93.71428571428571,
    "test__t2i_rsum": 196.57142857142856,
    "test__t2i_medr": 3.0,
    "test__t2i_meanr": 3.8971428571428572,
    "lr": 0.00018660254037844388,
    "summary": "40.0, 80.0, 100.0, 40.0, 60.0, 100.0, 18.285714285714285, 44.0, 68.0, 21.714285714285715, 81.14285714285714, 93.71428571428571"
}
[2026-03-19 21:37:20] Evaluating test...
[2026-03-19 21:37:21] [Eval] Report @step: 6.00 {
    "test__rsum": 400.0,
    "test__medr": 2.0,
    "test__meanr": 12.483870967741936,
    "test__n_fold_i2t_recall_1": 70.0,
    "test__n_fold_i2t_recall_5": 100.0,
    "test__n_fold_i2t_recall_10": 100.0,
    "test__n_fold_i2t_rsum": 270.0,
    "test__n_fold_i2t_medr": 1.0,
    "test__n_fold_i2t_meanr": 1.8,
    "test__n_fold_t2i_recall_1": 70.0,
    "test__n_fold_t2i_recall_5": 100.0,
    "test__n_fold_t2i_recall_10": 100.0,
    "test__n_fold_t2i_rsum": 270.0,
    "test__n_fold_t2i_medr": 1.0,
    "test__n_fold_t2i_meanr": 1.4,
    "test__i2t_recall_1": 51.61290322580645,
    "test__i2t_recall_5": 64.51612903225806,
    "test__i2t_recall_10": 72.58064516129032,
    "test__i2t_rsum": 188.70967741935482,
    "test__i2t_medr": 1.0,
    "test__i2t_meanr": 6.548387096774194,
    "test__t2i_recall_1": 58.064516129032256,
    "test__t2i_recall_5": 67.74193548387096,
    "test__t2i_recall_10": 85.48387096774194,
    "test__t2i_rsum": 211.29032258064515,
    "test__t2i_medr": 1.0,
    "test__t2i_meanr": 5.935483870967742,
    "lr": 0.00018660254037844388,
    "summary": "70.0, 100.0, 100.0, 70.0, 100.0, 100.0, 51.61290322580645, 64.51612903225806, 72.58064516129032, 58.064516129032256, 67.74193548387096, 85.48387096774194"
}
[2026-03-19 21:37:21] Round 7!
[2026-03-19 21:37:21] Global Training!
[2026-03-19 21:37:23] Training Client 8!
[2026-03-19 21:37:23] Epoch: [7] text	Loss 4.7302 (4.7302)	Prec@1 28.125 (28.125)	Prec@5 69.922 (69.922)
[2026-03-19 21:37:23] Start Intra & Inter Contrasting!
[2026-03-19 21:37:23] TEST:  Epoch: [7] text	Prec@1 20.000 (20.000)	Prec@5 71.429 (71.429)
[2026-03-19 21:37:24] Generate Local Representations
[2026-03-19 21:37:24] Training Client 5!
[2026-03-19 21:37:24] Epoch: [7] text	Loss 4.7252 (4.7252)	Prec@1 41.016 (41.016)	Prec@5 74.609 (74.609)
[2026-03-19 21:37:24] Start Intra & Inter Contrasting!
[2026-03-19 21:37:24] TEST:  Epoch: [7] text	Prec@1 37.778 (41.196)	Prec@5 82.222 (82.392)
[2026-03-19 21:37:24] Generate Local Representations
[2026-03-19 21:37:24] Training Client 14!
[2026-03-19 21:37:25] Epoch 7
[2026-03-19 21:37:25] Skip local supervised step for client 4: train loader has no full batch
[2026-03-19 21:37:25] Generate Local Representations
[2026-03-19 21:37:25] Training Client 9!
[2026-03-19 21:37:25] Epoch: [7] text	Loss 0.0000 (0.0000)	Prec@1 0.000 (0.000)	Prec@5 0.000 (0.000)
[2026-03-19 21:37:25] Start Intra & Inter Contrasting!
[2026-03-19 21:37:25] TEST:  Epoch: [7] text	Prec@1 0.000 (0.000)	Prec@5 1.613 (1.613)
[2026-03-19 21:37:26] Generate Local Representations
[2026-03-19 21:37:26] Training Client 6!
[2026-03-19 21:37:26] Epoch: [7] text	Loss 3.7630 (3.8027)	Prec@1 31.641 (30.859)	Prec@5 96.094 (96.354)
[2026-03-19 21:37:26] Start Intra & Inter Contrasting!
[2026-03-19 21:37:26] TEST:  Epoch: [7] text	Prec@1 30.667 (32.931)	Prec@5 96.000 (96.375)
[2026-03-19 21:37:27] Generate Local Representations
[2026-03-19 21:37:27] Training Client 1!
[2026-03-19 21:37:27] Epoch: [7] image	Loss 4.6233 (4.6233)	Prec@1 25.781 (25.781)	Prec@5 77.734 (77.734)
[2026-03-19 21:37:27] Start Intra & Inter Contrasting!
[2026-03-19 21:37:27] TEST:  Epoch: [7] image	Prec@1 30.667 (26.888)	Prec@5 92.000 (91.843)
[2026-03-19 21:37:28] Generate Local Representations
[2026-03-19 21:37:28] Training Client 13!
[2026-03-19 21:37:28] Epoch 7
[2026-03-19 21:37:28] Skip local supervised step for client 3: train loader has no full batch
[2026-03-19 21:37:28] Generate Local Representations
[2026-03-19 21:37:29] Training Client 2!
[2026-03-19 21:37:29] Epoch: [7] image	Loss 3.4872 (3.5525)	Prec@1 55.859 (53.385)	Prec@5 89.844 (91.406)
[2026-03-19 21:37:29] Start Intra & Inter Contrasting!
[2026-03-19 21:37:30] TEST:  Epoch: [7] image	Prec@1 60.484 (53.251)	Prec@5 93.548 (91.592)
[2026-03-19 21:37:30] Generate Local Representations
[2026-03-19 21:37:30] Training Client 0!
[2026-03-19 21:37:30] Epoch: [7] image	Loss 3.7035 (3.7595)	Prec@1 42.578 (42.057)	Prec@5 93.359 (91.536)
[2026-03-19 21:37:30] Start Intra & Inter Contrasting!
[2026-03-19 21:37:31] TEST:  Epoch: [7] image	Prec@1 37.778 (41.196)	Prec@5 93.333 (93.688)
[2026-03-19 21:37:31] Generate Local Representations
[2026-03-19 21:37:31] Training Client 12!
[2026-03-19 21:37:31] Epoch 7
[2026-03-19 21:37:33] Generate Local Representations
[2026-03-19 21:37:33] Training Client 7!
[2026-03-19 21:37:35] Epoch: [7] text	Loss 3.0288 (3.0271)	Prec@1 53.906 (53.676)	Prec@5 99.219 (99.035)
[2026-03-19 21:37:35] Start Intra & Inter Contrasting!
[2026-03-19 21:37:35] TEST:  Epoch: [7] text	Prec@1 60.484 (53.251)	Prec@5 98.387 (98.767)
[2026-03-19 21:37:36] Generate Local Representations
[2026-03-19 21:37:36] Training Client 10!
[2026-03-19 21:37:36] Epoch 7
[2026-03-19 21:37:37] Generate Local Representations
[2026-03-19 21:37:37] Training Client 4!
[2026-03-19 21:37:37] Epoch: [7] image	Loss 4.2486 (4.2486)	Prec@1 60.547 (60.547)	Prec@5 72.266 (72.266)
[2026-03-19 21:37:37] Start Intra & Inter Contrasting!
[2026-03-19 21:37:37] TEST:  Epoch: [7] image	Prec@1 56.452 (56.452)	Prec@5 74.194 (74.194)
[2026-03-19 21:37:38] Generate Local Representations
[2026-03-19 21:37:38] Training Client 3!
[2026-03-19 21:37:38] Epoch: [7] image	Loss 4.0136 (4.0419)	Prec@1 31.250 (28.646)	Prec@5 92.188 (92.188)
[2026-03-19 21:37:38] Start Intra & Inter Contrasting!
[2026-03-19 21:37:38] TEST:  Epoch: [7] image	Prec@1 20.000 (20.000)	Prec@5 89.714 (89.714)
[2026-03-19 21:37:39] Generate Local Representations
[2026-03-19 21:37:39] Training Client 11!
[2026-03-19 21:37:39] Epoch 7
[2026-03-19 21:37:41] Generate Local Representations
[2026-03-19 21:37:42] start distilling
[2026-03-19 21:37:43] TEST:  Epoch: [7] image	Prec@1 37.778 (41.196)	Prec@5 93.333 (93.688)
[2026-03-19 21:37:43] TEST:  Epoch: [7] image	Prec@1 30.667 (26.888)	Prec@5 92.000 (91.843)
[2026-03-19 21:37:44] TEST:  Epoch: [7] image	Prec@1 60.484 (53.251)	Prec@5 93.548 (91.592)
[2026-03-19 21:37:44] TEST:  Epoch: [7] image	Prec@1 20.000 (20.000)	Prec@5 89.714 (89.714)
[2026-03-19 21:37:44] TEST:  Epoch: [7] image	Prec@1 56.452 (56.452)	Prec@5 74.194 (74.194)
[2026-03-19 21:37:44] TEST:  Epoch: [7] text	Prec@1 37.778 (41.196)	Prec@5 82.222 (82.392)
[2026-03-19 21:37:44] TEST:  Epoch: [7] text	Prec@1 30.667 (32.931)	Prec@5 96.000 (96.375)
[2026-03-19 21:37:45] TEST:  Epoch: [7] text	Prec@1 60.484 (53.251)	Prec@5 98.387 (98.767)
[2026-03-19 21:37:45] TEST:  Epoch: [7] text	Prec@1 20.000 (20.000)	Prec@5 71.429 (71.429)
[2026-03-19 21:37:45] TEST:  Epoch: [7] text	Prec@1 0.000 (0.000)	Prec@5 1.613 (1.613)
[2026-03-19 21:37:45] Evaluating test...
[2026-03-19 21:38:05] [Eval] Report @step: 7.00 {
    "test__rsum": 336.54485049833886,
    "test__medr": 8.0,
    "test__meanr": 11.136212624584719,
    "test__n_fold_i2t_recall_1": 30.0,
    "test__n_fold_i2t_recall_5": 90.0,
    "test__n_fold_i2t_recall_10": 100.0,
    "test__n_fold_i2t_rsum": 220.0,
    "test__n_fold_i2t_medr": 2.0,
    "test__n_fold_i2t_meanr": 2.7,
    "test__n_fold_t2i_recall_1": 20.0,
    "test__n_fold_t2i_recall_5": 90.0,
    "test__n_fold_t2i_recall_10": 100.0,
    "test__n_fold_t2i_rsum": 210.0,
    "test__n_fold_t2i_medr": 4.0,
    "test__n_fold_t2i_meanr": 3.6,
    "test__i2t_recall_1": 25.91362126245847,
    "test__i2t_recall_5": 68.77076411960132,
    "test__i2t_recall_10": 87.70764119601328,
    "test__i2t_rsum": 182.39202657807306,
    "test__i2t_medr": 4.0,
    "test__i2t_meanr": 5.561461794019934,
    "test__t2i_recall_1": 14.285714285714286,
    "test__t2i_recall_5": 56.81063122923588,
    "test__t2i_recall_10": 83.05647840531562,
    "test__t2i_rsum": 154.1528239202658,
    "test__t2i_medr": 4.0,
    "test__t2i_meanr": 5.574750830564784,
    "lr": 0.00018090169943749476,
    "summary": "30.0, 90.0, 100.0, 20.0, 90.0, 100.0, 25.91362126245847, 68.77076411960132, 87.70764119601328, 14.285714285714286, 56.81063122923588, 83.05647840531562"
}
[2026-03-19 21:38:05] Evaluating test...
[2026-03-19 21:38:26] [Eval] Report @step: 7.00 {
    "test__rsum": 384.89425981873114,
    "test__medr": 6.0,
    "test__meanr": 11.157099697885197,
    "test__n_fold_i2t_recall_1": 40.0,
    "test__n_fold_i2t_recall_5": 100.0,
    "test__n_fold_i2t_recall_10": 100.0,
    "test__n_fold_i2t_rsum": 240.0,
    "test__n_fold_i2t_medr": 2.0,
    "test__n_fold_i2t_meanr": 1.7,
    "test__n_fold_t2i_recall_1": 40.0,
    "test__n_fold_t2i_recall_5": 90.0,
    "test__n_fold_t2i_recall_10": 100.0,
    "test__n_fold_t2i_rsum": 230.0,
    "test__n_fold_t2i_medr": 2.0,
    "test__n_fold_t2i_meanr": 2.1,
    "test__i2t_recall_1": 33.23262839879154,
    "test__i2t_recall_5": 71.90332326283988,
    "test__i2t_recall_10": 87.00906344410876,
    "test__i2t_rsum": 192.14501510574019,
    "test__i2t_medr": 3.0,
    "test__i2t_meanr": 6.259818731117825,
    "test__t2i_recall_1": 22.9607250755287,
    "test__t2i_recall_5": 78.54984894259819,
    "test__t2i_recall_10": 91.23867069486406,
    "test__t2i_rsum": 192.74924471299096,
    "test__t2i_medr": 3.0,
    "test__t2i_meanr": 4.897280966767372,
    "lr": 0.00018090169943749476,
    "summary": "40.0, 100.0, 100.0, 40.0, 90.0, 100.0, 33.23262839879154, 71.90332326283988, 87.00906344410876, 22.9607250755287, 78.54984894259819, 91.23867069486406"
}
[2026-03-19 21:38:26] Evaluating test...
[2026-03-19 21:41:51] [Eval] Report @step: 7.00 {
    "test__rsum": 392.0403587443946,
    "test__medr": 4.0,
    "test__meanr": 16.079596412556054,
    "test__n_fold_i2t_recall_1": 90.0,
    "test__n_fold_i2t_recall_5": 100.0,
    "test__n_fold_i2t_recall_10": 100.0,
    "test__n_fold_i2t_rsum": 290.0,
    "test__n_fold_i2t_medr": 1.0,
    "test__n_fold_i2t_meanr": 1.1,
    "test__n_fold_t2i_recall_1": 80.0,
    "test__n_fold_t2i_recall_5": 100.0,
    "test__n_fold_t2i_recall_10": 100.0,
    "test__n_fold_t2i_rsum": 280.0,
    "test__n_fold_t2i_medr": 1.0,
    "test__n_fold_t2i_meanr": 1.4,
    "test__i2t_recall_1": 36.771300448430495,
    "test__i2t_recall_5": 74.77578475336323,
    "test__i2t_recall_10": 87.4439461883408,
    "test__i2t_rsum": 198.99103139013454,
    "test__i2t_medr": 2.0,
    "test__i2t_meanr": 8.59865470852018,
    "test__t2i_recall_1": 33.63228699551569,
    "test__t2i_recall_5": 76.45739910313901,
    "test__t2i_recall_10": 82.95964125560538,
    "test__t2i_rsum": 193.04932735426007,
    "test__t2i_medr": 2.0,
    "test__t2i_meanr": 7.4809417040358746,
    "lr": 0.00018090169943749476,
    "summary": "90.0, 100.0, 100.0, 80.0, 100.0, 100.0, 36.771300448430495, 74.77578475336323, 87.4439461883408, 33.63228699551569, 76.45739910313901, 82.95964125560538"
}
[2026-03-19 21:41:51] Evaluating test...
[2026-03-19 21:41:56] [Eval] Report @step: 7.00 {
    "test__rsum": 323.42857142857144,
    "test__medr": 10.0,
    "test__meanr": 14.942857142857143,
    "test__n_fold_i2t_recall_1": 60.0,
    "test__n_fold_i2t_recall_5": 100.0,
    "test__n_fold_i2t_recall_10": 100.0,
    "test__n_fold_i2t_rsum": 260.0,
    "test__n_fold_i2t_medr": 1.0,
    "test__n_fold_i2t_meanr": 1.8,
    "test__n_fold_t2i_recall_1": 50.0,
    "test__n_fold_t2i_recall_5": 80.0,
    "test__n_fold_t2i_recall_10": 100.0,
    "test__n_fold_t2i_rsum": 230.0,
    "test__n_fold_t2i_medr": 1.0,
    "test__n_fold_t2i_meanr": 3.0,
    "test__i2t_recall_1": 25.714285714285715,
    "test__i2t_recall_5": 80.0,
    "test__i2t_recall_10": 91.42857142857143,
    "test__i2t_rsum": 197.14285714285717,
    "test__i2t_medr": 3.0,
    "test__i2t_meanr": 4.297142857142857,
    "test__t2i_recall_1": 17.714285714285715,
    "test__t2i_recall_5": 41.142857142857146,
    "test__t2i_recall_10": 67.42857142857143,
    "test__t2i_rsum": 126.28571428571429,
    "test__t2i_medr": 7.0,
    "test__t2i_meanr": 10.645714285714286,
    "lr": 0.00018090169943749476,
    "summary": "60.0, 100.0, 100.0, 50.0, 80.0, 100.0, 25.714285714285715, 80.0, 91.42857142857143, 17.714285714285715, 41.142857142857146, 67.42857142857143"
}
[2026-03-19 21:41:56] Evaluating test...
[2026-03-19 21:41:57] [Eval] Report @step: 7.00 {
    "test__rsum": 401.61290322580646,
    "test__medr": 3.0,
    "test__meanr": 12.532258064516128,
    "test__n_fold_i2t_recall_1": 40.0,
    "test__n_fold_i2t_recall_5": 100.0,
    "test__n_fold_i2t_recall_10": 100.0,
    "test__n_fold_i2t_rsum": 240.0,
    "test__n_fold_i2t_medr": 2.0,
    "test__n_fold_i2t_meanr": 2.1,
    "test__n_fold_t2i_recall_1": 60.0,
    "test__n_fold_t2i_recall_5": 90.0,
    "test__n_fold_t2i_recall_10": 100.0,
    "test__n_fold_t2i_rsum": 250.0,
    "test__n_fold_t2i_medr": 1.0,
    "test__n_fold_t2i_meanr": 2.3,
    "test__i2t_recall_1": 48.38709677419355,
    "test__i2t_recall_5": 72.58064516129032,
    "test__i2t_recall_10": 90.3225806451613,
    "test__i2t_rsum": 211.29032258064518,
    "test__i2t_medr": 2.0,
    "test__i2t_meanr": 4.467741935483871,
    "test__t2i_recall_1": 56.45161290322581,
    "test__t2i_recall_5": 58.064516129032256,
    "test__t2i_recall_10": 75.80645161290323,
    "test__t2i_rsum": 190.32258064516128,
    "test__t2i_medr": 1.0,
    "test__t2i_meanr": 8.064516129032258,
    "lr": 0.00018090169943749476,
    "summary": "40.0, 100.0, 100.0, 60.0, 90.0, 100.0, 48.38709677419355, 72.58064516129032, 90.3225806451613, 56.45161290322581, 58.064516129032256, 75.80645161290323"
}
[2026-03-19 21:41:57] Round 8!
[2026-03-19 21:41:57] Global Training!
[2026-03-19 21:41:59] Training Client 1!
[2026-03-19 21:41:59] Epoch: [8] image	Loss 4.5713 (4.5713)	Prec@1 22.656 (22.656)	Prec@5 88.281 (88.281)
[2026-03-19 21:41:59] Start Intra & Inter Contrasting!
[2026-03-19 21:41:59] TEST:  Epoch: [8] image	Prec@1 30.667 (26.888)	Prec@5 94.667 (93.656)
[2026-03-19 21:42:00] Generate Local Representations
[2026-03-19 21:42:00] Training Client 9!
[2026-03-19 21:42:00] Epoch: [8] text	Loss 0.0000 (0.0000)	Prec@1 0.000 (0.000)	Prec@5 0.000 (0.000)
[2026-03-19 21:42:00] Start Intra & Inter Contrasting!
[2026-03-19 21:42:00] TEST:  Epoch: [8] text	Prec@1 0.000 (0.000)	Prec@5 1.613 (1.613)
[2026-03-19 21:42:00] Generate Local Representations
[2026-03-19 21:42:00] Training Client 4!
[2026-03-19 21:42:00] Epoch: [8] image	Loss 4.1672 (4.1672)	Prec@1 58.594 (58.594)	Prec@5 76.953 (76.953)
[2026-03-19 21:42:00] Start Intra & Inter Contrasting!
[2026-03-19 21:42:01] TEST:  Epoch: [8] image	Prec@1 56.452 (56.452)	Prec@5 74.194 (74.194)
[2026-03-19 21:42:01] Generate Local Representations
[2026-03-19 21:42:01] Training Client 7!
[2026-03-19 21:42:02] Epoch: [8] text	Loss 2.9445 (3.0095)	Prec@1 54.688 (53.631)	Prec@5 99.609 (99.104)
[2026-03-19 21:42:02] Start Intra & Inter Contrasting!
[2026-03-19 21:42:03] TEST:  Epoch: [8] text	Prec@1 60.484 (53.251)	Prec@5 98.387 (98.767)
[2026-03-19 21:42:03] Generate Local Representations
[2026-03-19 21:42:04] Training Client 11!
[2026-03-19 21:42:04] Epoch 8
[2026-03-19 21:42:05] Generate Local Representations
[2026-03-19 21:42:05] Training Client 13!
[2026-03-19 21:42:05] Epoch 8
[2026-03-19 21:42:05] Skip local supervised step for client 3: train loader has no full batch
[2026-03-19 21:42:06] Generate Local Representations
[2026-03-19 21:42:06] Training Client 5!
[2026-03-19 21:42:06] Epoch: [8] text	Loss 4.6702 (4.6702)	Prec@1 35.547 (35.547)	Prec@5 76.172 (76.172)
[2026-03-19 21:42:06] Start Intra & Inter Contrasting!
[2026-03-19 21:42:07] TEST:  Epoch: [8] text	Prec@1 37.778 (41.196)	Prec@5 86.667 (86.047)
[2026-03-19 21:42:07] Generate Local Representations
[2026-03-19 21:42:07] Training Client 8!
[2026-03-19 21:42:07] Epoch: [8] text	Loss 4.6877 (4.6877)	Prec@1 27.344 (27.344)	Prec@5 73.438 (73.438)
[2026-03-19 21:42:07] Start Intra & Inter Contrasting!
[2026-03-19 21:42:07] TEST:  Epoch: [8] text	Prec@1 20.000 (20.000)	Prec@5 77.714 (77.714)
[2026-03-19 21:42:08] Generate Local Representations
[2026-03-19 21:42:08] Training Client 10!
[2026-03-19 21:42:08] Epoch 8
[2026-03-19 21:42:09] Generate Local Representations
[2026-03-19 21:42:09] Training Client 12!
[2026-03-19 21:42:09] Epoch 8
[2026-03-19 21:42:11] Generate Local Representations
[2026-03-19 21:42:11] Training Client 3!
[2026-03-19 21:42:12] Epoch: [8] image	Loss 3.8690 (3.9504)	Prec@1 30.469 (28.385)	Prec@5 93.750 (92.188)
[2026-03-19 21:42:12] Start Intra & Inter Contrasting!
[2026-03-19 21:42:12] TEST:  Epoch: [8] image	Prec@1 20.000 (20.000)	Prec@5 89.714 (89.714)
[2026-03-19 21:42:12] Generate Local Representations
[2026-03-19 21:42:12] Training Client 14!
[2026-03-19 21:42:12] Epoch 8
[2026-03-19 21:42:12] Skip local supervised step for client 4: train loader has no full batch
[2026-03-19 21:42:13] Generate Local Representations
[2026-03-19 21:42:13] Training Client 0!
[2026-03-19 21:42:13] Epoch: [8] image	Loss 3.6734 (3.6881)	Prec@1 37.500 (40.234)	Prec@5 94.531 (94.792)
[2026-03-19 21:42:13] Start Intra & Inter Contrasting!
[2026-03-19 21:42:14] TEST:  Epoch: [8] image	Prec@1 37.778 (41.196)	Prec@5 95.556 (96.013)
[2026-03-19 21:42:14] Generate Local Representations
[2026-03-19 21:42:14] Training Client 6!
[2026-03-19 21:42:15] Epoch: [8] text	Loss 3.6711 (3.7043)	Prec@1 37.109 (30.990)	Prec@5 95.703 (96.354)
[2026-03-19 21:42:15] Start Intra & Inter Contrasting!
[2026-03-19 21:42:15] TEST:  Epoch: [8] text	Prec@1 30.667 (32.931)	Prec@5 96.000 (96.375)
[2026-03-19 21:42:15] Generate Local Representations
[2026-03-19 21:42:15] Training Client 2!
[2026-03-19 21:42:16] Epoch: [8] image	Loss 3.3596 (3.4925)	Prec@1 55.859 (52.474)	Prec@5 95.312 (93.099)
[2026-03-19 21:42:16] Start Intra & Inter Contrasting!
[2026-03-19 21:42:16] TEST:  Epoch: [8] image	Prec@1 60.484 (53.251)	Prec@5 97.581 (94.507)
[2026-03-19 21:42:17] Generate Local Representations
[2026-03-19 21:42:18] start distilling
[2026-03-19 21:42:19] TEST:  Epoch: [8] image	Prec@1 37.778 (41.196)	Prec@5 95.556 (96.013)
[2026-03-19 21:42:19] TEST:  Epoch: [8] image	Prec@1 30.667 (26.888)	Prec@5 94.667 (93.656)
[2026-03-19 21:42:20] TEST:  Epoch: [8] image	Prec@1 60.484 (53.251)	Prec@5 97.581 (94.507)
[2026-03-19 21:42:20] TEST:  Epoch: [8] image	Prec@1 20.000 (20.000)	Prec@5 89.714 (89.714)
[2026-03-19 21:42:20] TEST:  Epoch: [8] image	Prec@1 56.452 (56.452)	Prec@5 74.194 (74.194)
[2026-03-19 21:42:20] TEST:  Epoch: [8] text	Prec@1 37.778 (41.196)	Prec@5 86.667 (86.047)
[2026-03-19 21:42:20] TEST:  Epoch: [8] text	Prec@1 30.667 (32.931)	Prec@5 96.000 (96.375)
[2026-03-19 21:42:21] TEST:  Epoch: [8] text	Prec@1 60.484 (53.251)	Prec@5 98.387 (98.767)
[2026-03-19 21:42:21] TEST:  Epoch: [8] text	Prec@1 20.000 (20.000)	Prec@5 77.714 (77.714)
[2026-03-19 21:42:21] TEST:  Epoch: [8] text	Prec@1 0.000 (0.000)	Prec@5 1.613 (1.613)
[2026-03-19 21:42:21] Evaluating test...
[2026-03-19 21:42:41] [Eval] Report @step: 8.00 {
    "test__rsum": 337.87375415282395,
    "test__medr": 7.0,
    "test__meanr": 10.863787375415281,
    "test__n_fold_i2t_recall_1": 40.0,
    "test__n_fold_i2t_recall_5": 100.0,
    "test__n_fold_i2t_recall_10": 100.0,
    "test__n_fold_i2t_rsum": 240.0,
    "test__n_fold_i2t_medr": 3.0,
    "test__n_fold_i2t_meanr": 2.8,
    "test__n_fold_t2i_recall_1": 10.0,
    "test__n_fold_t2i_recall_5": 90.0,
    "test__n_fold_t2i_recall_10": 100.0,
    "test__n_fold_t2i_rsum": 200.0,
    "test__n_fold_t2i_medr": 4.0,
    "test__n_fold_t2i_meanr": 3.7,
    "test__i2t_recall_1": 36.21262458471761,
    "test__i2t_recall_5": 77.74086378737542,
    "test__i2t_recall_10": 89.70099667774086,
    "test__i2t_rsum": 203.6544850498339,
    "test__i2t_medr": 2.0,
    "test__i2t_meanr": 4.1827242524916945,
    "test__t2i_recall_1": 13.621262458471762,
    "test__t2i_recall_5": 50.498338870431894,
    "test__t2i_recall_10": 70.09966777408638,
    "test__t2i_rsum": 134.21926910299004,
    "test__t2i_medr": 5.0,
    "test__t2i_meanr": 6.681063122923588,
    "lr": 0.00017431448254773944,
    "summary": "40.0, 100.0, 100.0, 10.0, 90.0, 100.0, 36.21262458471761, 77.74086378737542, 89.70099667774086, 13.621262458471762, 50.498338870431894, 70.09966777408638"
}
[2026-03-19 21:42:41] Evaluating test...
[2026-03-19 21:43:02] [Eval] Report @step: 8.00 {
    "test__rsum": 390.6344410876133,
    "test__medr": 5.0,
    "test__meanr": 11.885196374622357,
    "test__n_fold_i2t_recall_1": 50.0,
    "test__n_fold_i2t_recall_5": 100.0,
    "test__n_fold_i2t_recall_10": 100.0,
    "test__n_fold_i2t_rsum": 250.0,
    "test__n_fold_i2t_medr": 1.0,
    "test__n_fold_i2t_meanr": 1.6,
    "test__n_fold_t2i_recall_1": 40.0,
    "test__n_fold_t2i_recall_5": 90.0,
    "test__n_fold_t2i_recall_10": 100.0,
    "test__n_fold_t2i_rsum": 230.0,
    "test__n_fold_t2i_medr": 2.0,
    "test__n_fold_t2i_meanr": 2.1,
    "test__i2t_recall_1": 23.26283987915408,
    "test__i2t_recall_5": 75.83081570996978,
    "test__i2t_recall_10": 91.54078549848943,
    "test__i2t_rsum": 190.6344410876133,
    "test__i2t_medr": 3.0,
    "test__i2t_meanr": 7.359516616314199,
    "test__t2i_recall_1": 16.31419939577039,
    "test__t2i_recall_5": 90.03021148036254,
    "test__t2i_recall_10": 93.65558912386707,
    "test__t2i_rsum": 200.0,
    "test__t2i_medr": 2.0,
    "test__t2i_meanr": 4.525679758308157,
    "lr": 0.00017431448254773944,
    "summary": "50.0, 100.0, 100.0, 40.0, 90.0, 100.0, 23.26283987915408, 75.83081570996978, 91.54078549848943, 16.31419939577039, 90.03021148036254, 93.65558912386707"
}
[2026-03-19 21:43:02] Evaluating test...
[2026-03-19 21:46:28] [Eval] Report @step: 8.00 {
    "test__rsum": 386.5470852017937,
    "test__medr": 4.0,
    "test__meanr": 16.55269058295964,
    "test__n_fold_i2t_recall_1": 80.0,
    "test__n_fold_i2t_recall_5": 100.0,
    "test__n_fold_i2t_recall_10": 100.0,
    "test__n_fold_i2t_rsum": 280.0,
    "test__n_fold_i2t_medr": 1.0,
    "test__n_fold_i2t_meanr": 1.2,
    "test__n_fold_t2i_recall_1": 80.0,
    "test__n_fold_t2i_recall_5": 100.0,
    "test__n_fold_t2i_recall_10": 100.0,
    "test__n_fold_t2i_rsum": 280.0,
    "test__n_fold_t2i_medr": 1.0,
    "test__n_fold_t2i_meanr": 1.3,
    "test__i2t_recall_1": 38.45291479820628,
    "test__i2t_recall_5": 69.73094170403587,
    "test__i2t_recall_10": 84.86547085201794,
    "test__i2t_rsum": 193.04932735426007,
    "test__i2t_medr": 2.0,
    "test__i2t_meanr": 6.614349775784754,
    "test__t2i_recall_1": 40.91928251121076,
    "test__t2i_recall_5": 74.66367713004485,
    "test__t2i_recall_10": 77.91479820627802,
    "test__t2i_rsum": 193.49775784753362,
    "test__t2i_medr": 2.0,
    "test__t2i_meanr": 9.938340807174887,
    "lr": 0.00017431448254773944,
    "summary": "80.0, 100.0, 100.0, 80.0, 100.0, 100.0, 38.45291479820628, 69.73094170403587, 84.86547085201794, 40.91928251121076, 74.66367713004485, 77.91479820627802"
}
[2026-03-19 21:46:28] Evaluating test...
[2026-03-19 21:46:33] [Eval] Report @step: 8.00 {
    "test__rsum": 263.42857142857144,
    "test__medr": 13.0,
    "test__meanr": 22.325714285714284,
    "test__n_fold_i2t_recall_1": 30.0,
    "test__n_fold_i2t_recall_5": 90.0,
    "test__n_fold_i2t_recall_10": 100.0,
    "test__n_fold_i2t_rsum": 220.0,
    "test__n_fold_i2t_medr": 2.0,
    "test__n_fold_i2t_meanr": 2.4,
    "test__n_fold_t2i_recall_1": 30.0,
    "test__n_fold_t2i_recall_5": 70.0,
    "test__n_fold_t2i_recall_10": 100.0,
    "test__n_fold_t2i_rsum": 200.0,
    "test__n_fold_t2i_medr": 3.0,
    "test__n_fold_t2i_meanr": 3.6,
    "test__i2t_recall_1": 14.857142857142858,
    "test__i2t_recall_5": 61.714285714285715,
    "test__i2t_recall_10": 77.71428571428571,
    "test__i2t_rsum": 154.28571428571428,
    "test__i2t_medr": 4.0,
    "test__i2t_meanr": 7.6,
    "test__t2i_recall_1": 13.142857142857142,
    "test__t2i_recall_5": 34.285714285714285,
    "test__t2i_recall_10": 61.714285714285715,
    "test__t2i_rsum": 109.14285714285714,
    "test__t2i_medr": 9.0,
    "test__t2i_meanr": 14.725714285714286,
    "lr": 0.00017431448254773944,
    "summary": "30.0, 90.0, 100.0, 30.0, 70.0, 100.0, 14.857142857142858, 61.714285714285715, 77.71428571428571, 13.142857142857142, 34.285714285714285, 61.714285714285715"
}
[2026-03-19 21:46:33] Evaluating test...
[2026-03-19 21:46:34] [Eval] Report @step: 8.00 {
    "test__rsum": 393.54838709677415,
    "test__medr": 3.0,
    "test__meanr": 11.209677419354838,
    "test__n_fold_i2t_recall_1": 70.0,
    "test__n_fold_i2t_recall_5": 100.0,
    "test__n_fold_i2t_recall_10": 100.0,
    "test__n_fold_i2t_rsum": 270.0,
    "test__n_fold_i2t_medr": 1.0,
    "test__n_fold_i2t_meanr": 1.9,
    "test__n_fold_t2i_recall_1": 60.0,
    "test__n_fold_t2i_recall_5": 80.0,
    "test__n_fold_t2i_recall_10": 100.0,
    "test__n_fold_t2i_rsum": 240.0,
    "test__n_fold_t2i_medr": 1.0,
    "test__n_fold_t2i_meanr": 2.8,
    "test__i2t_recall_1": 38.70967741935484,
    "test__i2t_recall_5": 82.25806451612904,
    "test__i2t_recall_10": 91.93548387096774,
    "test__i2t_rsum": 212.90322580645162,
    "test__i2t_medr": 2.0,
    "test__i2t_meanr": 3.4193548387096775,
    "test__t2i_recall_1": 56.45161290322581,
    "test__t2i_recall_5": 56.45161290322581,
    "test__t2i_recall_10": 67.74193548387096,
    "test__t2i_rsum": 180.64516129032256,
    "test__t2i_medr": 1.0,
    "test__t2i_meanr": 7.790322580645161,
    "lr": 0.00017431448254773944,
    "summary": "70.0, 100.0, 100.0, 60.0, 80.0, 100.0, 38.70967741935484, 82.25806451612904, 91.93548387096774, 56.45161290322581, 56.45161290322581, 67.74193548387096"
}
[2026-03-19 21:46:34] Round 9!
[2026-03-19 21:46:34] Global Training!
[2026-03-19 21:46:36] Training Client 2!
[2026-03-19 21:46:36] Epoch: [9] image	Loss 3.4096 (3.4552)	Prec@1 53.516 (51.953)	Prec@5 98.438 (97.526)
[2026-03-19 21:46:36] Start Intra & Inter Contrasting!
[2026-03-19 21:46:37] TEST:  Epoch: [9] image	Prec@1 60.484 (53.251)	Prec@5 98.387 (98.430)
[2026-03-19 21:46:37] Generate Local Representations
[2026-03-19 21:46:37] Training Client 8!
[2026-03-19 21:46:37] Epoch: [9] text	Loss 4.6354 (4.6354)	Prec@1 26.953 (26.953)	Prec@5 79.688 (79.688)
[2026-03-19 21:46:37] Start Intra & Inter Contrasting!
[2026-03-19 21:46:38] TEST:  Epoch: [9] text	Prec@1 20.000 (20.000)	Prec@5 88.000 (88.000)
[2026-03-19 21:46:38] Generate Local Representations
[2026-03-19 21:46:38] Training Client 10!
[2026-03-19 21:46:38] Epoch 9
[2026-03-19 21:46:39] Generate Local Representations
[2026-03-19 21:46:40] Training Client 3!
[2026-03-19 21:46:40] Epoch: [9] image	Loss 3.8582 (3.8788)	Prec@1 29.297 (28.255)	Prec@5 91.797 (92.318)
[2026-03-19 21:46:40] Start Intra & Inter Contrasting!
[2026-03-19 21:46:40] TEST:  Epoch: [9] image	Prec@1 20.000 (20.000)	Prec@5 89.714 (89.714)
[2026-03-19 21:46:40] Generate Local Representations
[2026-03-19 21:46:41] Training Client 0!
[2026-03-19 21:46:41] Epoch: [9] image	Loss 3.5440 (3.5748)	Prec@1 43.359 (41.276)	Prec@5 97.266 (96.224)
[2026-03-19 21:46:41] Start Intra & Inter Contrasting!
[2026-03-19 21:46:41] TEST:  Epoch: [9] image	Prec@1 37.778 (41.196)	Prec@5 95.556 (96.013)
[2026-03-19 21:46:42] Generate Local Representations
[2026-03-19 21:46:42] Training Client 13!
[2026-03-19 21:46:42] Epoch 9
[2026-03-19 21:46:42] Skip local supervised step for client 3: train loader has no full batch
[2026-03-19 21:46:42] Generate Local Representations
[2026-03-19 21:46:43] Training Client 1!
[2026-03-19 21:46:43] Epoch: [9] image	Loss 4.4958 (4.4958)	Prec@1 23.828 (23.828)	Prec@5 93.750 (93.750)
[2026-03-19 21:46:43] Start Intra & Inter Contrasting!
[2026-03-19 21:46:43] TEST:  Epoch: [9] image	Prec@1 30.667 (27.190)	Prec@5 94.667 (93.656)
[2026-03-19 21:46:43] Generate Local Representations
[2026-03-19 21:46:43] Training Client 11!
[2026-03-19 21:46:43] Epoch 9
[2026-03-19 21:46:45] Generate Local Representations
[2026-03-19 21:46:45] Training Client 12!
[2026-03-19 21:46:45] Epoch 9
[2026-03-19 21:46:47] Generate Local Representations
[2026-03-19 21:46:47] Training Client 7!
[2026-03-19 21:46:49] Epoch: [9] text	Loss 2.9421 (3.0015)	Prec@1 56.250 (53.470)	Prec@5 99.609 (99.081)
[2026-03-19 21:46:49] Start Intra & Inter Contrasting!
[2026-03-19 21:46:49] TEST:  Epoch: [9] text	Prec@1 60.484 (53.251)	Prec@5 98.387 (98.767)
[2026-03-19 21:46:50] Generate Local Representations
[2026-03-19 21:46:50] Training Client 6!
[2026-03-19 21:46:50] Epoch: [9] text	Loss 3.6308 (3.6329)	Prec@1 28.516 (30.729)	Prec@5 97.656 (95.964)
[2026-03-19 21:46:50] Start Intra & Inter Contrasting!
[2026-03-19 21:46:51] TEST:  Epoch: [9] text	Prec@1 30.667 (32.931)	Prec@5 96.000 (96.375)
[2026-03-19 21:46:51] Generate Local Representations
[2026-03-19 21:46:51] Training Client 5!
[2026-03-19 21:46:51] Epoch: [9] text	Loss 4.5763 (4.5763)	Prec@1 38.281 (38.281)	Prec@5 81.250 (81.250)
[2026-03-19 21:46:51] Start Intra & Inter Contrasting!
[2026-03-19 21:46:51] TEST:  Epoch: [9] text	Prec@1 37.778 (41.196)	Prec@5 86.667 (89.037)
[2026-03-19 21:46:52] Generate Local Representations
[2026-03-19 21:46:52] Training Client 14!
[2026-03-19 21:46:52] Epoch 9
[2026-03-19 21:46:52] Skip local supervised step for client 4: train loader has no full batch
[2026-03-19 21:46:52] Generate Local Representations
[2026-03-19 21:46:53] Training Client 9!
[2026-03-19 21:46:53] Epoch: [9] text	Loss 0.0000 (0.0000)	Prec@1 0.000 (0.000)	Prec@5 0.000 (0.000)
[2026-03-19 21:46:53] Start Intra & Inter Contrasting!
[2026-03-19 21:46:53] TEST:  Epoch: [9] text	Prec@1 0.000 (0.000)	Prec@5 1.613 (1.613)
[2026-03-19 21:46:53] Generate Local Representations
[2026-03-19 21:46:53] Training Client 4!
[2026-03-19 21:46:53] Epoch: [9] image	Loss 4.0337 (4.0337)	Prec@1 60.547 (60.547)	Prec@5 78.906 (78.906)
[2026-03-19 21:46:53] Start Intra & Inter Contrasting!
[2026-03-19 21:46:53] TEST:  Epoch: [9] image	Prec@1 56.452 (56.452)	Prec@5 74.194 (74.194)
[2026-03-19 21:46:54] Generate Local Representations
[2026-03-19 21:46:56] start distilling
[2026-03-19 21:46:56] TEST:  Epoch: [9] image	Prec@1 37.778 (41.196)	Prec@5 95.556 (96.013)
[2026-03-19 21:46:56] TEST:  Epoch: [9] image	Prec@1 30.667 (27.190)	Prec@5 94.667 (93.656)
[2026-03-19 21:46:57] TEST:  Epoch: [9] image	Prec@1 60.484 (53.251)	Prec@5 98.387 (98.430)
[2026-03-19 21:46:57] TEST:  Epoch: [9] image	Prec@1 20.000 (20.000)	Prec@5 89.714 (89.714)
[2026-03-19 21:46:57] TEST:  Epoch: [9] image	Prec@1 56.452 (56.452)	Prec@5 74.194 (74.194)
[2026-03-19 21:46:57] TEST:  Epoch: [9] text	Prec@1 37.778 (41.196)	Prec@5 86.667 (89.037)
[2026-03-19 21:46:57] TEST:  Epoch: [9] text	Prec@1 30.667 (32.931)	Prec@5 96.000 (96.375)
[2026-03-19 21:46:58] TEST:  Epoch: [9] text	Prec@1 60.484 (53.251)	Prec@5 98.387 (98.767)
[2026-03-19 21:46:58] TEST:  Epoch: [9] text	Prec@1 20.000 (20.000)	Prec@5 88.000 (88.000)
[2026-03-19 21:46:58] TEST:  Epoch: [9] text	Prec@1 0.000 (0.000)	Prec@5 1.613 (1.613)
[2026-03-19 21:46:58] Evaluating test...
[2026-03-19 21:47:18] [Eval] Report @step: 9.00 {
    "test__rsum": 384.0531561461794,
    "test__medr": 5.0,
    "test__meanr": 9.099667774086377,
    "test__n_fold_i2t_recall_1": 20.0,
    "test__n_fold_i2t_recall_5": 60.0,
    "test__n_fold_i2t_recall_10": 100.0,
    "test__n_fold_i2t_rsum": 180.0,
    "test__n_fold_i2t_medr": 3.0,
    "test__n_fold_i2t_meanr": 4.0,
    "test__n_fold_t2i_recall_1": 40.0,
    "test__n_fold_t2i_recall_5": 100.0,
    "test__n_fold_t2i_recall_10": 100.0,
    "test__n_fold_t2i_rsum": 240.0,
    "test__n_fold_t2i_medr": 2.0,
    "test__n_fold_t2i_meanr": 2.5,
    "test__i2t_recall_1": 30.232558139534884,
    "test__i2t_recall_5": 74.75083056478405,
    "test__i2t_recall_10": 89.03654485049834,
    "test__i2t_rsum": 194.01993355481727,
    "test__i2t_medr": 2.0,
    "test__i2t_meanr": 4.900332225913621,
    "test__t2i_recall_1": 19.601328903654483,
    "test__t2i_recall_5": 79.06976744186046,
    "test__t2i_recall_10": 91.36212624584718,
    "test__t2i_rsum": 190.03322259136212,
    "test__t2i_medr": 3.0,
    "test__t2i_meanr": 4.1993355481727574,
    "lr": 0.00016691306063588583,
    "summary": "20.0, 60.0, 100.0, 40.0, 100.0, 100.0, 30.232558139534884, 74.75083056478405, 89.03654485049834, 19.601328903654483, 79.06976744186046, 91.36212624584718"
}
[2026-03-19 21:47:18] Evaluating test...
[2026-03-19 21:47:38] [Eval] Report @step: 9.00 {
    "test__rsum": 326.58610271903325,
    "test__medr": 9.0,
    "test__meanr": 14.432024169184288,
    "test__n_fold_i2t_recall_1": 40.0,
    "test__n_fold_i2t_recall_5": 100.0,
    "test__n_fold_i2t_recall_10": 100.0,
    "test__n_fold_i2t_rsum": 240.0,
    "test__n_fold_i2t_medr": 2.0,
    "test__n_fold_i2t_meanr": 1.8,
    "test__n_fold_t2i_recall_1": 40.0,
    "test__n_fold_t2i_recall_5": 90.0,
    "test__n_fold_t2i_recall_10": 100.0,
    "test__n_fold_t2i_rsum": 230.0,
    "test__n_fold_t2i_medr": 2.0,
    "test__n_fold_t2i_meanr": 2.4,
    "test__i2t_recall_1": 34.13897280966767,
    "test__i2t_recall_5": 82.77945619335347,
    "test__i2t_recall_10": 91.54078549848943,
    "test__i2t_rsum": 208.4592145015106,
    "test__i2t_medr": 2.0,
    "test__i2t_meanr": 6.211480362537764,
    "test__t2i_recall_1": 13.595166163141993,
    "test__t2i_recall_5": 31.419939577039276,
    "test__t2i_recall_10": 73.1117824773414,
    "test__t2i_rsum": 118.12688821752266,
    "test__t2i_medr": 7.0,
    "test__t2i_meanr": 8.220543806646525,
    "lr": 0.00016691306063588583,
    "summary": "40.0, 100.0, 100.0, 40.0, 90.0, 100.0, 34.13897280966767, 82.77945619335347, 91.54078549848943, 13.595166163141993, 31.419939577039276, 73.1117824773414"
}
[2026-03-19 21:47:38] Evaluating test...
[2026-03-19 21:51:04] [Eval] Report @step: 9.00 {
    "test__rsum": 402.2421524663677,
    "test__medr": 4.0,
    "test__meanr": 10.838565022421525,
    "test__n_fold_i2t_recall_1": 90.0,
    "test__n_fold_i2t_recall_5": 100.0,
    "test__n_fold_i2t_recall_10": 100.0,
    "test__n_fold_i2t_rsum": 290.0,
    "test__n_fold_i2t_medr": 1.0,
    "test__n_fold_i2t_meanr": 1.1,
    "test__n_fold_t2i_recall_1": 90.0,
    "test__n_fold_t2i_recall_5": 100.0,
    "test__n_fold_t2i_recall_10": 100.0,
    "test__n_fold_t2i_rsum": 290.0,
    "test__n_fold_t2i_medr": 1.0,
    "test__n_fold_t2i_meanr": 1.1,
    "test__i2t_recall_1": 32.399103139013455,
    "test__i2t_recall_5": 76.45739910313901,
    "test__i2t_recall_10": 93.04932735426009,
    "test__i2t_rsum": 201.90582959641256,
    "test__i2t_medr": 3.0,
    "test__i2t_meanr": 5.290358744394619,
    "test__t2i_recall_1": 53.81165919282511,
    "test__t2i_recall_5": 66.81614349775785,
    "test__t2i_recall_10": 79.7085201793722,
    "test__t2i_rsum": 200.33632286995515,
    "test__t2i_medr": 1.0,
    "test__t2i_meanr": 5.548206278026906,
    "lr": 0.00016691306063588583,
    "summary": "90.0, 100.0, 100.0, 90.0, 100.0, 100.0, 32.399103139013455, 76.45739910313901, 93.04932735426009, 53.81165919282511, 66.81614349775785, 79.7085201793722"
}
[2026-03-19 21:51:04] Evaluating test...
[2026-03-19 21:51:09] [Eval] Report @step: 9.00 {
    "test__rsum": 334.2857142857143,
    "test__medr": 8.0,
    "test__meanr": 13.165714285714285,
    "test__n_fold_i2t_recall_1": 60.0,
    "test__n_fold_i2t_recall_5": 100.0,
    "test__n_fold_i2t_recall_10": 100.0,
    "test__n_fold_i2t_rsum": 260.0,
    "test__n_fold_i2t_medr": 1.0,
    "test__n_fold_i2t_meanr": 2.1,
    "test__n_fold_t2i_recall_1": 30.0,
    "test__n_fold_t2i_recall_5": 80.0,
    "test__n_fold_t2i_recall_10": 100.0,
    "test__n_fold_t2i_rsum": 210.0,
    "test__n_fold_t2i_medr": 4.0,
    "test__n_fold_t2i_meanr": 3.5,
    "test__i2t_recall_1": 23.428571428571427,
    "test__i2t_recall_5": 60.57142857142857,
    "test__i2t_recall_10": 84.57142857142857,
    "test__i2t_rsum": 168.57142857142856,
    "test__i2t_medr": 4.0,
    "test__i2t_meanr": 6.937142857142857,
    "test__t2i_recall_1": 14.285714285714286,
    "test__t2i_recall_5": 68.57142857142857,
    "test__t2i_recall_10": 82.85714285714286,
    "test__t2i_rsum": 165.71428571428572,
    "test__t2i_medr": 4.0,
    "test__t2i_meanr": 6.228571428571429,
    "lr": 0.00016691306063588583,
    "summary": "60.0, 100.0, 100.0, 30.0, 80.0, 100.0, 23.428571428571427, 60.57142857142857, 84.57142857142857, 14.285714285714286, 68.57142857142857, 82.85714285714286"
}
[2026-03-19 21:51:09] Evaluating test...
[2026-03-19 21:51:10] [Eval] Report @step: 9.00 {
    "test__rsum": 366.1290322580645,
    "test__medr": 3.0,
    "test__meanr": 13.483870967741936,
    "test__n_fold_i2t_recall_1": 40.0,
    "test__n_fold_i2t_recall_5": 90.0,
    "test__n_fold_i2t_recall_10": 100.0,
    "test__n_fold_i2t_rsum": 230.0,
    "test__n_fold_i2t_medr": 2.0,
    "test__n_fold_i2t_meanr": 2.3,
    "test__n_fold_t2i_recall_1": 60.0,
    "test__n_fold_t2i_recall_5": 80.0,
    "test__n_fold_t2i_recall_10": 100.0,
    "test__n_fold_t2i_rsum": 240.0,
    "test__n_fold_t2i_medr": 1.0,
    "test__n_fold_t2i_meanr": 3.2,
    "test__i2t_recall_1": 22.580645161290324,
    "test__i2t_recall_5": 70.96774193548387,
    "test__i2t_recall_10": 91.93548387096774,
    "test__i2t_rsum": 185.48387096774195,
    "test__i2t_medr": 2.0,
    "test__i2t_meanr": 4.790322580645162,
    "test__t2i_recall_1": 56.45161290322581,
    "test__t2i_recall_5": 56.45161290322581,
    "test__t2i_recall_10": 67.74193548387096,
    "test__t2i_rsum": 180.64516129032256,
    "test__t2i_medr": 1.0,
    "test__t2i_meanr": 8.693548387096774,
    "lr": 0.00016691306063588583,
    "summary": "40.0, 90.0, 100.0, 60.0, 80.0, 100.0, 22.580645161290324, 70.96774193548387, 91.93548387096774, 56.45161290322581, 56.45161290322581, 67.74193548387096"
}
[2026-03-19 21:51:11] Round 10!
[2026-03-19 21:51:11] Global Training!
[2026-03-19 21:51:12] Training Client 2!
[2026-03-19 21:51:12] Epoch: [10] image	Loss 3.3835 (3.3856)	Prec@1 54.688 (53.385)	Prec@5 99.219 (98.958)
[2026-03-19 21:51:12] Start Intra & Inter Contrasting!
[2026-03-19 21:51:13] TEST:  Epoch: [10] image	Prec@1 60.484 (53.251)	Prec@5 98.387 (98.767)
[2026-03-19 21:51:13] Generate Local Representations
[2026-03-19 21:51:14] Training Client 7!
[2026-03-19 21:51:15] Epoch: [10] text	Loss 3.0980 (2.9877)	Prec@1 50.781 (53.814)	Prec@5 98.828 (99.127)
[2026-03-19 21:51:15] Start Intra & Inter Contrasting!
[2026-03-19 21:51:16] TEST:  Epoch: [10] text	Prec@1 60.484 (53.251)	Prec@5 98.387 (98.767)
[2026-03-19 21:51:16] Generate Local Representations
[2026-03-19 21:51:16] Training Client 13!
[2026-03-19 21:51:16] Epoch 10
[2026-03-19 21:51:16] Skip local supervised step for client 3: train loader has no full batch
[2026-03-19 21:51:17] Generate Local Representations
[2026-03-19 21:51:17] Training Client 10!
[2026-03-19 21:51:17] Epoch 10
[2026-03-19 21:51:18] Generate Local Representations
[2026-03-19 21:51:18] Training Client 3!
[2026-03-19 21:51:19] Epoch: [10] image	Loss 3.8763 (3.8185)	Prec@1 27.344 (28.385)	Prec@5 89.844 (92.318)
[2026-03-19 21:51:19] Start Intra & Inter Contrasting!
[2026-03-19 21:51:19] TEST:  Epoch: [10] image	Prec@1 20.000 (20.000)	Prec@5 89.714 (89.714)
[2026-03-19 21:51:19] Generate Local Representations
[2026-03-19 21:51:19] Training Client 6!
[2026-03-19 21:51:20] Epoch: [10] text	Loss 3.5820 (3.5648)	Prec@1 29.297 (31.901)	Prec@5 97.266 (96.094)
[2026-03-19 21:51:20] Start Intra & Inter Contrasting!
[2026-03-19 21:51:20] TEST:  Epoch: [10] text	Prec@1 30.667 (32.931)	Prec@5 96.000 (96.375)
[2026-03-19 21:51:20] Generate Local Representations
[2026-03-19 21:51:20] Training Client 5!
[2026-03-19 21:51:21] Epoch: [10] text	Loss 4.4985 (4.4985)	Prec@1 39.062 (39.062)	Prec@5 85.156 (85.156)
[2026-03-19 21:51:21] Start Intra & Inter Contrasting!
[2026-03-19 21:51:21] TEST:  Epoch: [10] text	Prec@1 37.778 (41.196)	Prec@5 86.667 (90.033)
[2026-03-19 21:51:21] Generate Local Representations
[2026-03-19 21:51:21] Training Client 11!
[2026-03-19 21:51:21] Epoch 10
[2026-03-19 21:51:23] Generate Local Representations
[2026-03-19 21:51:23] Training Client 4!
[2026-03-19 21:51:23] Epoch: [10] image	Loss 3.9655 (3.9655)	Prec@1 58.984 (58.984)	Prec@5 77.734 (77.734)
[2026-03-19 21:51:23] Start Intra & Inter Contrasting!
[2026-03-19 21:51:23] TEST:  Epoch: [10] image	Prec@1 56.452 (56.452)	Prec@5 74.194 (74.194)
[2026-03-19 21:51:24] Generate Local Representations
[2026-03-19 21:51:24] Training Client 9!
[2026-03-19 21:51:24] Epoch: [10] text	Loss 0.0000 (0.0000)	Prec@1 0.000 (0.000)	Prec@5 0.000 (0.000)
[2026-03-19 21:51:24] Start Intra & Inter Contrasting!
[2026-03-19 21:51:24] TEST:  Epoch: [10] text	Prec@1 0.000 (0.000)	Prec@5 1.613 (1.613)
[2026-03-19 21:51:25] Generate Local Representations
[2026-03-19 21:51:25] Training Client 1!
[2026-03-19 21:51:25] Epoch: [10] image	Loss 4.4381 (4.4381)	Prec@1 24.609 (24.609)	Prec@5 91.797 (91.797)
[2026-03-19 21:51:25] Start Intra & Inter Contrasting!
[2026-03-19 21:51:25] TEST:  Epoch: [10] image	Prec@1 30.667 (26.586)	Prec@5 94.667 (93.656)
[2026-03-19 21:51:26] Generate Local Representations
[2026-03-19 21:51:26] Training Client 14!
[2026-03-19 21:51:26] Epoch 10
[2026-03-19 21:51:26] Skip local supervised step for client 4: train loader has no full batch
[2026-03-19 21:51:26] Generate Local Representations
[2026-03-19 21:51:26] Training Client 8!
[2026-03-19 21:51:26] Epoch: [10] text	Loss 4.5968 (4.5968)	Prec@1 26.172 (26.172)	Prec@5 85.547 (85.547)
[2026-03-19 21:51:26] Start Intra & Inter Contrasting!
[2026-03-19 21:51:27] TEST:  Epoch: [10] text	Prec@1 20.000 (20.000)	Prec@5 89.714 (89.714)
[2026-03-19 21:51:27] Generate Local Representations
[2026-03-19 21:51:27] Training Client 12!
[2026-03-19 21:51:27] Epoch 10
[2026-03-19 21:51:29] Generate Local Representations
[2026-03-19 21:51:29] Training Client 0!
[2026-03-19 21:51:30] Epoch: [10] image	Loss 3.5513 (3.5473)	Prec@1 40.234 (41.406)	Prec@5 95.703 (96.094)
[2026-03-19 21:51:30] Start Intra & Inter Contrasting!
[2026-03-19 21:51:30] TEST:  Epoch: [10] image	Prec@1 37.778 (41.196)	Prec@5 95.556 (96.013)
[2026-03-19 21:51:30] Generate Local Representations
[2026-03-19 21:51:32] start distilling
[2026-03-19 21:51:32] TEST:  Epoch: [10] image	Prec@1 37.778 (41.196)	Prec@5 95.556 (96.013)
[2026-03-19 21:51:33] TEST:  Epoch: [10] image	Prec@1 30.667 (26.586)	Prec@5 94.667 (93.656)
[2026-03-19 21:51:33] TEST:  Epoch: [10] image	Prec@1 60.484 (53.251)	Prec@5 98.387 (98.767)
[2026-03-19 21:51:33] TEST:  Epoch: [10] image	Prec@1 20.000 (20.000)	Prec@5 89.714 (89.714)
[2026-03-19 21:51:33] TEST:  Epoch: [10] image	Prec@1 56.452 (56.452)	Prec@5 74.194 (74.194)
[2026-03-19 21:51:34] TEST:  Epoch: [10] text	Prec@1 37.778 (41.196)	Prec@5 86.667 (90.033)
[2026-03-19 21:51:34] TEST:  Epoch: [10] text	Prec@1 30.667 (32.931)	Prec@5 96.000 (96.375)
[2026-03-19 21:51:34] TEST:  Epoch: [10] text	Prec@1 60.484 (53.251)	Prec@5 98.387 (98.767)
[2026-03-19 21:51:35] TEST:  Epoch: [10] text	Prec@1 20.000 (20.000)	Prec@5 89.714 (89.714)
[2026-03-19 21:51:35] TEST:  Epoch: [10] text	Prec@1 0.000 (0.000)	Prec@5 1.613 (1.613)
[2026-03-19 21:51:35] Evaluating test...
[2026-03-19 21:51:54] [Eval] Report @step: 10.00 {
    "test__rsum": 390.0332225913621,
    "test__medr": 5.0,
    "test__meanr": 8.362126245847175,
    "test__n_fold_i2t_recall_1": 20.0,
    "test__n_fold_i2t_recall_5": 70.0,
    "test__n_fold_i2t_recall_10": 100.0,
    "test__n_fold_i2t_rsum": 190.0,
    "test__n_fold_i2t_medr": 2.0,
    "test__n_fold_i2t_meanr": 3.5,
    "test__n_fold_t2i_recall_1": 40.0,
    "test__n_fold_t2i_recall_5": 100.0,
    "test__n_fold_t2i_recall_10": 100.0,
    "test__n_fold_t2i_rsum": 240.0,
    "test__n_fold_t2i_medr": 2.0,
    "test__n_fold_t2i_meanr": 2.8,
    "test__i2t_recall_1": 40.863787375415285,
    "test__i2t_recall_5": 78.7375415282392,
    "test__i2t_recall_10": 92.0265780730897,
    "test__i2t_rsum": 211.62790697674419,
    "test__i2t_medr": 2.0,
    "test__i2t_meanr": 3.9800664451827243,
    "test__t2i_recall_1": 13.953488372093023,
    "test__t2i_recall_5": 72.09302325581395,
    "test__t2i_recall_10": 92.35880398671097,
    "test__t2i_rsum": 178.40531561461793,
    "test__t2i_medr": 3.0,
    "test__t2i_meanr": 4.382059800664452,
    "lr": 0.00015877852522924732,
    "summary": "20.0, 70.0, 100.0, 40.0, 100.0, 100.0, 40.863787375415285, 78.7375415282392, 92.0265780730897, 13.953488372093023, 72.09302325581395, 92.35880398671097"
}
[2026-03-19 21:51:54] Evaluating test...
[2026-03-19 21:52:15] [Eval] Report @step: 10.00 {
    "test__rsum": 418.73111782477343,
    "test__medr": 4.0,
    "test__meanr": 10.145015105740182,
    "test__n_fold_i2t_recall_1": 60.0,
    "test__n_fold_i2t_recall_5": 100.0,
    "test__n_fold_i2t_recall_10": 100.0,
    "test__n_fold_i2t_rsum": 260.0,
    "test__n_fold_i2t_medr": 1.0,
    "test__n_fold_i2t_meanr": 1.7,
    "test__n_fold_t2i_recall_1": 40.0,
    "test__n_fold_t2i_recall_5": 90.0,
    "test__n_fold_t2i_recall_10": 100.0,
    "test__n_fold_t2i_rsum": 230.0,
    "test__n_fold_t2i_medr": 2.0,
    "test__n_fold_t2i_meanr": 2.5,
    "test__i2t_recall_1": 42.90030211480362,
    "test__i2t_recall_5": 80.96676737160121,
    "test__i2t_recall_10": 94.25981873111782,
    "test__i2t_rsum": 218.12688821752266,
    "test__i2t_medr": 2.0,
    "test__i2t_meanr": 6.030211480362538,
    "test__t2i_recall_1": 25.075528700906343,
    "test__t2i_recall_5": 80.06042296072508,
    "test__t2i_recall_10": 95.46827794561933,
    "test__t2i_rsum": 200.60422960725077,
    "test__t2i_medr": 2.0,
    "test__t2i_meanr": 4.114803625377643,
    "lr": 0.00015877852522924732,
    "summary": "60.0, 100.0, 100.0, 40.0, 90.0, 100.0, 42.90030211480362, 80.96676737160121, 94.25981873111782, 25.075528700906343, 80.06042296072508, 95.46827794561933"
}
[2026-03-19 21:52:15] Evaluating test...
[2026-03-19 21:55:41] [Eval] Report @step: 10.00 {
    "test__rsum": 371.97309417040356,
    "test__medr": 5.0,
    "test__meanr": 14.338565022421523,
    "test__n_fold_i2t_recall_1": 80.0,
    "test__n_fold_i2t_recall_5": 100.0,
    "test__n_fold_i2t_recall_10": 100.0,
    "test__n_fold_i2t_rsum": 280.0,
    "test__n_fold_i2t_medr": 1.0,
    "test__n_fold_i2t_meanr": 1.2,
    "test__n_fold_t2i_recall_1": 80.0,
    "test__n_fold_t2i_recall_5": 100.0,
    "test__n_fold_t2i_recall_10": 100.0,
    "test__n_fold_t2i_rsum": 280.0,
    "test__n_fold_t2i_medr": 1.0,
    "test__n_fold_t2i_meanr": 1.4,
    "test__i2t_recall_1": 26.793721973094172,
    "test__i2t_recall_5": 71.74887892376681,
    "test__i2t_recall_10": 91.3677130044843,
    "test__i2t_rsum": 189.9103139013453,
    "test__i2t_medr": 3.0,
    "test__i2t_meanr": 5.756726457399103,
    "test__t2i_recall_1": 43.27354260089686,
    "test__t2i_recall_5": 63.45291479820628,
    "test__t2i_recall_10": 75.33632286995515,
    "test__t2i_rsum": 182.0627802690583,
    "test__t2i_medr": 2.0,
    "test__t2i_meanr": 8.581838565022421,
    "lr": 0.00015877852522924732,
    "summary": "80.0, 100.0, 100.0, 80.0, 100.0, 100.0, 26.793721973094172, 71.74887892376681, 91.3677130044843, 43.27354260089686, 63.45291479820628, 75.33632286995515"
}
[2026-03-19 21:55:41] Evaluating test...
[2026-03-19 21:55:46] [Eval] Report @step: 10.00 {
    "test__rsum": 282.2857142857143,
    "test__medr": 11.0,
    "test__meanr": 16.82857142857143,
    "test__n_fold_i2t_recall_1": 40.0,
    "test__n_fold_i2t_recall_5": 90.0,
    "test__n_fold_i2t_recall_10": 100.0,
    "test__n_fold_i2t_rsum": 230.0,
    "test__n_fold_i2t_medr": 2.0,
    "test__n_fold_i2t_meanr": 2.8,
    "test__n_fold_t2i_recall_1": 50.0,
    "test__n_fold_t2i_recall_5": 80.0,
    "test__n_fold_t2i_recall_10": 100.0,
    "test__n_fold_t2i_rsum": 230.0,
    "test__n_fold_t2i_medr": 2.0,
    "test__n_fold_t2i_meanr": 3.1,
    "test__i2t_recall_1": 16.0,
    "test__i2t_recall_5": 54.285714285714285,
    "test__i2t_recall_10": 75.42857142857143,
    "test__i2t_rsum": 145.71428571428572,
    "test__i2t_medr": 5.0,
    "test__i2t_meanr": 8.879999999999999,
    "test__t2i_recall_1": 17.142857142857142,
    "test__t2i_recall_5": 46.857142857142854,
    "test__t2i_recall_10": 72.57142857142857,
    "test__t2i_rsum": 136.57142857142856,
    "test__t2i_medr": 6.0,
    "test__t2i_meanr": 7.948571428571428,
    "lr": 0.00015877852522924732,
    "summary": "40.0, 90.0, 100.0, 50.0, 80.0, 100.0, 16.0, 54.285714285714285, 75.42857142857143, 17.142857142857142, 46.857142857142854, 72.57142857142857"
}
[2026-03-19 21:55:46] Evaluating test...
[2026-03-19 21:55:47] [Eval] Report @step: 10.00 {
    "test__rsum": 390.3225806451613,
    "test__medr": 4.0,
    "test__meanr": 10.903225806451612,
    "test__n_fold_i2t_recall_1": 40.0,
    "test__n_fold_i2t_recall_5": 90.0,
    "test__n_fold_i2t_recall_10": 100.0,
    "test__n_fold_i2t_rsum": 230.0,
    "test__n_fold_i2t_medr": 2.0,
    "test__n_fold_i2t_meanr": 2.3,
    "test__n_fold_t2i_recall_1": 50.0,
    "test__n_fold_t2i_recall_5": 90.0,
    "test__n_fold_t2i_recall_10": 100.0,
    "test__n_fold_t2i_rsum": 240.0,
    "test__n_fold_t2i_medr": 1.0,
    "test__n_fold_t2i_meanr": 2.5,
    "test__i2t_recall_1": 24.193548387096776,
    "test__i2t_recall_5": 70.96774193548387,
    "test__i2t_recall_10": 93.54838709677419,
    "test__i2t_rsum": 188.70967741935482,
    "test__i2t_medr": 3.0,
    "test__i2t_meanr": 4.387096774193548,
    "test__t2i_recall_1": 58.064516129032256,
    "test__t2i_recall_5": 64.51612903225806,
    "test__t2i_recall_10": 79.03225806451613,
    "test__t2i_rsum": 201.61290322580646,
    "test__t2i_medr": 1.0,
    "test__t2i_meanr": 6.516129032258065,
    "lr": 0.00015877852522924732,
    "summary": "40.0, 90.0, 100.0, 50.0, 90.0, 100.0, 24.193548387096776, 70.96774193548387, 93.54838709677419, 58.064516129032256, 64.51612903225806, 79.03225806451613"
}
[2026-03-19 21:55:47] Round 11!
[2026-03-19 21:55:47] Global Training!
[2026-03-19 21:55:49] Training Client 6!
[2026-03-19 21:55:49] Epoch: [11] text	Loss 3.5458 (3.5234)	Prec@1 28.516 (31.641)	Prec@5 96.094 (96.354)
[2026-03-19 21:55:49] Start Intra & Inter Contrasting!
[2026-03-19 21:55:49] TEST:  Epoch: [11] text	Prec@1 30.667 (32.931)	Prec@5 96.000 (96.375)
[2026-03-19 21:55:50] Generate Local Representations
[2026-03-19 21:55:50] Training Client 2!
[2026-03-19 21:55:50] Epoch: [11] image	Loss 3.3864 (3.3693)	Prec@1 52.734 (52.474)	Prec@5 98.438 (98.828)
[2026-03-19 21:55:50] Start Intra & Inter Contrasting!
[2026-03-19 21:55:51] TEST:  Epoch: [11] image	Prec@1 60.484 (53.251)	Prec@5 98.387 (98.767)
[2026-03-19 21:55:51] Generate Local Representations
[2026-03-19 21:55:51] Training Client 7!
[2026-03-19 21:55:53] Epoch: [11] text	Loss 3.0236 (2.9812)	Prec@1 52.344 (53.631)	Prec@5 98.828 (99.104)
[2026-03-19 21:55:53] Start Intra & Inter Contrasting!
[2026-03-19 21:55:53] TEST:  Epoch: [11] text	Prec@1 60.484 (53.251)	Prec@5 98.387 (98.767)
[2026-03-19 21:55:54] Generate Local Representations
[2026-03-19 21:55:54] Training Client 12!
[2026-03-19 21:55:54] Epoch 11
[2026-03-19 21:55:56] Generate Local Representations
[2026-03-19 21:55:56] Training Client 4!
[2026-03-19 21:55:56] Epoch: [11] image	Loss 3.8663 (3.8663)	Prec@1 60.156 (60.156)	Prec@5 76.562 (76.562)
[2026-03-19 21:55:56] Start Intra & Inter Contrasting!
[2026-03-19 21:55:56] TEST:  Epoch: [11] image	Prec@1 56.452 (56.452)	Prec@5 74.194 (74.194)
[2026-03-19 21:55:57] Generate Local Representations
[2026-03-19 21:55:57] Training Client 3!
[2026-03-19 21:55:57] Epoch: [11] image	Loss 3.7138 (3.7721)	Prec@1 32.422 (28.516)	Prec@5 91.406 (92.318)
[2026-03-19 21:55:57] Start Intra & Inter Contrasting!
[2026-03-19 21:55:57] TEST:  Epoch: [11] image	Prec@1 20.000 (20.000)	Prec@5 89.714 (89.714)
[2026-03-19 21:55:58] Generate Local Representations
[2026-03-19 21:55:58] Training Client 1!
[2026-03-19 21:55:58] Epoch: [11] image	Loss 4.3900 (4.3900)	Prec@1 25.000 (25.000)	Prec@5 92.578 (92.578)
[2026-03-19 21:55:58] Start Intra & Inter Contrasting!
[2026-03-19 21:55:58] TEST:  Epoch: [11] image	Prec@1 30.667 (26.284)	Prec@5 94.667 (93.656)
[2026-03-19 21:55:59] Generate Local Representations
[2026-03-19 21:55:59] Training Client 9!
[2026-03-19 21:55:59] Epoch: [11] text	Loss 0.0000 (0.0000)	Prec@1 0.000 (0.000)	Prec@5 0.000 (0.000)
[2026-03-19 21:55:59] Start Intra & Inter Contrasting!
[2026-03-19 21:55:59] TEST:  Epoch: [11] text	Prec@1 0.000 (0.000)	Prec@5 1.613 (1.613)
[2026-03-19 21:55:59] Generate Local Representations
[2026-03-19 21:55:59] Training Client 11!
[2026-03-19 21:55:59] Epoch 11
[2026-03-19 21:56:01] Generate Local Representations
[2026-03-19 21:56:01] Training Client 14!
[2026-03-19 21:56:01] Epoch 11
[2026-03-19 21:56:01] Skip local supervised step for client 4: train loader has no full batch
[2026-03-19 21:56:02] Generate Local Representations
[2026-03-19 21:56:02] Training Client 5!
[2026-03-19 21:56:02] Epoch: [11] text	Loss 4.4017 (4.4017)	Prec@1 38.281 (38.281)	Prec@5 89.453 (89.453)
[2026-03-19 21:56:02] Start Intra & Inter Contrasting!
[2026-03-19 21:56:02] TEST:  Epoch: [11] text	Prec@1 37.778 (41.196)	Prec@5 86.667 (90.698)
[2026-03-19 21:56:03] Generate Local Representations
[2026-03-19 21:56:03] Training Client 10!
[2026-03-19 21:56:03] Epoch 11
[2026-03-19 21:56:04] Generate Local Representations
[2026-03-19 21:56:04] Training Client 13!
[2026-03-19 21:56:04] Epoch 11
[2026-03-19 21:56:04] Skip local supervised step for client 3: train loader has no full batch
[2026-03-19 21:56:05] Generate Local Representations
[2026-03-19 21:56:05] Training Client 0!
[2026-03-19 21:56:05] Epoch: [11] image	Loss 3.4567 (3.4645)	Prec@1 41.016 (42.448)	Prec@5 96.484 (95.964)
[2026-03-19 21:56:05] Start Intra & Inter Contrasting!
[2026-03-19 21:56:06] TEST:  Epoch: [11] image	Prec@1 37.778 (41.196)	Prec@5 95.556 (96.013)
[2026-03-19 21:56:06] Generate Local Representations
[2026-03-19 21:56:06] Training Client 8!
[2026-03-19 21:56:06] Epoch: [11] text	Loss 4.5453 (4.5453)	Prec@1 26.953 (26.953)	Prec@5 88.281 (88.281)
[2026-03-19 21:56:06] Start Intra & Inter Contrasting!
[2026-03-19 21:56:06] TEST:  Epoch: [11] text	Prec@1 20.000 (20.000)	Prec@5 89.714 (89.714)
[2026-03-19 21:56:07] Generate Local Representations
[2026-03-19 21:56:09] start distilling
[2026-03-19 21:56:09] TEST:  Epoch: [11] image	Prec@1 37.778 (41.196)	Prec@5 95.556 (96.013)
[2026-03-19 21:56:09] TEST:  Epoch: [11] image	Prec@1 30.667 (26.284)	Prec@5 94.667 (93.656)
[2026-03-19 21:56:10] TEST:  Epoch: [11] image	Prec@1 60.484 (53.251)	Prec@5 98.387 (98.767)
[2026-03-19 21:56:10] TEST:  Epoch: [11] image	Prec@1 20.000 (20.000)	Prec@5 89.714 (89.714)
[2026-03-19 21:56:10] TEST:  Epoch: [11] image	Prec@1 56.452 (56.452)	Prec@5 74.194 (74.194)
[2026-03-19 21:56:10] TEST:  Epoch: [11] text	Prec@1 37.778 (41.196)	Prec@5 86.667 (90.698)
[2026-03-19 21:56:10] TEST:  Epoch: [11] text	Prec@1 30.667 (32.931)	Prec@5 96.000 (96.375)
[2026-03-19 21:56:11] TEST:  Epoch: [11] text	Prec@1 60.484 (53.251)	Prec@5 98.387 (98.767)
[2026-03-19 21:56:11] TEST:  Epoch: [11] text	Prec@1 20.000 (20.000)	Prec@5 89.714 (89.714)
[2026-03-19 21:56:11] TEST:  Epoch: [11] text	Prec@1 0.000 (0.000)	Prec@5 1.613 (1.613)
[2026-03-19 21:56:11] Evaluating test...
[2026-03-19 21:56:31] [Eval] Report @step: 11.00 {
    "test__rsum": 372.7574750830565,
    "test__medr": 6.0,
    "test__meanr": 11.40531561461794,
    "test__n_fold_i2t_recall_1": 20.0,
    "test__n_fold_i2t_recall_5": 70.0,
    "test__n_fold_i2t_recall_10": 100.0,
    "test__n_fold_i2t_rsum": 190.0,
    "test__n_fold_i2t_medr": 2.0,
    "test__n_fold_i2t_meanr": 3.6,
    "test__n_fold_t2i_recall_1": 10.0,
    "test__n_fold_t2i_recall_5": 90.0,
    "test__n_fold_t2i_recall_10": 100.0,
    "test__n_fold_t2i_rsum": 200.0,
    "test__n_fold_t2i_medr": 3.0,
    "test__n_fold_t2i_meanr": 3.5,
    "test__i2t_recall_1": 27.574750830564785,
    "test__i2t_recall_5": 63.45514950166113,
    "test__i2t_recall_10": 80.06644518272425,
    "test__i2t_rsum": 171.09634551495017,
    "test__i2t_medr": 3.0,
    "test__i2t_meanr": 7.1262458471760795,
    "test__t2i_recall_1": 25.91362126245847,
    "test__t2i_recall_5": 80.39867109634551,
    "test__t2i_recall_10": 95.34883720930233,
    "test__t2i_rsum": 201.6611295681063,
    "test__t2i_medr": 3.0,
    "test__t2i_meanr": 4.279069767441861,
    "lr": 0.00015000000000000001,
    "summary": "20.0, 70.0, 100.0, 10.0, 90.0, 100.0, 27.574750830564785, 63.45514950166113, 80.06644518272425, 25.91362126245847, 80.39867109634551, 95.34883720930233"
}
[2026-03-19 21:56:31] Evaluating test...
[2026-03-19 21:56:52] [Eval] Report @step: 11.00 {
    "test__rsum": 374.0181268882175,
    "test__medr": 6.0,
    "test__meanr": 10.341389728096676,
    "test__n_fold_i2t_recall_1": 60.0,
    "test__n_fold_i2t_recall_5": 100.0,
    "test__n_fold_i2t_recall_10": 100.0,
    "test__n_fold_i2t_rsum": 260.0,
    "test__n_fold_i2t_medr": 1.0,
    "test__n_fold_i2t_meanr": 1.9,
    "test__n_fold_t2i_recall_1": 40.0,
    "test__n_fold_t2i_recall_5": 90.0,
    "test__n_fold_t2i_recall_10": 100.0,
    "test__n_fold_t2i_rsum": 230.0,
    "test__n_fold_t2i_medr": 2.0,
    "test__n_fold_t2i_meanr": 2.3,
    "test__i2t_recall_1": 32.02416918429003,
    "test__i2t_recall_5": 78.85196374622356,
    "test__i2t_recall_10": 93.35347432024169,
    "test__i2t_rsum": 204.2296072507553,
    "test__i2t_medr": 2.0,
    "test__i2t_meanr": 5.0120845921450154,
    "test__t2i_recall_1": 14.19939577039275,
    "test__t2i_recall_5": 67.06948640483384,
    "test__t2i_recall_10": 88.51963746223565,
    "test__t2i_rsum": 169.78851963746223,
    "test__t2i_medr": 4.0,
    "test__t2i_meanr": 5.329305135951661,
    "lr": 0.00015000000000000001,
    "summary": "60.0, 100.0, 100.0, 40.0, 90.0, 100.0, 32.02416918429003, 78.85196374622356, 93.35347432024169, 14.19939577039275, 67.06948640483384, 88.51963746223565"
}
[2026-03-19 21:56:52] Evaluating test...
[2026-03-19 22:00:18] [Eval] Report @step: 11.00 {
    "test__rsum": 386.43497757847535,
    "test__medr": 4.0,
    "test__meanr": 19.99103139013453,
    "test__n_fold_i2t_recall_1": 80.0,
    "test__n_fold_i2t_recall_5": 100.0,
    "test__n_fold_i2t_recall_10": 100.0,
    "test__n_fold_i2t_rsum": 280.0,
    "test__n_fold_i2t_medr": 1.0,
    "test__n_fold_i2t_meanr": 1.2,
    "test__n_fold_t2i_recall_1": 80.0,
    "test__n_fold_t2i_recall_5": 100.0,
    "test__n_fold_t2i_recall_10": 100.0,
    "test__n_fold_t2i_rsum": 280.0,
    "test__n_fold_t2i_medr": 1.0,
    "test__n_fold_t2i_meanr": 1.3,
    "test__i2t_recall_1": 27.91479820627803,
    "test__i2t_recall_5": 76.79372197309416,
    "test__i2t_recall_10": 93.27354260089686,
    "test__i2t_rsum": 197.98206278026905,
    "test__i2t_medr": 3.0,
    "test__i2t_meanr": 4.997757847533633,
    "test__t2i_recall_1": 52.690582959641254,
    "test__t2i_recall_5": 63.56502242152467,
    "test__t2i_recall_10": 72.19730941704036,
    "test__t2i_rsum": 188.45291479820628,
    "test__t2i_medr": 1.0,
    "test__t2i_meanr": 14.993273542600896,
    "lr": 0.00015000000000000001,
    "summary": "80.0, 100.0, 100.0, 80.0, 100.0, 100.0, 27.91479820627803, 76.79372197309416, 93.27354260089686, 52.690582959641254, 63.56502242152467, 72.19730941704036"
}
[2026-03-19 22:00:18] Evaluating test...
[2026-03-19 22:00:23] [Eval] Report @step: 11.00 {
    "test__rsum": 296.0,
    "test__medr": 11.0,
    "test__meanr": 16.274285714285714,
    "test__n_fold_i2t_recall_1": 60.0,
    "test__n_fold_i2t_recall_5": 100.0,
    "test__n_fold_i2t_recall_10": 100.0,
    "test__n_fold_i2t_rsum": 260.0,
    "test__n_fold_i2t_medr": 1.0,
    "test__n_fold_i2t_meanr": 1.9,
    "test__n_fold_t2i_recall_1": 50.0,
    "test__n_fold_t2i_recall_5": 70.0,
    "test__n_fold_t2i_recall_10": 100.0,
    "test__n_fold_t2i_rsum": 220.0,
    "test__n_fold_t2i_medr": 1.0,
    "test__n_fold_t2i_meanr": 3.1,
    "test__i2t_recall_1": 17.142857142857142,
    "test__i2t_recall_5": 54.857142857142854,
    "test__i2t_recall_10": 82.85714285714286,
    "test__i2t_rsum": 154.85714285714286,
    "test__i2t_medr": 5.0,
    "test__i2t_meanr": 7.022857142857143,
    "test__t2i_recall_1": 20.0,
    "test__t2i_recall_5": 49.142857142857146,
    "test__t2i_recall_10": 72.0,
    "test__t2i_rsum": 141.14285714285714,
    "test__t2i_medr": 6.0,
    "test__t2i_meanr": 9.251428571428571,
    "lr": 0.00015000000000000001,
    "summary": "60.0, 100.0, 100.0, 50.0, 70.0, 100.0, 17.142857142857142, 54.857142857142854, 82.85714285714286, 20.0, 49.142857142857146, 72.0"
}
[2026-03-19 22:00:23] Evaluating test...
[2026-03-19 22:00:24] [Eval] Report @step: 11.00 {
    "test__rsum": 382.258064516129,
    "test__medr": 4.0,
    "test__meanr": 11.741935483870968,
    "test__n_fold_i2t_recall_1": 40.0,
    "test__n_fold_i2t_recall_5": 100.0,
    "test__n_fold_i2t_recall_10": 100.0,
    "test__n_fold_i2t_rsum": 240.0,
    "test__n_fold_i2t_medr": 2.0,
    "test__n_fold_i2t_meanr": 2.1,
    "test__n_fold_t2i_recall_1": 60.0,
    "test__n_fold_t2i_recall_5": 80.0,
    "test__n_fold_t2i_recall_10": 100.0,
    "test__n_fold_t2i_rsum": 240.0,
    "test__n_fold_t2i_medr": 1.0,
    "test__n_fold_t2i_meanr": 3.1,
    "test__i2t_recall_1": 25.806451612903224,
    "test__i2t_recall_5": 69.35483870967742,
    "test__i2t_recall_10": 93.54838709677419,
    "test__i2t_rsum": 188.70967741935482,
    "test__i2t_medr": 3.0,
    "test__i2t_meanr": 4.790322580645162,
    "test__t2i_recall_1": 56.45161290322581,
    "test__t2i_recall_5": 62.903225806451616,
    "test__t2i_recall_10": 74.19354838709677,
    "test__t2i_rsum": 193.5483870967742,
    "test__t2i_medr": 1.0,
    "test__t2i_meanr": 6.951612903225806,
    "lr": 0.00015000000000000001,
    "summary": "40.0, 100.0, 100.0, 60.0, 80.0, 100.0, 25.806451612903224, 69.35483870967742, 93.54838709677419, 56.45161290322581, 62.903225806451616, 74.19354838709677"
}
[2026-03-19 22:00:25] Round 12!
[2026-03-19 22:00:25] Global Training!
[2026-03-19 22:00:26] Training Client 0!
[2026-03-19 22:00:27] Epoch: [12] image	Loss 3.3567 (3.4581)	Prec@1 42.969 (41.146)	Prec@5 98.438 (96.484)
[2026-03-19 22:00:27] Start Intra & Inter Contrasting!
[2026-03-19 22:00:27] TEST:  Epoch: [12] image	Prec@1 37.778 (41.196)	Prec@5 95.556 (96.013)
[2026-03-19 22:00:27] Generate Local Representations
[2026-03-19 22:00:27] Training Client 6!
[2026-03-19 22:00:28] Epoch: [12] text	Loss 3.5119 (3.4978)	Prec@1 35.156 (31.250)	Prec@5 94.922 (96.094)
[2026-03-19 22:00:28] Start Intra & Inter Contrasting!
[2026-03-19 22:00:28] TEST:  Epoch: [12] text	Prec@1 30.667 (32.931)	Prec@5 96.000 (96.375)
[2026-03-19 22:00:28] Generate Local Representations
[2026-03-19 22:00:28] Training Client 1!
[2026-03-19 22:00:29] Epoch: [12] image	Loss 4.3354 (4.3354)	Prec@1 23.047 (23.047)	Prec@5 92.969 (92.969)
[2026-03-19 22:00:29] Start Intra & Inter Contrasting!
[2026-03-19 22:00:29] TEST:  Epoch: [12] image	Prec@1 33.333 (24.169)	Prec@5 94.667 (93.656)
[2026-03-19 22:00:29] Generate Local Representations
[2026-03-19 22:00:29] Training Client 9!
[2026-03-19 22:00:29] Epoch: [12] text	Loss 0.0000 (0.0000)	Prec@1 0.000 (0.000)	Prec@5 0.000 (0.000)
[2026-03-19 22:00:29] Start Intra & Inter Contrasting!
[2026-03-19 22:00:30] TEST:  Epoch: [12] text	Prec@1 0.000 (0.000)	Prec@5 1.613 (1.613)
[2026-03-19 22:00:30] Generate Local Representations
[2026-03-19 22:00:30] Training Client 2!
[2026-03-19 22:00:30] Epoch: [12] image	Loss 3.2647 (3.3437)	Prec@1 55.078 (52.474)	Prec@5 99.609 (98.958)
[2026-03-19 22:00:30] Start Intra & Inter Contrasting!
[2026-03-19 22:00:31] TEST:  Epoch: [12] image	Prec@1 60.484 (53.251)	Prec@5 98.387 (98.767)
[2026-03-19 22:00:31] Generate Local Representations
[2026-03-19 22:00:32] Training Client 11!
[2026-03-19 22:00:32] Epoch 12
[2026-03-19 22:00:33] Generate Local Representations
[2026-03-19 22:00:33] Training Client 14!
[2026-03-19 22:00:33] Epoch 12
[2026-03-19 22:00:33] Skip local supervised step for client 4: train loader has no full batch
[2026-03-19 22:00:34] Generate Local Representations
[2026-03-19 22:00:34] Training Client 4!
[2026-03-19 22:00:34] Epoch: [12] image	Loss 3.7742 (3.7742)	Prec@1 60.938 (60.938)	Prec@5 77.344 (77.344)
[2026-03-19 22:00:34] Start Intra & Inter Contrasting!
[2026-03-19 22:00:35] TEST:  Epoch: [12] image	Prec@1 56.452 (56.452)	Prec@5 74.194 (74.194)
[2026-03-19 22:00:35] Generate Local Representations
[2026-03-19 22:00:35] Training Client 5!
[2026-03-19 22:00:35] Epoch: [12] text	Loss 4.3129 (4.3129)	Prec@1 41.016 (41.016)	Prec@5 88.672 (88.672)
[2026-03-19 22:00:35] Start Intra & Inter Contrasting!
[2026-03-19 22:00:35] TEST:  Epoch: [12] text	Prec@1 37.778 (41.196)	Prec@5 86.667 (91.030)
[2026-03-19 22:00:36] Generate Local Representations
[2026-03-19 22:00:36] Training Client 10!
[2026-03-19 22:00:36] Epoch 12
[2026-03-19 22:00:37] Generate Local Representations
[2026-03-19 22:00:37] Training Client 12!
[2026-03-19 22:00:37] Epoch 12
[2026-03-19 22:00:39] Generate Local Representations
[2026-03-19 22:00:39] Training Client 8!
[2026-03-19 22:00:40] Epoch: [12] text	Loss 4.4982 (4.4982)	Prec@1 25.781 (25.781)	Prec@5 87.891 (87.891)
[2026-03-19 22:00:40] Start Intra & Inter Contrasting!
[2026-03-19 22:00:40] TEST:  Epoch: [12] text	Prec@1 20.000 (20.000)	Prec@5 89.714 (89.714)
[2026-03-19 22:00:40] Generate Local Representations
[2026-03-19 22:00:40] Training Client 7!
[2026-03-19 22:00:42] Epoch: [12] text	Loss 2.9554 (2.9765)	Prec@1 55.469 (53.837)	Prec@5 98.828 (99.081)
[2026-03-19 22:00:42] Start Intra & Inter Contrasting!
[2026-03-19 22:00:42] TEST:  Epoch: [12] text	Prec@1 60.484 (53.251)	Prec@5 98.387 (98.767)
[2026-03-19 22:00:43] Generate Local Representations
[2026-03-19 22:00:43] Training Client 13!
[2026-03-19 22:00:43] Epoch 12
[2026-03-19 22:00:43] Skip local supervised step for client 3: train loader has no full batch
[2026-03-19 22:00:44] Generate Local Representations
[2026-03-19 22:00:44] Training Client 3!
[2026-03-19 22:00:44] Epoch: [12] image	Loss 3.6994 (3.7330)	Prec@1 29.297 (28.516)	Prec@5 93.359 (92.188)
[2026-03-19 22:00:44] Start Intra & Inter Contrasting!
[2026-03-19 22:00:44] TEST:  Epoch: [12] image	Prec@1 20.000 (20.000)	Prec@5 89.714 (89.714)
[2026-03-19 22:00:45] Generate Local Representations
[2026-03-19 22:00:46] start distilling
[2026-03-19 22:00:47] TEST:  Epoch: [12] image	Prec@1 37.778 (41.196)	Prec@5 95.556 (96.013)
[2026-03-19 22:00:47] TEST:  Epoch: [12] image	Prec@1 33.333 (24.169)	Prec@5 94.667 (93.656)
[2026-03-19 22:00:48] TEST:  Epoch: [12] image	Prec@1 60.484 (53.251)	Prec@5 98.387 (98.767)
[2026-03-19 22:00:48] TEST:  Epoch: [12] image	Prec@1 20.000 (20.000)	Prec@5 89.714 (89.714)
[2026-03-19 22:00:48] TEST:  Epoch: [12] image	Prec@1 56.452 (56.452)	Prec@5 74.194 (74.194)
[2026-03-19 22:00:48] TEST:  Epoch: [12] text	Prec@1 37.778 (41.196)	Prec@5 86.667 (91.030)
[2026-03-19 22:00:48] TEST:  Epoch: [12] text	Prec@1 30.667 (32.931)	Prec@5 96.000 (96.375)
[2026-03-19 22:00:49] TEST:  Epoch: [12] text	Prec@1 60.484 (53.251)	Prec@5 98.387 (98.767)
[2026-03-19 22:00:49] TEST:  Epoch: [12] text	Prec@1 20.000 (20.000)	Prec@5 89.714 (89.714)
[2026-03-19 22:00:49] TEST:  Epoch: [12] text	Prec@1 0.000 (0.000)	Prec@5 1.613 (1.613)
[2026-03-19 22:00:49] Evaluating test...
[2026-03-19 22:01:09] [Eval] Report @step: 12.00 {
    "test__rsum": 392.69102990033224,
    "test__medr": 5.0,
    "test__meanr": 9.588039867109636,
    "test__n_fold_i2t_recall_1": 30.0,
    "test__n_fold_i2t_recall_5": 80.0,
    "test__n_fold_i2t_recall_10": 100.0,
    "test__n_fold_i2t_rsum": 210.0,
    "test__n_fold_i2t_medr": 2.0,
    "test__n_fold_i2t_meanr": 2.9,
    "test__n_fold_t2i_recall_1": 40.0,
    "test__n_fold_t2i_recall_5": 70.0,
    "test__n_fold_t2i_recall_10": 100.0,
    "test__n_fold_t2i_rsum": 210.0,
    "test__n_fold_t2i_medr": 2.0,
    "test__n_fold_t2i_meanr": 3.2,
    "test__i2t_recall_1": 38.205980066445186,
    "test__i2t_recall_5": 81.06312292358804,
    "test__i2t_recall_10": 93.35548172757476,
    "test__i2t_rsum": 212.62458471760797,
    "test__i2t_medr": 2.0,
    "test__i2t_meanr": 4.475083056478406,
    "test__t2i_recall_1": 25.91362126245847,
    "test__t2i_recall_5": 70.43189368770764,
    "test__t2i_recall_10": 83.72093023255815,
    "test__t2i_rsum": 180.06644518272427,
    "test__t2i_medr": 3.0,
    "test__t2i_meanr": 5.112956810631229,
    "lr": 0.00014067366430758007,
    "summary": "30.0, 80.0, 100.0, 40.0, 70.0, 100.0, 38.205980066445186, 81.06312292358804, 93.35548172757476, 25.91362126245847, 70.43189368770764, 83.72093023255815"
}
[2026-03-19 22:01:09] Evaluating test...
[2026-03-19 22:01:30] [Eval] Report @step: 12.00 {
    "test__rsum": 389.12386706948644,
    "test__medr": 6.0,
    "test__meanr": 11.175226586102719,
    "test__n_fold_i2t_recall_1": 50.0,
    "test__n_fold_i2t_recall_5": 100.0,
    "test__n_fold_i2t_recall_10": 100.0,
    "test__n_fold_i2t_rsum": 250.0,
    "test__n_fold_i2t_medr": 1.0,
    "test__n_fold_i2t_meanr": 1.9,
    "test__n_fold_t2i_recall_1": 60.0,
    "test__n_fold_t2i_recall_5": 90.0,
    "test__n_fold_t2i_recall_10": 100.0,
    "test__n_fold_t2i_rsum": 250.0,
    "test__n_fold_t2i_medr": 1.0,
    "test__n_fold_t2i_meanr": 2.2,
    "test__i2t_recall_1": 31.72205438066465,
    "test__i2t_recall_5": 70.99697885196375,
    "test__i2t_recall_10": 87.61329305135952,
    "test__i2t_rsum": 190.33232628398792,
    "test__i2t_medr": 3.0,
    "test__i2t_meanr": 7.211480362537764,
    "test__t2i_recall_1": 23.564954682779454,
    "test__t2i_recall_5": 80.96676737160121,
    "test__t2i_recall_10": 94.25981873111782,
    "test__t2i_rsum": 198.79154078549848,
    "test__t2i_medr": 3.0,
    "test__t2i_meanr": 3.9637462235649545,
    "lr": 0.00014067366430758007,
    "summary": "50.0, 100.0, 100.0, 60.0, 90.0, 100.0, 31.72205438066465, 70.99697885196375, 87.61329305135952, 23.564954682779454, 80.96676737160121, 94.25981873111782"
}
[2026-03-19 22:01:30] Evaluating test...
[2026-03-19 22:04:52] [Eval] Report @step: 12.00 {
    "test__rsum": 385.31390134529147,
    "test__medr": 3.0,
    "test__meanr": 15.687219730941704,
    "test__n_fold_i2t_recall_1": 80.0,
    "test__n_fold_i2t_recall_5": 100.0,
    "test__n_fold_i2t_recall_10": 100.0,
    "test__n_fold_i2t_rsum": 280.0,
    "test__n_fold_i2t_medr": 1.0,
    "test__n_fold_i2t_meanr": 1.4,
    "test__n_fold_t2i_recall_1": 80.0,
    "test__n_fold_t2i_recall_5": 100.0,
    "test__n_fold_t2i_recall_10": 100.0,
    "test__n_fold_t2i_rsum": 280.0,
    "test__n_fold_t2i_medr": 1.0,
    "test__n_fold_t2i_meanr": 1.2,
    "test__i2t_recall_1": 34.865470852017935,
    "test__i2t_recall_5": 80.26905829596413,
    "test__i2t_recall_10": 89.12556053811659,
    "test__i2t_rsum": 204.26008968609864,
    "test__i2t_medr": 2.0,
    "test__i2t_meanr": 5.257847533632287,
    "test__t2i_recall_1": 52.80269058295964,
    "test__t2i_recall_5": 59.30493273542601,
    "test__t2i_recall_10": 68.94618834080717,
    "test__t2i_rsum": 181.05381165919283,
    "test__t2i_medr": 1.0,
    "test__t2i_meanr": 10.429372197309418,
    "lr": 0.00014067366430758007,
    "summary": "80.0, 100.0, 100.0, 80.0, 100.0, 100.0, 34.865470852017935, 80.26905829596413, 89.12556053811659, 52.80269058295964, 59.30493273542601, 68.94618834080717"
}
[2026-03-19 22:04:52] Evaluating test...
[2026-03-19 22:04:57] [Eval] Report @step: 12.00 {
    "test__rsum": 347.42857142857144,
    "test__medr": 9.0,
    "test__meanr": 12.182857142857143,
    "test__n_fold_i2t_recall_1": 50.0,
    "test__n_fold_i2t_recall_5": 100.0,
    "test__n_fold_i2t_recall_10": 100.0,
    "test__n_fold_i2t_rsum": 250.0,
    "test__n_fold_i2t_medr": 1.0,
    "test__n_fold_i2t_meanr": 1.7,
    "test__n_fold_t2i_recall_1": 60.0,
    "test__n_fold_t2i_recall_5": 70.0,
    "test__n_fold_t2i_recall_10": 100.0,
    "test__n_fold_t2i_rsum": 230.0,
    "test__n_fold_t2i_medr": 1.0,
    "test__n_fold_t2i_meanr": 3.2,
    "test__i2t_recall_1": 26.285714285714285,
    "test__i2t_recall_5": 67.42857142857143,
    "test__i2t_recall_10": 83.42857142857143,
    "test__i2t_rsum": 177.14285714285717,
    "test__i2t_medr": 4.0,
    "test__i2t_meanr": 6.405714285714286,
    "test__t2i_recall_1": 24.0,
    "test__t2i_recall_5": 59.42857142857143,
    "test__t2i_recall_10": 86.85714285714286,
    "test__t2i_rsum": 170.28571428571428,
    "test__t2i_medr": 5.0,
    "test__t2i_meanr": 5.777142857142858,
    "lr": 0.00014067366430758007,
    "summary": "50.0, 100.0, 100.0, 60.0, 70.0, 100.0, 26.285714285714285, 67.42857142857143, 83.42857142857143, 24.0, 59.42857142857143, 86.85714285714286"
}
[2026-03-19 22:04:57] Evaluating test...
[2026-03-19 22:04:58] [Eval] Report @step: 12.00 {
    "test__rsum": 408.06451612903226,
    "test__medr": 4.0,
    "test__meanr": 9.564516129032256,
    "test__n_fold_i2t_recall_1": 30.0,
    "test__n_fold_i2t_recall_5": 100.0,
    "test__n_fold_i2t_recall_10": 100.0,
    "test__n_fold_i2t_rsum": 230.0,
    "test__n_fold_i2t_medr": 2.0,
    "test__n_fold_i2t_meanr": 2.7,
    "test__n_fold_t2i_recall_1": 60.0,
    "test__n_fold_t2i_recall_5": 90.0,
    "test__n_fold_t2i_recall_10": 100.0,
    "test__n_fold_t2i_rsum": 250.0,
    "test__n_fold_t2i_medr": 1.0,
    "test__n_fold_t2i_meanr": 2.4,
    "test__i2t_recall_1": 29.032258064516128,
    "test__i2t_recall_5": 59.67741935483871,
    "test__i2t_recall_10": 85.48387096774194,
    "test__i2t_rsum": 174.19354838709677,
    "test__i2t_medr": 3.0,
    "test__i2t_meanr": 5.419354838709677,
    "test__t2i_recall_1": 59.67741935483871,
    "test__t2i_recall_5": 82.25806451612904,
    "test__t2i_recall_10": 91.93548387096774,
    "test__t2i_rsum": 233.8709677419355,
    "test__t2i_medr": 1.0,
    "test__t2i_meanr": 4.14516129032258,
    "lr": 0.00014067366430758007,
    "summary": "30.0, 100.0, 100.0, 60.0, 90.0, 100.0, 29.032258064516128, 59.67741935483871, 85.48387096774194, 59.67741935483871, 82.25806451612904, 91.93548387096774"
}
[2026-03-19 22:04:59] Round 13!
[2026-03-19 22:04:59] Global Training!
[2026-03-19 22:05:00] Training Client 8!
[2026-03-19 22:05:00] Epoch: [13] text	Loss 4.4443 (4.4443)	Prec@1 27.734 (27.734)	Prec@5 87.500 (87.500)
[2026-03-19 22:05:00] Start Intra & Inter Contrasting!
[2026-03-19 22:05:01] TEST:  Epoch: [13] text	Prec@1 20.000 (20.000)	Prec@5 89.714 (89.714)
[2026-03-19 22:05:01] Generate Local Representations
[2026-03-19 22:05:01] Training Client 13!
[2026-03-19 22:05:01] Epoch 13
[2026-03-19 22:05:01] Skip local supervised step for client 3: train loader has no full batch
[2026-03-19 22:05:02] Generate Local Representations
[2026-03-19 22:05:02] Training Client 2!
[2026-03-19 22:05:02] Epoch: [13] image	Loss 3.3543 (3.3003)	Prec@1 47.266 (51.953)	Prec@5 99.609 (99.089)
[2026-03-19 22:05:02] Start Intra & Inter Contrasting!
[2026-03-19 22:05:03] TEST:  Epoch: [13] image	Prec@1 60.484 (53.251)	Prec@5 98.387 (98.767)
[2026-03-19 22:05:03] Generate Local Representations
[2026-03-19 22:05:03] Training Client 10!
[2026-03-19 22:05:03] Epoch 13
[2026-03-19 22:05:05] Generate Local Representations
[2026-03-19 22:05:05] Training Client 7!
[2026-03-19 22:05:06] Epoch: [13] text	Loss 2.8254 (2.9699)	Prec@1 60.938 (53.699)	Prec@5 99.609 (99.058)
[2026-03-19 22:05:06] Start Intra & Inter Contrasting!
[2026-03-19 22:05:07] TEST:  Epoch: [13] text	Prec@1 60.484 (53.251)	Prec@5 98.387 (98.767)
[2026-03-19 22:05:07] Generate Local Representations
[2026-03-19 22:05:07] Training Client 11!
[2026-03-19 22:05:07] Epoch 13
[2026-03-19 22:05:09] Generate Local Representations
[2026-03-19 22:05:09] Training Client 5!
[2026-03-19 22:05:09] Epoch: [13] text	Loss 4.2531 (4.2531)	Prec@1 38.672 (38.672)	Prec@5 91.797 (91.797)
[2026-03-19 22:05:09] Start Intra & Inter Contrasting!
[2026-03-19 22:05:10] TEST:  Epoch: [13] text	Prec@1 37.778 (41.196)	Prec@5 86.667 (92.027)
[2026-03-19 22:05:10] Generate Local Representations
[2026-03-19 22:05:10] Training Client 14!
[2026-03-19 22:05:10] Epoch 13
[2026-03-19 22:05:10] Skip local supervised step for client 4: train loader has no full batch
[2026-03-19 22:05:11] Generate Local Representations
[2026-03-19 22:05:11] Training Client 1!
[2026-03-19 22:05:11] Epoch: [13] image	Loss 4.2799 (4.2799)	Prec@1 24.219 (24.219)	Prec@5 92.969 (92.969)
[2026-03-19 22:05:11] Start Intra & Inter Contrasting!
[2026-03-19 22:05:12] TEST:  Epoch: [13] image	Prec@1 25.333 (23.263)	Prec@5 94.667 (93.656)
[2026-03-19 22:05:12] Generate Local Representations
[2026-03-19 22:05:12] Training Client 12!
[2026-03-19 22:05:12] Epoch 13
[2026-03-19 22:05:14] Generate Local Representations
[2026-03-19 22:05:14] Training Client 3!
[2026-03-19 22:05:14] Epoch: [13] image	Loss 3.6923 (3.7026)	Prec@1 27.344 (28.255)	Prec@5 92.188 (92.188)
[2026-03-19 22:05:14] Start Intra & Inter Contrasting!
[2026-03-19 22:05:15] TEST:  Epoch: [13] image	Prec@1 20.000 (20.000)	Prec@5 89.714 (89.714)
[2026-03-19 22:05:15] Generate Local Representations
[2026-03-19 22:05:15] Training Client 4!
[2026-03-19 22:05:15] Epoch: [13] image	Loss 3.7512 (3.7512)	Prec@1 58.594 (58.594)	Prec@5 78.125 (78.125)
[2026-03-19 22:05:15] Start Intra & Inter Contrasting!
[2026-03-19 22:05:15] TEST:  Epoch: [13] image	Prec@1 56.452 (56.452)	Prec@5 74.194 (74.194)
[2026-03-19 22:05:16] Generate Local Representations
[2026-03-19 22:05:16] Training Client 6!
[2026-03-19 22:05:16] Epoch: [13] text	Loss 3.4595 (3.4570)	Prec@1 34.375 (31.120)	Prec@5 95.312 (96.615)
[2026-03-19 22:05:16] Start Intra & Inter Contrasting!
[2026-03-19 22:05:17] TEST:  Epoch: [13] text	Prec@1 30.667 (32.931)	Prec@5 96.000 (96.375)
[2026-03-19 22:05:17] Generate Local Representations
[2026-03-19 22:05:17] Training Client 0!
[2026-03-19 22:05:17] Epoch: [13] image	Loss 3.4772 (3.4347)	Prec@1 34.766 (40.885)	Prec@5 98.047 (96.094)
[2026-03-19 22:05:17] Start Intra & Inter Contrasting!
[2026-03-19 22:05:18] TEST:  Epoch: [13] image	Prec@1 37.778 (41.196)	Prec@5 95.556 (96.013)
[2026-03-19 22:05:18] Generate Local Representations
[2026-03-19 22:05:18] Training Client 9!
[2026-03-19 22:05:18] Epoch: [13] text	Loss 0.0000 (0.0000)	Prec@1 0.000 (0.000)	Prec@5 0.000 (0.000)
[2026-03-19 22:05:18] Start Intra & Inter Contrasting!
[2026-03-19 22:05:18] TEST:  Epoch: [13] text	Prec@1 0.000 (0.000)	Prec@5 1.613 (1.613)
[2026-03-19 22:05:19] Generate Local Representations
[2026-03-19 22:05:20] start distilling
[2026-03-19 22:05:21] TEST:  Epoch: [13] image	Prec@1 37.778 (41.196)	Prec@5 95.556 (96.013)
[2026-03-19 22:05:21] TEST:  Epoch: [13] image	Prec@1 25.333 (23.263)	Prec@5 94.667 (93.656)
[2026-03-19 22:05:22] TEST:  Epoch: [13] image	Prec@1 60.484 (53.251)	Prec@5 98.387 (98.767)
[2026-03-19 22:05:22] TEST:  Epoch: [13] image	Prec@1 20.000 (20.000)	Prec@5 89.714 (89.714)
[2026-03-19 22:05:22] TEST:  Epoch: [13] image	Prec@1 56.452 (56.452)	Prec@5 74.194 (74.194)
[2026-03-19 22:05:22] TEST:  Epoch: [13] text	Prec@1 37.778 (41.196)	Prec@5 86.667 (92.027)
[2026-03-19 22:05:22] TEST:  Epoch: [13] text	Prec@1 30.667 (32.931)	Prec@5 96.000 (96.375)
[2026-03-19 22:05:23] TEST:  Epoch: [13] text	Prec@1 60.484 (53.251)	Prec@5 98.387 (98.767)
[2026-03-19 22:05:23] TEST:  Epoch: [13] text	Prec@1 20.000 (20.000)	Prec@5 89.714 (89.714)
[2026-03-19 22:05:23] TEST:  Epoch: [13] text	Prec@1 0.000 (0.000)	Prec@5 1.613 (1.613)
[2026-03-19 22:05:23] Evaluating test...
[2026-03-19 22:05:43] [Eval] Report @step: 13.00 {
    "test__rsum": 335.5481727574751,
    "test__medr": 11.0,
    "test__meanr": 11.906976744186046,
    "test__n_fold_i2t_recall_1": 30.0,
    "test__n_fold_i2t_recall_5": 70.0,
    "test__n_fold_i2t_recall_10": 100.0,
    "test__n_fold_i2t_rsum": 200.0,
    "test__n_fold_i2t_medr": 2.0,
    "test__n_fold_i2t_meanr": 3.4,
    "test__n_fold_t2i_recall_1": 20.0,
    "test__n_fold_t2i_recall_5": 90.0,
    "test__n_fold_t2i_recall_10": 100.0,
    "test__n_fold_t2i_rsum": 210.0,
    "test__n_fold_t2i_medr": 2.0,
    "test__n_fold_t2i_meanr": 3.0,
    "test__i2t_recall_1": 40.863787375415285,
    "test__i2t_recall_5": 75.74750830564784,
    "test__i2t_recall_10": 88.37209302325581,
    "test__i2t_rsum": 204.98338870431894,
    "test__i2t_medr": 2.0,
    "test__i2t_meanr": 4.900332225913621,
    "test__t2i_recall_1": 23.588039867109636,
    "test__t2i_recall_5": 37.87375415282392,
    "test__t2i_recall_10": 69.1029900332226,
    "test__t2i_rsum": 130.56478405315616,
    "test__t2i_medr": 9.0,
    "test__t2i_meanr": 7.0066445182724255,
    "lr": 0.00013090169943749476,
    "summary": "30.0, 70.0, 100.0, 20.0, 90.0, 100.0, 40.863787375415285, 75.74750830564784, 88.37209302325581, 23.588039867109636, 37.87375415282392, 69.1029900332226"
}
[2026-03-19 22:05:43] Evaluating test...
[2026-03-19 22:06:04] [Eval] Report @step: 13.00 {
    "test__rsum": 425.0755287009064,
    "test__medr": 4.0,
    "test__meanr": 10.764350453172206,
    "test__n_fold_i2t_recall_1": 60.0,
    "test__n_fold_i2t_recall_5": 100.0,
    "test__n_fold_i2t_recall_10": 100.0,
    "test__n_fold_i2t_rsum": 260.0,
    "test__n_fold_i2t_medr": 1.0,
    "test__n_fold_i2t_meanr": 1.6,
    "test__n_fold_t2i_recall_1": 40.0,
    "test__n_fold_t2i_recall_5": 90.0,
    "test__n_fold_t2i_recall_10": 100.0,
    "test__n_fold_t2i_rsum": 230.0,
    "test__n_fold_t2i_medr": 2.0,
    "test__n_fold_t2i_meanr": 2.3,
    "test__i2t_recall_1": 44.10876132930514,
    "test__i2t_recall_5": 80.66465256797584,
    "test__i2t_recall_10": 91.54078549848943,
    "test__i2t_rsum": 216.3141993957704,
    "test__i2t_medr": 2.0,
    "test__i2t_meanr": 6.676737160120846,
    "test__t2i_recall_1": 23.564954682779454,
    "test__t2i_recall_5": 90.03021148036254,
    "test__t2i_recall_10": 95.16616314199396,
    "test__t2i_rsum": 208.76132930513597,
    "test__t2i_medr": 2.0,
    "test__t2i_meanr": 4.087613293051359,
    "lr": 0.00013090169943749476,
    "summary": "60.0, 100.0, 100.0, 40.0, 90.0, 100.0, 44.10876132930514, 80.66465256797584, 91.54078549848943, 23.564954682779454, 90.03021148036254, 95.16616314199396"
}
[2026-03-19 22:06:04] Evaluating test...
[2026-03-19 22:09:30] [Eval] Report @step: 13.00 {
    "test__rsum": 393.16143497757844,
    "test__medr": 4.0,
    "test__meanr": 18.853139013452914,
    "test__n_fold_i2t_recall_1": 90.0,
    "test__n_fold_i2t_recall_5": 100.0,
    "test__n_fold_i2t_recall_10": 100.0,
    "test__n_fold_i2t_rsum": 290.0,
    "test__n_fold_i2t_medr": 1.0,
    "test__n_fold_i2t_meanr": 1.1,
    "test__n_fold_t2i_recall_1": 80.0,
    "test__n_fold_t2i_recall_5": 100.0,
    "test__n_fold_t2i_recall_10": 100.0,
    "test__n_fold_t2i_rsum": 280.0,
    "test__n_fold_t2i_medr": 1.0,
    "test__n_fold_t2i_meanr": 1.2,
    "test__i2t_recall_1": 31.838565022421523,
    "test__i2t_recall_5": 72.19730941704036,
    "test__i2t_recall_10": 90.35874439461884,
    "test__i2t_rsum": 194.39461883408072,
    "test__i2t_medr": 3.0,
    "test__i2t_meanr": 5.610986547085202,
    "test__t2i_recall_1": 50.224215246636774,
    "test__t2i_recall_5": 72.19730941704036,
    "test__t2i_recall_10": 76.34529147982063,
    "test__t2i_rsum": 198.76681614349775,
    "test__t2i_medr": 1.0,
    "test__t2i_meanr": 13.242152466367713,
    "lr": 0.00013090169943749476,
    "summary": "90.0, 100.0, 100.0, 80.0, 100.0, 100.0, 31.838565022421523, 72.19730941704036, 90.35874439461884, 50.224215246636774, 72.19730941704036, 76.34529147982063"
}
[2026-03-19 22:09:30] Evaluating test...
[2026-03-19 22:09:35] [Eval] Report @step: 13.00 {
    "test__rsum": 270.2857142857143,
    "test__medr": 10.0,
    "test__meanr": 23.165714285714287,
    "test__n_fold_i2t_recall_1": 40.0,
    "test__n_fold_i2t_recall_5": 100.0,
    "test__n_fold_i2t_recall_10": 100.0,
    "test__n_fold_i2t_rsum": 240.0,
    "test__n_fold_i2t_medr": 2.0,
    "test__n_fold_i2t_meanr": 2.1,
    "test__n_fold_t2i_recall_1": 30.0,
    "test__n_fold_t2i_recall_5": 70.0,
    "test__n_fold_t2i_recall_10": 100.0,
    "test__n_fold_t2i_rsum": 200.0,
    "test__n_fold_t2i_medr": 4.0,
    "test__n_fold_t2i_meanr": 3.9,
    "test__i2t_recall_1": 17.714285714285715,
    "test__i2t_recall_5": 56.57142857142857,
    "test__i2t_recall_10": 76.57142857142857,
    "test__i2t_rsum": 150.85714285714283,
    "test__i2t_medr": 4.0,
    "test__i2t_meanr": 7.9714285714285715,
    "test__t2i_recall_1": 13.714285714285714,
    "test__t2i_recall_5": 45.142857142857146,
    "test__t2i_recall_10": 60.57142857142857,
    "test__t2i_rsum": 119.42857142857143,
    "test__t2i_medr": 6.0,
    "test__t2i_meanr": 15.194285714285714,
    "lr": 0.00013090169943749476,
    "summary": "40.0, 100.0, 100.0, 30.0, 70.0, 100.0, 17.714285714285715, 56.57142857142857, 76.57142857142857, 13.714285714285714, 45.142857142857146, 60.57142857142857"
}
[2026-03-19 22:09:35] Evaluating test...
[2026-03-19 22:09:36] [Eval] Report @step: 13.00 {
    "test__rsum": 353.2258064516129,
    "test__medr": 4.0,
    "test__meanr": 13.612903225806452,
    "test__n_fold_i2t_recall_1": 30.0,
    "test__n_fold_i2t_recall_5": 100.0,
    "test__n_fold_i2t_recall_10": 100.0,
    "test__n_fold_i2t_rsum": 230.0,
    "test__n_fold_i2t_medr": 2.0,
    "test__n_fold_i2t_meanr": 2.4,
    "test__n_fold_t2i_recall_1": 60.0,
    "test__n_fold_t2i_recall_5": 70.0,
    "test__n_fold_t2i_recall_10": 100.0,
    "test__n_fold_t2i_rsum": 230.0,
    "test__n_fold_t2i_medr": 1.0,
    "test__n_fold_t2i_meanr": 3.0,
    "test__i2t_recall_1": 20.967741935483872,
    "test__i2t_recall_5": 58.064516129032256,
    "test__i2t_recall_10": 85.48387096774194,
    "test__i2t_rsum": 164.51612903225805,
    "test__i2t_medr": 3.0,
    "test__i2t_meanr": 5.790322580645161,
    "test__t2i_recall_1": 56.45161290322581,
    "test__t2i_recall_5": 62.903225806451616,
    "test__t2i_recall_10": 69.35483870967742,
    "test__t2i_rsum": 188.70967741935485,
    "test__t2i_medr": 1.0,
    "test__t2i_meanr": 7.82258064516129,
    "lr": 0.00013090169943749476,
    "summary": "30.0, 100.0, 100.0, 60.0, 70.0, 100.0, 20.967741935483872, 58.064516129032256, 85.48387096774194, 56.45161290322581, 62.903225806451616, 69.35483870967742"
}
[2026-03-19 22:09:37] Round 14!
[2026-03-19 22:09:37] Global Training!
[2026-03-19 22:09:38] Training Client 5!
[2026-03-19 22:09:38] Epoch: [14] text	Loss 4.1768 (4.1768)	Prec@1 39.453 (39.453)	Prec@5 92.188 (92.188)
[2026-03-19 22:09:38] Start Intra & Inter Contrasting!
[2026-03-19 22:09:39] TEST:  Epoch: [14] text	Prec@1 37.778 (41.196)	Prec@5 91.111 (94.352)
[2026-03-19 22:09:39] Generate Local Representations
[2026-03-19 22:09:39] Training Client 0!
[2026-03-19 22:09:39] Epoch: [14] image	Loss 3.3369 (3.4118)	Prec@1 43.359 (41.536)	Prec@5 97.266 (96.224)
[2026-03-19 22:09:39] Start Intra & Inter Contrasting!
[2026-03-19 22:09:40] TEST:  Epoch: [14] image	Prec@1 37.778 (41.196)	Prec@5 95.556 (96.013)
[2026-03-19 22:09:40] Generate Local Representations
[2026-03-19 22:09:40] Training Client 13!
[2026-03-19 22:09:40] Epoch 14
[2026-03-19 22:09:40] Skip local supervised step for client 3: train loader has no full batch
[2026-03-19 22:09:41] Generate Local Representations
[2026-03-19 22:09:41] Training Client 10!
[2026-03-19 22:09:41] Epoch 14
[2026-03-19 22:09:42] Generate Local Representations
[2026-03-19 22:09:42] Training Client 14!
[2026-03-19 22:09:42] Epoch 14
[2026-03-19 22:09:42] Skip local supervised step for client 4: train loader has no full batch
[2026-03-19 22:09:43] Generate Local Representations
[2026-03-19 22:09:43] Training Client 6!
[2026-03-19 22:09:43] Epoch: [14] text	Loss 3.4267 (3.4308)	Prec@1 31.250 (32.031)	Prec@5 97.266 (96.615)
[2026-03-19 22:09:43] Start Intra & Inter Contrasting!
[2026-03-19 22:09:44] TEST:  Epoch: [14] text	Prec@1 30.667 (32.931)	Prec@5 96.000 (96.375)
[2026-03-19 22:09:44] Generate Local Representations
[2026-03-19 22:09:44] Training Client 1!
[2026-03-19 22:09:44] Epoch: [14] image	Loss 4.2165 (4.2165)	Prec@1 24.609 (24.609)	Prec@5 93.359 (93.359)
[2026-03-19 22:09:44] Start Intra & Inter Contrasting!
[2026-03-19 22:09:44] TEST:  Epoch: [14] image	Prec@1 24.000 (23.867)	Prec@5 94.667 (93.656)
[2026-03-19 22:09:45] Generate Local Representations
[2026-03-19 22:09:45] Training Client 8!
[2026-03-19 22:09:45] Epoch: [14] text	Loss 4.3687 (4.3687)	Prec@1 30.078 (30.078)	Prec@5 89.062 (89.062)
[2026-03-19 22:09:45] Start Intra & Inter Contrasting!
[2026-03-19 22:09:45] TEST:  Epoch: [14] text	Prec@1 20.000 (20.000)	Prec@5 89.714 (89.714)
[2026-03-19 22:09:46] Generate Local Representations
[2026-03-19 22:09:46] Training Client 11!
[2026-03-19 22:09:46] Epoch 14
[2026-03-19 22:09:47] Generate Local Representations
[2026-03-19 22:09:48] Training Client 3!
[2026-03-19 22:09:48] Epoch: [14] image	Loss 3.6301 (3.6708)	Prec@1 23.438 (28.385)	Prec@5 94.141 (92.448)
[2026-03-19 22:09:48] Start Intra & Inter Contrasting!
[2026-03-19 22:09:48] TEST:  Epoch: [14] image	Prec@1 20.000 (20.000)	Prec@5 89.714 (89.714)
[2026-03-19 22:09:48] Generate Local Representations
[2026-03-19 22:09:49] Training Client 7!
[2026-03-19 22:09:50] Epoch: [14] text	Loss 3.0126 (2.9614)	Prec@1 51.172 (53.883)	Prec@5 99.219 (99.104)
[2026-03-19 22:09:50] Start Intra & Inter Contrasting!
[2026-03-19 22:09:51] TEST:  Epoch: [14] text	Prec@1 60.484 (53.251)	Prec@5 98.387 (98.767)
[2026-03-19 22:09:51] Generate Local Representations
[2026-03-19 22:09:51] Training Client 4!
[2026-03-19 22:09:51] Epoch: [14] image	Loss 3.6816 (3.6816)	Prec@1 59.375 (59.375)	Prec@5 78.516 (78.516)
[2026-03-19 22:09:51] Start Intra & Inter Contrasting!
[2026-03-19 22:09:51] TEST:  Epoch: [14] image	Prec@1 56.452 (56.452)	Prec@5 74.194 (74.194)
[2026-03-19 22:09:52] Generate Local Representations
[2026-03-19 22:09:52] Training Client 2!
[2026-03-19 22:09:52] Epoch: [14] image	Loss 3.3636 (3.2890)	Prec@1 49.219 (52.604)	Prec@5 98.438 (98.958)
[2026-03-19 22:09:52] Start Intra & Inter Contrasting!
[2026-03-19 22:09:53] TEST:  Epoch: [14] image	Prec@1 60.484 (53.251)	Prec@5 98.387 (98.767)
[2026-03-19 22:09:53] Generate Local Representations
[2026-03-19 22:09:53] Training Client 12!
[2026-03-19 22:09:53] Epoch 14
[2026-03-19 22:09:55] Generate Local Representations
[2026-03-19 22:09:55] Training Client 9!
[2026-03-19 22:09:55] Epoch: [14] text	Loss 0.0000 (0.0000)	Prec@1 0.000 (0.000)	Prec@5 0.000 (0.000)
[2026-03-19 22:09:55] Start Intra & Inter Contrasting!
[2026-03-19 22:09:56] TEST:  Epoch: [14] text	Prec@1 0.000 (0.000)	Prec@5 1.613 (1.613)
[2026-03-19 22:09:56] Generate Local Representations
[2026-03-19 22:09:58] start distilling
[2026-03-19 22:09:58] TEST:  Epoch: [14] image	Prec@1 37.778 (41.196)	Prec@5 95.556 (96.013)
[2026-03-19 22:09:58] TEST:  Epoch: [14] image	Prec@1 24.000 (23.867)	Prec@5 94.667 (93.656)
[2026-03-19 22:09:59] TEST:  Epoch: [14] image	Prec@1 60.484 (53.251)	Prec@5 98.387 (98.767)
[2026-03-19 22:09:59] TEST:  Epoch: [14] image	Prec@1 20.000 (20.000)	Prec@5 89.714 (89.714)
[2026-03-19 22:09:59] TEST:  Epoch: [14] image	Prec@1 56.452 (56.452)	Prec@5 74.194 (74.194)
[2026-03-19 22:09:59] TEST:  Epoch: [14] text	Prec@1 37.778 (41.196)	Prec@5 91.111 (94.352)
[2026-03-19 22:10:00] TEST:  Epoch: [14] text	Prec@1 30.667 (32.931)	Prec@5 96.000 (96.375)
[2026-03-19 22:10:00] TEST:  Epoch: [14] text	Prec@1 60.484 (53.251)	Prec@5 98.387 (98.767)
[2026-03-19 22:10:00] TEST:  Epoch: [14] text	Prec@1 20.000 (20.000)	Prec@5 89.714 (89.714)
[2026-03-19 22:10:00] TEST:  Epoch: [14] text	Prec@1 0.000 (0.000)	Prec@5 1.613 (1.613)
[2026-03-19 22:10:00] Evaluating test...
[2026-03-19 22:10:20] [Eval] Report @step: 14.00 {
    "test__rsum": 348.5049833887043,
    "test__medr": 8.0,
    "test__meanr": 12.272425249169435,
    "test__n_fold_i2t_recall_1": 30.0,
    "test__n_fold_i2t_recall_5": 90.0,
    "test__n_fold_i2t_recall_10": 100.0,
    "test__n_fold_i2t_rsum": 220.0,
    "test__n_fold_i2t_medr": 2.0,
    "test__n_fold_i2t_meanr": 3.0,
    "test__n_fold_t2i_recall_1": 40.0,
    "test__n_fold_t2i_recall_5": 70.0,
    "test__n_fold_t2i_recall_10": 100.0,
    "test__n_fold_t2i_rsum": 210.0,
    "test__n_fold_t2i_medr": 2.0,
    "test__n_fold_t2i_meanr": 3.3,
    "test__i2t_recall_1": 24.25249169435216,
    "test__i2t_recall_5": 71.42857142857143,
    "test__i2t_recall_10": 84.38538205980066,
    "test__i2t_rsum": 180.06644518272424,
    "test__i2t_medr": 3.0,
    "test__i2t_meanr": 5.465116279069767,
    "test__t2i_recall_1": 24.58471760797342,
    "test__t2i_recall_5": 64.45182724252491,
    "test__t2i_recall_10": 79.40199335548172,
    "test__t2i_rsum": 168.43853820598005,
    "test__t2i_medr": 5.0,
    "test__t2i_meanr": 6.807308970099668,
    "lr": 0.00012079116908177594,
    "summary": "30.0, 90.0, 100.0, 40.0, 70.0, 100.0, 24.25249169435216, 71.42857142857143, 84.38538205980066, 24.58471760797342, 64.45182724252491, 79.40199335548172"
}
[2026-03-19 22:10:20] Evaluating test...
[2026-03-19 22:10:41] [Eval] Report @step: 14.00 {
    "test__rsum": 394.8640483383686,
    "test__medr": 5.0,
    "test__meanr": 10.429003021148036,
    "test__n_fold_i2t_recall_1": 50.0,
    "test__n_fold_i2t_recall_5": 90.0,
    "test__n_fold_i2t_recall_10": 100.0,
    "test__n_fold_i2t_rsum": 240.0,
    "test__n_fold_i2t_medr": 1.0,
    "test__n_fold_i2t_meanr": 2.3,
    "test__n_fold_t2i_recall_1": 50.0,
    "test__n_fold_t2i_recall_5": 100.0,
    "test__n_fold_t2i_recall_10": 100.0,
    "test__n_fold_t2i_rsum": 250.0,
    "test__n_fold_t2i_medr": 1.0,
    "test__n_fold_t2i_meanr": 1.8,
    "test__i2t_recall_1": 27.492447129909365,
    "test__i2t_recall_5": 73.71601208459215,
    "test__i2t_recall_10": 91.54078549848943,
    "test__i2t_rsum": 192.74924471299096,
    "test__i2t_medr": 3.0,
    "test__i2t_meanr": 6.187311178247734,
    "test__t2i_recall_1": 28.3987915407855,
    "test__t2i_recall_5": 80.36253776435045,
    "test__t2i_recall_10": 93.35347432024169,
    "test__t2i_rsum": 202.11480362537765,
    "test__t2i_medr": 2.0,
    "test__t2i_meanr": 4.241691842900302,
    "lr": 0.00012079116908177594,
    "summary": "50.0, 90.0, 100.0, 50.0, 100.0, 100.0, 27.492447129909365, 73.71601208459215, 91.54078549848943, 28.3987915407855, 80.36253776435045, 93.35347432024169"
}
[2026-03-19 22:10:41] Evaluating test...
[2026-03-19 22:14:02] [Eval] Report @step: 14.00 {
    "test__rsum": 351.6816143497758,
    "test__medr": 6.0,
    "test__meanr": 19.25224215246637,
    "test__n_fold_i2t_recall_1": 60.0,
    "test__n_fold_i2t_recall_5": 100.0,
    "test__n_fold_i2t_recall_10": 100.0,
    "test__n_fold_i2t_rsum": 260.0,
    "test__n_fold_i2t_medr": 1.0,
    "test__n_fold_i2t_meanr": 1.4,
    "test__n_fold_t2i_recall_1": 80.0,
    "test__n_fold_t2i_recall_5": 100.0,
    "test__n_fold_t2i_recall_10": 100.0,
    "test__n_fold_t2i_rsum": 280.0,
    "test__n_fold_t2i_medr": 1.0,
    "test__n_fold_t2i_meanr": 1.4,
    "test__i2t_recall_1": 25.672645739910315,
    "test__i2t_recall_5": 61.771300448430495,
    "test__i2t_recall_10": 82.62331838565022,
    "test__i2t_rsum": 170.06726457399105,
    "test__i2t_medr": 4.0,
    "test__i2t_meanr": 6.570627802690583,
    "test__t2i_recall_1": 49.2152466367713,
    "test__t2i_recall_5": 61.99551569506726,
    "test__t2i_recall_10": 70.4035874439462,
    "test__t2i_rsum": 181.61434977578477,
    "test__t2i_medr": 2.0,
    "test__t2i_meanr": 12.681614349775785,
    "lr": 0.00012079116908177594,
    "summary": "60.0, 100.0, 100.0, 80.0, 100.0, 100.0, 25.672645739910315, 61.771300448430495, 82.62331838565022, 49.2152466367713, 61.99551569506726, 70.4035874439462"
}
[2026-03-19 22:14:02] Evaluating test...
[2026-03-19 22:14:07] [Eval] Report @step: 14.00 {
    "test__rsum": 354.8571428571429,
    "test__medr": 6.0,
    "test__meanr": 12.165714285714285,
    "test__n_fold_i2t_recall_1": 50.0,
    "test__n_fold_i2t_recall_5": 100.0,
    "test__n_fold_i2t_recall_10": 100.0,
    "test__n_fold_i2t_rsum": 250.0,
    "test__n_fold_i2t_medr": 1.0,
    "test__n_fold_i2t_meanr": 2.0,
    "test__n_fold_t2i_recall_1": 50.0,
    "test__n_fold_t2i_recall_5": 70.0,
    "test__n_fold_t2i_recall_10": 100.0,
    "test__n_fold_t2i_rsum": 220.0,
    "test__n_fold_t2i_medr": 1.0,
    "test__n_fold_t2i_meanr": 3.3,
    "test__i2t_recall_1": 24.0,
    "test__i2t_recall_5": 64.57142857142857,
    "test__i2t_recall_10": 77.14285714285714,
    "test__i2t_rsum": 165.71428571428572,
    "test__i2t_medr": 3.0,
    "test__i2t_meanr": 7.4,
    "test__t2i_recall_1": 29.142857142857142,
    "test__t2i_recall_5": 72.0,
    "test__t2i_recall_10": 88.0,
    "test__t2i_rsum": 189.14285714285714,
    "test__t2i_medr": 3.0,
    "test__t2i_meanr": 4.765714285714285,
    "lr": 0.00012079116908177594,
    "summary": "50.0, 100.0, 100.0, 50.0, 70.0, 100.0, 24.0, 64.57142857142857, 77.14285714285714, 29.142857142857142, 72.0, 88.0"
}
[2026-03-19 22:14:07] Evaluating test...
[2026-03-19 22:14:08] [Eval] Report @step: 14.00 {
    "test__rsum": 429.0322580645161,
    "test__medr": 3.0,
    "test__meanr": 8.580645161290322,
    "test__n_fold_i2t_recall_1": 40.0,
    "test__n_fold_i2t_recall_5": 100.0,
    "test__n_fold_i2t_recall_10": 100.0,
    "test__n_fold_i2t_rsum": 240.0,
    "test__n_fold_i2t_medr": 2.0,
    "test__n_fold_i2t_meanr": 1.8,
    "test__n_fold_t2i_recall_1": 60.0,
    "test__n_fold_t2i_recall_5": 90.0,
    "test__n_fold_t2i_recall_10": 100.0,
    "test__n_fold_t2i_rsum": 250.0,
    "test__n_fold_t2i_medr": 1.0,
    "test__n_fold_t2i_meanr": 2.3,
    "test__i2t_recall_1": 27.419354838709676,
    "test__i2t_recall_5": 79.03225806451613,
    "test__i2t_recall_10": 83.87096774193549,
    "test__i2t_rsum": 190.32258064516128,
    "test__i2t_medr": 2.0,
    "test__i2t_meanr": 4.5,
    "test__t2i_recall_1": 61.29032258064516,
    "test__t2i_recall_5": 83.87096774193549,
    "test__t2i_recall_10": 93.54838709677419,
    "test__t2i_rsum": 238.70967741935482,
    "test__t2i_medr": 1.0,
    "test__t2i_meanr": 4.080645161290322,
    "lr": 0.00012079116908177594,
    "summary": "40.0, 100.0, 100.0, 60.0, 90.0, 100.0, 27.419354838709676, 79.03225806451613, 83.87096774193549, 61.29032258064516, 83.87096774193549, 93.54838709677419"
}
[2026-03-19 22:14:09] Round 15!
[2026-03-19 22:14:09] Global Training!
[2026-03-19 22:14:10] Training Client 8!
[2026-03-19 22:14:10] Epoch: [15] text	Loss 4.3138 (4.3138)	Prec@1 29.688 (29.688)	Prec@5 91.016 (91.016)
[2026-03-19 22:14:10] Start Intra & Inter Contrasting!
[2026-03-19 22:14:11] TEST:  Epoch: [15] text	Prec@1 20.000 (20.000)	Prec@5 89.714 (89.714)
[2026-03-19 22:14:11] Generate Local Representations
[2026-03-19 22:14:11] Training Client 6!
[2026-03-19 22:14:11] Epoch: [15] text	Loss 3.3892 (3.4086)	Prec@1 30.859 (30.990)	Prec@5 96.875 (96.094)
[2026-03-19 22:14:11] Start Intra & Inter Contrasting!
[2026-03-19 22:14:12] TEST:  Epoch: [15] text	Prec@1 30.667 (32.931)	Prec@5 96.000 (96.375)
[2026-03-19 22:14:12] Generate Local Representations
[2026-03-19 22:14:12] Training Client 10!
[2026-03-19 22:14:12] Epoch 15
[2026-03-19 22:14:14] Generate Local Representations
[2026-03-19 22:14:14] Training Client 13!
[2026-03-19 22:14:14] Epoch 15
[2026-03-19 22:14:14] Skip local supervised step for client 3: train loader has no full batch
[2026-03-19 22:14:14] Generate Local Representations
[2026-03-19 22:14:15] Training Client 4!
[2026-03-19 22:14:15] Epoch: [15] image	Loss 3.6469 (3.6469)	Prec@1 58.984 (58.984)	Prec@5 78.125 (78.125)
[2026-03-19 22:14:15] Start Intra & Inter Contrasting!
[2026-03-19 22:14:15] TEST:  Epoch: [15] image	Prec@1 56.452 (56.452)	Prec@5 74.194 (74.194)
[2026-03-19 22:14:15] Generate Local Representations
[2026-03-19 22:14:15] Training Client 5!
[2026-03-19 22:14:15] Epoch: [15] text	Loss 4.1057 (4.1057)	Prec@1 40.625 (40.625)	Prec@5 92.578 (92.578)
[2026-03-19 22:14:15] Start Intra & Inter Contrasting!
[2026-03-19 22:14:16] TEST:  Epoch: [15] text	Prec@1 37.778 (41.196)	Prec@5 95.556 (95.681)
[2026-03-19 22:14:16] Generate Local Representations
[2026-03-19 22:14:16] Training Client 12!
[2026-03-19 22:14:16] Epoch 15
[2026-03-19 22:14:18] Generate Local Representations
[2026-03-19 22:14:18] Training Client 1!
[2026-03-19 22:14:18] Epoch: [15] image	Loss 4.1831 (4.1831)	Prec@1 25.000 (25.000)	Prec@5 92.969 (92.969)
[2026-03-19 22:14:18] Start Intra & Inter Contrasting!
[2026-03-19 22:14:19] TEST:  Epoch: [15] image	Prec@1 21.333 (25.982)	Prec@5 94.667 (93.656)
[2026-03-19 22:14:19] Generate Local Representations
[2026-03-19 22:14:19] Training Client 2!
[2026-03-19 22:14:20] Epoch: [15] image	Loss 3.3351 (3.2965)	Prec@1 50.391 (52.734)	Prec@5 99.609 (99.219)
[2026-03-19 22:14:20] Start Intra & Inter Contrasting!
[2026-03-19 22:14:20] TEST:  Epoch: [15] image	Prec@1 60.484 (53.251)	Prec@5 98.387 (98.767)
[2026-03-19 22:14:21] Generate Local Representations
[2026-03-19 22:14:21] Training Client 7!
[2026-03-19 22:14:22] Epoch: [15] text	Loss 2.9845 (2.9589)	Prec@1 49.219 (53.791)	Prec@5 99.219 (99.058)
[2026-03-19 22:14:22] Start Intra & Inter Contrasting!
[2026-03-19 22:14:23] TEST:  Epoch: [15] text	Prec@1 60.484 (53.251)	Prec@5 98.387 (98.767)
[2026-03-19 22:14:23] Generate Local Representations
[2026-03-19 22:14:23] Training Client 0!
[2026-03-19 22:14:24] Epoch: [15] image	Loss 3.3303 (3.4246)	Prec@1 43.750 (40.104)	Prec@5 96.094 (95.443)
[2026-03-19 22:14:24] Start Intra & Inter Contrasting!
[2026-03-19 22:14:24] TEST:  Epoch: [15] image	Prec@1 37.778 (41.196)	Prec@5 95.556 (96.013)
[2026-03-19 22:14:24] Generate Local Representations
[2026-03-19 22:14:24] Training Client 11!
[2026-03-19 22:14:24] Epoch 15
[2026-03-19 22:14:26] Generate Local Representations
[2026-03-19 22:14:26] Training Client 9!
[2026-03-19 22:14:26] Epoch: [15] text	Loss 0.0000 (0.0000)	Prec@1 0.000 (0.000)	Prec@5 0.000 (0.000)
[2026-03-19 22:14:26] Start Intra & Inter Contrasting!
[2026-03-19 22:14:27] TEST:  Epoch: [15] text	Prec@1 0.000 (0.000)	Prec@5 1.613 (1.613)
[2026-03-19 22:14:27] Generate Local Representations
[2026-03-19 22:14:27] Training Client 14!
[2026-03-19 22:14:27] Epoch 15
[2026-03-19 22:14:27] Skip local supervised step for client 4: train loader has no full batch
[2026-03-19 22:14:28] Generate Local Representations
[2026-03-19 22:14:28] Training Client 3!
[2026-03-19 22:14:28] Epoch: [15] image	Loss 3.6995 (3.6454)	Prec@1 28.516 (28.646)	Prec@5 91.797 (92.188)
[2026-03-19 22:14:28] Start Intra & Inter Contrasting!
[2026-03-19 22:14:28] TEST:  Epoch: [15] image	Prec@1 20.000 (20.000)	Prec@5 89.714 (89.714)
[2026-03-19 22:14:29] Generate Local Representations
[2026-03-19 22:14:30] start distilling
[2026-03-19 22:14:31] TEST:  Epoch: [15] image	Prec@1 37.778 (41.196)	Prec@5 95.556 (96.013)
[2026-03-19 22:14:31] TEST:  Epoch: [15] image	Prec@1 21.333 (25.982)	Prec@5 94.667 (93.656)
[2026-03-19 22:14:32] TEST:  Epoch: [15] image	Prec@1 60.484 (53.251)	Prec@5 98.387 (98.767)
[2026-03-19 22:14:32] TEST:  Epoch: [15] image	Prec@1 20.000 (20.000)	Prec@5 89.714 (89.714)
[2026-03-19 22:14:32] TEST:  Epoch: [15] image	Prec@1 56.452 (56.452)	Prec@5 74.194 (74.194)
[2026-03-19 22:14:32] TEST:  Epoch: [15] text	Prec@1 37.778 (41.196)	Prec@5 95.556 (95.681)
[2026-03-19 22:14:32] TEST:  Epoch: [15] text	Prec@1 30.667 (32.931)	Prec@5 96.000 (96.375)
[2026-03-19 22:14:33] TEST:  Epoch: [15] text	Prec@1 60.484 (53.251)	Prec@5 98.387 (98.767)
[2026-03-19 22:14:33] TEST:  Epoch: [15] text	Prec@1 20.000 (20.000)	Prec@5 89.714 (89.714)
[2026-03-19 22:14:33] TEST:  Epoch: [15] text	Prec@1 0.000 (0.000)	Prec@5 1.613 (1.613)
[2026-03-19 22:14:33] Evaluating test...
[2026-03-19 22:14:53] [Eval] Report @step: 15.00 {
    "test__rsum": 350.4983388704319,
    "test__medr": 9.0,
    "test__meanr": 11.116279069767442,
    "test__n_fold_i2t_recall_1": 30.0,
    "test__n_fold_i2t_recall_5": 90.0,
    "test__n_fold_i2t_recall_10": 100.0,
    "test__n_fold_i2t_rsum": 220.0,
    "test__n_fold_i2t_medr": 3.0,
    "test__n_fold_i2t_meanr": 3.2,
    "test__n_fold_t2i_recall_1": 20.0,
    "test__n_fold_t2i_recall_5": 80.0,
    "test__n_fold_t2i_recall_10": 100.0,
    "test__n_fold_t2i_rsum": 200.0,
    "test__n_fold_t2i_medr": 3.0,
    "test__n_fold_t2i_meanr": 3.2,
    "test__i2t_recall_1": 23.588039867109636,
    "test__i2t_recall_5": 56.81063122923588,
    "test__i2t_recall_10": 89.70099667774086,
    "test__i2t_rsum": 170.09966777408636,
    "test__i2t_medr": 5.0,
    "test__i2t_meanr": 5.707641196013289,
    "test__t2i_recall_1": 24.25249169435216,
    "test__t2i_recall_5": 67.10963455149502,
    "test__t2i_recall_10": 89.03654485049834,
    "test__t2i_rsum": 180.39867109634554,
    "test__t2i_medr": 4.0,
    "test__t2i_meanr": 5.408637873754153,
    "lr": 0.00011045284632676538,
    "summary": "30.0, 90.0, 100.0, 20.0, 80.0, 100.0, 23.588039867109636, 56.81063122923588, 89.70099667774086, 24.25249169435216, 67.10963455149502, 89.03654485049834"
}
[2026-03-19 22:14:53] Evaluating test...
[2026-03-19 22:15:14] [Eval] Report @step: 15.00 {
    "test__rsum": 362.53776435045313,
    "test__medr": 7.0,
    "test__meanr": 13.942598187311177,
    "test__n_fold_i2t_recall_1": 30.0,
    "test__n_fold_i2t_recall_5": 100.0,
    "test__n_fold_i2t_recall_10": 100.0,
    "test__n_fold_i2t_rsum": 230.0,
    "test__n_fold_i2t_medr": 2.0,
    "test__n_fold_i2t_meanr": 2.3,
    "test__n_fold_t2i_recall_1": 40.0,
    "test__n_fold_t2i_recall_5": 90.0,
    "test__n_fold_t2i_recall_10": 100.0,
    "test__n_fold_t2i_rsum": 230.0,
    "test__n_fold_t2i_medr": 2.0,
    "test__n_fold_t2i_meanr": 2.3,
    "test__i2t_recall_1": 33.23262839879154,
    "test__i2t_recall_5": 64.65256797583082,
    "test__i2t_recall_10": 82.77945619335347,
    "test__i2t_rsum": 180.66465256797582,
    "test__i2t_medr": 3.0,
    "test__i2t_meanr": 8.217522658610271,
    "test__t2i_recall_1": 21.148036253776436,
    "test__t2i_recall_5": 68.27794561933534,
    "test__t2i_recall_10": 92.44712990936556,
    "test__t2i_rsum": 181.87311178247734,
    "test__t2i_medr": 4.0,
    "test__t2i_meanr": 5.7250755287009065,
    "lr": 0.00011045284632676538,
    "summary": "30.0, 100.0, 100.0, 40.0, 90.0, 100.0, 33.23262839879154, 64.65256797583082, 82.77945619335347, 21.148036253776436, 68.27794561933534, 92.44712990936556"
}
[2026-03-19 22:15:14] Evaluating test...
[2026-03-19 22:18:40] [Eval] Report @step: 15.00 {
    "test__rsum": 372.8699551569507,
    "test__medr": 5.0,
    "test__meanr": 20.588565022421527,
    "test__n_fold_i2t_recall_1": 70.0,
    "test__n_fold_i2t_recall_5": 100.0,
    "test__n_fold_i2t_recall_10": 100.0,
    "test__n_fold_i2t_rsum": 270.0,
    "test__n_fold_i2t_medr": 1.0,
    "test__n_fold_i2t_meanr": 1.7,
    "test__n_fold_t2i_recall_1": 90.0,
    "test__n_fold_t2i_recall_5": 100.0,
    "test__n_fold_t2i_recall_10": 100.0,
    "test__n_fold_t2i_rsum": 290.0,
    "test__n_fold_t2i_medr": 1.0,
    "test__n_fold_t2i_meanr": 1.1,
    "test__i2t_recall_1": 25.7847533632287,
    "test__i2t_recall_5": 70.4035874439462,
    "test__i2t_recall_10": 83.5201793721973,
    "test__i2t_rsum": 179.70852017937221,
    "test__i2t_medr": 3.0,
    "test__i2t_meanr": 7.183856502242152,
    "test__t2i_recall_1": 48.4304932735426,
    "test__t2i_recall_5": 70.96412556053812,
    "test__t2i_recall_10": 73.76681614349776,
    "test__t2i_rsum": 193.1614349775785,
    "test__t2i_medr": 2.0,
    "test__t2i_meanr": 13.404708520179373,
    "lr": 0.00011045284632676538,
    "summary": "70.0, 100.0, 100.0, 90.0, 100.0, 100.0, 25.7847533632287, 70.4035874439462, 83.5201793721973, 48.4304932735426, 70.96412556053812, 73.76681614349776"
}
[2026-03-19 22:18:40] Evaluating test...
[2026-03-19 22:18:45] [Eval] Report @step: 15.00 {
    "test__rsum": 307.42857142857144,
    "test__medr": 9.0,
    "test__meanr": 16.32,
    "test__n_fold_i2t_recall_1": 70.0,
    "test__n_fold_i2t_recall_5": 100.0,
    "test__n_fold_i2t_recall_10": 100.0,
    "test__n_fold_i2t_rsum": 270.0,
    "test__n_fold_i2t_medr": 1.0,
    "test__n_fold_i2t_meanr": 1.3,
    "test__n_fold_t2i_recall_1": 60.0,
    "test__n_fold_t2i_recall_5": 70.0,
    "test__n_fold_t2i_recall_10": 100.0,
    "test__n_fold_t2i_rsum": 230.0,
    "test__n_fold_t2i_medr": 1.0,
    "test__n_fold_t2i_meanr": 3.2,
    "test__i2t_recall_1": 21.714285714285715,
    "test__i2t_recall_5": 54.857142857142854,
    "test__i2t_recall_10": 70.28571428571429,
    "test__i2t_rsum": 146.85714285714286,
    "test__i2t_medr": 5.0,
    "test__i2t_meanr": 9.234285714285715,
    "test__t2i_recall_1": 20.0,
    "test__t2i_recall_5": 62.285714285714285,
    "test__t2i_recall_10": 78.28571428571429,
    "test__t2i_rsum": 160.57142857142856,
    "test__t2i_medr": 4.0,
    "test__t2i_meanr": 7.085714285714285,
    "lr": 0.00011045284632676538,
    "summary": "70.0, 100.0, 100.0, 60.0, 70.0, 100.0, 21.714285714285715, 54.857142857142854, 70.28571428571429, 20.0, 62.285714285714285, 78.28571428571429"
}
[2026-03-19 22:18:45] Evaluating test...
[2026-03-19 22:18:46] [Eval] Report @step: 15.00 {
    "test__rsum": 379.0322580645161,
    "test__medr": 4.0,
    "test__meanr": 10.435483870967742,
    "test__n_fold_i2t_recall_1": 20.0,
    "test__n_fold_i2t_recall_5": 100.0,
    "test__n_fold_i2t_recall_10": 100.0,
    "test__n_fold_i2t_rsum": 220.0,
    "test__n_fold_i2t_medr": 3.0,
    "test__n_fold_i2t_meanr": 2.8,
    "test__n_fold_t2i_recall_1": 60.0,
    "test__n_fold_t2i_recall_5": 90.0,
    "test__n_fold_t2i_recall_10": 100.0,
    "test__n_fold_t2i_rsum": 250.0,
    "test__n_fold_t2i_medr": 1.0,
    "test__n_fold_t2i_meanr": 2.4,
    "test__i2t_recall_1": 19.35483870967742,
    "test__i2t_recall_5": 61.29032258064516,
    "test__i2t_recall_10": 83.87096774193549,
    "test__i2t_rsum": 164.51612903225805,
    "test__i2t_medr": 3.0,
    "test__i2t_meanr": 5.5,
    "test__t2i_recall_1": 58.064516129032256,
    "test__t2i_recall_5": 70.96774193548387,
    "test__t2i_recall_10": 85.48387096774194,
    "test__t2i_rsum": 214.51612903225805,
    "test__t2i_medr": 1.0,
    "test__t2i_meanr": 4.935483870967742,
    "lr": 0.00011045284632676538,
    "summary": "20.0, 100.0, 100.0, 60.0, 90.0, 100.0, 19.35483870967742, 61.29032258064516, 83.87096774193549, 58.064516129032256, 70.96774193548387, 85.48387096774194"
}
[2026-03-19 22:18:47] Round 16!
[2026-03-19 22:18:47] Global Training!
[2026-03-19 22:18:48] Training Client 12!
[2026-03-19 22:18:48] Epoch 16
[2026-03-19 22:18:50] Generate Local Representations
[2026-03-19 22:18:50] Training Client 0!
[2026-03-19 22:18:51] Epoch: [16] image	Loss 3.2333 (3.3815)	Prec@1 48.047 (41.406)	Prec@5 97.656 (95.964)
[2026-03-19 22:18:51] Start Intra & Inter Contrasting!
[2026-03-19 22:18:51] TEST:  Epoch: [16] image	Prec@1 37.778 (41.196)	Prec@5 95.556 (96.013)
[2026-03-19 22:18:51] Generate Local Representations
[2026-03-19 22:18:51] Training Client 14!
[2026-03-19 22:18:51] Epoch 16
[2026-03-19 22:18:51] Skip local supervised step for client 4: train loader has no full batch
[2026-03-19 22:18:52] Generate Local Representations
[2026-03-19 22:18:52] Training Client 2!
[2026-03-19 22:18:53] Epoch: [16] image	Loss 3.1719 (3.2405)	Prec@1 59.766 (54.036)	Prec@5 99.609 (99.089)
[2026-03-19 22:18:53] Start Intra & Inter Contrasting!
[2026-03-19 22:18:53] TEST:  Epoch: [16] image	Prec@1 60.484 (53.251)	Prec@5 98.387 (98.767)
[2026-03-19 22:18:54] Generate Local Representations
[2026-03-19 22:18:54] Training Client 11!
[2026-03-19 22:18:54] Epoch 16
[2026-03-19 22:18:55] Generate Local Representations
[2026-03-19 22:18:56] Training Client 13!
[2026-03-19 22:18:56] Epoch 16
[2026-03-19 22:18:56] Skip local supervised step for client 3: train loader has no full batch
[2026-03-19 22:18:56] Generate Local Representations
[2026-03-19 22:18:56] Training Client 6!
[2026-03-19 22:18:57] Epoch: [16] text	Loss 3.3914 (3.4116)	Prec@1 32.031 (32.031)	Prec@5 97.656 (96.224)
[2026-03-19 22:18:57] Start Intra & Inter Contrasting!
[2026-03-19 22:18:57] TEST:  Epoch: [16] text	Prec@1 30.667 (32.931)	Prec@5 96.000 (96.375)
[2026-03-19 22:18:57] Generate Local Representations
[2026-03-19 22:18:58] Training Client 7!
[2026-03-19 22:18:59] Epoch: [16] text	Loss 2.8942 (2.9499)	Prec@1 55.078 (53.791)	Prec@5 99.609 (99.127)
[2026-03-19 22:18:59] Start Intra & Inter Contrasting!
[2026-03-19 22:19:00] TEST:  Epoch: [16] text	Prec@1 60.484 (53.251)	Prec@5 98.387 (98.767)
[2026-03-19 22:19:00] Generate Local Representations
[2026-03-19 22:19:00] Training Client 5!
[2026-03-19 22:19:00] Epoch: [16] text	Loss 3.9971 (3.9971)	Prec@1 41.406 (41.406)	Prec@5 96.484 (96.484)
[2026-03-19 22:19:00] Start Intra & Inter Contrasting!
[2026-03-19 22:19:01] TEST:  Epoch: [16] text	Prec@1 37.778 (41.196)	Prec@5 95.556 (95.681)
[2026-03-19 22:19:01] Generate Local Representations
[2026-03-19 22:19:01] Training Client 3!
[2026-03-19 22:19:01] Epoch: [16] image	Loss 3.5921 (3.6326)	Prec@1 30.469 (28.255)	Prec@5 93.359 (92.318)
[2026-03-19 22:19:01] Start Intra & Inter Contrasting!
[2026-03-19 22:19:02] TEST:  Epoch: [16] image	Prec@1 20.000 (20.000)	Prec@5 89.714 (89.714)
[2026-03-19 22:19:02] Generate Local Representations
[2026-03-19 22:19:02] Training Client 8!
[2026-03-19 22:19:02] Epoch: [16] text	Loss 4.2921 (4.2921)	Prec@1 28.516 (28.516)	Prec@5 89.453 (89.453)
[2026-03-19 22:19:02] Start Intra & Inter Contrasting!
[2026-03-19 22:19:02] TEST:  Epoch: [16] text	Prec@1 20.000 (20.000)	Prec@5 89.714 (89.714)
[2026-03-19 22:19:03] Generate Local Representations
[2026-03-19 22:19:03] Training Client 10!
[2026-03-19 22:19:03] Epoch 16
[2026-03-19 22:19:04] Generate Local Representations
[2026-03-19 22:19:04] Training Client 9!
[2026-03-19 22:19:04] Epoch: [16] text	Loss 0.0000 (0.0000)	Prec@1 0.000 (0.000)	Prec@5 0.000 (0.000)
[2026-03-19 22:19:04] Start Intra & Inter Contrasting!
[2026-03-19 22:19:04] TEST:  Epoch: [16] text	Prec@1 0.000 (0.000)	Prec@5 1.613 (1.613)
[2026-03-19 22:19:05] Generate Local Representations
[2026-03-19 22:19:05] Training Client 1!
[2026-03-19 22:19:05] Epoch: [16] image	Loss 4.0870 (4.0870)	Prec@1 31.641 (31.641)	Prec@5 93.750 (93.750)
[2026-03-19 22:19:05] Start Intra & Inter Contrasting!
[2026-03-19 22:19:05] TEST:  Epoch: [16] image	Prec@1 20.000 (25.982)	Prec@5 94.667 (93.656)
[2026-03-19 22:19:06] Generate Local Representations
[2026-03-19 22:19:06] Training Client 4!
[2026-03-19 22:19:06] Epoch: [16] image	Loss 3.5376 (3.5376)	Prec@1 61.328 (61.328)	Prec@5 80.469 (80.469)
[2026-03-19 22:19:06] Start Intra & Inter Contrasting!
[2026-03-19 22:19:06] TEST:  Epoch: [16] image	Prec@1 56.452 (56.452)	Prec@5 74.194 (74.194)
[2026-03-19 22:19:06] Generate Local Representations
[2026-03-19 22:19:08] start distilling
[2026-03-19 22:19:08] TEST:  Epoch: [16] image	Prec@1 37.778 (41.196)	Prec@5 95.556 (96.013)
[2026-03-19 22:19:09] TEST:  Epoch: [16] image	Prec@1 20.000 (25.982)	Prec@5 94.667 (93.656)
[2026-03-19 22:19:09] TEST:  Epoch: [16] image	Prec@1 60.484 (53.251)	Prec@5 98.387 (98.767)
[2026-03-19 22:19:09] TEST:  Epoch: [16] image	Prec@1 20.000 (20.000)	Prec@5 89.714 (89.714)
[2026-03-19 22:19:09] TEST:  Epoch: [16] image	Prec@1 56.452 (56.452)	Prec@5 74.194 (74.194)
[2026-03-19 22:19:10] TEST:  Epoch: [16] text	Prec@1 37.778 (41.196)	Prec@5 95.556 (95.681)
[2026-03-19 22:19:10] TEST:  Epoch: [16] text	Prec@1 30.667 (32.931)	Prec@5 96.000 (96.375)
[2026-03-19 22:19:10] TEST:  Epoch: [16] text	Prec@1 60.484 (53.251)	Prec@5 98.387 (98.767)
[2026-03-19 22:19:11] TEST:  Epoch: [16] text	Prec@1 20.000 (20.000)	Prec@5 89.714 (89.714)
[2026-03-19 22:19:11] TEST:  Epoch: [16] text	Prec@1 0.000 (0.000)	Prec@5 1.613 (1.613)
[2026-03-19 22:19:11] Evaluating test...
[2026-03-19 22:19:30] [Eval] Report @step: 16.00 {
    "test__rsum": 356.1461794019933,
    "test__medr": 6.0,
    "test__meanr": 11.495016611295682,
    "test__n_fold_i2t_recall_1": 30.0,
    "test__n_fold_i2t_recall_5": 90.0,
    "test__n_fold_i2t_recall_10": 100.0,
    "test__n_fold_i2t_rsum": 220.0,
    "test__n_fold_i2t_medr": 3.0,
    "test__n_fold_i2t_meanr": 3.1,
    "test__n_fold_t2i_recall_1": 40.0,
    "test__n_fold_t2i_recall_5": 80.0,
    "test__n_fold_t2i_recall_10": 100.0,
    "test__n_fold_t2i_rsum": 220.0,
    "test__n_fold_t2i_medr": 2.0,
    "test__n_fold_t2i_meanr": 3.2,
    "test__i2t_recall_1": 19.601328903654483,
    "test__i2t_recall_5": 76.0797342192691,
    "test__i2t_recall_10": 91.0299003322259,
    "test__i2t_rsum": 186.71096345514948,
    "test__i2t_medr": 3.0,
    "test__i2t_meanr": 4.943521594684386,
    "test__t2i_recall_1": 24.25249169435216,
    "test__t2i_recall_5": 69.43521594684385,
    "test__t2i_recall_10": 75.74750830564784,
    "test__t2i_rsum": 169.43521594684387,
    "test__t2i_medr": 3.0,
    "test__t2i_meanr": 6.5514950166112955,
    "lr": 0.00010000000000000005,
    "summary": "30.0, 90.0, 100.0, 40.0, 80.0, 100.0, 19.601328903654483, 76.0797342192691, 91.0299003322259, 24.25249169435216, 69.43521594684385, 75.74750830564784"
}
[2026-03-19 22:19:30] Evaluating test...
[2026-03-19 22:19:51] [Eval] Report @step: 16.00 {
    "test__rsum": 394.56193353474316,
    "test__medr": 5.0,
    "test__meanr": 10.477341389728096,
    "test__n_fold_i2t_recall_1": 60.0,
    "test__n_fold_i2t_recall_5": 100.0,
    "test__n_fold_i2t_recall_10": 100.0,
    "test__n_fold_i2t_rsum": 260.0,
    "test__n_fold_i2t_medr": 1.0,
    "test__n_fold_i2t_meanr": 1.4,
    "test__n_fold_t2i_recall_1": 50.0,
    "test__n_fold_t2i_recall_5": 90.0,
    "test__n_fold_t2i_recall_10": 100.0,
    "test__n_fold_t2i_rsum": 240.0,
    "test__n_fold_t2i_medr": 1.0,
    "test__n_fold_t2i_meanr": 2.0,
    "test__i2t_recall_1": 32.93051359516616,
    "test__i2t_recall_5": 77.34138972809667,
    "test__i2t_recall_10": 89.12386706948641,
    "test__i2t_rsum": 199.39577039274923,
    "test__i2t_medr": 2.0,
    "test__i2t_meanr": 5.993957703927492,
    "test__t2i_recall_1": 26.58610271903323,
    "test__t2i_recall_5": 75.83081570996978,
    "test__t2i_recall_10": 92.74924471299094,
    "test__t2i_rsum": 195.16616314199396,
    "test__t2i_medr": 3.0,
    "test__t2i_meanr": 4.483383685800604,
    "lr": 0.00010000000000000005,
    "summary": "60.0, 100.0, 100.0, 50.0, 90.0, 100.0, 32.93051359516616, 77.34138972809667, 89.12386706948641, 26.58610271903323, 75.83081570996978, 92.74924471299094"
}
[2026-03-19 22:19:51] Evaluating test...
[2026-03-19 22:23:11] [Eval] Report @step: 16.00 {
    "test__rsum": 354.4843049327354,
    "test__medr": 5.0,
    "test__meanr": 17.57286995515695,
    "test__n_fold_i2t_recall_1": 70.0,
    "test__n_fold_i2t_recall_5": 100.0,
    "test__n_fold_i2t_recall_10": 100.0,
    "test__n_fold_i2t_rsum": 270.0,
    "test__n_fold_i2t_medr": 1.0,
    "test__n_fold_i2t_meanr": 1.3,
    "test__n_fold_t2i_recall_1": 80.0,
    "test__n_fold_t2i_recall_5": 100.0,
    "test__n_fold_t2i_recall_10": 100.0,
    "test__n_fold_t2i_rsum": 280.0,
    "test__n_fold_t2i_medr": 1.0,
    "test__n_fold_t2i_meanr": 1.4,
    "test__i2t_recall_1": 27.690582959641254,
    "test__i2t_recall_5": 63.67713004484305,
    "test__i2t_recall_10": 82.17488789237669,
    "test__i2t_rsum": 173.542600896861,
    "test__i2t_medr": 3.0,
    "test__i2t_meanr": 6.501121076233184,
    "test__t2i_recall_1": 45.73991031390135,
    "test__t2i_recall_5": 63.90134529147982,
    "test__t2i_recall_10": 71.30044843049328,
    "test__t2i_rsum": 180.94170403587444,
    "test__t2i_medr": 2.0,
    "test__t2i_meanr": 11.071748878923767,
    "lr": 0.00010000000000000005,
    "summary": "70.0, 100.0, 100.0, 80.0, 100.0, 100.0, 27.690582959641254, 63.67713004484305, 82.17488789237669, 45.73991031390135, 63.90134529147982, 71.30044843049328"
}
[2026-03-19 22:23:11] Evaluating test...
[2026-03-19 22:23:16] [Eval] Report @step: 16.00 {
    "test__rsum": 341.1428571428571,
    "test__medr": 8.0,
    "test__meanr": 12.342857142857143,
    "test__n_fold_i2t_recall_1": 50.0,
    "test__n_fold_i2t_recall_5": 100.0,
    "test__n_fold_i2t_recall_10": 100.0,
    "test__n_fold_i2t_rsum": 250.0,
    "test__n_fold_i2t_medr": 1.0,
    "test__n_fold_i2t_meanr": 1.8,
    "test__n_fold_t2i_recall_1": 60.0,
    "test__n_fold_t2i_recall_5": 90.0,
    "test__n_fold_t2i_recall_10": 100.0,
    "test__n_fold_t2i_rsum": 250.0,
    "test__n_fold_t2i_medr": 1.0,
    "test__n_fold_t2i_meanr": 3.0,
    "test__i2t_recall_1": 26.285714285714285,
    "test__i2t_recall_5": 56.57142857142857,
    "test__i2t_recall_10": 80.0,
    "test__i2t_rsum": 162.85714285714286,
    "test__i2t_medr": 4.0,
    "test__i2t_meanr": 6.44,
    "test__t2i_recall_1": 26.857142857142858,
    "test__t2i_recall_5": 68.0,
    "test__t2i_recall_10": 83.42857142857143,
    "test__t2i_rsum": 178.28571428571428,
    "test__t2i_medr": 4.0,
    "test__t2i_meanr": 5.902857142857143,
    "lr": 0.00010000000000000005,
    "summary": "50.0, 100.0, 100.0, 60.0, 90.0, 100.0, 26.285714285714285, 56.57142857142857, 80.0, 26.857142857142858, 68.0, 83.42857142857143"
}
[2026-03-19 22:23:16] Evaluating test...
[2026-03-19 22:23:17] [Eval] Report @step: 16.00 {
    "test__rsum": 422.5806451612903,
    "test__medr": 3.0,
    "test__meanr": 9.403225806451614,
    "test__n_fold_i2t_recall_1": 30.0,
    "test__n_fold_i2t_recall_5": 100.0,
    "test__n_fold_i2t_recall_10": 100.0,
    "test__n_fold_i2t_rsum": 230.0,
    "test__n_fold_i2t_medr": 2.0,
    "test__n_fold_i2t_meanr": 2.1,
    "test__n_fold_t2i_recall_1": 60.0,
    "test__n_fold_t2i_recall_5": 90.0,
    "test__n_fold_t2i_recall_10": 100.0,
    "test__n_fold_t2i_rsum": 250.0,
    "test__n_fold_t2i_medr": 1.0,
    "test__n_fold_t2i_meanr": 2.3,
    "test__i2t_recall_1": 29.032258064516128,
    "test__i2t_recall_5": 74.19354838709677,
    "test__i2t_recall_10": 87.09677419354838,
    "test__i2t_rsum": 190.32258064516128,
    "test__i2t_medr": 2.0,
    "test__i2t_meanr": 4.919354838709678,
    "test__t2i_recall_1": 64.51612903225806,
    "test__t2i_recall_5": 75.80645161290323,
    "test__t2i_recall_10": 91.93548387096774,
    "test__t2i_rsum": 232.25806451612902,
    "test__t2i_medr": 1.0,
    "test__t2i_meanr": 4.483870967741936,
    "lr": 0.00010000000000000005,
    "summary": "30.0, 100.0, 100.0, 60.0, 90.0, 100.0, 29.032258064516128, 74.19354838709677, 87.09677419354838, 64.51612903225806, 75.80645161290323, 91.93548387096774"
}
[2026-03-19 22:23:18] Round 17!
[2026-03-19 22:23:18] Global Training!
[2026-03-19 22:23:19] Training Client 10!
[2026-03-19 22:23:19] Epoch 17
[2026-03-19 22:23:20] Generate Local Representations
[2026-03-19 22:23:21] Training Client 4!
[2026-03-19 22:23:21] Epoch: [17] image	Loss 3.6049 (3.6049)	Prec@1 58.594 (58.594)	Prec@5 78.906 (78.906)
[2026-03-19 22:23:21] Start Intra & Inter Contrasting!
[2026-03-19 22:23:21] TEST:  Epoch: [17] image	Prec@1 56.452 (56.452)	Prec@5 74.194 (74.194)
[2026-03-19 22:23:21] Generate Local Representations
[2026-03-19 22:23:21] Training Client 12!
[2026-03-19 22:23:21] Epoch 17
[2026-03-19 22:23:23] Generate Local Representations
[2026-03-19 22:23:23] Training Client 14!
[2026-03-19 22:23:23] Epoch 17
[2026-03-19 22:23:23] Skip local supervised step for client 4: train loader has no full batch
[2026-03-19 22:23:24] Generate Local Representations
[2026-03-19 22:23:24] Training Client 0!
[2026-03-19 22:23:24] Epoch: [17] image	Loss 3.2902 (3.3534)	Prec@1 41.797 (42.839)	Prec@5 98.828 (96.745)
[2026-03-19 22:23:24] Start Intra & Inter Contrasting!
[2026-03-19 22:23:25] TEST:  Epoch: [17] image	Prec@1 37.778 (41.196)	Prec@5 95.556 (96.013)
[2026-03-19 22:23:25] Generate Local Representations
[2026-03-19 22:23:25] Training Client 6!
[2026-03-19 22:23:25] Epoch: [17] text	Loss 3.3750 (3.4040)	Prec@1 30.859 (30.469)	Prec@5 95.703 (96.224)
[2026-03-19 22:23:25] Start Intra & Inter Contrasting!
[2026-03-19 22:23:26] TEST:  Epoch: [17] text	Prec@1 30.667 (32.931)	Prec@5 96.000 (96.375)
[2026-03-19 22:23:26] Generate Local Representations
[2026-03-19 22:23:26] Training Client 5!
[2026-03-19 22:23:26] Epoch: [17] text	Loss 3.9971 (3.9971)	Prec@1 39.062 (39.062)	Prec@5 97.656 (97.656)
[2026-03-19 22:23:26] Start Intra & Inter Contrasting!
[2026-03-19 22:23:27] TEST:  Epoch: [17] text	Prec@1 37.778 (41.196)	Prec@5 95.556 (95.681)
[2026-03-19 22:23:27] Generate Local Representations
[2026-03-19 22:23:27] Training Client 13!
[2026-03-19 22:23:27] Epoch 17
[2026-03-19 22:23:27] Skip local supervised step for client 3: train loader has no full batch
[2026-03-19 22:23:28] Generate Local Representations
[2026-03-19 22:23:28] Training Client 1!
[2026-03-19 22:23:28] Epoch: [17] image	Loss 4.1172 (4.1172)	Prec@1 28.906 (28.906)	Prec@5 92.578 (92.578)
[2026-03-19 22:23:28] Start Intra & Inter Contrasting!
[2026-03-19 22:23:28] TEST:  Epoch: [17] image	Prec@1 21.333 (27.795)	Prec@5 94.667 (93.656)
[2026-03-19 22:23:29] Generate Local Representations
[2026-03-19 22:23:29] Training Client 3!
[2026-03-19 22:23:29] Epoch: [17] image	Loss 3.6190 (3.6275)	Prec@1 29.297 (28.516)	Prec@5 92.188 (92.318)
[2026-03-19 22:23:29] Start Intra & Inter Contrasting!
[2026-03-19 22:23:29] TEST:  Epoch: [17] image	Prec@1 20.000 (20.000)	Prec@5 89.714 (89.714)
[2026-03-19 22:23:30] Generate Local Representations
[2026-03-19 22:23:30] Training Client 7!
[2026-03-19 22:23:31] Epoch: [17] text	Loss 2.9969 (2.9600)	Prec@1 52.344 (53.355)	Prec@5 98.828 (99.058)
[2026-03-19 22:23:31] Start Intra & Inter Contrasting!
[2026-03-19 22:23:32] TEST:  Epoch: [17] text	Prec@1 60.484 (53.251)	Prec@5 98.387 (98.767)
[2026-03-19 22:23:32] Generate Local Representations
[2026-03-19 22:23:32] Training Client 8!
[2026-03-19 22:23:32] Epoch: [17] text	Loss 4.2931 (4.2931)	Prec@1 27.734 (27.734)	Prec@5 89.453 (89.453)
[2026-03-19 22:23:32] Start Intra & Inter Contrasting!
[2026-03-19 22:23:33] TEST:  Epoch: [17] text	Prec@1 20.000 (20.000)	Prec@5 89.714 (89.714)
[2026-03-19 22:23:33] Generate Local Representations
[2026-03-19 22:23:33] Training Client 2!
[2026-03-19 22:23:33] Epoch: [17] image	Loss 3.2038 (3.2733)	Prec@1 53.125 (51.432)	Prec@5 99.219 (99.089)
[2026-03-19 22:23:33] Start Intra & Inter Contrasting!
[2026-03-19 22:23:34] TEST:  Epoch: [17] image	Prec@1 60.484 (53.251)	Prec@5 98.387 (98.767)
[2026-03-19 22:23:34] Generate Local Representations
[2026-03-19 22:23:35] Training Client 9!
[2026-03-19 22:23:35] Epoch: [17] text	Loss 0.0000 (0.0000)	Prec@1 0.000 (0.000)	Prec@5 0.000 (0.000)
[2026-03-19 22:23:35] Start Intra & Inter Contrasting!
[2026-03-19 22:23:35] TEST:  Epoch: [17] text	Prec@1 0.000 (0.000)	Prec@5 1.613 (1.613)
[2026-03-19 22:23:35] Generate Local Representations
[2026-03-19 22:23:35] Training Client 11!
[2026-03-19 22:23:35] Epoch 17
[2026-03-19 22:23:37] Generate Local Representations
[2026-03-19 22:23:39] start distilling
[2026-03-19 22:23:39] TEST:  Epoch: [17] image	Prec@1 37.778 (41.196)	Prec@5 95.556 (96.013)
[2026-03-19 22:23:39] TEST:  Epoch: [17] image	Prec@1 21.333 (27.795)	Prec@5 94.667 (93.656)
[2026-03-19 22:23:40] TEST:  Epoch: [17] image	Prec@1 60.484 (53.251)	Prec@5 98.387 (98.767)
[2026-03-19 22:23:40] TEST:  Epoch: [17] image	Prec@1 20.000 (20.000)	Prec@5 89.714 (89.714)
[2026-03-19 22:23:40] TEST:  Epoch: [17] image	Prec@1 56.452 (56.452)	Prec@5 74.194 (74.194)
[2026-03-19 22:23:40] TEST:  Epoch: [17] text	Prec@1 37.778 (41.196)	Prec@5 95.556 (95.681)
[2026-03-19 22:23:40] TEST:  Epoch: [17] text	Prec@1 30.667 (32.931)	Prec@5 96.000 (96.375)
[2026-03-19 22:23:41] TEST:  Epoch: [17] text	Prec@1 60.484 (53.251)	Prec@5 98.387 (98.767)
[2026-03-19 22:23:41] TEST:  Epoch: [17] text	Prec@1 20.000 (20.000)	Prec@5 89.714 (89.714)
[2026-03-19 22:23:41] TEST:  Epoch: [17] text	Prec@1 0.000 (0.000)	Prec@5 1.613 (1.613)
[2026-03-19 22:23:41] Evaluating test...
[2026-03-19 22:24:01] [Eval] Report @step: 17.00 {
    "test__rsum": 369.10299003322257,
    "test__medr": 5.0,
    "test__meanr": 10.750830564784053,
    "test__n_fold_i2t_recall_1": 30.0,
    "test__n_fold_i2t_recall_5": 70.0,
    "test__n_fold_i2t_recall_10": 100.0,
    "test__n_fold_i2t_rsum": 200.0,
    "test__n_fold_i2t_medr": 3.0,
    "test__n_fold_i2t_meanr": 3.5,
    "test__n_fold_t2i_recall_1": 20.0,
    "test__n_fold_t2i_recall_5": 70.0,
    "test__n_fold_t2i_recall_10": 100.0,
    "test__n_fold_t2i_rsum": 190.0,
    "test__n_fold_t2i_medr": 2.0,
    "test__n_fold_t2i_meanr": 3.3,
    "test__i2t_recall_1": 30.897009966777407,
    "test__i2t_recall_5": 70.7641196013289,
    "test__i2t_recall_10": 86.37873754152824,
    "test__i2t_rsum": 188.03986710963454,
    "test__i2t_medr": 3.0,
    "test__i2t_meanr": 5.398671096345515,
    "test__t2i_recall_1": 26.578073089700997,
    "test__t2i_recall_5": 73.421926910299,
    "test__t2i_recall_10": 81.06312292358804,
    "test__t2i_rsum": 181.06312292358803,
    "test__t2i_medr": 2.0,
    "test__t2i_meanr": 5.352159468438538,
    "lr": 8.954715367323469e-5,
    "summary": "30.0, 70.0, 100.0, 20.0, 70.0, 100.0, 30.897009966777407, 70.7641196013289, 86.37873754152824, 26.578073089700997, 73.421926910299, 81.06312292358804"
}
[2026-03-19 22:24:01] Evaluating test...
[2026-03-19 22:24:22] [Eval] Report @step: 17.00 {
    "test__rsum": 387.00906344410873,
    "test__medr": 7.0,
    "test__meanr": 12.830815709969789,
    "test__n_fold_i2t_recall_1": 50.0,
    "test__n_fold_i2t_recall_5": 100.0,
    "test__n_fold_i2t_recall_10": 100.0,
    "test__n_fold_i2t_rsum": 250.0,
    "test__n_fold_i2t_medr": 1.0,
    "test__n_fold_i2t_meanr": 1.9,
    "test__n_fold_t2i_recall_1": 20.0,
    "test__n_fold_t2i_recall_5": 90.0,
    "test__n_fold_t2i_recall_10": 100.0,
    "test__n_fold_t2i_rsum": 210.0,
    "test__n_fold_t2i_medr": 2.0,
    "test__n_fold_t2i_meanr": 2.5,
    "test__i2t_recall_1": 39.879154078549846,
    "test__i2t_recall_5": 76.43504531722054,
    "test__i2t_recall_10": 88.82175226586102,
    "test__i2t_rsum": 205.1359516616314,
    "test__i2t_medr": 2.0,
    "test__i2t_meanr": 7.667673716012085,
    "test__t2i_recall_1": 29.909365558912388,
    "test__t2i_recall_5": 56.797583081571,
    "test__t2i_recall_10": 95.16616314199396,
    "test__t2i_rsum": 181.87311178247734,
    "test__t2i_medr": 5.0,
    "test__t2i_meanr": 5.163141993957704,
    "lr": 8.954715367323469e-5,
    "summary": "50.0, 100.0, 100.0, 20.0, 90.0, 100.0, 39.879154078549846, 76.43504531722054, 88.82175226586102, 29.909365558912388, 56.797583081571, 95.16616314199396"
}
[2026-03-19 22:24:22] Evaluating test...
[2026-03-19 22:27:47] [Eval] Report @step: 17.00 {
    "test__rsum": 344.95515695067263,
    "test__medr": 5.0,
    "test__meanr": 18.794843049327355,
    "test__n_fold_i2t_recall_1": 60.0,
    "test__n_fold_i2t_recall_5": 100.0,
    "test__n_fold_i2t_recall_10": 100.0,
    "test__n_fold_i2t_rsum": 260.0,
    "test__n_fold_i2t_medr": 1.0,
    "test__n_fold_i2t_meanr": 1.4,
    "test__n_fold_t2i_recall_1": 80.0,
    "test__n_fold_t2i_recall_5": 100.0,
    "test__n_fold_t2i_recall_10": 100.0,
    "test__n_fold_t2i_rsum": 280.0,
    "test__n_fold_t2i_medr": 1.0,
    "test__n_fold_t2i_meanr": 1.3,
    "test__i2t_recall_1": 20.85201793721973,
    "test__i2t_recall_5": 61.09865470852018,
    "test__i2t_recall_10": 80.60538116591928,
    "test__i2t_rsum": 162.55605381165918,
    "test__i2t_medr": 4.0,
    "test__i2t_meanr": 7.498878923766816,
    "test__t2i_recall_1": 51.233183856502244,
    "test__t2i_recall_5": 59.08071748878924,
    "test__t2i_recall_10": 72.08520179372198,
    "test__t2i_rsum": 182.39910313901345,
    "test__t2i_medr": 1.0,
    "test__t2i_meanr": 11.295964125560538,
    "lr": 8.954715367323469e-5,
    "summary": "60.0, 100.0, 100.0, 80.0, 100.0, 100.0, 20.85201793721973, 61.09865470852018, 80.60538116591928, 51.233183856502244, 59.08071748878924, 72.08520179372198"
}
[2026-03-19 22:27:47] Evaluating test...
[2026-03-19 22:27:52] [Eval] Report @step: 17.00 {
    "test__rsum": 320.57142857142856,
    "test__medr": 7.0,
    "test__meanr": 14.565714285714286,
    "test__n_fold_i2t_recall_1": 50.0,
    "test__n_fold_i2t_recall_5": 100.0,
    "test__n_fold_i2t_recall_10": 100.0,
    "test__n_fold_i2t_rsum": 250.0,
    "test__n_fold_i2t_medr": 1.0,
    "test__n_fold_i2t_meanr": 1.5,
    "test__n_fold_t2i_recall_1": 50.0,
    "test__n_fold_t2i_recall_5": 80.0,
    "test__n_fold_t2i_recall_10": 100.0,
    "test__n_fold_t2i_rsum": 230.0,
    "test__n_fold_t2i_medr": 1.0,
    "test__n_fold_t2i_meanr": 3.1,
    "test__i2t_recall_1": 19.428571428571427,
    "test__i2t_recall_5": 62.857142857142854,
    "test__i2t_recall_10": 77.71428571428571,
    "test__i2t_rsum": 160.0,
    "test__i2t_medr": 3.0,
    "test__i2t_meanr": 8.01142857142857,
    "test__t2i_recall_1": 18.285714285714285,
    "test__t2i_recall_5": 62.285714285714285,
    "test__t2i_recall_10": 80.0,
    "test__t2i_rsum": 160.57142857142856,
    "test__t2i_medr": 4.0,
    "test__t2i_meanr": 6.554285714285714,
    "lr": 8.954715367323469e-5,
    "summary": "50.0, 100.0, 100.0, 50.0, 80.0, 100.0, 19.428571428571427, 62.857142857142854, 77.71428571428571, 18.285714285714285, 62.285714285714285, 80.0"
}
[2026-03-19 22:27:52] Evaluating test...
[2026-03-19 22:27:53] [Eval] Report @step: 17.00 {
    "test__rsum": 385.48387096774195,
    "test__medr": 4.0,
    "test__meanr": 10.903225806451612,
    "test__n_fold_i2t_recall_1": 20.0,
    "test__n_fold_i2t_recall_5": 100.0,
    "test__n_fold_i2t_recall_10": 100.0,
    "test__n_fold_i2t_rsum": 220.0,
    "test__n_fold_i2t_medr": 2.0,
    "test__n_fold_i2t_meanr": 2.4,
    "test__n_fold_t2i_recall_1": 10.0,
    "test__n_fold_t2i_recall_5": 90.0,
    "test__n_fold_t2i_recall_10": 100.0,
    "test__n_fold_t2i_rsum": 200.0,
    "test__n_fold_t2i_medr": 2.0,
    "test__n_fold_t2i_meanr": 2.7,
    "test__i2t_recall_1": 24.193548387096776,
    "test__i2t_recall_5": 64.51612903225806,
    "test__i2t_recall_10": 90.3225806451613,
    "test__i2t_rsum": 179.03225806451616,
    "test__i2t_medr": 3.0,
    "test__i2t_meanr": 5.274193548387097,
    "test__t2i_recall_1": 58.064516129032256,
    "test__t2i_recall_5": 69.35483870967742,
    "test__t2i_recall_10": 79.03225806451613,
    "test__t2i_rsum": 206.4516129032258,
    "test__t2i_medr": 1.0,
    "test__t2i_meanr": 5.629032258064516,
    "lr": 8.954715367323469e-5,
    "summary": "20.0, 100.0, 100.0, 10.0, 90.0, 100.0, 24.193548387096776, 64.51612903225806, 90.3225806451613, 58.064516129032256, 69.35483870967742, 79.03225806451613"
}
[2026-03-19 22:27:54] Round 18!
[2026-03-19 22:27:54] Global Training!
[2026-03-19 22:27:55] Training Client 1!
[2026-03-19 22:27:56] Epoch: [18] image	Loss 4.0839 (4.0839)	Prec@1 32.812 (32.812)	Prec@5 93.359 (93.359)
[2026-03-19 22:27:56] Start Intra & Inter Contrasting!
[2026-03-19 22:27:56] TEST:  Epoch: [18] image	Prec@1 22.667 (28.399)	Prec@5 94.667 (93.656)
[2026-03-19 22:27:56] Generate Local Representations
[2026-03-19 22:27:56] Training Client 9!
[2026-03-19 22:27:56] Epoch: [18] text	Loss 0.0000 (0.0000)	Prec@1 0.000 (0.000)	Prec@5 0.000 (0.000)
[2026-03-19 22:27:56] Start Intra & Inter Contrasting!
[2026-03-19 22:27:57] TEST:  Epoch: [18] text	Prec@1 0.000 (0.000)	Prec@5 1.613 (1.613)
[2026-03-19 22:27:57] Generate Local Representations
[2026-03-19 22:27:57] Training Client 6!
[2026-03-19 22:27:57] Epoch: [18] text	Loss 3.3919 (3.4148)	Prec@1 30.469 (30.729)	Prec@5 96.094 (96.224)
[2026-03-19 22:27:57] Start Intra & Inter Contrasting!
[2026-03-19 22:27:58] TEST:  Epoch: [18] text	Prec@1 30.667 (32.931)	Prec@5 96.000 (96.375)
[2026-03-19 22:27:58] Generate Local Representations
[2026-03-19 22:27:58] Training Client 0!
[2026-03-19 22:27:59] Epoch: [18] image	Loss 3.4016 (3.3955)	Prec@1 38.281 (40.625)	Prec@5 96.094 (95.833)
[2026-03-19 22:27:59] Start Intra & Inter Contrasting!
[2026-03-19 22:27:59] TEST:  Epoch: [18] image	Prec@1 37.778 (41.196)	Prec@5 95.556 (96.013)
[2026-03-19 22:27:59] Generate Local Representations
[2026-03-19 22:27:59] Training Client 8!
[2026-03-19 22:28:00] Epoch: [18] text	Loss 4.2766 (4.2766)	Prec@1 28.125 (28.125)	Prec@5 89.844 (89.844)
[2026-03-19 22:28:00] Start Intra & Inter Contrasting!
[2026-03-19 22:28:00] TEST:  Epoch: [18] text	Prec@1 20.000 (20.000)	Prec@5 89.714 (89.714)
[2026-03-19 22:28:00] Generate Local Representations
[2026-03-19 22:28:00] Training Client 11!
[2026-03-19 22:28:00] Epoch 18
[2026-03-19 22:28:02] Generate Local Representations
[2026-03-19 22:28:02] Training Client 5!
[2026-03-19 22:28:02] Epoch: [18] text	Loss 3.9420 (3.9420)	Prec@1 44.141 (44.141)	Prec@5 97.656 (97.656)
[2026-03-19 22:28:02] Start Intra & Inter Contrasting!
[2026-03-19 22:28:03] TEST:  Epoch: [18] text	Prec@1 37.778 (41.196)	Prec@5 95.556 (96.013)
[2026-03-19 22:28:03] Generate Local Representations
[2026-03-19 22:28:03] Training Client 10!
[2026-03-19 22:28:03] Epoch 18
[2026-03-19 22:28:05] Generate Local Representations
[2026-03-19 22:28:05] Training Client 4!
[2026-03-19 22:28:05] Epoch: [18] image	Loss 3.5725 (3.5725)	Prec@1 59.766 (59.766)	Prec@5 79.297 (79.297)
[2026-03-19 22:28:05] Start Intra & Inter Contrasting!
[2026-03-19 22:28:05] TEST:  Epoch: [18] image	Prec@1 56.452 (56.452)	Prec@5 74.194 (74.194)
[2026-03-19 22:28:05] Generate Local Representations
[2026-03-19 22:28:06] Training Client 13!
[2026-03-19 22:28:06] Epoch 18
[2026-03-19 22:28:06] Skip local supervised step for client 3: train loader has no full batch
[2026-03-19 22:28:06] Generate Local Representations
[2026-03-19 22:28:06] Training Client 2!
[2026-03-19 22:28:07] Epoch: [18] image	Loss 3.2854 (3.2617)	Prec@1 50.781 (52.604)	Prec@5 100.000 (99.349)
[2026-03-19 22:28:07] Start Intra & Inter Contrasting!
[2026-03-19 22:28:07] TEST:  Epoch: [18] image	Prec@1 60.484 (53.251)	Prec@5 98.387 (98.767)
[2026-03-19 22:28:08] Generate Local Representations
[2026-03-19 22:28:08] Training Client 3!
[2026-03-19 22:28:08] Epoch: [18] image	Loss 3.5831 (3.6268)	Prec@1 31.250 (28.385)	Prec@5 92.969 (92.188)
[2026-03-19 22:28:08] Start Intra & Inter Contrasting!
[2026-03-19 22:28:08] TEST:  Epoch: [18] image	Prec@1 20.000 (20.000)	Prec@5 89.714 (89.714)
[2026-03-19 22:28:09] Generate Local Representations
[2026-03-19 22:28:09] Training Client 7!
[2026-03-19 22:28:10] Epoch: [18] text	Loss 2.7985 (2.9507)	Prec@1 60.938 (53.722)	Prec@5 100.000 (99.150)
[2026-03-19 22:28:10] Start Intra & Inter Contrasting!
[2026-03-19 22:28:11] TEST:  Epoch: [18] text	Prec@1 60.484 (53.251)	Prec@5 98.387 (98.767)
[2026-03-19 22:28:11] Generate Local Representations
[2026-03-19 22:28:12] Training Client 12!
[2026-03-19 22:28:12] Epoch 18
[2026-03-19 22:28:14] Generate Local Representations
[2026-03-19 22:28:14] Training Client 14!
[2026-03-19 22:28:14] Epoch 18
[2026-03-19 22:28:14] Skip local supervised step for client 4: train loader has no full batch
[2026-03-19 22:28:14] Generate Local Representations
[2026-03-19 22:28:16] start distilling
[2026-03-19 22:28:17] TEST:  Epoch: [18] image	Prec@1 37.778 (41.196)	Prec@5 95.556 (96.013)
[2026-03-19 22:28:17] TEST:  Epoch: [18] image	Prec@1 22.667 (28.399)	Prec@5 94.667 (93.656)
[2026-03-19 22:28:17] TEST:  Epoch: [18] image	Prec@1 60.484 (53.251)	Prec@5 98.387 (98.767)
[2026-03-19 22:28:18] TEST:  Epoch: [18] image	Prec@1 20.000 (20.000)	Prec@5 89.714 (89.714)
[2026-03-19 22:28:18] TEST:  Epoch: [18] image	Prec@1 56.452 (56.452)	Prec@5 74.194 (74.194)
[2026-03-19 22:28:18] TEST:  Epoch: [18] text	Prec@1 37.778 (41.196)	Prec@5 95.556 (96.013)
[2026-03-19 22:28:18] TEST:  Epoch: [18] text	Prec@1 30.667 (32.931)	Prec@5 96.000 (96.375)
[2026-03-19 22:28:19] TEST:  Epoch: [18] text	Prec@1 60.484 (53.251)	Prec@5 98.387 (98.767)
[2026-03-19 22:28:19] TEST:  Epoch: [18] text	Prec@1 20.000 (20.000)	Prec@5 89.714 (89.714)
[2026-03-19 22:28:19] TEST:  Epoch: [18] text	Prec@1 0.000 (0.000)	Prec@5 1.613 (1.613)
[2026-03-19 22:28:19] Evaluating test...
[2026-03-19 22:28:38] [Eval] Report @step: 18.00 {
    "test__rsum": 354.8172757475083,
    "test__medr": 5.0,
    "test__meanr": 11.724252491694351,
    "test__n_fold_i2t_recall_1": 30.0,
    "test__n_fold_i2t_recall_5": 70.0,
    "test__n_fold_i2t_recall_10": 100.0,
    "test__n_fold_i2t_rsum": 200.0,
    "test__n_fold_i2t_medr": 2.0,
    "test__n_fold_i2t_meanr": 3.3,
    "test__n_fold_t2i_recall_1": 50.0,
    "test__n_fold_t2i_recall_5": 80.0,
    "test__n_fold_t2i_recall_10": 100.0,
    "test__n_fold_t2i_rsum": 230.0,
    "test__n_fold_t2i_medr": 1.0,
    "test__n_fold_t2i_meanr": 3.2,
    "test__i2t_recall_1": 23.588039867109636,
    "test__i2t_recall_5": 68.43853820598007,
    "test__i2t_recall_10": 86.04651162790698,
    "test__i2t_rsum": 178.07308970099666,
    "test__i2t_medr": 3.0,
    "test__i2t_meanr": 5.813953488372093,
    "test__t2i_recall_1": 26.245847176079735,
    "test__t2i_recall_5": 71.76079734219269,
    "test__t2i_recall_10": 78.7375415282392,
    "test__t2i_rsum": 176.74418604651163,
    "test__t2i_medr": 2.0,
    "test__t2i_meanr": 5.910299003322259,
    "lr": 7.920883091822407e-5,
    "summary": "30.0, 70.0, 100.0, 50.0, 80.0, 100.0, 23.588039867109636, 68.43853820598007, 86.04651162790698, 26.245847176079735, 71.76079734219269, 78.7375415282392"
}
[2026-03-19 22:28:38] Evaluating test...
[2026-03-19 22:28:58] [Eval] Report @step: 18.00 {
    "test__rsum": 384.29003021148037,
    "test__medr": 5.0,
    "test__meanr": 12.172205438066465,
    "test__n_fold_i2t_recall_1": 60.0,
    "test__n_fold_i2t_recall_5": 100.0,
    "test__n_fold_i2t_recall_10": 100.0,
    "test__n_fold_i2t_rsum": 260.0,
    "test__n_fold_i2t_medr": 1.0,
    "test__n_fold_i2t_meanr": 1.6,
    "test__n_fold_t2i_recall_1": 50.0,
    "test__n_fold_t2i_recall_5": 90.0,
    "test__n_fold_t2i_recall_10": 100.0,
    "test__n_fold_t2i_rsum": 240.0,
    "test__n_fold_t2i_medr": 1.0,
    "test__n_fold_t2i_meanr": 2.3,
    "test__i2t_recall_1": 37.46223564954683,
    "test__i2t_recall_5": 77.94561933534743,
    "test__i2t_recall_10": 89.72809667673717,
    "test__i2t_rsum": 205.13595166163142,
    "test__i2t_medr": 2.0,
    "test__i2t_meanr": 7.078549848942598,
    "test__t2i_recall_1": 26.58610271903323,
    "test__t2i_recall_5": 63.74622356495468,
    "test__t2i_recall_10": 88.82175226586102,
    "test__t2i_rsum": 179.15407854984892,
    "test__t2i_medr": 3.0,
    "test__t2i_meanr": 5.093655589123867,
    "lr": 7.920883091822407e-5,
    "summary": "60.0, 100.0, 100.0, 50.0, 90.0, 100.0, 37.46223564954683, 77.94561933534743, 89.72809667673717, 26.58610271903323, 63.74622356495468, 88.82175226586102"
}
[2026-03-19 22:28:58] Evaluating test...
[2026-03-19 22:32:26] [Eval] Report @step: 18.00 {
    "test__rsum": 359.0807174887892,
    "test__medr": 5.0,
    "test__meanr": 17.815022421524663,
    "test__n_fold_i2t_recall_1": 60.0,
    "test__n_fold_i2t_recall_5": 100.0,
    "test__n_fold_i2t_recall_10": 100.0,
    "test__n_fold_i2t_rsum": 260.0,
    "test__n_fold_i2t_medr": 1.0,
    "test__n_fold_i2t_meanr": 1.4,
    "test__n_fold_t2i_recall_1": 80.0,
    "test__n_fold_t2i_recall_5": 100.0,
    "test__n_fold_t2i_recall_10": 100.0,
    "test__n_fold_t2i_rsum": 280.0,
    "test__n_fold_t2i_medr": 1.0,
    "test__n_fold_t2i_meanr": 1.3,
    "test__i2t_recall_1": 24.663677130044842,
    "test__i2t_recall_5": 66.03139013452915,
    "test__i2t_recall_10": 85.65022421524664,
    "test__i2t_rsum": 176.34529147982062,
    "test__i2t_medr": 3.0,
    "test__i2t_meanr": 6.591928251121076,
    "test__t2i_recall_1": 44.05829596412556,
    "test__t2i_recall_5": 65.91928251121077,
    "test__t2i_recall_10": 72.75784753363229,
    "test__t2i_rsum": 182.7354260089686,
    "test__t2i_medr": 2.0,
    "test__t2i_meanr": 11.223094170403588,
    "lr": 7.920883091822407e-5,
    "summary": "60.0, 100.0, 100.0, 80.0, 100.0, 100.0, 24.663677130044842, 66.03139013452915, 85.65022421524664, 44.05829596412556, 65.91928251121077, 72.75784753363229"
}
[2026-03-19 22:32:26] Evaluating test...
[2026-03-19 22:32:31] [Eval] Report @step: 18.00 {
    "test__rsum": 333.1428571428571,
    "test__medr": 8.0,
    "test__meanr": 12.777142857142858,
    "test__n_fold_i2t_recall_1": 60.0,
    "test__n_fold_i2t_recall_5": 100.0,
    "test__n_fold_i2t_recall_10": 100.0,
    "test__n_fold_i2t_rsum": 260.0,
    "test__n_fold_i2t_medr": 1.0,
    "test__n_fold_i2t_meanr": 1.6,
    "test__n_fold_t2i_recall_1": 50.0,
    "test__n_fold_t2i_recall_5": 90.0,
    "test__n_fold_t2i_recall_10": 100.0,
    "test__n_fold_t2i_rsum": 240.0,
    "test__n_fold_t2i_medr": 1.0,
    "test__n_fold_t2i_meanr": 3.1,
    "test__i2t_recall_1": 19.428571428571427,
    "test__i2t_recall_5": 64.0,
    "test__i2t_recall_10": 79.42857142857143,
    "test__i2t_rsum": 162.85714285714286,
    "test__i2t_medr": 4.0,
    "test__i2t_meanr": 7.011428571428572,
    "test__t2i_recall_1": 23.428571428571427,
    "test__t2i_recall_5": 64.57142857142857,
    "test__t2i_recall_10": 82.28571428571429,
    "test__t2i_rsum": 170.28571428571428,
    "test__t2i_medr": 4.0,
    "test__t2i_meanr": 5.765714285714286,
    "lr": 7.920883091822407e-5,
    "summary": "60.0, 100.0, 100.0, 50.0, 90.0, 100.0, 19.428571428571427, 64.0, 79.42857142857143, 23.428571428571427, 64.57142857142857, 82.28571428571429"
}
[2026-03-19 22:32:31] Evaluating test...
[2026-03-19 22:32:32] [Eval] Report @step: 18.00 {
    "test__rsum": 432.258064516129,
    "test__medr": 3.0,
    "test__meanr": 9.225806451612904,
    "test__n_fold_i2t_recall_1": 40.0,
    "test__n_fold_i2t_recall_5": 100.0,
    "test__n_fold_i2t_recall_10": 100.0,
    "test__n_fold_i2t_rsum": 240.0,
    "test__n_fold_i2t_medr": 2.0,
    "test__n_fold_i2t_meanr": 1.9,
    "test__n_fold_t2i_recall_1": 50.0,
    "test__n_fold_t2i_recall_5": 90.0,
    "test__n_fold_t2i_recall_10": 100.0,
    "test__n_fold_t2i_rsum": 240.0,
    "test__n_fold_t2i_medr": 1.0,
    "test__n_fold_t2i_meanr": 2.3,
    "test__i2t_recall_1": 33.87096774193548,
    "test__i2t_recall_5": 77.41935483870968,
    "test__i2t_recall_10": 88.70967741935483,
    "test__i2t_rsum": 200.0,
    "test__i2t_medr": 2.0,
    "test__i2t_meanr": 4.870967741935484,
    "test__t2i_recall_1": 59.67741935483871,
    "test__t2i_recall_5": 82.25806451612904,
    "test__t2i_recall_10": 90.3225806451613,
    "test__t2i_rsum": 232.25806451612902,
    "test__t2i_medr": 1.0,
    "test__t2i_meanr": 4.35483870967742,
    "lr": 7.920883091822407e-5,
    "summary": "40.0, 100.0, 100.0, 50.0, 90.0, 100.0, 33.87096774193548, 77.41935483870968, 88.70967741935483, 59.67741935483871, 82.25806451612904, 90.3225806451613"
}
[2026-03-19 22:32:32] Round 19!
[2026-03-19 22:32:32] Global Training!
[2026-03-19 22:32:34] Training Client 14!
[2026-03-19 22:32:34] Epoch 19
[2026-03-19 22:32:34] Skip local supervised step for client 4: train loader has no full batch
[2026-03-19 22:32:35] Generate Local Representations
[2026-03-19 22:32:35] Training Client 11!
[2026-03-19 22:32:35] Epoch 19
[2026-03-19 22:32:37] Generate Local Representations
[2026-03-19 22:32:37] Training Client 8!
[2026-03-19 22:32:37] Epoch: [19] text	Loss 4.3126 (4.3126)	Prec@1 25.391 (25.391)	Prec@5 87.109 (87.109)
[2026-03-19 22:32:37] Start Intra & Inter Contrasting!
[2026-03-19 22:32:37] TEST:  Epoch: [19] text	Prec@1 20.000 (20.000)	Prec@5 89.714 (89.714)
[2026-03-19 22:32:37] Generate Local Representations
[2026-03-19 22:32:37] Training Client 1!
[2026-03-19 22:32:38] Epoch: [19] image	Loss 4.0954 (4.0954)	Prec@1 30.078 (30.078)	Prec@5 92.969 (92.969)
[2026-03-19 22:32:38] Start Intra & Inter Contrasting!
[2026-03-19 22:32:38] TEST:  Epoch: [19] image	Prec@1 25.333 (30.514)	Prec@5 94.667 (93.656)
[2026-03-19 22:32:38] Generate Local Representations
[2026-03-19 22:32:38] Training Client 7!
[2026-03-19 22:32:40] Epoch: [19] text	Loss 2.9998 (2.9543)	Prec@1 50.391 (53.562)	Prec@5 99.219 (99.081)
[2026-03-19 22:32:40] Start Intra & Inter Contrasting!
[2026-03-19 22:32:41] TEST:  Epoch: [19] text	Prec@1 60.484 (53.251)	Prec@5 98.387 (98.767)
[2026-03-19 22:32:41] Generate Local Representations
[2026-03-19 22:32:41] Training Client 4!
[2026-03-19 22:32:41] Epoch: [19] image	Loss 3.5119 (3.5119)	Prec@1 62.109 (62.109)	Prec@5 80.078 (80.078)
[2026-03-19 22:32:41] Start Intra & Inter Contrasting!
[2026-03-19 22:32:41] TEST:  Epoch: [19] image	Prec@1 56.452 (56.452)	Prec@5 74.194 (74.194)
[2026-03-19 22:32:42] Generate Local Representations
[2026-03-19 22:32:42] Training Client 2!
[2026-03-19 22:32:42] Epoch: [19] image	Loss 3.2209 (3.2737)	Prec@1 53.516 (51.172)	Prec@5 98.828 (98.828)
[2026-03-19 22:32:42] Start Intra & Inter Contrasting!
[2026-03-19 22:32:43] TEST:  Epoch: [19] image	Prec@1 60.484 (53.251)	Prec@5 98.387 (98.767)
[2026-03-19 22:32:43] Generate Local Representations
[2026-03-19 22:32:43] Training Client 5!
[2026-03-19 22:32:43] Epoch: [19] text	Loss 3.9667 (3.9667)	Prec@1 42.969 (42.969)	Prec@5 96.484 (96.484)
[2026-03-19 22:32:43] Start Intra & Inter Contrasting!
[2026-03-19 22:32:44] TEST:  Epoch: [19] text	Prec@1 37.778 (41.196)	Prec@5 95.556 (96.013)
[2026-03-19 22:32:44] Generate Local Representations
[2026-03-19 22:32:44] Training Client 6!
[2026-03-19 22:32:44] Epoch: [19] text	Loss 3.3840 (3.3927)	Prec@1 31.641 (31.380)	Prec@5 96.094 (96.354)
[2026-03-19 22:32:44] Start Intra & Inter Contrasting!
[2026-03-19 22:32:45] TEST:  Epoch: [19] text	Prec@1 30.667 (32.931)	Prec@5 96.000 (96.375)
[2026-03-19 22:32:45] Generate Local Representations
[2026-03-19 22:32:45] Training Client 13!
[2026-03-19 22:32:45] Epoch 19
[2026-03-19 22:32:45] Skip local supervised step for client 3: train loader has no full batch
[2026-03-19 22:32:46] Generate Local Representations
[2026-03-19 22:32:46] Training Client 9!
[2026-03-19 22:32:46] Epoch: [19] text	Loss 0.0000 (0.0000)	Prec@1 0.000 (0.000)	Prec@5 0.000 (0.000)
[2026-03-19 22:32:46] Start Intra & Inter Contrasting!
[2026-03-19 22:32:46] TEST:  Epoch: [19] text	Prec@1 0.000 (0.000)	Prec@5 1.613 (1.613)
[2026-03-19 22:32:46] Generate Local Representations
[2026-03-19 22:32:47] Training Client 3!
[2026-03-19 22:32:47] Epoch: [19] image	Loss 3.6398 (3.6251)	Prec@1 26.562 (28.516)	Prec@5 92.188 (92.188)
[2026-03-19 22:32:47] Start Intra & Inter Contrasting!
[2026-03-19 22:32:47] TEST:  Epoch: [19] image	Prec@1 20.000 (20.000)	Prec@5 89.714 (89.714)
[2026-03-19 22:32:47] Generate Local Representations
[2026-03-19 22:32:48] Training Client 0!
[2026-03-19 22:32:48] Epoch: [19] image	Loss 3.3896 (3.3300)	Prec@1 40.234 (42.578)	Prec@5 96.094 (96.354)
[2026-03-19 22:32:48] Start Intra & Inter Contrasting!
[2026-03-19 22:32:48] TEST:  Epoch: [19] image	Prec@1 37.778 (41.196)	Prec@5 95.556 (96.013)
[2026-03-19 22:32:49] Generate Local Representations
[2026-03-19 22:32:49] Training Client 10!
[2026-03-19 22:32:49] Epoch 19
[2026-03-19 22:32:50] Generate Local Representations
[2026-03-19 22:32:51] Training Client 12!
[2026-03-19 22:32:51] Epoch 19
[2026-03-19 22:32:53] Generate Local Representations
[2026-03-19 22:32:55] start distilling
[2026-03-19 22:32:56] TEST:  Epoch: [19] image	Prec@1 37.778 (41.196)	Prec@5 95.556 (96.013)
[2026-03-19 22:32:56] TEST:  Epoch: [19] image	Prec@1 25.333 (30.514)	Prec@5 94.667 (93.656)
[2026-03-19 22:32:56] TEST:  Epoch: [19] image	Prec@1 60.484 (53.251)	Prec@5 98.387 (98.767)
[2026-03-19 22:32:56] TEST:  Epoch: [19] image	Prec@1 20.000 (20.000)	Prec@5 89.714 (89.714)
[2026-03-19 22:32:57] TEST:  Epoch: [19] image	Prec@1 56.452 (56.452)	Prec@5 74.194 (74.194)
[2026-03-19 22:32:57] TEST:  Epoch: [19] text	Prec@1 37.778 (41.196)	Prec@5 95.556 (96.013)
[2026-03-19 22:32:57] TEST:  Epoch: [19] text	Prec@1 30.667 (32.931)	Prec@5 96.000 (96.375)
[2026-03-19 22:32:57] TEST:  Epoch: [19] text	Prec@1 60.484 (53.251)	Prec@5 98.387 (98.767)
[2026-03-19 22:32:58] TEST:  Epoch: [19] text	Prec@1 20.000 (20.000)	Prec@5 89.714 (89.714)
[2026-03-19 22:32:58] TEST:  Epoch: [19] text	Prec@1 0.000 (0.000)	Prec@5 1.613 (1.613)
[2026-03-19 22:32:58] Evaluating test...
[2026-03-19 22:33:17] [Eval] Report @step: 19.00 {
    "test__rsum": 342.1926910299003,
    "test__medr": 7.0,
    "test__meanr": 12.179401993355482,
    "test__n_fold_i2t_recall_1": 20.0,
    "test__n_fold_i2t_recall_5": 70.0,
    "test__n_fold_i2t_recall_10": 100.0,
    "test__n_fold_i2t_rsum": 190.0,
    "test__n_fold_i2t_medr": 2.0,
    "test__n_fold_i2t_meanr": 3.3,
    "test__n_fold_t2i_recall_1": 30.0,
    "test__n_fold_t2i_recall_5": 70.0,
    "test__n_fold_t2i_recall_10": 100.0,
    "test__n_fold_t2i_rsum": 200.0,
    "test__n_fold_t2i_medr": 2.0,
    "test__n_fold_t2i_meanr": 3.3,
    "test__i2t_recall_1": 27.574750830564785,
    "test__i2t_recall_5": 64.11960132890366,
    "test__i2t_recall_10": 84.38538205980066,
    "test__i2t_rsum": 176.07973421926908,
    "test__i2t_medr": 4.0,
    "test__i2t_meanr": 5.73421926910299,
    "test__t2i_recall_1": 25.91362126245847,
    "test__t2i_recall_5": 63.45514950166113,
    "test__t2i_recall_10": 76.74418604651163,
    "test__t2i_rsum": 166.11295681063123,
    "test__t2i_medr": 3.0,
    "test__t2i_meanr": 6.445182724252492,
    "lr": 6.909830056250527e-5,
    "summary": "20.0, 70.0, 100.0, 30.0, 70.0, 100.0, 27.574750830564785, 64.11960132890366, 84.38538205980066, 25.91362126245847, 63.45514950166113, 76.74418604651163"
}
[2026-03-19 22:33:17] Evaluating test...
[2026-03-19 22:33:33] [Eval] Report @step: 19.00 {
    "test__rsum": 375.8308157099698,
    "test__medr": 6.0,
    "test__meanr": 12.676737160120846,
    "test__n_fold_i2t_recall_1": 60.0,
    "test__n_fold_i2t_recall_5": 100.0,
    "test__n_fold_i2t_recall_10": 100.0,
    "test__n_fold_i2t_rsum": 260.0,
    "test__n_fold_i2t_medr": 1.0,
    "test__n_fold_i2t_meanr": 1.9,
    "test__n_fold_t2i_recall_1": 40.0,
    "test__n_fold_t2i_recall_5": 90.0,
    "test__n_fold_t2i_recall_10": 100.0,
    "test__n_fold_t2i_rsum": 230.0,
    "test__n_fold_t2i_medr": 2.0,
    "test__n_fold_t2i_meanr": 2.3,
    "test__i2t_recall_1": 33.8368580060423,
    "test__i2t_recall_5": 72.20543806646526,
    "test__i2t_recall_10": 85.49848942598187,
    "test__i2t_rsum": 191.5407854984894,
    "test__i2t_medr": 2.0,
    "test__i2t_meanr": 8.054380664652568,
    "test__t2i_recall_1": 16.012084592145015,
    "test__t2i_recall_5": 72.809667673716,
    "test__t2i_recall_10": 95.46827794561933,
    "test__t2i_rsum": 184.29003021148037,
    "test__t2i_medr": 4.0,
    "test__t2i_meanr": 4.622356495468278,
    "lr": 6.909830056250527e-5,
    "summary": "60.0, 100.0, 100.0, 40.0, 90.0, 100.0, 33.8368580060423, 72.20543806646526, 85.49848942598187, 16.012084592145015, 72.809667673716, 95.46827794561933"
}
[2026-03-19 22:33:33] Evaluating test...
[2026-03-19 22:37:04] [Eval] Report @step: 19.00 {
    "test__rsum": 367.82511210762334,
    "test__medr": 4.0,
    "test__meanr": 18.714125560538115,
    "test__n_fold_i2t_recall_1": 80.0,
    "test__n_fold_i2t_recall_5": 100.0,
    "test__n_fold_i2t_recall_10": 100.0,
    "test__n_fold_i2t_rsum": 280.0,
    "test__n_fold_i2t_medr": 1.0,
    "test__n_fold_i2t_meanr": 1.5,
    "test__n_fold_t2i_recall_1": 80.0,
    "test__n_fold_t2i_recall_5": 100.0,
    "test__n_fold_t2i_recall_10": 100.0,
    "test__n_fold_t2i_rsum": 280.0,
    "test__n_fold_t2i_medr": 1.0,
    "test__n_fold_t2i_meanr": 1.2,
    "test__i2t_recall_1": 26.00896860986547,
    "test__i2t_recall_5": 68.94618834080717,
    "test__i2t_recall_10": 83.5201793721973,
    "test__i2t_rsum": 178.47533632286994,
    "test__i2t_medr": 3.0,
    "test__i2t_meanr": 7.13677130044843,
    "test__t2i_recall_1": 51.681614349775785,
    "test__t2i_recall_5": 63.56502242152467,
    "test__t2i_recall_10": 74.10313901345292,
    "test__t2i_rsum": 189.34977578475338,
    "test__t2i_medr": 1.0,
    "test__t2i_meanr": 11.577354260089686,
    "lr": 6.909830056250527e-5,
    "summary": "80.0, 100.0, 100.0, 80.0, 100.0, 100.0, 26.00896860986547, 68.94618834080717, 83.5201793721973, 51.681614349775785, 63.56502242152467, 74.10313901345292"
}
[2026-03-19 22:37:04] Evaluating test...
[2026-03-19 22:37:09] [Eval] Report @step: 19.00 {
    "test__rsum": 329.7142857142857,
    "test__medr": 7.0,
    "test__meanr": 13.52,
    "test__n_fold_i2t_recall_1": 60.0,
    "test__n_fold_i2t_recall_5": 100.0,
    "test__n_fold_i2t_recall_10": 100.0,
    "test__n_fold_i2t_rsum": 260.0,
    "test__n_fold_i2t_medr": 1.0,
    "test__n_fold_i2t_meanr": 1.5,
    "test__n_fold_t2i_recall_1": 40.0,
    "test__n_fold_t2i_recall_5": 80.0,
    "test__n_fold_t2i_recall_10": 100.0,
    "test__n_fold_t2i_rsum": 220.0,
    "test__n_fold_t2i_medr": 2.0,
    "test__n_fold_t2i_meanr": 3.4,
    "test__i2t_recall_1": 17.714285714285715,
    "test__i2t_recall_5": 61.714285714285715,
    "test__i2t_recall_10": 80.57142857142857,
    "test__i2t_rsum": 160.0,
    "test__i2t_medr": 4.0,
    "test__i2t_meanr": 7.422857142857143,
    "test__t2i_recall_1": 20.0,
    "test__t2i_recall_5": 66.85714285714286,
    "test__t2i_recall_10": 82.85714285714286,
    "test__t2i_rsum": 169.71428571428572,
    "test__t2i_medr": 3.0,
    "test__t2i_meanr": 6.097142857142857,
    "lr": 6.909830056250527e-5,
    "summary": "60.0, 100.0, 100.0, 40.0, 80.0, 100.0, 17.714285714285715, 61.714285714285715, 80.57142857142857, 20.0, 66.85714285714286, 82.85714285714286"
}
[2026-03-19 22:37:09] Evaluating test...
[2026-03-19 22:37:10] [Eval] Report @step: 19.00 {
    "test__rsum": 391.93548387096774,
    "test__medr": 4.0,
    "test__meanr": 10.14516129032258,
    "test__n_fold_i2t_recall_1": 20.0,
    "test__n_fold_i2t_recall_5": 100.0,
    "test__n_fold_i2t_recall_10": 100.0,
    "test__n_fold_i2t_rsum": 220.0,
    "test__n_fold_i2t_medr": 3.0,
    "test__n_fold_i2t_meanr": 2.4,
    "test__n_fold_t2i_recall_1": 40.0,
    "test__n_fold_t2i_recall_5": 90.0,
    "test__n_fold_t2i_recall_10": 100.0,
    "test__n_fold_t2i_rsum": 230.0,
    "test__n_fold_t2i_medr": 2.0,
    "test__n_fold_t2i_meanr": 2.3,
    "test__i2t_recall_1": 22.580645161290324,
    "test__i2t_recall_5": 66.12903225806451,
    "test__i2t_recall_10": 83.87096774193549,
    "test__i2t_rsum": 172.5806451612903,
    "test__i2t_medr": 3.0,
    "test__i2t_meanr": 5.387096774193548,
    "test__t2i_recall_1": 58.064516129032256,
    "test__t2i_recall_5": 75.80645161290323,
    "test__t2i_recall_10": 85.48387096774194,
    "test__t2i_rsum": 219.35483870967744,
    "test__t2i_medr": 1.0,
    "test__t2i_meanr": 4.758064516129032,
    "lr": 6.909830056250527e-5,
    "summary": "20.0, 100.0, 100.0, 40.0, 90.0, 100.0, 22.580645161290324, 66.12903225806451, 83.87096774193549, 58.064516129032256, 75.80645161290323, 85.48387096774194"
}
[2026-03-19 22:37:10] Round 20!
[2026-03-19 22:37:10] Global Training!
[2026-03-19 22:37:12] Training Client 4!
[2026-03-19 22:37:12] Epoch: [20] image	Loss 3.5625 (3.5625)	Prec@1 59.766 (59.766)	Prec@5 80.078 (80.078)
[2026-03-19 22:37:12] Start Intra & Inter Contrasting!
[2026-03-19 22:37:12] TEST:  Epoch: [20] image	Prec@1 56.452 (56.452)	Prec@5 74.194 (74.194)
[2026-03-19 22:37:13] Generate Local Representations
[2026-03-19 22:37:13] Training Client 2!
[2026-03-19 22:37:13] Epoch: [20] image	Loss 3.2223 (3.2528)	Prec@1 57.031 (54.427)	Prec@5 98.828 (98.958)
[2026-03-19 22:37:13] Start Intra & Inter Contrasting!
[2026-03-19 22:37:14] TEST:  Epoch: [20] image	Prec@1 60.484 (53.251)	Prec@5 98.387 (98.767)
[2026-03-19 22:37:14] Generate Local Representations
[2026-03-19 22:37:14] Training Client 12!
[2026-03-19 22:37:14] Epoch 20
[2026-03-19 22:37:16] Generate Local Representations
[2026-03-19 22:37:16] Training Client 0!
[2026-03-19 22:37:16] Epoch: [20] image	Loss 3.4646 (3.3829)	Prec@1 40.625 (40.234)	Prec@5 95.312 (96.224)
[2026-03-19 22:37:16] Start Intra & Inter Contrasting!
[2026-03-19 22:37:17] TEST:  Epoch: [20] image	Prec@1 37.778 (41.196)	Prec@5 95.556 (96.013)
[2026-03-19 22:37:17] Generate Local Representations
[2026-03-19 22:37:17] Training Client 9!
[2026-03-19 22:37:17] Epoch: [20] text	Loss 0.0000 (0.0000)	Prec@1 0.000 (0.000)	Prec@5 0.000 (0.000)
[2026-03-19 22:37:17] Start Intra & Inter Contrasting!
[2026-03-19 22:37:17] TEST:  Epoch: [20] text	Prec@1 0.000 (0.000)	Prec@5 1.613 (1.613)
[2026-03-19 22:37:18] Generate Local Representations
[2026-03-19 22:37:18] Training Client 1!
[2026-03-19 22:37:18] Epoch: [20] image	Loss 4.0761 (4.0761)	Prec@1 32.812 (32.812)	Prec@5 94.141 (94.141)
[2026-03-19 22:37:18] Start Intra & Inter Contrasting!
[2026-03-19 22:37:18] TEST:  Epoch: [20] image	Prec@1 28.000 (31.420)	Prec@5 94.667 (93.656)
[2026-03-19 22:37:19] Generate Local Representations
[2026-03-19 22:37:19] Training Client 3!
[2026-03-19 22:37:19] Epoch: [20] image	Loss 3.5736 (3.6254)	Prec@1 32.031 (28.255)	Prec@5 93.359 (92.318)
[2026-03-19 22:37:19] Start Intra & Inter Contrasting!
[2026-03-19 22:37:19] TEST:  Epoch: [20] image	Prec@1 20.000 (20.000)	Prec@5 89.714 (89.714)
[2026-03-19 22:37:20] Generate Local Representations
[2026-03-19 22:37:20] Training Client 10!
[2026-03-19 22:37:20] Epoch 20
[2026-03-19 22:37:21] Generate Local Representations
[2026-03-19 22:37:21] Training Client 7!
[2026-03-19 22:37:23] Epoch: [20] text	Loss 2.9435 (2.9464)	Prec@1 52.734 (53.791)	Prec@5 99.609 (99.127)
[2026-03-19 22:37:23] Start Intra & Inter Contrasting!
[2026-03-19 22:37:23] TEST:  Epoch: [20] text	Prec@1 60.484 (53.251)	Prec@5 98.387 (98.767)
[2026-03-19 22:37:24] Generate Local Representations
[2026-03-19 22:37:24] Training Client 6!
[2026-03-19 22:37:24] Epoch: [20] text	Loss 3.3523 (3.3947)	Prec@1 34.766 (30.990)	Prec@5 96.875 (96.224)
[2026-03-19 22:37:24] Start Intra & Inter Contrasting!
[2026-03-19 22:37:25] TEST:  Epoch: [20] text	Prec@1 30.667 (32.931)	Prec@5 96.000 (96.375)
[2026-03-19 22:37:25] Generate Local Representations
[2026-03-19 22:37:25] Training Client 14!
[2026-03-19 22:37:25] Epoch 20
[2026-03-19 22:37:25] Skip local supervised step for client 4: train loader has no full batch
[2026-03-19 22:37:26] Generate Local Representations
[2026-03-19 22:37:26] Training Client 5!
[2026-03-19 22:37:26] Epoch: [20] text	Loss 3.9798 (3.9798)	Prec@1 42.578 (42.578)	Prec@5 96.875 (96.875)
[2026-03-19 22:37:26] Start Intra & Inter Contrasting!
[2026-03-19 22:37:26] TEST:  Epoch: [20] text	Prec@1 37.778 (41.196)	Prec@5 95.556 (96.013)
[2026-03-19 22:37:27] Generate Local Representations
[2026-03-19 22:37:27] Training Client 8!
[2026-03-19 22:37:27] Epoch: [20] text	Loss 4.2532 (4.2532)	Prec@1 30.469 (30.469)	Prec@5 90.234 (90.234)
[2026-03-19 22:37:27] Start Intra & Inter Contrasting!
[2026-03-19 22:37:27] TEST:  Epoch: [20] text	Prec@1 20.000 (20.000)	Prec@5 89.714 (89.714)
[2026-03-19 22:37:27] Generate Local Representations
[2026-03-19 22:37:27] Training Client 13!
[2026-03-19 22:37:27] Epoch 20
[2026-03-19 22:37:27] Skip local supervised step for client 3: train loader has no full batch
[2026-03-19 22:37:28] Generate Local Representations
[2026-03-19 22:37:28] Training Client 11!
[2026-03-19 22:37:28] Epoch 20
[2026-03-19 22:37:30] Generate Local Representations
[2026-03-19 22:37:32] start distilling
[2026-03-19 22:37:32] TEST:  Epoch: [20] image	Prec@1 37.778 (41.196)	Prec@5 95.556 (96.013)
[2026-03-19 22:37:32] TEST:  Epoch: [20] image	Prec@1 28.000 (31.420)	Prec@5 94.667 (93.656)
[2026-03-19 22:37:33] TEST:  Epoch: [20] image	Prec@1 60.484 (53.251)	Prec@5 98.387 (98.767)
[2026-03-19 22:37:33] TEST:  Epoch: [20] image	Prec@1 20.000 (20.000)	Prec@5 89.714 (89.714)
[2026-03-19 22:37:33] TEST:  Epoch: [20] image	Prec@1 56.452 (56.452)	Prec@5 74.194 (74.194)
[2026-03-19 22:37:33] TEST:  Epoch: [20] text	Prec@1 37.778 (41.196)	Prec@5 95.556 (96.013)
[2026-03-19 22:37:34] TEST:  Epoch: [20] text	Prec@1 30.667 (32.931)	Prec@5 96.000 (96.375)
[2026-03-19 22:37:34] TEST:  Epoch: [20] text	Prec@1 60.484 (53.251)	Prec@5 98.387 (98.767)
[2026-03-19 22:37:34] TEST:  Epoch: [20] text	Prec@1 20.000 (20.000)	Prec@5 89.714 (89.714)
[2026-03-19 22:37:34] TEST:  Epoch: [20] text	Prec@1 0.000 (0.000)	Prec@5 1.613 (1.613)
[2026-03-19 22:37:34] Evaluating test...
[2026-03-19 22:37:51] [Eval] Report @step: 20.00 {
    "test__rsum": 355.1495016611296,
    "test__medr": 6.0,
    "test__meanr": 12.604651162790699,
    "test__n_fold_i2t_recall_1": 30.0,
    "test__n_fold_i2t_recall_5": 70.0,
    "test__n_fold_i2t_recall_10": 100.0,
    "test__n_fold_i2t_rsum": 200.0,
    "test__n_fold_i2t_medr": 2.0,
    "test__n_fold_i2t_meanr": 3.5,
    "test__n_fold_t2i_recall_1": 30.0,
    "test__n_fold_t2i_recall_5": 70.0,
    "test__n_fold_t2i_recall_10": 100.0,
    "test__n_fold_t2i_rsum": 200.0,
    "test__n_fold_t2i_medr": 2.0,
    "test__n_fold_t2i_meanr": 3.4,
    "test__i2t_recall_1": 28.571428571428573,
    "test__i2t_recall_5": 70.7641196013289,
    "test__i2t_recall_10": 85.38205980066445,
    "test__i2t_rsum": 184.71760797342193,
    "test__i2t_medr": 3.0,
    "test__i2t_meanr": 6.132890365448505,
    "test__t2i_recall_1": 26.578073089700997,
    "test__t2i_recall_5": 65.11627906976744,
    "test__t2i_recall_10": 78.7375415282392,
    "test__t2i_rsum": 170.43189368770766,
    "test__t2i_medr": 3.0,
    "test__t2i_meanr": 6.471760797342193,
    "lr": 5.932633569242e-5,
    "summary": "30.0, 70.0, 100.0, 30.0, 70.0, 100.0, 28.571428571428573, 70.7641196013289, 85.38205980066445, 26.578073089700997, 65.11627906976744, 78.7375415282392"
}
[2026-03-19 22:37:51] Evaluating test...
[2026-03-19 22:38:06] [Eval] Report @step: 20.00 {
    "test__rsum": 383.6858006042296,
    "test__medr": 6.0,
    "test__meanr": 12.758308157099698,
    "test__n_fold_i2t_recall_1": 70.0,
    "test__n_fold_i2t_recall_5": 100.0,
    "test__n_fold_i2t_recall_10": 100.0,
    "test__n_fold_i2t_rsum": 270.0,
    "test__n_fold_i2t_medr": 1.0,
    "test__n_fold_i2t_meanr": 1.5,
    "test__n_fold_t2i_recall_1": 50.0,
    "test__n_fold_t2i_recall_5": 90.0,
    "test__n_fold_t2i_recall_10": 100.0,
    "test__n_fold_t2i_rsum": 240.0,
    "test__n_fold_t2i_medr": 1.0,
    "test__n_fold_t2i_meanr": 2.3,
    "test__i2t_recall_1": 36.5558912386707,
    "test__i2t_recall_5": 77.34138972809667,
    "test__i2t_recall_10": 90.93655589123867,
    "test__i2t_rsum": 204.83383685800604,
    "test__i2t_medr": 2.0,
    "test__i2t_meanr": 7.3685800604229605,
    "test__t2i_recall_1": 29.60725075528701,
    "test__t2i_recall_5": 58.30815709969789,
    "test__t2i_recall_10": 90.93655589123867,
    "test__t2i_rsum": 178.85196374622356,
    "test__t2i_medr": 4.0,
    "test__t2i_meanr": 5.389728096676738,
    "lr": 5.932633569242e-5,
    "summary": "70.0, 100.0, 100.0, 50.0, 90.0, 100.0, 36.5558912386707, 77.34138972809667, 90.93655589123867, 29.60725075528701, 58.30815709969789, 90.93655589123867"
}
[2026-03-19 22:38:06] Evaluating test...
[2026-03-19 22:40:29] [Eval] Report @step: 20.00 {
    "test__rsum": 368.609865470852,
    "test__medr": 5.0,
    "test__meanr": 14.380044843049326,
    "test__n_fold_i2t_recall_1": 80.0,
    "test__n_fold_i2t_recall_5": 100.0,
    "test__n_fold_i2t_recall_10": 100.0,
    "test__n_fold_i2t_rsum": 280.0,
    "test__n_fold_i2t_medr": 1.0,
    "test__n_fold_i2t_meanr": 1.2,
    "test__n_fold_t2i_recall_1": 80.0,
    "test__n_fold_t2i_recall_5": 100.0,
    "test__n_fold_t2i_recall_10": 100.0,
    "test__n_fold_t2i_rsum": 280.0,
    "test__n_fold_t2i_medr": 1.0,
    "test__n_fold_t2i_meanr": 1.2,
    "test__i2t_recall_1": 26.233183856502244,
    "test__i2t_recall_5": 68.27354260089686,
    "test__i2t_recall_10": 87.5560538116592,
    "test__i2t_rsum": 182.0627802690583,
    "test__i2t_medr": 3.0,
    "test__i2t_meanr": 6.294843049327354,
    "test__t2i_recall_1": 49.10313901345292,
    "test__t2i_recall_5": 61.65919282511211,
    "test__t2i_recall_10": 75.7847533632287,
    "test__t2i_rsum": 186.54708520179372,
    "test__t2i_medr": 2.0,
    "test__t2i_meanr": 8.085201793721973,
    "lr": 5.932633569242e-5,
    "summary": "80.0, 100.0, 100.0, 80.0, 100.0, 100.0, 26.233183856502244, 68.27354260089686, 87.5560538116592, 49.10313901345292, 61.65919282511211, 75.7847533632287"
}
[2026-03-19 22:40:29] Evaluating test...
[2026-03-19 22:40:33] [Eval] Report @step: 20.00 {
    "test__rsum": 349.7142857142857,
    "test__medr": 7.0,
    "test__meanr": 12.017142857142858,
    "test__n_fold_i2t_recall_1": 50.0,
    "test__n_fold_i2t_recall_5": 100.0,
    "test__n_fold_i2t_recall_10": 100.0,
    "test__n_fold_i2t_rsum": 250.0,
    "test__n_fold_i2t_medr": 1.0,
    "test__n_fold_i2t_meanr": 1.6,
    "test__n_fold_t2i_recall_1": 60.0,
    "test__n_fold_t2i_recall_5": 80.0,
    "test__n_fold_t2i_recall_10": 100.0,
    "test__n_fold_t2i_rsum": 240.0,
    "test__n_fold_t2i_medr": 1.0,
    "test__n_fold_t2i_meanr": 3.2,
    "test__i2t_recall_1": 17.714285714285715,
    "test__i2t_recall_5": 63.42857142857143,
    "test__i2t_recall_10": 81.14285714285714,
    "test__i2t_rsum": 162.28571428571428,
    "test__i2t_medr": 4.0,
    "test__i2t_meanr": 7.04,
    "test__t2i_recall_1": 28.0,
    "test__t2i_recall_5": 70.28571428571429,
    "test__t2i_recall_10": 89.14285714285714,
    "test__t2i_rsum": 187.42857142857144,
    "test__t2i_medr": 3.0,
    "test__t2i_meanr": 4.977142857142857,
    "lr": 5.932633569242e-5,
    "summary": "50.0, 100.0, 100.0, 60.0, 80.0, 100.0, 17.714285714285715, 63.42857142857143, 81.14285714285714, 28.0, 70.28571428571429, 89.14285714285714"
}
[2026-03-19 22:40:33] Evaluating test...
[2026-03-19 22:40:33] [Eval] Report @step: 20.00 {
    "test__rsum": 422.5806451612903,
    "test__medr": 4.0,
    "test__meanr": 9.85483870967742,
    "test__n_fold_i2t_recall_1": 50.0,
    "test__n_fold_i2t_recall_5": 100.0,
    "test__n_fold_i2t_recall_10": 100.0,
    "test__n_fold_i2t_rsum": 250.0,
    "test__n_fold_i2t_medr": 1.0,
    "test__n_fold_i2t_meanr": 1.7,
    "test__n_fold_t2i_recall_1": 50.0,
    "test__n_fold_t2i_recall_5": 90.0,
    "test__n_fold_t2i_recall_10": 100.0,
    "test__n_fold_t2i_rsum": 240.0,
    "test__n_fold_t2i_medr": 1.0,
    "test__n_fold_t2i_meanr": 2.2,
    "test__i2t_recall_1": 29.032258064516128,
    "test__i2t_recall_5": 79.03225806451613,
    "test__i2t_recall_10": 90.3225806451613,
    "test__i2t_rsum": 198.38709677419354,
    "test__i2t_medr": 3.0,
    "test__i2t_meanr": 4.967741935483871,
    "test__t2i_recall_1": 61.29032258064516,
    "test__t2i_recall_5": 77.41935483870968,
    "test__t2i_recall_10": 85.48387096774194,
    "test__t2i_rsum": 224.19354838709677,
    "test__t2i_medr": 1.0,
    "test__t2i_meanr": 4.887096774193548,
    "lr": 5.932633569242e-5,
    "summary": "50.0, 100.0, 100.0, 50.0, 90.0, 100.0, 29.032258064516128, 79.03225806451613, 90.3225806451613, 61.29032258064516, 77.41935483870968, 85.48387096774194"
}
