[2026-03-19 10:47:03] start creating model and partition datasets
[2026-03-19 10:47:03] Setting model 0
[2026-03-19 10:47:03] Setting model 1
[2026-03-19 10:47:03] Setting model 2
[2026-03-19 10:47:03] Setting model 3
[2026-03-19 10:47:03] Setting model 4
[2026-03-19 10:47:03] Setting model 0
[2026-03-19 10:47:03] Setting model 1
[2026-03-19 10:47:03] Setting model 2
[2026-03-19 10:47:04] Setting model 3
[2026-03-19 10:47:04] Setting model 4
[2026-03-19 10:47:05] Engine is created.
[2026-03-19 10:47:05] Munch({'dataloader': Munch({'batch_size': 256, 'eval_batch_size': 256, 'num_workers': 0, 'alpha': 0.1, 'partition': 'hetero'}), 'model': Munch({'embed_dim': 1024, 'clip_model': 'RN50', 'cnn_type': 'resnet18', 'word_dim': 512, 'cache_dir': '/data/mmdata/log/MMCLIP/', 'n_samples_inference': 1, 'eval_method': 'matmul', 'use_img_client': True, 'use_txt_client': True, 'use_mm_client': True, 'client': 0.1, 'momentum': 0.9, 'name': 'clip', 'use_pretrained_proj': False, 'img_client': 'image', 'txt_client': 'text'}), 'optimizer': Munch({'name': 'adamp', 'learning_rate': 0.0002, 'weight_decay': 0.0}), 'lr_scheduler': Munch({'name': 'cosine_annealing', 'T_max': 30}), 'criterion': Munch({'name': 'pcme', 'init_negative_scale': 15, 'init_shift': 15, 'num_samples': 7, 'vib_beta': 0, 'criterion__negative_sampling_ratio': -1}), 'train': Munch({'is_client': True, 'server_dataset': 'Coco', 'model_save_path': 'model_last_no_prob.pth', 'best_model_save_path': 'model_best_no_prob.pth', 'pretrain_epochs': 0, 'finetune_epochs': 2, 'finetune_lr_decay': 0.1, 'log_step': 1000, 'grad_clip': 2, 'val_epochs': 1, 'pretrain_val_epochs': 1, 'use_fp16': False, 'output_file': 'FedMMDP-Mobile_iapr_clip_1e-05_0.1_1x20_model_noprob.log'})})
[2026-03-19 10:47:05] start train
[2026-03-19 10:47:05] Round 1!
[2026-03-19 10:47:05] FedMobile client 0 stats: {'total_batches': 3, 'optimized_batches': 3, 'skipped_batches': 0, 'finite_grad_batches': 3, 'mean_loss': 5.3880289395650225, 'skipped_nonfinite_output': 0, 'skipped_nonfinite_loss': 0, 'skipped_nonfinite_grad': 0}
[2026-03-19 10:47:06] TEST:  Epoch: [1] image	Prec@1 0.000 (0.000)	Prec@5 0.000 (0.000)
[2026-03-19 10:47:06] FedMobile client 1 stats: {'total_batches': 1, 'optimized_batches': 1, 'skipped_batches': 0, 'finite_grad_batches': 1, 'mean_loss': 5.821634292602539, 'skipped_nonfinite_output': 0, 'skipped_nonfinite_loss': 0, 'skipped_nonfinite_grad': 0}
[2026-03-19 10:47:06] TEST:  Epoch: [1] image	Prec@1 9.396 (9.396)	Prec@5 29.195 (29.195)
[2026-03-19 10:47:07] FedMobile client 2 stats: {'total_batches': 3, 'optimized_batches': 3, 'skipped_batches': 0, 'finite_grad_batches': 3, 'mean_loss': 5.227787971496582, 'skipped_nonfinite_output': 0, 'skipped_nonfinite_loss': 0, 'skipped_nonfinite_grad': 0}
[2026-03-19 10:47:07] TEST:  Epoch: [1] image	Prec@1 0.000 (0.125)	Prec@5 6.186 (6.476)
[2026-03-19 10:47:08] FedMobile client 3 stats: {'total_batches': 3, 'optimized_batches': 3, 'skipped_batches': 0, 'finite_grad_batches': 3, 'mean_loss': 5.3486307462056475, 'skipped_nonfinite_output': 0, 'skipped_nonfinite_loss': 0, 'skipped_nonfinite_grad': 0}
[2026-03-19 10:47:08] TEST:  Epoch: [1] image	Prec@1 8.917 (8.917)	Prec@5 26.752 (26.752)
[2026-03-19 10:47:08] FedMobile client 4 stats: {'total_batches': 1, 'optimized_batches': 1, 'skipped_batches': 0, 'finite_grad_batches': 1, 'mean_loss': 5.7260661125183105, 'skipped_nonfinite_output': 0, 'skipped_nonfinite_loss': 0, 'skipped_nonfinite_grad': 0}
[2026-03-19 10:47:08] TEST:  Epoch: [1] image	Prec@1 0.000 (0.000)	Prec@5 23.214 (23.214)
[2026-03-19 10:47:08] FedMobile client 0 stats: {'total_batches': 1, 'optimized_batches': 1, 'skipped_batches': 0, 'finite_grad_batches': 1, 'mean_loss': 5.771551132202148, 'skipped_nonfinite_output': 0, 'skipped_nonfinite_loss': 0, 'skipped_nonfinite_grad': 0}
[2026-03-19 10:47:09] TEST:  Epoch: [1] text	Prec@1 1.845 (1.845)	Prec@5 16.605 (16.605)
[2026-03-19 10:47:09] FedMobile client 1 stats: {'total_batches': 3, 'optimized_batches': 3, 'skipped_batches': 0, 'finite_grad_batches': 3, 'mean_loss': 5.298687934875488, 'skipped_nonfinite_output': 0, 'skipped_nonfinite_loss': 0, 'skipped_nonfinite_grad': 0}
[2026-03-19 10:47:09] TEST:  Epoch: [1] text	Prec@1 0.000 (0.000)	Prec@5 1.678 (1.678)
[2026-03-19 10:47:11] FedMobile client 2 stats: {'total_batches': 17, 'optimized_batches': 17, 'skipped_batches': 0, 'finite_grad_batches': 17, 'mean_loss': 4.489451492533965, 'skipped_nonfinite_output': 0, 'skipped_nonfinite_loss': 0, 'skipped_nonfinite_grad': 0}
[2026-03-19 10:47:12] TEST:  Epoch: [1] text	Prec@1 47.079 (47.696)	Prec@5 60.825 (61.146)
[2026-03-19 10:47:12] FedMobile client 3 stats: {'total_batches': 1, 'optimized_batches': 1, 'skipped_batches': 0, 'finite_grad_batches': 1, 'mean_loss': 5.647594451904297, 'skipped_nonfinite_output': 0, 'skipped_nonfinite_loss': 0, 'skipped_nonfinite_grad': 0}
[2026-03-19 10:47:12] TEST:  Epoch: [1] text	Prec@1 0.000 (0.000)	Prec@5 50.318 (50.318)
[2026-03-19 10:47:12] FedMobile client 4 stats: {'total_batches': 0, 'optimized_batches': 0, 'skipped_batches': 0, 'finite_grad_batches': 0, 'mean_loss': 0.0, 'skipped_nonfinite_output': 0, 'skipped_nonfinite_loss': 0, 'skipped_nonfinite_grad': 0}
[2026-03-19 10:47:12] TEST:  Epoch: [1] text	Prec@1 0.000 (0.000)	Prec@5 0.000 (0.000)
[2026-03-19 10:47:13] Epoch 1
[2026-03-19 10:47:13] FedMobile mm client 0 stats: {'total_batches': 3, 'optimized_batches': 3, 'skipped_batches': 0, 'finite_grad_batches': 3, 'mean_loss': 5080.690266927083, 'skipped_nonfinite_output': 0, 'skipped_nonfinite_loss': 0, 'skipped_nonfinite_grad': 0}
[2026-03-19 10:47:14] Epoch 1
[2026-03-19 10:47:15] FedMobile mm client 1 stats: {'total_batches': 5, 'optimized_batches': 5, 'skipped_batches': 0, 'finite_grad_batches': 5, 'mean_loss': 5452.2330078125, 'skipped_nonfinite_output': 0, 'skipped_nonfinite_loss': 0, 'skipped_nonfinite_grad': 0}
[2026-03-19 10:47:15] Epoch 1
[2026-03-19 10:47:17] FedMobile mm client 2 stats: {'total_batches': 6, 'optimized_batches': 6, 'skipped_batches': 0, 'finite_grad_batches': 6, 'mean_loss': 5686.8824462890625, 'skipped_nonfinite_output': 0, 'skipped_nonfinite_loss': 0, 'skipped_nonfinite_grad': 0}
[2026-03-19 10:47:17] Epoch 1
[2026-03-19 10:47:17] FedMobile mm client 3 stats: {'total_batches': 0, 'optimized_batches': 0, 'skipped_batches': 0, 'finite_grad_batches': 0, 'mean_loss': 0.0, 'skipped_nonfinite_output': 0, 'skipped_nonfinite_loss': 0, 'skipped_nonfinite_grad': 0}
[2026-03-19 10:47:17] Epoch 1
[2026-03-19 10:47:17] FedMobile mm client 4 stats: {'total_batches': 0, 'optimized_batches': 0, 'skipped_batches': 0, 'finite_grad_batches': 0, 'mean_loss': 0.0, 'skipped_nonfinite_output': 0, 'skipped_nonfinite_loss': 0, 'skipped_nonfinite_grad': 0}
[2026-03-19 10:47:46] FedMobile active clients: [0, 1, 2, 3, 4, 5, 6, 7, 8, 10, 11, 12]
[2026-03-19 10:47:46] FedMobile client weights: {10: 0.0018651713642888568, 11: 0.0026093932056833213, 12: 0.003035981903852357, 0: 0.01831698363731353, 1: 0.007731317138969282, 2: 0.018959684817570144, 3: 0.014668709290562743, 4: 0.005444057056291328, 5: 0.008544145102235, 6: 0.016143141409974977, 8: 0.007315451669391472, 7: 0.895365963403867}
[2026-03-19 10:47:46] TEST:  Epoch: [1] image	Prec@1 0.000 (0.000)	Prec@5 0.000 (0.000)
[2026-03-19 10:47:46] TEST:  Epoch: [1] image	Prec@1 17.333 (11.178)	Prec@5 32.000 (27.190)
[2026-03-19 10:47:47] TEST:  Epoch: [1] image	Prec@1 0.000 (0.336)	Prec@5 3.226 (6.502)
[2026-03-19 10:47:47] TEST:  Epoch: [1] image	Prec@1 8.000 (8.000)	Prec@5 28.571 (28.571)
[2026-03-19 10:47:47] TEST:  Epoch: [1] image	Prec@1 0.000 (0.000)	Prec@5 17.742 (17.742)
[2026-03-19 10:47:47] TEST:  Epoch: [1] text	Prec@1 4.444 (1.329)	Prec@5 13.333 (17.608)
[2026-03-19 10:47:47] TEST:  Epoch: [1] text	Prec@1 0.000 (0.000)	Prec@5 0.000 (0.604)
[2026-03-19 10:47:48] TEST:  Epoch: [1] text	Prec@1 53.226 (48.206)	Prec@5 67.742 (61.659)
[2026-03-19 10:47:48] TEST:  Epoch: [1] text	Prec@1 0.000 (0.000)	Prec@5 39.429 (39.429)
[2026-03-19 10:47:48] TEST:  Epoch: [1] text	Prec@1 0.000 (0.000)	Prec@5 1.613 (1.613)
[2026-03-19 10:47:48] Evaluating test...
[2026-03-19 10:48:13] [Eval] Report @step: 1.00 {
    "test__rsum": 351.4950166112957,
    "test__medr": 4.0,
    "test__meanr": 12.096345514950166,
    "test__n_fold_i2t_recall_1": 10.0,
    "test__n_fold_i2t_recall_5": 100.0,
    "test__n_fold_i2t_recall_10": 100.0,
    "test__n_fold_i2t_rsum": 210.0,
    "test__n_fold_i2t_medr": 4.0,
    "test__n_fold_i2t_meanr": 3.6,
    "test__n_fold_t2i_recall_1": 30.0,
    "test__n_fold_t2i_recall_5": 90.0,
    "test__n_fold_t2i_recall_10": 100.0,
    "test__n_fold_t2i_rsum": 220.0,
    "test__n_fold_t2i_medr": 2.0,
    "test__n_fold_t2i_meanr": 3.0,
    "test__i2t_recall_1": 18.272425249169434,
    "test__i2t_recall_5": 63.12292358803987,
    "test__i2t_recall_10": 79.40199335548172,
    "test__i2t_rsum": 160.79734219269102,
    "test__i2t_medr": 2.0,
    "test__i2t_meanr": 6.8305647840531565,
    "test__t2i_recall_1": 40.863787375415285,
    "test__t2i_recall_5": 66.44518272425249,
    "test__t2i_recall_10": 83.38870431893687,
    "test__t2i_rsum": 190.69767441860466,
    "test__t2i_medr": 2.0,
    "test__t2i_meanr": 5.26578073089701,
    "lr": 0.0002,
    "summary": "10.0, 100.0, 100.0, 30.0, 90.0, 100.0, 18.272425249169434, 63.12292358803987, 79.40199335548172, 40.863787375415285, 66.44518272425249, 83.38870431893687"
}
[2026-03-19 10:48:13] Evaluating test...
[2026-03-19 10:48:41] [Eval] Report @step: 1.00 {
    "test__rsum": 336.2537764350453,
    "test__medr": 7.0,
    "test__meanr": 16.31117824773414,
    "test__n_fold_i2t_recall_1": 20.0,
    "test__n_fold_i2t_recall_5": 100.0,
    "test__n_fold_i2t_recall_10": 100.0,
    "test__n_fold_i2t_rsum": 220.0,
    "test__n_fold_i2t_medr": 2.0,
    "test__n_fold_i2t_meanr": 2.2,
    "test__n_fold_t2i_recall_1": 50.0,
    "test__n_fold_t2i_recall_5": 90.0,
    "test__n_fold_t2i_recall_10": 100.0,
    "test__n_fold_t2i_rsum": 240.0,
    "test__n_fold_t2i_medr": 1.0,
    "test__n_fold_t2i_meanr": 2.3,
    "test__i2t_recall_1": 18.731117824773413,
    "test__i2t_recall_5": 53.17220543806646,
    "test__i2t_recall_10": 61.027190332326285,
    "test__i2t_rsum": 132.93051359516616,
    "test__i2t_medr": 4.0,
    "test__i2t_meanr": 11.241691842900302,
    "test__t2i_recall_1": 19.335347432024168,
    "test__t2i_recall_5": 89.72809667673717,
    "test__t2i_recall_10": 94.25981873111782,
    "test__t2i_rsum": 203.32326283987913,
    "test__t2i_medr": 3.0,
    "test__t2i_meanr": 5.069486404833837,
    "lr": 0.0002,
    "summary": "20.0, 100.0, 100.0, 50.0, 90.0, 100.0, 18.731117824773413, 53.17220543806646, 61.027190332326285, 19.335347432024168, 89.72809667673717, 94.25981873111782"
}
[2026-03-19 10:48:41] Evaluating test...
[2026-03-19 10:53:24] [Eval] Report @step: 1.00 {
    "test__rsum": 390.5829596412556,
    "test__medr": 3.0,
    "test__meanr": 26.02354260089686,
    "test__n_fold_i2t_recall_1": 30.0,
    "test__n_fold_i2t_recall_5": 100.0,
    "test__n_fold_i2t_recall_10": 100.0,
    "test__n_fold_i2t_rsum": 230.0,
    "test__n_fold_i2t_medr": 3.0,
    "test__n_fold_i2t_meanr": 2.3,
    "test__n_fold_t2i_recall_1": 80.0,
    "test__n_fold_t2i_recall_5": 100.0,
    "test__n_fold_t2i_recall_10": 100.0,
    "test__n_fold_t2i_rsum": 280.0,
    "test__n_fold_t2i_medr": 1.0,
    "test__n_fold_t2i_meanr": 1.3,
    "test__i2t_recall_1": 52.91479820627803,
    "test__i2t_recall_5": 82.73542600896862,
    "test__i2t_recall_10": 89.91031390134529,
    "test__i2t_rsum": 225.56053811659194,
    "test__i2t_medr": 1.0,
    "test__i2t_meanr": 8.70964125560538,
    "test__t2i_recall_1": 35.65022421524664,
    "test__t2i_recall_5": 60.874439461883405,
    "test__t2i_recall_10": 68.49775784753363,
    "test__t2i_rsum": 165.02242152466368,
    "test__t2i_medr": 2.0,
    "test__t2i_meanr": 17.31390134529148,
    "lr": 0.0002,
    "summary": "30.0, 100.0, 100.0, 80.0, 100.0, 100.0, 52.91479820627803, 82.73542600896862, 89.91031390134529, 35.65022421524664, 60.874439461883405, 68.49775784753363"
}
[2026-03-19 10:53:24] Evaluating test...
[2026-03-19 10:53:30] [Eval] Report @step: 1.00 {
    "test__rsum": 338.28571428571433,
    "test__medr": 9.0,
    "test__meanr": 12.537142857142857,
    "test__n_fold_i2t_recall_1": 40.0,
    "test__n_fold_i2t_recall_5": 90.0,
    "test__n_fold_i2t_recall_10": 100.0,
    "test__n_fold_i2t_rsum": 230.0,
    "test__n_fold_i2t_medr": 3.0,
    "test__n_fold_i2t_meanr": 3.1,
    "test__n_fold_t2i_recall_1": 10.0,
    "test__n_fold_t2i_recall_5": 60.0,
    "test__n_fold_t2i_recall_10": 100.0,
    "test__n_fold_t2i_rsum": 170.0,
    "test__n_fold_t2i_medr": 4.0,
    "test__n_fold_t2i_meanr": 4.2,
    "test__i2t_recall_1": 13.142857142857142,
    "test__i2t_recall_5": 49.714285714285715,
    "test__i2t_recall_10": 84.57142857142857,
    "test__i2t_rsum": 147.42857142857144,
    "test__i2t_medr": 6.0,
    "test__i2t_meanr": 7.708571428571428,
    "test__t2i_recall_1": 21.714285714285715,
    "test__t2i_recall_5": 77.14285714285714,
    "test__t2i_recall_10": 92.0,
    "test__t2i_rsum": 190.85714285714286,
    "test__t2i_medr": 3.0,
    "test__t2i_meanr": 4.828571428571429,
    "lr": 0.0002,
    "summary": "40.0, 90.0, 100.0, 10.0, 60.0, 100.0, 13.142857142857142, 49.714285714285715, 84.57142857142857, 21.714285714285715, 77.14285714285714, 92.0"
}
[2026-03-19 10:53:30] Evaluating test...
[2026-03-19 10:53:32] [Eval] Report @step: 1.00 {
    "test__rsum": 403.2258064516129,
    "test__medr": 4.0,
    "test__meanr": 9.741935483870968,
    "test__n_fold_i2t_recall_1": 10.0,
    "test__n_fold_i2t_recall_5": 100.0,
    "test__n_fold_i2t_recall_10": 100.0,
    "test__n_fold_i2t_rsum": 210.0,
    "test__n_fold_i2t_medr": 2.0,
    "test__n_fold_i2t_meanr": 2.5,
    "test__n_fold_t2i_recall_1": 60.0,
    "test__n_fold_t2i_recall_5": 80.0,
    "test__n_fold_t2i_recall_10": 100.0,
    "test__n_fold_t2i_rsum": 240.0,
    "test__n_fold_t2i_medr": 1.0,
    "test__n_fold_t2i_meanr": 3.3,
    "test__i2t_recall_1": 12.903225806451612,
    "test__i2t_recall_5": 85.48387096774194,
    "test__i2t_recall_10": 96.7741935483871,
    "test__i2t_rsum": 195.16129032258067,
    "test__i2t_medr": 2.0,
    "test__i2t_meanr": 3.661290322580645,
    "test__t2i_recall_1": 45.16129032258065,
    "test__t2i_recall_5": 80.64516129032258,
    "test__t2i_recall_10": 82.25806451612904,
    "test__t2i_rsum": 208.06451612903226,
    "test__t2i_medr": 2.0,
    "test__t2i_meanr": 6.080645161290323,
    "lr": 0.0002,
    "summary": "10.0, 100.0, 100.0, 60.0, 80.0, 100.0, 12.903225806451612, 85.48387096774194, 96.7741935483871, 45.16129032258065, 80.64516129032258, 82.25806451612904"
}
[2026-03-19 10:53:32] Round 2!
[2026-03-19 10:53:32] FedMobile client 0 stats: {'total_batches': 3, 'optimized_batches': 3, 'skipped_batches': 0, 'finite_grad_batches': 3, 'mean_loss': 6.106322765350342, 'skipped_nonfinite_output': 0, 'skipped_nonfinite_loss': 0, 'skipped_nonfinite_grad': 0}
[2026-03-19 10:53:32] TEST:  Epoch: [2] image	Prec@1 0.000 (0.000)	Prec@5 0.000 (0.332)
[2026-03-19 10:53:33] FedMobile client 1 stats: {'total_batches': 1, 'optimized_batches': 1, 'skipped_batches': 0, 'finite_grad_batches': 1, 'mean_loss': 6.445991039276123, 'skipped_nonfinite_output': 0, 'skipped_nonfinite_loss': 0, 'skipped_nonfinite_grad': 0}
[2026-03-19 10:53:33] TEST:  Epoch: [2] image	Prec@1 17.333 (11.178)	Prec@5 32.000 (27.190)
[2026-03-19 10:53:33] FedMobile client 2 stats: {'total_batches': 3, 'optimized_batches': 3, 'skipped_batches': 0, 'finite_grad_batches': 3, 'mean_loss': 4.697111447652181, 'skipped_nonfinite_output': 0, 'skipped_nonfinite_loss': 0, 'skipped_nonfinite_grad': 0}
[2026-03-19 10:53:34] TEST:  Epoch: [2] image	Prec@1 0.000 (0.336)	Prec@5 3.226 (6.614)
[2026-03-19 10:53:34] FedMobile client 3 stats: {'total_batches': 3, 'optimized_batches': 3, 'skipped_batches': 0, 'finite_grad_batches': 3, 'mean_loss': 5.9547576904296875, 'skipped_nonfinite_output': 0, 'skipped_nonfinite_loss': 0, 'skipped_nonfinite_grad': 0}
[2026-03-19 10:53:34] TEST:  Epoch: [2] image	Prec@1 9.143 (9.143)	Prec@5 28.571 (28.571)
[2026-03-19 10:53:35] FedMobile client 4 stats: {'total_batches': 1, 'optimized_batches': 1, 'skipped_batches': 0, 'finite_grad_batches': 1, 'mean_loss': 6.4115705490112305, 'skipped_nonfinite_output': 0, 'skipped_nonfinite_loss': 0, 'skipped_nonfinite_grad': 0}
[2026-03-19 10:53:35] TEST:  Epoch: [2] image	Prec@1 0.000 (0.000)	Prec@5 17.742 (17.742)
[2026-03-19 10:53:35] FedMobile client 0 stats: {'total_batches': 1, 'optimized_batches': 1, 'skipped_batches': 0, 'finite_grad_batches': 1, 'mean_loss': 6.261361122131348, 'skipped_nonfinite_output': 0, 'skipped_nonfinite_loss': 0, 'skipped_nonfinite_grad': 0}
[2026-03-19 10:53:35] TEST:  Epoch: [2] text	Prec@1 0.000 (0.000)	Prec@5 13.333 (17.608)
[2026-03-19 10:53:36] FedMobile client 1 stats: {'total_batches': 3, 'optimized_batches': 3, 'skipped_batches': 0, 'finite_grad_batches': 3, 'mean_loss': 5.807264963785808, 'skipped_nonfinite_output': 0, 'skipped_nonfinite_loss': 0, 'skipped_nonfinite_grad': 0}
[2026-03-19 10:53:36] TEST:  Epoch: [2] text	Prec@1 0.000 (0.000)	Prec@5 0.000 (0.000)
[2026-03-19 10:53:38] FedMobile client 2 stats: {'total_batches': 17, 'optimized_batches': 17, 'skipped_batches': 0, 'finite_grad_batches': 17, 'mean_loss': 3.8323356404024014, 'skipped_nonfinite_output': 0, 'skipped_nonfinite_loss': 0, 'skipped_nonfinite_grad': 0}
[2026-03-19 10:53:38] TEST:  Epoch: [2] text	Prec@1 60.484 (53.251)	Prec@5 95.968 (94.058)
[2026-03-19 10:53:39] FedMobile client 3 stats: {'total_batches': 1, 'optimized_batches': 1, 'skipped_batches': 0, 'finite_grad_batches': 1, 'mean_loss': 6.011871814727783, 'skipped_nonfinite_output': 0, 'skipped_nonfinite_loss': 0, 'skipped_nonfinite_grad': 0}
[2026-03-19 10:53:39] TEST:  Epoch: [2] text	Prec@1 0.000 (0.000)	Prec@5 18.857 (18.857)
[2026-03-19 10:53:39] FedMobile client 4 stats: {'total_batches': 0, 'optimized_batches': 0, 'skipped_batches': 0, 'finite_grad_batches': 0, 'mean_loss': 0.0, 'skipped_nonfinite_output': 0, 'skipped_nonfinite_loss': 0, 'skipped_nonfinite_grad': 0}
[2026-03-19 10:53:39] TEST:  Epoch: [2] text	Prec@1 0.000 (0.000)	Prec@5 0.000 (0.000)
[2026-03-19 10:53:39] Epoch 2
[2026-03-19 10:53:40] FedMobile mm client 0 stats: {'total_batches': 3, 'optimized_batches': 3, 'skipped_batches': 0, 'finite_grad_batches': 3, 'mean_loss': 6916.350423177083, 'skipped_nonfinite_output': 0, 'skipped_nonfinite_loss': 0, 'skipped_nonfinite_grad': 0}
[2026-03-19 10:53:40] Epoch 2
[2026-03-19 10:53:41] FedMobile mm client 1 stats: {'total_batches': 5, 'optimized_batches': 5, 'skipped_batches': 0, 'finite_grad_batches': 5, 'mean_loss': 6754.62998046875, 'skipped_nonfinite_output': 0, 'skipped_nonfinite_loss': 0, 'skipped_nonfinite_grad': 0}
[2026-03-19 10:53:41] Epoch 2
[2026-03-19 10:53:43] FedMobile mm client 2 stats: {'total_batches': 6, 'optimized_batches': 6, 'skipped_batches': 0, 'finite_grad_batches': 6, 'mean_loss': 6044.469482421875, 'skipped_nonfinite_output': 0, 'skipped_nonfinite_loss': 0, 'skipped_nonfinite_grad': 0}
[2026-03-19 10:53:43] Epoch 2
[2026-03-19 10:53:43] FedMobile mm client 3 stats: {'total_batches': 0, 'optimized_batches': 0, 'skipped_batches': 0, 'finite_grad_batches': 0, 'mean_loss': 0.0, 'skipped_nonfinite_output': 0, 'skipped_nonfinite_loss': 0, 'skipped_nonfinite_grad': 0}
[2026-03-19 10:53:43] Epoch 2
[2026-03-19 10:53:43] FedMobile mm client 4 stats: {'total_batches': 0, 'optimized_batches': 0, 'skipped_batches': 0, 'finite_grad_batches': 0, 'mean_loss': 0.0, 'skipped_nonfinite_output': 0, 'skipped_nonfinite_loss': 0, 'skipped_nonfinite_grad': 0}
[2026-03-19 10:54:06] FedMobile active clients: [0, 1, 2, 3, 4, 5, 6, 7, 8, 10, 11, 12]
[2026-03-19 10:54:06] FedMobile client weights: {10: 0.04576935948491564, 11: 0.06403178708137208, 12: 0.07449982870613993, 0: 0.018154449521551465, 1: 0.007662713987940712, 2: 0.018791447750377832, 3: 0.014538547810860617, 4: 0.005395749702999816, 5: 0.008468329394985822, 6: 0.0159998966887564, 8: 0.007250538663406003, 7: 0.7194373512066937}
[2026-03-19 10:54:06] TEST:  Epoch: [2] image	Prec@1 0.000 (0.000)	Prec@5 0.000 (0.332)
[2026-03-19 10:54:06] TEST:  Epoch: [2] image	Prec@1 17.333 (11.178)	Prec@5 32.000 (27.190)
[2026-03-19 10:54:07] TEST:  Epoch: [2] image	Prec@1 0.000 (0.336)	Prec@5 3.226 (6.614)
[2026-03-19 10:54:07] TEST:  Epoch: [2] image	Prec@1 9.143 (9.143)	Prec@5 28.571 (28.571)
[2026-03-19 10:54:07] TEST:  Epoch: [2] image	Prec@1 0.000 (0.000)	Prec@5 17.742 (17.742)
[2026-03-19 10:54:07] TEST:  Epoch: [2] text	Prec@1 0.000 (0.000)	Prec@5 13.333 (17.608)
[2026-03-19 10:54:08] TEST:  Epoch: [2] text	Prec@1 0.000 (0.000)	Prec@5 0.000 (0.000)
[2026-03-19 10:54:08] TEST:  Epoch: [2] text	Prec@1 60.484 (53.251)	Prec@5 95.968 (94.058)
[2026-03-19 10:54:08] TEST:  Epoch: [2] text	Prec@1 0.000 (0.000)	Prec@5 18.857 (18.857)
[2026-03-19 10:54:08] TEST:  Epoch: [2] text	Prec@1 0.000 (0.000)	Prec@5 0.000 (0.000)
[2026-03-19 10:54:08] Evaluating test...
[2026-03-19 10:54:35] [Eval] Report @step: 2.00 {
    "test__rsum": 347.17607973421923,
    "test__medr": 4.0,
    "test__meanr": 12.584717607973422,
    "test__n_fold_i2t_recall_1": 10.0,
    "test__n_fold_i2t_recall_5": 100.0,
    "test__n_fold_i2t_recall_10": 100.0,
    "test__n_fold_i2t_rsum": 210.0,
    "test__n_fold_i2t_medr": 4.0,
    "test__n_fold_i2t_meanr": 3.7,
    "test__n_fold_t2i_recall_1": 30.0,
    "test__n_fold_t2i_recall_5": 90.0,
    "test__n_fold_t2i_recall_10": 100.0,
    "test__n_fold_t2i_rsum": 220.0,
    "test__n_fold_t2i_medr": 3.0,
    "test__n_fold_t2i_meanr": 3.1,
    "test__i2t_recall_1": 19.269102990033222,
    "test__i2t_recall_5": 63.45514950166113,
    "test__i2t_recall_10": 81.3953488372093,
    "test__i2t_rsum": 164.11960132890366,
    "test__i2t_medr": 2.0,
    "test__i2t_meanr": 6.714285714285714,
    "test__t2i_recall_1": 42.19269102990033,
    "test__t2i_recall_5": 64.78405315614619,
    "test__t2i_recall_10": 76.0797342192691,
    "test__t2i_rsum": 183.0564784053156,
    "test__t2i_medr": 2.0,
    "test__t2i_meanr": 5.870431893687708,
    "lr": 0.0002,
    "summary": "10.0, 100.0, 100.0, 30.0, 90.0, 100.0, 19.269102990033222, 63.45514950166113, 81.3953488372093, 42.19269102990033, 64.78405315614619, 76.0797342192691"
}
[2026-03-19 10:54:35] Evaluating test...
[2026-03-19 10:55:02] [Eval] Report @step: 2.00 {
    "test__rsum": 337.1601208459215,
    "test__medr": 7.0,
    "test__meanr": 16.552870090634443,
    "test__n_fold_i2t_recall_1": 30.0,
    "test__n_fold_i2t_recall_5": 100.0,
    "test__n_fold_i2t_recall_10": 100.0,
    "test__n_fold_i2t_rsum": 230.0,
    "test__n_fold_i2t_medr": 2.0,
    "test__n_fold_i2t_meanr": 2.1,
    "test__n_fold_t2i_recall_1": 50.0,
    "test__n_fold_t2i_recall_5": 90.0,
    "test__n_fold_t2i_recall_10": 100.0,
    "test__n_fold_t2i_rsum": 240.0,
    "test__n_fold_t2i_medr": 1.0,
    "test__n_fold_t2i_meanr": 2.3,
    "test__i2t_recall_1": 18.731117824773413,
    "test__i2t_recall_5": 53.17220543806646,
    "test__i2t_recall_10": 60.725075528700906,
    "test__i2t_rsum": 132.62839879154077,
    "test__i2t_medr": 4.0,
    "test__i2t_meanr": 11.341389728096678,
    "test__t2i_recall_1": 19.335347432024168,
    "test__t2i_recall_5": 91.54078549848943,
    "test__t2i_recall_10": 93.65558912386707,
    "test__t2i_rsum": 204.53172205438068,
    "test__t2i_medr": 3.0,
    "test__t2i_meanr": 5.211480362537764,
    "lr": 0.0002,
    "summary": "30.0, 100.0, 100.0, 50.0, 90.0, 100.0, 18.731117824773413, 53.17220543806646, 60.725075528700906, 19.335347432024168, 91.54078549848943, 93.65558912386707"
}
[2026-03-19 10:55:02] Evaluating test...
[2026-03-19 10:59:30] [Eval] Report @step: 2.00 {
    "test__rsum": 392.9372197309417,
    "test__medr": 3.0,
    "test__meanr": 25.883408071748878,
    "test__n_fold_i2t_recall_1": 20.0,
    "test__n_fold_i2t_recall_5": 100.0,
    "test__n_fold_i2t_recall_10": 100.0,
    "test__n_fold_i2t_rsum": 220.0,
    "test__n_fold_i2t_medr": 3.0,
    "test__n_fold_i2t_meanr": 2.4,
    "test__n_fold_t2i_recall_1": 80.0,
    "test__n_fold_t2i_recall_5": 100.0,
    "test__n_fold_t2i_recall_10": 100.0,
    "test__n_fold_t2i_rsum": 280.0,
    "test__n_fold_t2i_medr": 1.0,
    "test__n_fold_t2i_meanr": 1.4,
    "test__i2t_recall_1": 52.80269058295964,
    "test__i2t_recall_5": 82.28699551569507,
    "test__i2t_recall_10": 89.91031390134529,
    "test__i2t_rsum": 225.0,
    "test__i2t_medr": 1.0,
    "test__i2t_meanr": 8.689461883408072,
    "test__t2i_recall_1": 37.44394618834081,
    "test__t2i_recall_5": 60.65022421524664,
    "test__t2i_recall_10": 69.84304932735427,
    "test__t2i_rsum": 167.9372197309417,
    "test__t2i_medr": 2.0,
    "test__t2i_meanr": 17.193946188340806,
    "lr": 0.0002,
    "summary": "20.0, 100.0, 100.0, 80.0, 100.0, 100.0, 52.80269058295964, 82.28699551569507, 89.91031390134529, 37.44394618834081, 60.65022421524664, 69.84304932735427"
}
[2026-03-19 10:59:30] Evaluating test...
[2026-03-19 10:59:35] [Eval] Report @step: 2.00 {
    "test__rsum": 335.42857142857144,
    "test__medr": 8.0,
    "test__meanr": 12.422857142857143,
    "test__n_fold_i2t_recall_1": 40.0,
    "test__n_fold_i2t_recall_5": 90.0,
    "test__n_fold_i2t_recall_10": 100.0,
    "test__n_fold_i2t_rsum": 230.0,
    "test__n_fold_i2t_medr": 3.0,
    "test__n_fold_i2t_meanr": 3.2,
    "test__n_fold_t2i_recall_1": 10.0,
    "test__n_fold_t2i_recall_5": 60.0,
    "test__n_fold_t2i_recall_10": 100.0,
    "test__n_fold_t2i_rsum": 170.0,
    "test__n_fold_t2i_medr": 4.0,
    "test__n_fold_t2i_meanr": 4.2,
    "test__i2t_recall_1": 13.142857142857142,
    "test__i2t_recall_5": 52.0,
    "test__i2t_recall_10": 84.57142857142857,
    "test__i2t_rsum": 149.71428571428572,
    "test__i2t_medr": 5.0,
    "test__i2t_meanr": 7.668571428571428,
    "test__t2i_recall_1": 18.857142857142858,
    "test__t2i_recall_5": 74.85714285714286,
    "test__t2i_recall_10": 92.0,
    "test__t2i_rsum": 185.71428571428572,
    "test__t2i_medr": 3.0,
    "test__t2i_meanr": 4.7542857142857144,
    "lr": 0.0002,
    "summary": "40.0, 90.0, 100.0, 10.0, 60.0, 100.0, 13.142857142857142, 52.0, 84.57142857142857, 18.857142857142858, 74.85714285714286, 92.0"
}
[2026-03-19 10:59:35] Evaluating test...
[2026-03-19 10:59:36] [Eval] Report @step: 2.00 {
    "test__rsum": 411.2903225806451,
    "test__medr": 3.0,
    "test__meanr": 9.70967741935484,
    "test__n_fold_i2t_recall_1": 10.0,
    "test__n_fold_i2t_recall_5": 100.0,
    "test__n_fold_i2t_recall_10": 100.0,
    "test__n_fold_i2t_rsum": 210.0,
    "test__n_fold_i2t_medr": 2.0,
    "test__n_fold_i2t_meanr": 2.5,
    "test__n_fold_t2i_recall_1": 60.0,
    "test__n_fold_t2i_recall_5": 80.0,
    "test__n_fold_t2i_recall_10": 100.0,
    "test__n_fold_t2i_rsum": 240.0,
    "test__n_fold_t2i_medr": 1.0,
    "test__n_fold_t2i_meanr": 3.3,
    "test__i2t_recall_1": 12.903225806451612,
    "test__i2t_recall_5": 88.70967741935483,
    "test__i2t_recall_10": 96.7741935483871,
    "test__i2t_rsum": 198.38709677419354,
    "test__i2t_medr": 2.0,
    "test__i2t_meanr": 3.596774193548387,
    "test__t2i_recall_1": 50.0,
    "test__t2i_recall_5": 80.64516129032258,
    "test__t2i_recall_10": 82.25806451612904,
    "test__t2i_rsum": 212.9032258064516,
    "test__t2i_medr": 1.0,
    "test__t2i_meanr": 6.112903225806452,
    "lr": 0.0002,
    "summary": "10.0, 100.0, 100.0, 60.0, 80.0, 100.0, 12.903225806451612, 88.70967741935483, 96.7741935483871, 50.0, 80.64516129032258, 82.25806451612904"
}
[2026-03-19 10:59:36] Round 3!
[2026-03-19 10:59:37] FedMobile client 0 stats: {'total_batches': 3, 'optimized_batches': 3, 'skipped_batches': 0, 'finite_grad_batches': 3, 'mean_loss': 5.885692596435547, 'skipped_nonfinite_output': 0, 'skipped_nonfinite_loss': 0, 'skipped_nonfinite_grad': 0}
[2026-03-19 10:59:37] TEST:  Epoch: [3] image	Prec@1 0.000 (0.000)	Prec@5 0.000 (0.332)
[2026-03-19 10:59:37] FedMobile client 1 stats: {'total_batches': 1, 'optimized_batches': 1, 'skipped_batches': 0, 'finite_grad_batches': 1, 'mean_loss': 6.2130937576293945, 'skipped_nonfinite_output': 0, 'skipped_nonfinite_loss': 0, 'skipped_nonfinite_grad': 0}
[2026-03-19 10:59:37] TEST:  Epoch: [3] image	Prec@1 17.333 (11.178)	Prec@5 32.000 (27.190)
[2026-03-19 10:59:38] FedMobile client 2 stats: {'total_batches': 3, 'optimized_batches': 3, 'skipped_batches': 0, 'finite_grad_batches': 3, 'mean_loss': 4.620025157928467, 'skipped_nonfinite_output': 0, 'skipped_nonfinite_loss': 0, 'skipped_nonfinite_grad': 0}
[2026-03-19 10:59:39] TEST:  Epoch: [3] image	Prec@1 0.000 (0.336)	Prec@5 3.226 (6.839)
[2026-03-19 10:59:39] FedMobile client 3 stats: {'total_batches': 3, 'optimized_batches': 3, 'skipped_batches': 0, 'finite_grad_batches': 3, 'mean_loss': 5.725734710693359, 'skipped_nonfinite_output': 0, 'skipped_nonfinite_loss': 0, 'skipped_nonfinite_grad': 0}
[2026-03-19 10:59:39] TEST:  Epoch: [3] image	Prec@1 10.286 (10.286)	Prec@5 28.571 (28.571)
[2026-03-19 10:59:39] FedMobile client 4 stats: {'total_batches': 1, 'optimized_batches': 1, 'skipped_batches': 0, 'finite_grad_batches': 1, 'mean_loss': 6.19236421585083, 'skipped_nonfinite_output': 0, 'skipped_nonfinite_loss': 0, 'skipped_nonfinite_grad': 0}
[2026-03-19 10:59:39] TEST:  Epoch: [3] image	Prec@1 0.000 (0.000)	Prec@5 17.742 (17.742)
[2026-03-19 10:59:40] FedMobile client 0 stats: {'total_batches': 1, 'optimized_batches': 1, 'skipped_batches': 0, 'finite_grad_batches': 1, 'mean_loss': 6.208470344543457, 'skipped_nonfinite_output': 0, 'skipped_nonfinite_loss': 0, 'skipped_nonfinite_grad': 0}
[2026-03-19 10:59:40] TEST:  Epoch: [3] text	Prec@1 0.000 (0.000)	Prec@5 2.222 (5.980)
[2026-03-19 10:59:40] FedMobile client 1 stats: {'total_batches': 3, 'optimized_batches': 3, 'skipped_batches': 0, 'finite_grad_batches': 3, 'mean_loss': 5.777922789255778, 'skipped_nonfinite_output': 0, 'skipped_nonfinite_loss': 0, 'skipped_nonfinite_grad': 0}
[2026-03-19 10:59:40] TEST:  Epoch: [3] text	Prec@1 0.000 (0.000)	Prec@5 0.000 (0.000)
[2026-03-19 10:59:42] FedMobile client 2 stats: {'total_batches': 17, 'optimized_batches': 17, 'skipped_batches': 0, 'finite_grad_batches': 17, 'mean_loss': 3.3595917926115146, 'skipped_nonfinite_output': 0, 'skipped_nonfinite_loss': 0, 'skipped_nonfinite_grad': 0}
[2026-03-19 10:59:43] TEST:  Epoch: [3] text	Prec@1 60.484 (53.251)	Prec@5 96.774 (97.646)
[2026-03-19 10:59:43] FedMobile client 3 stats: {'total_batches': 1, 'optimized_batches': 1, 'skipped_batches': 0, 'finite_grad_batches': 1, 'mean_loss': 5.967270851135254, 'skipped_nonfinite_output': 0, 'skipped_nonfinite_loss': 0, 'skipped_nonfinite_grad': 0}
[2026-03-19 10:59:43] TEST:  Epoch: [3] text	Prec@1 0.000 (0.000)	Prec@5 3.429 (3.429)
[2026-03-19 10:59:43] FedMobile client 4 stats: {'total_batches': 0, 'optimized_batches': 0, 'skipped_batches': 0, 'finite_grad_batches': 0, 'mean_loss': 0.0, 'skipped_nonfinite_output': 0, 'skipped_nonfinite_loss': 0, 'skipped_nonfinite_grad': 0}
[2026-03-19 10:59:43] TEST:  Epoch: [3] text	Prec@1 0.000 (0.000)	Prec@5 0.000 (0.000)
[2026-03-19 10:59:44] Epoch 3
[2026-03-19 10:59:44] FedMobile mm client 0 stats: {'total_batches': 3, 'optimized_batches': 3, 'skipped_batches': 0, 'finite_grad_batches': 3, 'mean_loss': 7478.20458984375, 'skipped_nonfinite_output': 0, 'skipped_nonfinite_loss': 0, 'skipped_nonfinite_grad': 0}
[2026-03-19 10:59:44] Epoch 3
[2026-03-19 10:59:46] FedMobile mm client 1 stats: {'total_batches': 5, 'optimized_batches': 5, 'skipped_batches': 0, 'finite_grad_batches': 5, 'mean_loss': 4631.4837890625, 'skipped_nonfinite_output': 0, 'skipped_nonfinite_loss': 0, 'skipped_nonfinite_grad': 0}
[2026-03-19 10:59:46] Epoch 3
[2026-03-19 10:59:47] FedMobile mm client 2 stats: {'total_batches': 6, 'optimized_batches': 6, 'skipped_batches': 0, 'finite_grad_batches': 6, 'mean_loss': 4308.5411376953125, 'skipped_nonfinite_output': 0, 'skipped_nonfinite_loss': 0, 'skipped_nonfinite_grad': 0}
[2026-03-19 10:59:47] Epoch 3
[2026-03-19 10:59:47] FedMobile mm client 3 stats: {'total_batches': 0, 'optimized_batches': 0, 'skipped_batches': 0, 'finite_grad_batches': 0, 'mean_loss': 0.0, 'skipped_nonfinite_output': 0, 'skipped_nonfinite_loss': 0, 'skipped_nonfinite_grad': 0}
[2026-03-19 10:59:47] Epoch 3
[2026-03-19 10:59:48] FedMobile mm client 4 stats: {'total_batches': 0, 'optimized_batches': 0, 'skipped_batches': 0, 'finite_grad_batches': 0, 'mean_loss': 0.0, 'skipped_nonfinite_output': 0, 'skipped_nonfinite_loss': 0, 'skipped_nonfinite_grad': 0}
[2026-03-19 11:00:10] FedMobile active clients: [0, 1, 2, 3, 4, 5, 6, 7, 8, 10, 11, 12]
[2026-03-19 11:00:10] FedMobile client weights: {0: 0.03304218266998682, 1: 0.01394659722603159, 2: 0.03420155750051268, 4: 0.009820586799748406, 5: 0.015412865394049582, 6: 0.02912076780203173, 7: 0.15600411322517, 8: 0.013196413512161921, 3: 0.29953632257921886, 10: 0.09827287416375692, 11: 0.13748472395385003, 12: 0.15996099517348158}
[2026-03-19 11:00:10] TEST:  Epoch: [3] image	Prec@1 0.000 (0.000)	Prec@5 0.000 (0.332)
[2026-03-19 11:00:10] TEST:  Epoch: [3] image	Prec@1 17.333 (11.178)	Prec@5 32.000 (27.190)
[2026-03-19 11:00:11] TEST:  Epoch: [3] image	Prec@1 0.000 (0.336)	Prec@5 3.226 (6.839)
[2026-03-19 11:00:11] TEST:  Epoch: [3] image	Prec@1 10.286 (10.286)	Prec@5 28.571 (28.571)
[2026-03-19 11:00:11] TEST:  Epoch: [3] image	Prec@1 0.000 (0.000)	Prec@5 17.742 (17.742)
[2026-03-19 11:00:11] TEST:  Epoch: [3] text	Prec@1 0.000 (0.000)	Prec@5 2.222 (5.980)
[2026-03-19 11:00:12] TEST:  Epoch: [3] text	Prec@1 0.000 (0.000)	Prec@5 0.000 (0.000)
[2026-03-19 11:00:12] TEST:  Epoch: [3] text	Prec@1 60.484 (53.251)	Prec@5 96.774 (97.646)
[2026-03-19 11:00:12] TEST:  Epoch: [3] text	Prec@1 0.000 (0.000)	Prec@5 3.429 (3.429)
[2026-03-19 11:00:12] TEST:  Epoch: [3] text	Prec@1 0.000 (0.000)	Prec@5 0.000 (0.000)
[2026-03-19 11:00:12] Evaluating test...
[2026-03-19 11:00:32] [Eval] Report @step: 3.00 {
    "test__rsum": 346.1794019933555,
    "test__medr": 4.0,
    "test__meanr": 12.926910299003321,
    "test__n_fold_i2t_recall_1": 10.0,
    "test__n_fold_i2t_recall_5": 100.0,
    "test__n_fold_i2t_recall_10": 100.0,
    "test__n_fold_i2t_rsum": 210.0,
    "test__n_fold_i2t_medr": 4.0,
    "test__n_fold_i2t_meanr": 3.8,
    "test__n_fold_t2i_recall_1": 20.0,
    "test__n_fold_t2i_recall_5": 90.0,
    "test__n_fold_t2i_recall_10": 100.0,
    "test__n_fold_t2i_rsum": 210.0,
    "test__n_fold_t2i_medr": 3.0,
    "test__n_fold_t2i_meanr": 3.2,
    "test__i2t_recall_1": 19.601328903654483,
    "test__i2t_recall_5": 62.7906976744186,
    "test__i2t_recall_10": 82.05980066445183,
    "test__i2t_rsum": 164.45182724252493,
    "test__i2t_medr": 2.0,
    "test__i2t_meanr": 6.8006644518272426,
    "test__t2i_recall_1": 42.857142857142854,
    "test__t2i_recall_5": 64.78405315614619,
    "test__t2i_recall_10": 74.08637873754152,
    "test__t2i_rsum": 181.72757475083057,
    "test__t2i_medr": 2.0,
    "test__t2i_meanr": 6.1262458471760795,
    "lr": 0.0002,
    "summary": "10.0, 100.0, 100.0, 20.0, 90.0, 100.0, 19.601328903654483, 62.7906976744186, 82.05980066445183, 42.857142857142854, 64.78405315614619, 74.08637873754152"
}
[2026-03-19 11:00:32] Evaluating test...
[2026-03-19 11:00:53] [Eval] Report @step: 3.00 {
    "test__rsum": 338.6706948640483,
    "test__medr": 7.0,
    "test__meanr": 16.580060422960724,
    "test__n_fold_i2t_recall_1": 30.0,
    "test__n_fold_i2t_recall_5": 100.0,
    "test__n_fold_i2t_recall_10": 100.0,
    "test__n_fold_i2t_rsum": 230.0,
    "test__n_fold_i2t_medr": 2.0,
    "test__n_fold_i2t_meanr": 2.1,
    "test__n_fold_t2i_recall_1": 50.0,
    "test__n_fold_t2i_recall_5": 90.0,
    "test__n_fold_t2i_recall_10": 100.0,
    "test__n_fold_t2i_rsum": 240.0,
    "test__n_fold_t2i_medr": 1.0,
    "test__n_fold_t2i_meanr": 2.3,
    "test__i2t_recall_1": 19.033232628398792,
    "test__i2t_recall_5": 53.17220543806646,
    "test__i2t_recall_10": 60.725075528700906,
    "test__i2t_rsum": 132.93051359516616,
    "test__i2t_medr": 4.0,
    "test__i2t_meanr": 11.299093655589123,
    "test__t2i_recall_1": 20.241691842900302,
    "test__t2i_recall_5": 91.8429003021148,
    "test__t2i_recall_10": 93.65558912386707,
    "test__t2i_rsum": 205.74018126888217,
    "test__t2i_medr": 3.0,
    "test__t2i_meanr": 5.280966767371601,
    "lr": 0.0002,
    "summary": "30.0, 100.0, 100.0, 50.0, 90.0, 100.0, 19.033232628398792, 53.17220543806646, 60.725075528700906, 20.241691842900302, 91.8429003021148, 93.65558912386707"
}
[2026-03-19 11:00:53] Evaluating test...
[2026-03-19 11:04:26] [Eval] Report @step: 3.00 {
    "test__rsum": 393.83408071748886,
    "test__medr": 3.0,
    "test__meanr": 26.102017937219728,
    "test__n_fold_i2t_recall_1": 20.0,
    "test__n_fold_i2t_recall_5": 100.0,
    "test__n_fold_i2t_recall_10": 100.0,
    "test__n_fold_i2t_rsum": 220.0,
    "test__n_fold_i2t_medr": 2.0,
    "test__n_fold_i2t_meanr": 2.3,
    "test__n_fold_t2i_recall_1": 80.0,
    "test__n_fold_t2i_recall_5": 100.0,
    "test__n_fold_t2i_recall_10": 100.0,
    "test__n_fold_t2i_rsum": 280.0,
    "test__n_fold_t2i_medr": 1.0,
    "test__n_fold_t2i_meanr": 1.4,
    "test__i2t_recall_1": 52.3542600896861,
    "test__i2t_recall_5": 82.17488789237669,
    "test__i2t_recall_10": 89.68609865470852,
    "test__i2t_rsum": 224.21524663677133,
    "test__i2t_medr": 1.0,
    "test__i2t_meanr": 8.676008968609866,
    "test__t2i_recall_1": 39.125560538116595,
    "test__t2i_recall_5": 60.65022421524664,
    "test__t2i_recall_10": 69.84304932735427,
    "test__t2i_rsum": 169.6188340807175,
    "test__t2i_medr": 2.0,
    "test__t2i_meanr": 17.426008968609864,
    "lr": 0.0002,
    "summary": "20.0, 100.0, 100.0, 80.0, 100.0, 100.0, 52.3542600896861, 82.17488789237669, 89.68609865470852, 39.125560538116595, 60.65022421524664, 69.84304932735427"
}
[2026-03-19 11:04:26] Evaluating test...
[2026-03-19 11:04:31] [Eval] Report @step: 3.00 {
    "test__rsum": 337.1428571428571,
    "test__medr": 8.0,
    "test__meanr": 12.285714285714285,
    "test__n_fold_i2t_recall_1": 40.0,
    "test__n_fold_i2t_recall_5": 90.0,
    "test__n_fold_i2t_recall_10": 100.0,
    "test__n_fold_i2t_rsum": 230.0,
    "test__n_fold_i2t_medr": 3.0,
    "test__n_fold_i2t_meanr": 3.2,
    "test__n_fold_t2i_recall_1": 10.0,
    "test__n_fold_t2i_recall_5": 60.0,
    "test__n_fold_t2i_recall_10": 100.0,
    "test__n_fold_t2i_rsum": 170.0,
    "test__n_fold_t2i_medr": 4.0,
    "test__n_fold_t2i_meanr": 4.2,
    "test__i2t_recall_1": 13.714285714285714,
    "test__i2t_recall_5": 54.285714285714285,
    "test__i2t_recall_10": 82.85714285714286,
    "test__i2t_rsum": 150.85714285714286,
    "test__i2t_medr": 5.0,
    "test__i2t_meanr": 7.691428571428571,
    "test__t2i_recall_1": 19.428571428571427,
    "test__t2i_recall_5": 74.85714285714286,
    "test__t2i_recall_10": 92.0,
    "test__t2i_rsum": 186.28571428571428,
    "test__t2i_medr": 3.0,
    "test__t2i_meanr": 4.594285714285714,
    "lr": 0.0002,
    "summary": "40.0, 90.0, 100.0, 10.0, 60.0, 100.0, 13.714285714285714, 54.285714285714285, 82.85714285714286, 19.428571428571427, 74.85714285714286, 92.0"
}
[2026-03-19 11:04:31] Evaluating test...
[2026-03-19 11:04:32] [Eval] Report @step: 3.00 {
    "test__rsum": 416.1290322580645,
    "test__medr": 3.0,
    "test__meanr": 9.70967741935484,
    "test__n_fold_i2t_recall_1": 10.0,
    "test__n_fold_i2t_recall_5": 100.0,
    "test__n_fold_i2t_recall_10": 100.0,
    "test__n_fold_i2t_rsum": 210.0,
    "test__n_fold_i2t_medr": 2.0,
    "test__n_fold_i2t_meanr": 2.4,
    "test__n_fold_t2i_recall_1": 60.0,
    "test__n_fold_t2i_recall_5": 80.0,
    "test__n_fold_t2i_recall_10": 100.0,
    "test__n_fold_t2i_rsum": 240.0,
    "test__n_fold_t2i_medr": 1.0,
    "test__n_fold_t2i_meanr": 3.3,
    "test__i2t_recall_1": 12.903225806451612,
    "test__i2t_recall_5": 88.70967741935483,
    "test__i2t_recall_10": 96.7741935483871,
    "test__i2t_rsum": 198.38709677419354,
    "test__i2t_medr": 2.0,
    "test__i2t_meanr": 3.596774193548387,
    "test__t2i_recall_1": 54.83870967741935,
    "test__t2i_recall_5": 80.64516129032258,
    "test__t2i_recall_10": 82.25806451612904,
    "test__t2i_rsum": 217.74193548387098,
    "test__t2i_medr": 1.0,
    "test__t2i_meanr": 6.112903225806452,
    "lr": 0.0002,
    "summary": "10.0, 100.0, 100.0, 60.0, 80.0, 100.0, 12.903225806451612, 88.70967741935483, 96.7741935483871, 54.83870967741935, 80.64516129032258, 82.25806451612904"
}
[2026-03-19 11:04:33] Round 4!
[2026-03-19 11:04:33] FedMobile client 0 stats: {'total_batches': 3, 'optimized_batches': 3, 'skipped_batches': 0, 'finite_grad_batches': 3, 'mean_loss': 5.625380992889404, 'skipped_nonfinite_output': 0, 'skipped_nonfinite_loss': 0, 'skipped_nonfinite_grad': 0}
[2026-03-19 11:04:33] TEST:  Epoch: [4] image	Prec@1 0.000 (0.000)	Prec@5 0.000 (0.664)
[2026-03-19 11:04:33] FedMobile client 1 stats: {'total_batches': 1, 'optimized_batches': 1, 'skipped_batches': 0, 'finite_grad_batches': 1, 'mean_loss': 5.907528400421143, 'skipped_nonfinite_output': 0, 'skipped_nonfinite_loss': 0, 'skipped_nonfinite_grad': 0}
[2026-03-19 11:04:34] TEST:  Epoch: [4] image	Prec@1 13.333 (8.761)	Prec@5 32.000 (27.190)
[2026-03-19 11:04:34] FedMobile client 2 stats: {'total_batches': 3, 'optimized_batches': 3, 'skipped_batches': 0, 'finite_grad_batches': 3, 'mean_loss': 4.714960098266602, 'skipped_nonfinite_output': 0, 'skipped_nonfinite_loss': 0, 'skipped_nonfinite_grad': 0}
[2026-03-19 11:04:35] TEST:  Epoch: [4] image	Prec@1 0.000 (0.224)	Prec@5 3.226 (7.287)
[2026-03-19 11:04:35] FedMobile client 3 stats: {'total_batches': 3, 'optimized_batches': 3, 'skipped_batches': 0, 'finite_grad_batches': 3, 'mean_loss': 5.190138022104899, 'skipped_nonfinite_output': 0, 'skipped_nonfinite_loss': 0, 'skipped_nonfinite_grad': 0}
[2026-03-19 11:04:35] TEST:  Epoch: [4] image	Prec@1 14.857 (14.857)	Prec@5 28.571 (28.571)
[2026-03-19 11:04:36] FedMobile client 4 stats: {'total_batches': 1, 'optimized_batches': 1, 'skipped_batches': 0, 'finite_grad_batches': 1, 'mean_loss': 5.91200065612793, 'skipped_nonfinite_output': 0, 'skipped_nonfinite_loss': 0, 'skipped_nonfinite_grad': 0}
[2026-03-19 11:04:36] TEST:  Epoch: [4] image	Prec@1 0.000 (0.000)	Prec@5 17.742 (17.742)
[2026-03-19 11:04:36] FedMobile client 0 stats: {'total_batches': 1, 'optimized_batches': 1, 'skipped_batches': 0, 'finite_grad_batches': 1, 'mean_loss': 6.0419511795043945, 'skipped_nonfinite_output': 0, 'skipped_nonfinite_loss': 0, 'skipped_nonfinite_grad': 0}
[2026-03-19 11:04:36] TEST:  Epoch: [4] text	Prec@1 0.000 (0.000)	Prec@5 2.222 (2.326)
[2026-03-19 11:04:36] FedMobile client 1 stats: {'total_batches': 3, 'optimized_batches': 3, 'skipped_batches': 0, 'finite_grad_batches': 3, 'mean_loss': 5.652162075042725, 'skipped_nonfinite_output': 0, 'skipped_nonfinite_loss': 0, 'skipped_nonfinite_grad': 0}
[2026-03-19 11:04:37] TEST:  Epoch: [4] text	Prec@1 0.000 (0.000)	Prec@5 0.000 (0.000)
[2026-03-19 11:04:38] FedMobile client 2 stats: {'total_batches': 17, 'optimized_batches': 17, 'skipped_batches': 0, 'finite_grad_batches': 17, 'mean_loss': 3.148513022591086, 'skipped_nonfinite_output': 0, 'skipped_nonfinite_loss': 0, 'skipped_nonfinite_grad': 0}
[2026-03-19 11:04:39] TEST:  Epoch: [4] text	Prec@1 60.484 (53.251)	Prec@5 98.387 (98.767)
[2026-03-19 11:04:39] FedMobile client 3 stats: {'total_batches': 1, 'optimized_batches': 1, 'skipped_batches': 0, 'finite_grad_batches': 1, 'mean_loss': 5.46415901184082, 'skipped_nonfinite_output': 0, 'skipped_nonfinite_loss': 0, 'skipped_nonfinite_grad': 0}
[2026-03-19 11:04:39] TEST:  Epoch: [4] text	Prec@1 0.000 (0.000)	Prec@5 1.714 (1.714)
[2026-03-19 11:04:39] FedMobile client 4 stats: {'total_batches': 0, 'optimized_batches': 0, 'skipped_batches': 0, 'finite_grad_batches': 0, 'mean_loss': 0.0, 'skipped_nonfinite_output': 0, 'skipped_nonfinite_loss': 0, 'skipped_nonfinite_grad': 0}
[2026-03-19 11:04:40] TEST:  Epoch: [4] text	Prec@1 0.000 (0.000)	Prec@5 0.000 (0.000)
[2026-03-19 11:04:40] Epoch 4
[2026-03-19 11:04:40] FedMobile mm client 0 stats: {'total_batches': 3, 'optimized_batches': 3, 'skipped_batches': 0, 'finite_grad_batches': 3, 'mean_loss': 5940.787109375, 'skipped_nonfinite_output': 0, 'skipped_nonfinite_loss': 0, 'skipped_nonfinite_grad': 0}
[2026-03-19 11:04:41] Epoch 4
[2026-03-19 11:04:42] FedMobile mm client 1 stats: {'total_batches': 5, 'optimized_batches': 5, 'skipped_batches': 0, 'finite_grad_batches': 5, 'mean_loss': 4477.0037109375, 'skipped_nonfinite_output': 0, 'skipped_nonfinite_loss': 0, 'skipped_nonfinite_grad': 0}
[2026-03-19 11:04:42] Epoch 4
[2026-03-19 11:04:43] FedMobile mm client 2 stats: {'total_batches': 6, 'optimized_batches': 6, 'skipped_batches': 0, 'finite_grad_batches': 6, 'mean_loss': 4970.8566487630205, 'skipped_nonfinite_output': 0, 'skipped_nonfinite_loss': 0, 'skipped_nonfinite_grad': 0}
[2026-03-19 11:04:43] Epoch 4
[2026-03-19 11:04:43] FedMobile mm client 3 stats: {'total_batches': 0, 'optimized_batches': 0, 'skipped_batches': 0, 'finite_grad_batches': 0, 'mean_loss': 0.0, 'skipped_nonfinite_output': 0, 'skipped_nonfinite_loss': 0, 'skipped_nonfinite_grad': 0}
[2026-03-19 11:04:44] Epoch 4
[2026-03-19 11:04:44] FedMobile mm client 4 stats: {'total_batches': 0, 'optimized_batches': 0, 'skipped_batches': 0, 'finite_grad_batches': 0, 'mean_loss': 0.0, 'skipped_nonfinite_output': 0, 'skipped_nonfinite_loss': 0, 'skipped_nonfinite_grad': 0}
[2026-03-19 11:05:06] FedMobile active clients: [0, 1, 2, 3, 4, 5, 6, 7, 8, 10, 11, 12]
[2026-03-19 11:05:06] FedMobile client weights: {10: 0.0452868840505638, 11: 0.06335679917172937, 12: 0.07371449245458109, 7: 0.7332929146099372, 0: 0.01590776440484232, 1: 0.006714422746729112, 2: 0.016465931576942053, 3: 0.012739344869099731, 4: 0.004728004281315364, 5: 0.007420340052619947, 6: 0.014019846028622645, 8: 0.006353255753017521}
[2026-03-19 11:05:06] TEST:  Epoch: [4] image	Prec@1 0.000 (0.000)	Prec@5 0.000 (0.664)
[2026-03-19 11:05:07] TEST:  Epoch: [4] image	Prec@1 13.333 (8.761)	Prec@5 32.000 (27.190)
[2026-03-19 11:05:07] TEST:  Epoch: [4] image	Prec@1 0.000 (0.224)	Prec@5 3.226 (7.287)
[2026-03-19 11:05:07] TEST:  Epoch: [4] image	Prec@1 14.857 (14.857)	Prec@5 28.571 (28.571)
[2026-03-19 11:05:07] TEST:  Epoch: [4] image	Prec@1 0.000 (0.000)	Prec@5 17.742 (17.742)
[2026-03-19 11:05:08] TEST:  Epoch: [4] text	Prec@1 0.000 (0.000)	Prec@5 2.222 (2.326)
[2026-03-19 11:05:08] TEST:  Epoch: [4] text	Prec@1 0.000 (0.000)	Prec@5 0.000 (0.000)
[2026-03-19 11:05:08] TEST:  Epoch: [4] text	Prec@1 60.484 (53.251)	Prec@5 98.387 (98.767)
[2026-03-19 11:05:08] TEST:  Epoch: [4] text	Prec@1 0.000 (0.000)	Prec@5 1.714 (1.714)
[2026-03-19 11:05:09] TEST:  Epoch: [4] text	Prec@1 0.000 (0.000)	Prec@5 0.000 (0.000)
[2026-03-19 11:05:09] Evaluating test...
[2026-03-19 11:05:28] [Eval] Report @step: 4.00 {
    "test__rsum": 344.1860465116279,
    "test__medr": 4.0,
    "test__meanr": 13.421926910299003,
    "test__n_fold_i2t_recall_1": 10.0,
    "test__n_fold_i2t_recall_5": 90.0,
    "test__n_fold_i2t_recall_10": 100.0,
    "test__n_fold_i2t_rsum": 200.0,
    "test__n_fold_i2t_medr": 4.0,
    "test__n_fold_i2t_meanr": 3.9,
    "test__n_fold_t2i_recall_1": 10.0,
    "test__n_fold_t2i_recall_5": 90.0,
    "test__n_fold_t2i_recall_10": 100.0,
    "test__n_fold_t2i_rsum": 200.0,
    "test__n_fold_t2i_medr": 3.0,
    "test__n_fold_t2i_meanr": 3.3,
    "test__i2t_recall_1": 21.262458471760798,
    "test__i2t_recall_5": 65.11627906976744,
    "test__i2t_recall_10": 83.38870431893687,
    "test__i2t_rsum": 169.7674418604651,
    "test__i2t_medr": 2.0,
    "test__i2t_meanr": 6.524916943521594,
    "test__t2i_recall_1": 40.53156146179402,
    "test__t2i_recall_5": 63.78737541528239,
    "test__t2i_recall_10": 70.09966777408638,
    "test__t2i_rsum": 174.4186046511628,
    "test__t2i_medr": 2.0,
    "test__t2i_meanr": 6.897009966777409,
    "lr": 0.0002,
    "summary": "10.0, 90.0, 100.0, 10.0, 90.0, 100.0, 21.262458471760798, 65.11627906976744, 83.38870431893687, 40.53156146179402, 63.78737541528239, 70.09966777408638"
}
[2026-03-19 11:05:28] Evaluating test...
[2026-03-19 11:05:49] [Eval] Report @step: 4.00 {
    "test__rsum": 339.2749244712991,
    "test__medr": 7.0,
    "test__meanr": 16.72205438066465,
    "test__n_fold_i2t_recall_1": 40.0,
    "test__n_fold_i2t_recall_5": 100.0,
    "test__n_fold_i2t_recall_10": 100.0,
    "test__n_fold_i2t_rsum": 240.0,
    "test__n_fold_i2t_medr": 2.0,
    "test__n_fold_i2t_meanr": 2.0,
    "test__n_fold_t2i_recall_1": 50.0,
    "test__n_fold_t2i_recall_5": 90.0,
    "test__n_fold_t2i_recall_10": 100.0,
    "test__n_fold_t2i_rsum": 240.0,
    "test__n_fold_t2i_medr": 1.0,
    "test__n_fold_t2i_meanr": 2.5,
    "test__i2t_recall_1": 19.033232628398792,
    "test__i2t_recall_5": 53.17220543806646,
    "test__i2t_recall_10": 61.027190332326285,
    "test__i2t_rsum": 133.23262839879155,
    "test__i2t_medr": 4.0,
    "test__i2t_meanr": 11.3987915407855,
    "test__t2i_recall_1": 20.54380664652568,
    "test__t2i_recall_5": 91.8429003021148,
    "test__t2i_recall_10": 93.65558912386707,
    "test__t2i_rsum": 206.04229607250755,
    "test__t2i_medr": 3.0,
    "test__t2i_meanr": 5.323262839879154,
    "lr": 0.0002,
    "summary": "40.0, 100.0, 100.0, 50.0, 90.0, 100.0, 19.033232628398792, 53.17220543806646, 61.027190332326285, 20.54380664652568, 91.8429003021148, 93.65558912386707"
}
[2026-03-19 11:05:49] Evaluating test...
[2026-03-19 11:09:14] [Eval] Report @step: 4.00 {
    "test__rsum": 392.60089686098655,
    "test__medr": 3.0,
    "test__meanr": 25.881165919282513,
    "test__n_fold_i2t_recall_1": 20.0,
    "test__n_fold_i2t_recall_5": 100.0,
    "test__n_fold_i2t_recall_10": 100.0,
    "test__n_fold_i2t_rsum": 220.0,
    "test__n_fold_i2t_medr": 2.0,
    "test__n_fold_i2t_meanr": 2.3,
    "test__n_fold_t2i_recall_1": 80.0,
    "test__n_fold_t2i_recall_5": 100.0,
    "test__n_fold_t2i_recall_10": 100.0,
    "test__n_fold_t2i_rsum": 280.0,
    "test__n_fold_t2i_medr": 1.0,
    "test__n_fold_t2i_meanr": 1.4,
    "test__i2t_recall_1": 50.336322869955154,
    "test__i2t_recall_5": 80.26905829596413,
    "test__i2t_recall_10": 89.34977578475336,
    "test__i2t_rsum": 219.95515695067263,
    "test__i2t_medr": 1.0,
    "test__i2t_meanr": 8.697309417040358,
    "test__t2i_recall_1": 42.04035874439462,
    "test__t2i_recall_5": 60.65022421524664,
    "test__t2i_recall_10": 69.95515695067265,
    "test__t2i_rsum": 172.64573991031392,
    "test__t2i_medr": 2.0,
    "test__t2i_meanr": 17.183856502242154,
    "lr": 0.0002,
    "summary": "20.0, 100.0, 100.0, 80.0, 100.0, 100.0, 50.336322869955154, 80.26905829596413, 89.34977578475336, 42.04035874439462, 60.65022421524664, 69.95515695067265"
}
[2026-03-19 11:09:14] Evaluating test...
[2026-03-19 11:09:19] [Eval] Report @step: 4.00 {
    "test__rsum": 335.42857142857144,
    "test__medr": 8.0,
    "test__meanr": 12.04,
    "test__n_fold_i2t_recall_1": 40.0,
    "test__n_fold_i2t_recall_5": 90.0,
    "test__n_fold_i2t_recall_10": 100.0,
    "test__n_fold_i2t_rsum": 230.0,
    "test__n_fold_i2t_medr": 3.0,
    "test__n_fold_i2t_meanr": 3.2,
    "test__n_fold_t2i_recall_1": 10.0,
    "test__n_fold_t2i_recall_5": 60.0,
    "test__n_fold_t2i_recall_10": 100.0,
    "test__n_fold_t2i_rsum": 170.0,
    "test__n_fold_t2i_medr": 4.0,
    "test__n_fold_t2i_meanr": 4.2,
    "test__i2t_recall_1": 13.142857142857142,
    "test__i2t_recall_5": 54.857142857142854,
    "test__i2t_recall_10": 81.14285714285714,
    "test__i2t_rsum": 149.14285714285714,
    "test__i2t_medr": 5.0,
    "test__i2t_meanr": 7.571428571428571,
    "test__t2i_recall_1": 19.428571428571427,
    "test__t2i_recall_5": 74.85714285714286,
    "test__t2i_recall_10": 92.0,
    "test__t2i_rsum": 186.28571428571428,
    "test__t2i_medr": 3.0,
    "test__t2i_meanr": 4.468571428571428,
    "lr": 0.0002,
    "summary": "40.0, 90.0, 100.0, 10.0, 60.0, 100.0, 13.142857142857142, 54.857142857142854, 81.14285714285714, 19.428571428571427, 74.85714285714286, 92.0"
}
[2026-03-19 11:09:19] Evaluating test...
[2026-03-19 11:09:20] [Eval] Report @step: 4.00 {
    "test__rsum": 417.741935483871,
    "test__medr": 3.0,
    "test__meanr": 9.741935483870968,
    "test__n_fold_i2t_recall_1": 10.0,
    "test__n_fold_i2t_recall_5": 100.0,
    "test__n_fold_i2t_recall_10": 100.0,
    "test__n_fold_i2t_rsum": 210.0,
    "test__n_fold_i2t_medr": 2.0,
    "test__n_fold_i2t_meanr": 2.4,
    "test__n_fold_t2i_recall_1": 60.0,
    "test__n_fold_t2i_recall_5": 70.0,
    "test__n_fold_t2i_recall_10": 100.0,
    "test__n_fold_t2i_rsum": 230.0,
    "test__n_fold_t2i_medr": 1.0,
    "test__n_fold_t2i_meanr": 3.5,
    "test__i2t_recall_1": 12.903225806451612,
    "test__i2t_recall_5": 88.70967741935483,
    "test__i2t_recall_10": 96.7741935483871,
    "test__i2t_rsum": 198.38709677419354,
    "test__i2t_medr": 2.0,
    "test__i2t_meanr": 3.564516129032258,
    "test__t2i_recall_1": 56.45161290322581,
    "test__t2i_recall_5": 80.64516129032258,
    "test__t2i_recall_10": 82.25806451612904,
    "test__t2i_rsum": 219.35483870967744,
    "test__t2i_medr": 1.0,
    "test__t2i_meanr": 6.17741935483871,
    "lr": 0.0002,
    "summary": "10.0, 100.0, 100.0, 60.0, 70.0, 100.0, 12.903225806451612, 88.70967741935483, 96.7741935483871, 56.45161290322581, 80.64516129032258, 82.25806451612904"
}
[2026-03-19 11:09:20] Round 5!
[2026-03-19 11:09:20] FedMobile client 0 stats: {'total_batches': 3, 'optimized_batches': 3, 'skipped_batches': 0, 'finite_grad_batches': 3, 'mean_loss': 5.566424528757731, 'skipped_nonfinite_output': 0, 'skipped_nonfinite_loss': 0, 'skipped_nonfinite_grad': 0}
[2026-03-19 11:09:21] TEST:  Epoch: [5] image	Prec@1 0.000 (0.000)	Prec@5 0.000 (0.997)
[2026-03-19 11:09:21] FedMobile client 1 stats: {'total_batches': 1, 'optimized_batches': 1, 'skipped_batches': 0, 'finite_grad_batches': 1, 'mean_loss': 5.896414756774902, 'skipped_nonfinite_output': 0, 'skipped_nonfinite_loss': 0, 'skipped_nonfinite_grad': 0}
[2026-03-19 11:09:21] TEST:  Epoch: [5] image	Prec@1 12.000 (7.855)	Prec@5 32.000 (27.190)
[2026-03-19 11:09:21] FedMobile client 2 stats: {'total_batches': 3, 'optimized_batches': 3, 'skipped_batches': 0, 'finite_grad_batches': 3, 'mean_loss': 4.607748826344808, 'skipped_nonfinite_output': 0, 'skipped_nonfinite_loss': 0, 'skipped_nonfinite_grad': 0}
[2026-03-19 11:09:22] TEST:  Epoch: [5] image	Prec@1 0.000 (0.224)	Prec@5 4.032 (7.960)
[2026-03-19 11:09:22] FedMobile client 3 stats: {'total_batches': 3, 'optimized_batches': 3, 'skipped_batches': 0, 'finite_grad_batches': 3, 'mean_loss': 5.320293585459392, 'skipped_nonfinite_output': 0, 'skipped_nonfinite_loss': 0, 'skipped_nonfinite_grad': 0}
[2026-03-19 11:09:23] TEST:  Epoch: [5] image	Prec@1 17.143 (17.143)	Prec@5 29.714 (29.714)
[2026-03-19 11:09:23] FedMobile client 4 stats: {'total_batches': 1, 'optimized_batches': 1, 'skipped_batches': 0, 'finite_grad_batches': 1, 'mean_loss': 5.891502380371094, 'skipped_nonfinite_output': 0, 'skipped_nonfinite_loss': 0, 'skipped_nonfinite_grad': 0}
[2026-03-19 11:09:23] TEST:  Epoch: [5] image	Prec@1 0.000 (0.000)	Prec@5 17.742 (17.742)
[2026-03-19 11:09:23] FedMobile client 0 stats: {'total_batches': 1, 'optimized_batches': 1, 'skipped_batches': 0, 'finite_grad_batches': 1, 'mean_loss': 6.269552230834961, 'skipped_nonfinite_output': 0, 'skipped_nonfinite_loss': 0, 'skipped_nonfinite_grad': 0}
[2026-03-19 11:09:23] TEST:  Epoch: [5] text	Prec@1 0.000 (0.000)	Prec@5 0.000 (0.000)
[2026-03-19 11:09:24] FedMobile client 1 stats: {'total_batches': 3, 'optimized_batches': 3, 'skipped_batches': 0, 'finite_grad_batches': 3, 'mean_loss': 5.860394795735677, 'skipped_nonfinite_output': 0, 'skipped_nonfinite_loss': 0, 'skipped_nonfinite_grad': 0}
[2026-03-19 11:09:24] TEST:  Epoch: [5] text	Prec@1 0.000 (0.000)	Prec@5 0.000 (0.000)
[2026-03-19 11:09:26] FedMobile client 2 stats: {'total_batches': 17, 'optimized_batches': 17, 'skipped_batches': 0, 'finite_grad_batches': 17, 'mean_loss': 2.7327513835009407, 'skipped_nonfinite_output': 0, 'skipped_nonfinite_loss': 0, 'skipped_nonfinite_grad': 0}
[2026-03-19 11:09:26] TEST:  Epoch: [5] text	Prec@1 60.484 (53.251)	Prec@5 98.387 (98.767)
[2026-03-19 11:09:27] FedMobile client 3 stats: {'total_batches': 1, 'optimized_batches': 1, 'skipped_batches': 0, 'finite_grad_batches': 1, 'mean_loss': 5.950438499450684, 'skipped_nonfinite_output': 0, 'skipped_nonfinite_loss': 0, 'skipped_nonfinite_grad': 0}
[2026-03-19 11:09:27] TEST:  Epoch: [5] text	Prec@1 0.000 (0.000)	Prec@5 0.000 (0.000)
[2026-03-19 11:09:27] FedMobile client 4 stats: {'total_batches': 0, 'optimized_batches': 0, 'skipped_batches': 0, 'finite_grad_batches': 0, 'mean_loss': 0.0, 'skipped_nonfinite_output': 0, 'skipped_nonfinite_loss': 0, 'skipped_nonfinite_grad': 0}
[2026-03-19 11:09:27] TEST:  Epoch: [5] text	Prec@1 0.000 (0.000)	Prec@5 0.000 (0.000)
[2026-03-19 11:09:27] Epoch 5
[2026-03-19 11:09:28] FedMobile mm client 0 stats: {'total_batches': 3, 'optimized_batches': 3, 'skipped_batches': 0, 'finite_grad_batches': 3, 'mean_loss': 4192.700927734375, 'skipped_nonfinite_output': 0, 'skipped_nonfinite_loss': 0, 'skipped_nonfinite_grad': 0}
[2026-03-19 11:09:28] Epoch 5
[2026-03-19 11:09:29] FedMobile mm client 1 stats: {'total_batches': 5, 'optimized_batches': 5, 'skipped_batches': 0, 'finite_grad_batches': 5, 'mean_loss': 4227.597216796875, 'skipped_nonfinite_output': 0, 'skipped_nonfinite_loss': 0, 'skipped_nonfinite_grad': 0}
[2026-03-19 11:09:29] Epoch 5
[2026-03-19 11:09:31] FedMobile mm client 2 stats: {'total_batches': 6, 'optimized_batches': 6, 'skipped_batches': 0, 'finite_grad_batches': 6, 'mean_loss': 3840.3446451822915, 'skipped_nonfinite_output': 0, 'skipped_nonfinite_loss': 0, 'skipped_nonfinite_grad': 0}
[2026-03-19 11:09:31] Epoch 5
[2026-03-19 11:09:31] FedMobile mm client 3 stats: {'total_batches': 0, 'optimized_batches': 0, 'skipped_batches': 0, 'finite_grad_batches': 0, 'mean_loss': 0.0, 'skipped_nonfinite_output': 0, 'skipped_nonfinite_loss': 0, 'skipped_nonfinite_grad': 0}
[2026-03-19 11:09:31] Epoch 5
[2026-03-19 11:09:31] FedMobile mm client 4 stats: {'total_batches': 0, 'optimized_batches': 0, 'skipped_batches': 0, 'finite_grad_batches': 0, 'mean_loss': 0.0, 'skipped_nonfinite_output': 0, 'skipped_nonfinite_loss': 0, 'skipped_nonfinite_grad': 0}
[2026-03-19 11:09:53] FedMobile active clients: [0, 1, 2, 3, 4, 5, 6, 7, 8, 10, 11, 12]
[2026-03-19 11:09:53] FedMobile client weights: {10: 0.04578505555749201, 11: 0.06405374604231308, 12: 0.07452537756090778, 7: 0.7303958987673332, 0: 0.016075804688151688, 1: 0.006785349966412838, 2: 0.016639868010542975, 3: 0.012873915828695263, 4: 0.004777948142608551, 5: 0.007498724168260643, 6: 0.014167943450651744, 8: 0.006420367816630241}
[2026-03-19 11:09:54] TEST:  Epoch: [5] image	Prec@1 0.000 (0.000)	Prec@5 0.000 (0.997)
[2026-03-19 11:09:54] TEST:  Epoch: [5] image	Prec@1 12.000 (7.855)	Prec@5 32.000 (27.190)
[2026-03-19 11:09:54] TEST:  Epoch: [5] image	Prec@1 0.000 (0.224)	Prec@5 4.032 (7.960)
[2026-03-19 11:09:54] TEST:  Epoch: [5] image	Prec@1 17.143 (17.143)	Prec@5 29.714 (29.714)
[2026-03-19 11:09:55] TEST:  Epoch: [5] image	Prec@1 0.000 (0.000)	Prec@5 17.742 (17.742)
[2026-03-19 11:09:55] TEST:  Epoch: [5] text	Prec@1 0.000 (0.000)	Prec@5 0.000 (0.000)
[2026-03-19 11:09:55] TEST:  Epoch: [5] text	Prec@1 0.000 (0.000)	Prec@5 0.000 (0.000)
[2026-03-19 11:09:56] TEST:  Epoch: [5] text	Prec@1 60.484 (53.251)	Prec@5 98.387 (98.767)
[2026-03-19 11:09:56] TEST:  Epoch: [5] text	Prec@1 0.000 (0.000)	Prec@5 0.000 (0.000)
[2026-03-19 11:09:56] TEST:  Epoch: [5] text	Prec@1 0.000 (0.000)	Prec@5 0.000 (0.000)
[2026-03-19 11:09:56] Evaluating test...
[2026-03-19 11:10:16] [Eval] Report @step: 5.00 {
    "test__rsum": 351.8272425249169,
    "test__medr": 5.0,
    "test__meanr": 13.448504983388705,
    "test__n_fold_i2t_recall_1": 10.0,
    "test__n_fold_i2t_recall_5": 80.0,
    "test__n_fold_i2t_recall_10": 100.0,
    "test__n_fold_i2t_rsum": 190.0,
    "test__n_fold_i2t_medr": 4.0,
    "test__n_fold_i2t_meanr": 4.0,
    "test__n_fold_t2i_recall_1": 20.0,
    "test__n_fold_t2i_recall_5": 80.0,
    "test__n_fold_t2i_recall_10": 100.0,
    "test__n_fold_t2i_rsum": 200.0,
    "test__n_fold_t2i_medr": 3.0,
    "test__n_fold_t2i_meanr": 3.3,
    "test__i2t_recall_1": 24.916943521594686,
    "test__i2t_recall_5": 68.77076411960132,
    "test__i2t_recall_10": 84.38538205980066,
    "test__i2t_rsum": 178.07308970099666,
    "test__i2t_medr": 2.0,
    "test__i2t_meanr": 6.179401993355482,
    "test__t2i_recall_1": 42.19269102990033,
    "test__t2i_recall_5": 62.12624584717608,
    "test__t2i_recall_10": 69.43521594684385,
    "test__t2i_rsum": 173.75415282392026,
    "test__t2i_medr": 3.0,
    "test__t2i_meanr": 7.269102990033223,
    "lr": 0.0002,
    "summary": "10.0, 80.0, 100.0, 20.0, 80.0, 100.0, 24.916943521594686, 68.77076411960132, 84.38538205980066, 42.19269102990033, 62.12624584717608, 69.43521594684385"
}
[2026-03-19 11:10:16] Evaluating test...
[2026-03-19 11:10:36] [Eval] Report @step: 5.00 {
    "test__rsum": 338.36858006042297,
    "test__medr": 7.0,
    "test__meanr": 16.876132930513595,
    "test__n_fold_i2t_recall_1": 40.0,
    "test__n_fold_i2t_recall_5": 100.0,
    "test__n_fold_i2t_recall_10": 100.0,
    "test__n_fold_i2t_rsum": 240.0,
    "test__n_fold_i2t_medr": 2.0,
    "test__n_fold_i2t_meanr": 2.0,
    "test__n_fold_t2i_recall_1": 50.0,
    "test__n_fold_t2i_recall_5": 90.0,
    "test__n_fold_t2i_recall_10": 100.0,
    "test__n_fold_t2i_rsum": 240.0,
    "test__n_fold_t2i_medr": 1.0,
    "test__n_fold_t2i_meanr": 2.6,
    "test__i2t_recall_1": 19.033232628398792,
    "test__i2t_recall_5": 53.47432024169184,
    "test__i2t_recall_10": 60.120845921450154,
    "test__i2t_rsum": 132.6283987915408,
    "test__i2t_medr": 4.0,
    "test__i2t_meanr": 11.510574018126889,
    "test__t2i_recall_1": 19.939577039274923,
    "test__t2i_recall_5": 92.14501510574019,
    "test__t2i_recall_10": 93.65558912386707,
    "test__t2i_rsum": 205.74018126888217,
    "test__t2i_medr": 3.0,
    "test__t2i_meanr": 5.365558912386707,
    "lr": 0.0002,
    "summary": "40.0, 100.0, 100.0, 50.0, 90.0, 100.0, 19.033232628398792, 53.47432024169184, 60.120845921450154, 19.939577039274923, 92.14501510574019, 93.65558912386707"
}
[2026-03-19 11:10:36] Evaluating test...
[2026-03-19 11:14:10] [Eval] Report @step: 5.00 {
    "test__rsum": 384.9775784753363,
    "test__medr": 4.0,
    "test__meanr": 25.466367713004484,
    "test__n_fold_i2t_recall_1": 20.0,
    "test__n_fold_i2t_recall_5": 100.0,
    "test__n_fold_i2t_recall_10": 100.0,
    "test__n_fold_i2t_rsum": 220.0,
    "test__n_fold_i2t_medr": 3.0,
    "test__n_fold_i2t_meanr": 2.5,
    "test__n_fold_t2i_recall_1": 80.0,
    "test__n_fold_t2i_recall_5": 100.0,
    "test__n_fold_t2i_recall_10": 100.0,
    "test__n_fold_t2i_rsum": 280.0,
    "test__n_fold_t2i_medr": 1.0,
    "test__n_fold_t2i_meanr": 1.4,
    "test__i2t_recall_1": 43.946188340807176,
    "test__i2t_recall_5": 78.1390134529148,
    "test__i2t_recall_10": 89.12556053811659,
    "test__i2t_rsum": 211.21076233183857,
    "test__i2t_medr": 2.0,
    "test__i2t_meanr": 8.711883408071749,
    "test__t2i_recall_1": 43.7219730941704,
    "test__t2i_recall_5": 60.65022421524664,
    "test__t2i_recall_10": 69.39461883408072,
    "test__t2i_rsum": 173.76681614349775,
    "test__t2i_medr": 2.0,
    "test__t2i_meanr": 16.754484304932735,
    "lr": 0.0002,
    "summary": "20.0, 100.0, 100.0, 80.0, 100.0, 100.0, 43.946188340807176, 78.1390134529148, 89.12556053811659, 43.7219730941704, 60.65022421524664, 69.39461883408072"
}
[2026-03-19 11:14:10] Evaluating test...
[2026-03-19 11:14:14] [Eval] Report @step: 5.00 {
    "test__rsum": 335.42857142857144,
    "test__medr": 8.0,
    "test__meanr": 11.868571428571428,
    "test__n_fold_i2t_recall_1": 40.0,
    "test__n_fold_i2t_recall_5": 90.0,
    "test__n_fold_i2t_recall_10": 100.0,
    "test__n_fold_i2t_rsum": 230.0,
    "test__n_fold_i2t_medr": 2.0,
    "test__n_fold_i2t_meanr": 3.1,
    "test__n_fold_t2i_recall_1": 10.0,
    "test__n_fold_t2i_recall_5": 60.0,
    "test__n_fold_t2i_recall_10": 100.0,
    "test__n_fold_t2i_rsum": 170.0,
    "test__n_fold_t2i_medr": 5.0,
    "test__n_fold_t2i_meanr": 4.3,
    "test__i2t_recall_1": 12.571428571428571,
    "test__i2t_recall_5": 55.42857142857143,
    "test__i2t_recall_10": 81.71428571428571,
    "test__i2t_rsum": 149.71428571428572,
    "test__i2t_medr": 5.0,
    "test__i2t_meanr": 7.537142857142857,
    "test__t2i_recall_1": 21.142857142857142,
    "test__t2i_recall_5": 72.57142857142857,
    "test__t2i_recall_10": 92.0,
    "test__t2i_rsum": 185.71428571428572,
    "test__t2i_medr": 3.0,
    "test__t2i_meanr": 4.331428571428571,
    "lr": 0.0002,
    "summary": "40.0, 90.0, 100.0, 10.0, 60.0, 100.0, 12.571428571428571, 55.42857142857143, 81.71428571428571, 21.142857142857142, 72.57142857142857, 92.0"
}
[2026-03-19 11:14:14] Evaluating test...
[2026-03-19 11:14:16] [Eval] Report @step: 5.00 {
    "test__rsum": 414.51612903225805,
    "test__medr": 3.0,
    "test__meanr": 9.709677419354838,
    "test__n_fold_i2t_recall_1": 10.0,
    "test__n_fold_i2t_recall_5": 100.0,
    "test__n_fold_i2t_recall_10": 100.0,
    "test__n_fold_i2t_rsum": 210.0,
    "test__n_fold_i2t_medr": 2.0,
    "test__n_fold_i2t_meanr": 2.3,
    "test__n_fold_t2i_recall_1": 60.0,
    "test__n_fold_t2i_recall_5": 70.0,
    "test__n_fold_t2i_recall_10": 100.0,
    "test__n_fold_t2i_rsum": 230.0,
    "test__n_fold_t2i_medr": 1.0,
    "test__n_fold_t2i_meanr": 3.5,
    "test__i2t_recall_1": 12.903225806451612,
    "test__i2t_recall_5": 88.70967741935483,
    "test__i2t_recall_10": 96.7741935483871,
    "test__i2t_rsum": 198.38709677419354,
    "test__i2t_medr": 2.0,
    "test__i2t_meanr": 3.5161290322580645,
    "test__t2i_recall_1": 53.225806451612904,
    "test__t2i_recall_5": 80.64516129032258,
    "test__t2i_recall_10": 82.25806451612904,
    "test__t2i_rsum": 216.1290322580645,
    "test__t2i_medr": 1.0,
    "test__t2i_meanr": 6.193548387096774,
    "lr": 0.0002,
    "summary": "10.0, 100.0, 100.0, 60.0, 70.0, 100.0, 12.903225806451612, 88.70967741935483, 96.7741935483871, 53.225806451612904, 80.64516129032258, 82.25806451612904"
}
[2026-03-19 11:14:16] Round 6!
[2026-03-19 11:14:16] FedMobile client 0 stats: {'total_batches': 3, 'optimized_batches': 3, 'skipped_batches': 0, 'finite_grad_batches': 3, 'mean_loss': 5.476820786794026, 'skipped_nonfinite_output': 0, 'skipped_nonfinite_loss': 0, 'skipped_nonfinite_grad': 0}
[2026-03-19 11:14:17] TEST:  Epoch: [6] image	Prec@1 0.000 (0.000)	Prec@5 0.000 (2.658)
[2026-03-19 11:14:17] FedMobile client 1 stats: {'total_batches': 1, 'optimized_batches': 1, 'skipped_batches': 0, 'finite_grad_batches': 1, 'mean_loss': 5.868503570556641, 'skipped_nonfinite_output': 0, 'skipped_nonfinite_loss': 0, 'skipped_nonfinite_grad': 0}
[2026-03-19 11:14:17] TEST:  Epoch: [6] image	Prec@1 10.667 (7.553)	Prec@5 30.667 (26.888)
[2026-03-19 11:14:18] FedMobile client 2 stats: {'total_batches': 3, 'optimized_batches': 3, 'skipped_batches': 0, 'finite_grad_batches': 3, 'mean_loss': 4.508264382680257, 'skipped_nonfinite_output': 0, 'skipped_nonfinite_loss': 0, 'skipped_nonfinite_grad': 0}
[2026-03-19 11:14:18] TEST:  Epoch: [6] image	Prec@1 0.000 (0.112)	Prec@5 4.839 (8.408)
[2026-03-19 11:14:19] FedMobile client 3 stats: {'total_batches': 3, 'optimized_batches': 3, 'skipped_batches': 0, 'finite_grad_batches': 3, 'mean_loss': 5.3350826899210615, 'skipped_nonfinite_output': 0, 'skipped_nonfinite_loss': 0, 'skipped_nonfinite_grad': 0}
[2026-03-19 11:14:19] TEST:  Epoch: [6] image	Prec@1 17.714 (17.714)	Prec@5 29.714 (29.714)
[2026-03-19 11:14:19] FedMobile client 4 stats: {'total_batches': 1, 'optimized_batches': 1, 'skipped_batches': 0, 'finite_grad_batches': 1, 'mean_loss': 5.828765869140625, 'skipped_nonfinite_output': 0, 'skipped_nonfinite_loss': 0, 'skipped_nonfinite_grad': 0}
[2026-03-19 11:14:19] TEST:  Epoch: [6] image	Prec@1 0.000 (0.000)	Prec@5 16.129 (16.129)
[2026-03-19 11:14:19] FedMobile client 0 stats: {'total_batches': 1, 'optimized_batches': 1, 'skipped_batches': 0, 'finite_grad_batches': 1, 'mean_loss': 6.551254749298096, 'skipped_nonfinite_output': 0, 'skipped_nonfinite_loss': 0, 'skipped_nonfinite_grad': 0}
[2026-03-19 11:14:20] TEST:  Epoch: [6] text	Prec@1 0.000 (0.000)	Prec@5 0.000 (0.000)
[2026-03-19 11:14:20] FedMobile client 1 stats: {'total_batches': 3, 'optimized_batches': 3, 'skipped_batches': 0, 'finite_grad_batches': 3, 'mean_loss': 6.088075478871663, 'skipped_nonfinite_output': 0, 'skipped_nonfinite_loss': 0, 'skipped_nonfinite_grad': 0}
[2026-03-19 11:14:20] TEST:  Epoch: [6] text	Prec@1 0.000 (0.000)	Prec@5 0.000 (0.000)
[2026-03-19 11:14:22] FedMobile client 2 stats: {'total_batches': 17, 'optimized_batches': 17, 'skipped_batches': 0, 'finite_grad_batches': 17, 'mean_loss': 2.444970537634457, 'skipped_nonfinite_output': 0, 'skipped_nonfinite_loss': 0, 'skipped_nonfinite_grad': 0}
[2026-03-19 11:14:23] TEST:  Epoch: [6] text	Prec@1 60.484 (53.251)	Prec@5 98.387 (98.767)
[2026-03-19 11:14:23] FedMobile client 3 stats: {'total_batches': 1, 'optimized_batches': 1, 'skipped_batches': 0, 'finite_grad_batches': 1, 'mean_loss': 6.342656135559082, 'skipped_nonfinite_output': 0, 'skipped_nonfinite_loss': 0, 'skipped_nonfinite_grad': 0}
[2026-03-19 11:14:23] TEST:  Epoch: [6] text	Prec@1 0.000 (0.000)	Prec@5 0.000 (0.000)
[2026-03-19 11:14:23] FedMobile client 4 stats: {'total_batches': 0, 'optimized_batches': 0, 'skipped_batches': 0, 'finite_grad_batches': 0, 'mean_loss': 0.0, 'skipped_nonfinite_output': 0, 'skipped_nonfinite_loss': 0, 'skipped_nonfinite_grad': 0}
[2026-03-19 11:14:23] TEST:  Epoch: [6] text	Prec@1 0.000 (0.000)	Prec@5 0.000 (0.000)
[2026-03-19 11:14:24] Epoch 6
[2026-03-19 11:14:24] FedMobile mm client 0 stats: {'total_batches': 3, 'optimized_batches': 3, 'skipped_batches': 0, 'finite_grad_batches': 3, 'mean_loss': 3723.3557942708335, 'skipped_nonfinite_output': 0, 'skipped_nonfinite_loss': 0, 'skipped_nonfinite_grad': 0}
[2026-03-19 11:14:25] Epoch 6
[2026-03-19 11:14:26] FedMobile mm client 1 stats: {'total_batches': 5, 'optimized_batches': 5, 'skipped_batches': 0, 'finite_grad_batches': 5, 'mean_loss': 3728.159521484375, 'skipped_nonfinite_output': 0, 'skipped_nonfinite_loss': 0, 'skipped_nonfinite_grad': 0}
[2026-03-19 11:14:26] Epoch 6
[2026-03-19 11:14:27] FedMobile mm client 2 stats: {'total_batches': 6, 'optimized_batches': 6, 'skipped_batches': 0, 'finite_grad_batches': 6, 'mean_loss': 3939.8875325520835, 'skipped_nonfinite_output': 0, 'skipped_nonfinite_loss': 0, 'skipped_nonfinite_grad': 0}
[2026-03-19 11:14:28] Epoch 6
[2026-03-19 11:14:28] FedMobile mm client 3 stats: {'total_batches': 0, 'optimized_batches': 0, 'skipped_batches': 0, 'finite_grad_batches': 0, 'mean_loss': 0.0, 'skipped_nonfinite_output': 0, 'skipped_nonfinite_loss': 0, 'skipped_nonfinite_grad': 0}
[2026-03-19 11:14:28] Epoch 6
[2026-03-19 11:14:28] FedMobile mm client 4 stats: {'total_batches': 0, 'optimized_batches': 0, 'skipped_batches': 0, 'finite_grad_batches': 0, 'mean_loss': 0.0, 'skipped_nonfinite_output': 0, 'skipped_nonfinite_loss': 0, 'skipped_nonfinite_grad': 0}
[2026-03-19 11:14:51] FedMobile active clients: [0, 1, 2, 3, 4, 5, 6, 7, 8, 10, 11, 12]
[2026-03-19 11:14:51] FedMobile client weights: {10: 0.04953038037934033, 11: 0.06929349255050285, 12: 0.08062172806300544, 7: 0.7000017777513112, 0: 0.01896369988262152, 1: 0.00800428612176698, 2: 0.01962909286095912, 3: 0.015186616211469868, 4: 0.005636269934153765, 5: 0.00884581253554688, 6: 0.016713105985303175, 8: 0.007573737724019121}
[2026-03-19 11:14:51] TEST:  Epoch: [6] image	Prec@1 0.000 (0.000)	Prec@5 0.000 (2.658)
[2026-03-19 11:14:51] TEST:  Epoch: [6] image	Prec@1 10.667 (7.553)	Prec@5 30.667 (26.888)
[2026-03-19 11:14:52] TEST:  Epoch: [6] image	Prec@1 0.000 (0.112)	Prec@5 4.839 (8.408)
[2026-03-19 11:14:52] TEST:  Epoch: [6] image	Prec@1 17.714 (17.714)	Prec@5 29.714 (29.714)
[2026-03-19 11:14:52] TEST:  Epoch: [6] image	Prec@1 0.000 (0.000)	Prec@5 16.129 (16.129)
[2026-03-19 11:14:52] TEST:  Epoch: [6] text	Prec@1 0.000 (0.000)	Prec@5 0.000 (0.000)
[2026-03-19 11:14:53] TEST:  Epoch: [6] text	Prec@1 0.000 (0.000)	Prec@5 0.000 (0.000)
[2026-03-19 11:14:53] TEST:  Epoch: [6] text	Prec@1 60.484 (53.251)	Prec@5 98.387 (98.767)
[2026-03-19 11:14:53] TEST:  Epoch: [6] text	Prec@1 0.000 (0.000)	Prec@5 0.000 (0.000)
[2026-03-19 11:14:53] TEST:  Epoch: [6] text	Prec@1 0.000 (0.000)	Prec@5 0.000 (0.000)
[2026-03-19 11:14:53] Evaluating test...
[2026-03-19 11:15:12] [Eval] Report @step: 6.00 {
    "test__rsum": 360.13289036544853,
    "test__medr": 5.0,
    "test__meanr": 13.12624584717608,
    "test__n_fold_i2t_recall_1": 10.0,
    "test__n_fold_i2t_recall_5": 80.0,
    "test__n_fold_i2t_recall_10": 100.0,
    "test__n_fold_i2t_rsum": 190.0,
    "test__n_fold_i2t_medr": 4.0,
    "test__n_fold_i2t_meanr": 4.0,
    "test__n_fold_t2i_recall_1": 10.0,
    "test__n_fold_t2i_recall_5": 70.0,
    "test__n_fold_t2i_recall_10": 100.0,
    "test__n_fold_t2i_rsum": 180.0,
    "test__n_fold_t2i_medr": 3.0,
    "test__n_fold_t2i_meanr": 3.5,
    "test__i2t_recall_1": 26.910299003322258,
    "test__i2t_recall_5": 74.08637873754152,
    "test__i2t_recall_10": 85.71428571428571,
    "test__i2t_rsum": 186.7109634551495,
    "test__i2t_medr": 2.0,
    "test__i2t_meanr": 5.780730897009967,
    "test__t2i_recall_1": 42.19269102990033,
    "test__t2i_recall_5": 60.79734219269103,
    "test__t2i_recall_10": 70.43189368770764,
    "test__t2i_rsum": 173.42192691029902,
    "test__t2i_medr": 3.0,
    "test__t2i_meanr": 7.3455149501661126,
    "lr": 0.0002,
    "summary": "10.0, 80.0, 100.0, 10.0, 70.0, 100.0, 26.910299003322258, 74.08637873754152, 85.71428571428571, 42.19269102990033, 60.79734219269103, 70.43189368770764"
}
[2026-03-19 11:15:12] Evaluating test...
[2026-03-19 11:15:33] [Eval] Report @step: 6.00 {
    "test__rsum": 336.2537764350453,
    "test__medr": 7.0,
    "test__meanr": 17.078549848942597,
    "test__n_fold_i2t_recall_1": 40.0,
    "test__n_fold_i2t_recall_5": 100.0,
    "test__n_fold_i2t_recall_10": 100.0,
    "test__n_fold_i2t_rsum": 240.0,
    "test__n_fold_i2t_medr": 2.0,
    "test__n_fold_i2t_meanr": 2.0,
    "test__n_fold_t2i_recall_1": 50.0,
    "test__n_fold_t2i_recall_5": 90.0,
    "test__n_fold_t2i_recall_10": 100.0,
    "test__n_fold_t2i_rsum": 240.0,
    "test__n_fold_t2i_medr": 1.0,
    "test__n_fold_t2i_meanr": 2.7,
    "test__i2t_recall_1": 19.033232628398792,
    "test__i2t_recall_5": 53.47432024169184,
    "test__i2t_recall_10": 59.516616314199396,
    "test__i2t_rsum": 132.02416918429003,
    "test__i2t_medr": 4.0,
    "test__i2t_meanr": 11.658610271903322,
    "test__t2i_recall_1": 19.033232628398792,
    "test__t2i_recall_5": 91.54078549848943,
    "test__t2i_recall_10": 93.65558912386707,
    "test__t2i_rsum": 204.2296072507553,
    "test__t2i_medr": 3.0,
    "test__t2i_meanr": 5.419939577039275,
    "lr": 0.0002,
    "summary": "40.0, 100.0, 100.0, 50.0, 90.0, 100.0, 19.033232628398792, 53.47432024169184, 59.516616314199396, 19.033232628398792, 91.54078549848943, 93.65558912386707"
}
[2026-03-19 11:15:33] Evaluating test...
[2026-03-19 11:19:06] [Eval] Report @step: 6.00 {
    "test__rsum": 379.1479820627802,
    "test__medr": 4.0,
    "test__meanr": 24.932735426008968,
    "test__n_fold_i2t_recall_1": 20.0,
    "test__n_fold_i2t_recall_5": 100.0,
    "test__n_fold_i2t_recall_10": 100.0,
    "test__n_fold_i2t_rsum": 220.0,
    "test__n_fold_i2t_medr": 3.0,
    "test__n_fold_i2t_meanr": 2.5,
    "test__n_fold_t2i_recall_1": 80.0,
    "test__n_fold_t2i_recall_5": 100.0,
    "test__n_fold_t2i_recall_10": 100.0,
    "test__n_fold_t2i_rsum": 280.0,
    "test__n_fold_t2i_medr": 1.0,
    "test__n_fold_t2i_meanr": 1.4,
    "test__i2t_recall_1": 36.54708520179372,
    "test__i2t_recall_5": 79.14798206278027,
    "test__i2t_recall_10": 88.90134529147981,
    "test__i2t_rsum": 204.5964125560538,
    "test__i2t_medr": 2.0,
    "test__i2t_meanr": 8.553811659192824,
    "test__t2i_recall_1": 44.955156950672645,
    "test__t2i_recall_5": 60.65022421524664,
    "test__t2i_recall_10": 68.94618834080717,
    "test__t2i_rsum": 174.55156950672645,
    "test__t2i_medr": 2.0,
    "test__t2i_meanr": 16.378923766816143,
    "lr": 0.0002,
    "summary": "20.0, 100.0, 100.0, 80.0, 100.0, 100.0, 36.54708520179372, 79.14798206278027, 88.90134529147981, 44.955156950672645, 60.65022421524664, 68.94618834080717"
}
[2026-03-19 11:19:06] Evaluating test...
[2026-03-19 11:19:10] [Eval] Report @step: 6.00 {
    "test__rsum": 337.1428571428571,
    "test__medr": 8.0,
    "test__meanr": 11.982857142857142,
    "test__n_fold_i2t_recall_1": 40.0,
    "test__n_fold_i2t_recall_5": 90.0,
    "test__n_fold_i2t_recall_10": 100.0,
    "test__n_fold_i2t_rsum": 230.0,
    "test__n_fold_i2t_medr": 2.0,
    "test__n_fold_i2t_meanr": 3.1,
    "test__n_fold_t2i_recall_1": 10.0,
    "test__n_fold_t2i_recall_5": 60.0,
    "test__n_fold_t2i_recall_10": 100.0,
    "test__n_fold_t2i_rsum": 170.0,
    "test__n_fold_t2i_medr": 5.0,
    "test__n_fold_t2i_meanr": 4.3,
    "test__i2t_recall_1": 12.571428571428571,
    "test__i2t_recall_5": 52.57142857142857,
    "test__i2t_recall_10": 81.71428571428571,
    "test__i2t_rsum": 146.85714285714283,
    "test__i2t_medr": 5.0,
    "test__i2t_meanr": 7.725714285714286,
    "test__t2i_recall_1": 25.142857142857142,
    "test__t2i_recall_5": 72.57142857142857,
    "test__t2i_recall_10": 92.57142857142857,
    "test__t2i_rsum": 190.28571428571428,
    "test__t2i_medr": 3.0,
    "test__t2i_meanr": 4.257142857142857,
    "lr": 0.0002,
    "summary": "40.0, 90.0, 100.0, 10.0, 60.0, 100.0, 12.571428571428571, 52.57142857142857, 81.71428571428571, 25.142857142857142, 72.57142857142857, 92.57142857142857"
}
[2026-03-19 11:19:10] Evaluating test...
[2026-03-19 11:19:12] [Eval] Report @step: 6.00 {
    "test__rsum": 416.1290322580645,
    "test__medr": 3.0,
    "test__meanr": 9.903225806451612,
    "test__n_fold_i2t_recall_1": 20.0,
    "test__n_fold_i2t_recall_5": 100.0,
    "test__n_fold_i2t_recall_10": 100.0,
    "test__n_fold_i2t_rsum": 220.0,
    "test__n_fold_i2t_medr": 2.0,
    "test__n_fold_i2t_meanr": 2.3,
    "test__n_fold_t2i_recall_1": 60.0,
    "test__n_fold_t2i_recall_5": 70.0,
    "test__n_fold_t2i_recall_10": 100.0,
    "test__n_fold_t2i_rsum": 230.0,
    "test__n_fold_t2i_medr": 1.0,
    "test__n_fold_t2i_meanr": 3.5,
    "test__i2t_recall_1": 12.903225806451612,
    "test__i2t_recall_5": 88.70967741935483,
    "test__i2t_recall_10": 96.7741935483871,
    "test__i2t_rsum": 198.38709677419354,
    "test__i2t_medr": 2.0,
    "test__i2t_meanr": 3.6774193548387095,
    "test__t2i_recall_1": 54.83870967741935,
    "test__t2i_recall_5": 80.64516129032258,
    "test__t2i_recall_10": 82.25806451612904,
    "test__t2i_rsum": 217.74193548387098,
    "test__t2i_medr": 1.0,
    "test__t2i_meanr": 6.225806451612903,
    "lr": 0.0002,
    "summary": "20.0, 100.0, 100.0, 60.0, 70.0, 100.0, 12.903225806451612, 88.70967741935483, 96.7741935483871, 54.83870967741935, 80.64516129032258, 82.25806451612904"
}
[2026-03-19 11:19:12] Round 7!
[2026-03-19 11:19:12] FedMobile client 0 stats: {'total_batches': 3, 'optimized_batches': 3, 'skipped_batches': 0, 'finite_grad_batches': 3, 'mean_loss': 5.358274777730306, 'skipped_nonfinite_output': 0, 'skipped_nonfinite_loss': 0, 'skipped_nonfinite_grad': 0}
[2026-03-19 11:19:12] TEST:  Epoch: [7] image	Prec@1 0.000 (0.000)	Prec@5 0.000 (3.322)
[2026-03-19 11:19:13] FedMobile client 1 stats: {'total_batches': 1, 'optimized_batches': 1, 'skipped_batches': 0, 'finite_grad_batches': 1, 'mean_loss': 5.779781341552734, 'skipped_nonfinite_output': 0, 'skipped_nonfinite_loss': 0, 'skipped_nonfinite_grad': 0}
[2026-03-19 11:19:13] TEST:  Epoch: [7] image	Prec@1 9.333 (6.949)	Prec@5 30.667 (26.888)
[2026-03-19 11:19:13] FedMobile client 2 stats: {'total_batches': 3, 'optimized_batches': 3, 'skipped_batches': 0, 'finite_grad_batches': 3, 'mean_loss': 4.406615257263184, 'skipped_nonfinite_output': 0, 'skipped_nonfinite_loss': 0, 'skipped_nonfinite_grad': 0}
[2026-03-19 11:19:14] TEST:  Epoch: [7] image	Prec@1 0.000 (0.112)	Prec@5 4.839 (8.744)
[2026-03-19 11:19:15] FedMobile client 3 stats: {'total_batches': 3, 'optimized_batches': 3, 'skipped_batches': 0, 'finite_grad_batches': 3, 'mean_loss': 5.239442189534505, 'skipped_nonfinite_output': 0, 'skipped_nonfinite_loss': 0, 'skipped_nonfinite_grad': 0}
[2026-03-19 11:19:15] TEST:  Epoch: [7] image	Prec@1 19.429 (19.429)	Prec@5 30.286 (30.286)
[2026-03-19 11:19:15] FedMobile client 4 stats: {'total_batches': 1, 'optimized_batches': 1, 'skipped_batches': 0, 'finite_grad_batches': 1, 'mean_loss': 5.731221675872803, 'skipped_nonfinite_output': 0, 'skipped_nonfinite_loss': 0, 'skipped_nonfinite_grad': 0}
[2026-03-19 11:19:15] TEST:  Epoch: [7] image	Prec@1 0.000 (0.000)	Prec@5 14.516 (14.516)
[2026-03-19 11:19:15] FedMobile client 0 stats: {'total_batches': 1, 'optimized_batches': 1, 'skipped_batches': 0, 'finite_grad_batches': 1, 'mean_loss': 6.816686153411865, 'skipped_nonfinite_output': 0, 'skipped_nonfinite_loss': 0, 'skipped_nonfinite_grad': 0}
[2026-03-19 11:19:16] TEST:  Epoch: [7] text	Prec@1 0.000 (0.000)	Prec@5 0.000 (0.000)
[2026-03-19 11:19:16] FedMobile client 1 stats: {'total_batches': 3, 'optimized_batches': 3, 'skipped_batches': 0, 'finite_grad_batches': 3, 'mean_loss': 6.326639811197917, 'skipped_nonfinite_output': 0, 'skipped_nonfinite_loss': 0, 'skipped_nonfinite_grad': 0}
[2026-03-19 11:19:16] TEST:  Epoch: [7] text	Prec@1 0.000 (0.000)	Prec@5 0.000 (0.000)
[2026-03-19 11:19:18] FedMobile client 2 stats: {'total_batches': 17, 'optimized_batches': 17, 'skipped_batches': 0, 'finite_grad_batches': 17, 'mean_loss': 2.2295033160377953, 'skipped_nonfinite_output': 0, 'skipped_nonfinite_loss': 0, 'skipped_nonfinite_grad': 0}
[2026-03-19 11:19:19] TEST:  Epoch: [7] text	Prec@1 60.484 (53.251)	Prec@5 98.387 (98.767)
[2026-03-19 11:19:19] FedMobile client 3 stats: {'total_batches': 1, 'optimized_batches': 1, 'skipped_batches': 0, 'finite_grad_batches': 1, 'mean_loss': 6.641059398651123, 'skipped_nonfinite_output': 0, 'skipped_nonfinite_loss': 0, 'skipped_nonfinite_grad': 0}
[2026-03-19 11:19:19] TEST:  Epoch: [7] text	Prec@1 0.000 (0.000)	Prec@5 0.000 (0.000)
[2026-03-19 11:19:19] FedMobile client 4 stats: {'total_batches': 0, 'optimized_batches': 0, 'skipped_batches': 0, 'finite_grad_batches': 0, 'mean_loss': 0.0, 'skipped_nonfinite_output': 0, 'skipped_nonfinite_loss': 0, 'skipped_nonfinite_grad': 0}
[2026-03-19 11:19:20] TEST:  Epoch: [7] text	Prec@1 0.000 (0.000)	Prec@5 0.000 (0.000)
[2026-03-19 11:19:20] Epoch 7
[2026-03-19 11:19:21] FedMobile mm client 0 stats: {'total_batches': 3, 'optimized_batches': 3, 'skipped_batches': 0, 'finite_grad_batches': 3, 'mean_loss': 4176.62646484375, 'skipped_nonfinite_output': 0, 'skipped_nonfinite_loss': 0, 'skipped_nonfinite_grad': 0}
[2026-03-19 11:19:21] Epoch 7
[2026-03-19 11:19:22] FedMobile mm client 1 stats: {'total_batches': 5, 'optimized_batches': 5, 'skipped_batches': 0, 'finite_grad_batches': 5, 'mean_loss': 3649.06962890625, 'skipped_nonfinite_output': 0, 'skipped_nonfinite_loss': 0, 'skipped_nonfinite_grad': 0}
[2026-03-19 11:19:22] Epoch 7
[2026-03-19 11:19:24] FedMobile mm client 2 stats: {'total_batches': 6, 'optimized_batches': 6, 'skipped_batches': 0, 'finite_grad_batches': 6, 'mean_loss': 3530.9391276041665, 'skipped_nonfinite_output': 0, 'skipped_nonfinite_loss': 0, 'skipped_nonfinite_grad': 0}
[2026-03-19 11:19:24] Epoch 7
[2026-03-19 11:19:24] FedMobile mm client 3 stats: {'total_batches': 0, 'optimized_batches': 0, 'skipped_batches': 0, 'finite_grad_batches': 0, 'mean_loss': 0.0, 'skipped_nonfinite_output': 0, 'skipped_nonfinite_loss': 0, 'skipped_nonfinite_grad': 0}
[2026-03-19 11:19:24] Epoch 7
[2026-03-19 11:19:24] FedMobile mm client 4 stats: {'total_batches': 0, 'optimized_batches': 0, 'skipped_batches': 0, 'finite_grad_batches': 0, 'mean_loss': 0.0, 'skipped_nonfinite_output': 0, 'skipped_nonfinite_loss': 0, 'skipped_nonfinite_grad': 0}
[2026-03-19 11:19:48] FedMobile active clients: [0, 1, 2, 3, 4, 5, 6, 7, 8, 10, 11, 12]
[2026-03-19 11:19:48] FedMobile client weights: {10: 0.050780953678289706, 11: 0.07104305697764689, 12: 0.08265731470010722, 7: 0.6995850462887073, 0: 0.018092581914409538, 1: 0.0076366006222843156, 2: 0.018727409350002857, 3: 0.014489002647659238, 4: 0.005377361807378686, 5: 0.008439470614358215, 6: 0.015945371470490965, 8: 0.00722582992866511}
[2026-03-19 11:19:48] TEST:  Epoch: [7] image	Prec@1 0.000 (0.000)	Prec@5 0.000 (3.322)
[2026-03-19 11:19:48] TEST:  Epoch: [7] image	Prec@1 9.333 (6.949)	Prec@5 30.667 (26.888)
[2026-03-19 11:19:49] TEST:  Epoch: [7] image	Prec@1 0.000 (0.112)	Prec@5 4.839 (8.744)
[2026-03-19 11:19:49] TEST:  Epoch: [7] image	Prec@1 19.429 (19.429)	Prec@5 30.286 (30.286)
[2026-03-19 11:19:49] TEST:  Epoch: [7] image	Prec@1 0.000 (0.000)	Prec@5 14.516 (14.516)
[2026-03-19 11:19:49] TEST:  Epoch: [7] text	Prec@1 0.000 (0.000)	Prec@5 0.000 (0.000)
[2026-03-19 11:19:50] TEST:  Epoch: [7] text	Prec@1 0.000 (0.000)	Prec@5 0.000 (0.000)
[2026-03-19 11:19:50] TEST:  Epoch: [7] text	Prec@1 60.484 (53.251)	Prec@5 98.387 (98.767)
[2026-03-19 11:19:50] TEST:  Epoch: [7] text	Prec@1 0.000 (0.000)	Prec@5 0.000 (0.000)
[2026-03-19 11:19:50] TEST:  Epoch: [7] text	Prec@1 0.000 (0.000)	Prec@5 0.000 (0.000)
[2026-03-19 11:19:50] Evaluating test...
[2026-03-19 11:20:10] [Eval] Report @step: 7.00 {
    "test__rsum": 364.4518272425249,
    "test__medr": 5.0,
    "test__meanr": 12.853820598006644,
    "test__n_fold_i2t_recall_1": 10.0,
    "test__n_fold_i2t_recall_5": 90.0,
    "test__n_fold_i2t_recall_10": 100.0,
    "test__n_fold_i2t_rsum": 200.0,
    "test__n_fold_i2t_medr": 4.0,
    "test__n_fold_i2t_meanr": 3.8,
    "test__n_fold_t2i_recall_1": 10.0,
    "test__n_fold_t2i_recall_5": 80.0,
    "test__n_fold_t2i_recall_10": 100.0,
    "test__n_fold_t2i_rsum": 190.0,
    "test__n_fold_t2i_medr": 3.0,
    "test__n_fold_t2i_meanr": 3.4,
    "test__i2t_recall_1": 26.578073089700997,
    "test__i2t_recall_5": 76.41196013289037,
    "test__i2t_recall_10": 85.71428571428571,
    "test__i2t_rsum": 188.7043189368771,
    "test__i2t_medr": 2.0,
    "test__i2t_meanr": 5.59468438538206,
    "test__t2i_recall_1": 41.19601328903654,
    "test__t2i_recall_5": 61.461794019933556,
    "test__t2i_recall_10": 73.08970099667773,
    "test__t2i_rsum": 175.74750830564784,
    "test__t2i_medr": 3.0,
    "test__t2i_meanr": 7.259136212624584,
    "lr": 0.0002,
    "summary": "10.0, 90.0, 100.0, 10.0, 80.0, 100.0, 26.578073089700997, 76.41196013289037, 85.71428571428571, 41.19601328903654, 61.461794019933556, 73.08970099667773"
}
[2026-03-19 11:20:10] Evaluating test...
[2026-03-19 11:20:31] [Eval] Report @step: 7.00 {
    "test__rsum": 333.8368580060423,
    "test__medr": 7.0,
    "test__meanr": 17.326283987915406,
    "test__n_fold_i2t_recall_1": 40.0,
    "test__n_fold_i2t_recall_5": 100.0,
    "test__n_fold_i2t_recall_10": 100.0,
    "test__n_fold_i2t_rsum": 240.0,
    "test__n_fold_i2t_medr": 2.0,
    "test__n_fold_i2t_meanr": 2.0,
    "test__n_fold_t2i_recall_1": 50.0,
    "test__n_fold_t2i_recall_5": 90.0,
    "test__n_fold_t2i_recall_10": 100.0,
    "test__n_fold_t2i_rsum": 240.0,
    "test__n_fold_t2i_medr": 1.0,
    "test__n_fold_t2i_meanr": 2.7,
    "test__i2t_recall_1": 19.033232628398792,
    "test__i2t_recall_5": 54.0785498489426,
    "test__i2t_recall_10": 59.516616314199396,
    "test__i2t_rsum": 132.6283987915408,
    "test__i2t_medr": 4.0,
    "test__i2t_meanr": 11.915407854984894,
    "test__t2i_recall_1": 17.220543806646525,
    "test__t2i_recall_5": 90.33232628398791,
    "test__t2i_recall_10": 93.65558912386707,
    "test__t2i_rsum": 201.2084592145015,
    "test__t2i_medr": 3.0,
    "test__t2i_meanr": 5.410876132930514,
    "lr": 0.0002,
    "summary": "40.0, 100.0, 100.0, 50.0, 90.0, 100.0, 19.033232628398792, 54.0785498489426, 59.516616314199396, 17.220543806646525, 90.33232628398791, 93.65558912386707"
}
[2026-03-19 11:20:31] Evaluating test...
[2026-03-19 11:23:56] [Eval] Report @step: 7.00 {
    "test__rsum": 369.95515695067263,
    "test__medr": 4.0,
    "test__meanr": 24.728699551569505,
    "test__n_fold_i2t_recall_1": 20.0,
    "test__n_fold_i2t_recall_5": 100.0,
    "test__n_fold_i2t_recall_10": 100.0,
    "test__n_fold_i2t_rsum": 220.0,
    "test__n_fold_i2t_medr": 3.0,
    "test__n_fold_i2t_meanr": 2.5,
    "test__n_fold_t2i_recall_1": 80.0,
    "test__n_fold_t2i_recall_5": 100.0,
    "test__n_fold_t2i_recall_10": 100.0,
    "test__n_fold_t2i_rsum": 280.0,
    "test__n_fold_t2i_medr": 1.0,
    "test__n_fold_t2i_meanr": 1.4,
    "test__i2t_recall_1": 24.103139013452914,
    "test__i2t_recall_5": 80.94170403587444,
    "test__i2t_recall_10": 88.56502242152466,
    "test__i2t_rsum": 193.60986547085201,
    "test__i2t_medr": 2.0,
    "test__i2t_meanr": 8.475336322869955,
    "test__t2i_recall_1": 46.412556053811656,
    "test__t2i_recall_5": 60.65022421524664,
    "test__t2i_recall_10": 69.28251121076234,
    "test__t2i_rsum": 176.34529147982062,
    "test__t2i_medr": 2.0,
    "test__t2i_meanr": 16.253363228699552,
    "lr": 0.0002,
    "summary": "20.0, 100.0, 100.0, 80.0, 100.0, 100.0, 24.103139013452914, 80.94170403587444, 88.56502242152466, 46.412556053811656, 60.65022421524664, 69.28251121076234"
}
[2026-03-19 11:23:56] Evaluating test...
[2026-03-19 11:24:01] [Eval] Report @step: 7.00 {
    "test__rsum": 329.1428571428571,
    "test__medr": 8.0,
    "test__meanr": 12.354285714285714,
    "test__n_fold_i2t_recall_1": 40.0,
    "test__n_fold_i2t_recall_5": 90.0,
    "test__n_fold_i2t_recall_10": 100.0,
    "test__n_fold_i2t_rsum": 230.0,
    "test__n_fold_i2t_medr": 2.0,
    "test__n_fold_i2t_meanr": 3.1,
    "test__n_fold_t2i_recall_1": 10.0,
    "test__n_fold_t2i_recall_5": 60.0,
    "test__n_fold_t2i_recall_10": 100.0,
    "test__n_fold_t2i_rsum": 170.0,
    "test__n_fold_t2i_medr": 5.0,
    "test__n_fold_t2i_meanr": 4.3,
    "test__i2t_recall_1": 11.428571428571429,
    "test__i2t_recall_5": 54.857142857142854,
    "test__i2t_recall_10": 76.57142857142857,
    "test__i2t_rsum": 142.85714285714283,
    "test__i2t_medr": 5.0,
    "test__i2t_meanr": 8.028571428571428,
    "test__t2i_recall_1": 21.714285714285715,
    "test__t2i_recall_5": 72.0,
    "test__t2i_recall_10": 92.57142857142857,
    "test__t2i_rsum": 186.28571428571428,
    "test__t2i_medr": 3.0,
    "test__t2i_meanr": 4.325714285714286,
    "lr": 0.0002,
    "summary": "40.0, 90.0, 100.0, 10.0, 60.0, 100.0, 11.428571428571429, 54.857142857142854, 76.57142857142857, 21.714285714285715, 72.0, 92.57142857142857"
}
[2026-03-19 11:24:01] Evaluating test...
[2026-03-19 11:24:02] [Eval] Report @step: 7.00 {
    "test__rsum": 412.9032258064516,
    "test__medr": 3.0,
    "test__meanr": 10.03225806451613,
    "test__n_fold_i2t_recall_1": 30.0,
    "test__n_fold_i2t_recall_5": 100.0,
    "test__n_fold_i2t_recall_10": 100.0,
    "test__n_fold_i2t_rsum": 230.0,
    "test__n_fold_i2t_medr": 2.0,
    "test__n_fold_i2t_meanr": 2.0,
    "test__n_fold_t2i_recall_1": 60.0,
    "test__n_fold_t2i_recall_5": 70.0,
    "test__n_fold_t2i_recall_10": 100.0,
    "test__n_fold_t2i_rsum": 230.0,
    "test__n_fold_t2i_medr": 1.0,
    "test__n_fold_t2i_meanr": 3.5,
    "test__i2t_recall_1": 12.903225806451612,
    "test__i2t_recall_5": 88.70967741935483,
    "test__i2t_recall_10": 96.7741935483871,
    "test__i2t_rsum": 198.38709677419354,
    "test__i2t_medr": 2.0,
    "test__i2t_meanr": 3.7903225806451615,
    "test__t2i_recall_1": 54.83870967741935,
    "test__t2i_recall_5": 77.41935483870968,
    "test__t2i_recall_10": 82.25806451612904,
    "test__t2i_rsum": 214.51612903225805,
    "test__t2i_medr": 1.0,
    "test__t2i_meanr": 6.241935483870968,
    "lr": 0.0002,
    "summary": "30.0, 100.0, 100.0, 60.0, 70.0, 100.0, 12.903225806451612, 88.70967741935483, 96.7741935483871, 54.83870967741935, 77.41935483870968, 82.25806451612904"
}
[2026-03-19 11:24:03] Round 8!
[2026-03-19 11:24:03] FedMobile client 0 stats: {'total_batches': 3, 'optimized_batches': 3, 'skipped_batches': 0, 'finite_grad_batches': 3, 'mean_loss': 5.2881285349528, 'skipped_nonfinite_output': 0, 'skipped_nonfinite_loss': 0, 'skipped_nonfinite_grad': 0}
[2026-03-19 11:24:03] TEST:  Epoch: [8] image	Prec@1 0.000 (0.000)	Prec@5 2.222 (4.319)
[2026-03-19 11:24:03] FedMobile client 1 stats: {'total_batches': 1, 'optimized_batches': 1, 'skipped_batches': 0, 'finite_grad_batches': 1, 'mean_loss': 5.77105712890625, 'skipped_nonfinite_output': 0, 'skipped_nonfinite_loss': 0, 'skipped_nonfinite_grad': 0}
[2026-03-19 11:24:03] TEST:  Epoch: [8] image	Prec@1 8.000 (6.647)	Prec@5 30.667 (26.888)
[2026-03-19 11:24:04] FedMobile client 2 stats: {'total_batches': 3, 'optimized_batches': 3, 'skipped_batches': 0, 'finite_grad_batches': 3, 'mean_loss': 4.265037377675374, 'skipped_nonfinite_output': 0, 'skipped_nonfinite_loss': 0, 'skipped_nonfinite_grad': 0}
[2026-03-19 11:24:05] TEST:  Epoch: [8] image	Prec@1 0.000 (0.112)	Prec@5 7.258 (10.987)
[2026-03-19 11:24:05] FedMobile client 3 stats: {'total_batches': 3, 'optimized_batches': 3, 'skipped_batches': 0, 'finite_grad_batches': 3, 'mean_loss': 5.160834789276123, 'skipped_nonfinite_output': 0, 'skipped_nonfinite_loss': 0, 'skipped_nonfinite_grad': 0}
[2026-03-19 11:24:05] TEST:  Epoch: [8] image	Prec@1 18.857 (18.857)	Prec@5 36.571 (36.571)
[2026-03-19 11:24:05] FedMobile client 4 stats: {'total_batches': 1, 'optimized_batches': 1, 'skipped_batches': 0, 'finite_grad_batches': 1, 'mean_loss': 5.688486576080322, 'skipped_nonfinite_output': 0, 'skipped_nonfinite_loss': 0, 'skipped_nonfinite_grad': 0}
[2026-03-19 11:24:05] TEST:  Epoch: [8] image	Prec@1 0.000 (0.000)	Prec@5 14.516 (14.516)
[2026-03-19 11:24:06] FedMobile client 0 stats: {'total_batches': 1, 'optimized_batches': 1, 'skipped_batches': 0, 'finite_grad_batches': 1, 'mean_loss': 7.122954845428467, 'skipped_nonfinite_output': 0, 'skipped_nonfinite_loss': 0, 'skipped_nonfinite_grad': 0}
[2026-03-19 11:24:06] TEST:  Epoch: [8] text	Prec@1 0.000 (0.000)	Prec@5 0.000 (0.000)
[2026-03-19 11:24:06] FedMobile client 1 stats: {'total_batches': 3, 'optimized_batches': 3, 'skipped_batches': 0, 'finite_grad_batches': 3, 'mean_loss': 6.568373680114746, 'skipped_nonfinite_output': 0, 'skipped_nonfinite_loss': 0, 'skipped_nonfinite_grad': 0}
[2026-03-19 11:24:07] TEST:  Epoch: [8] text	Prec@1 0.000 (0.000)	Prec@5 0.000 (0.000)
[2026-03-19 11:24:08] FedMobile client 2 stats: {'total_batches': 17, 'optimized_batches': 17, 'skipped_batches': 0, 'finite_grad_batches': 17, 'mean_loss': 2.0718097476398243, 'skipped_nonfinite_output': 0, 'skipped_nonfinite_loss': 0, 'skipped_nonfinite_grad': 0}
[2026-03-19 11:24:09] TEST:  Epoch: [8] text	Prec@1 60.484 (53.251)	Prec@5 98.387 (98.767)
[2026-03-19 11:24:09] FedMobile client 3 stats: {'total_batches': 1, 'optimized_batches': 1, 'skipped_batches': 0, 'finite_grad_batches': 1, 'mean_loss': 6.923195838928223, 'skipped_nonfinite_output': 0, 'skipped_nonfinite_loss': 0, 'skipped_nonfinite_grad': 0}
[2026-03-19 11:24:09] TEST:  Epoch: [8] text	Prec@1 0.000 (0.000)	Prec@5 0.000 (0.000)
[2026-03-19 11:24:10] FedMobile client 4 stats: {'total_batches': 0, 'optimized_batches': 0, 'skipped_batches': 0, 'finite_grad_batches': 0, 'mean_loss': 0.0, 'skipped_nonfinite_output': 0, 'skipped_nonfinite_loss': 0, 'skipped_nonfinite_grad': 0}
[2026-03-19 11:24:10] TEST:  Epoch: [8] text	Prec@1 0.000 (0.000)	Prec@5 0.000 (0.000)
[2026-03-19 11:24:10] Epoch 8
[2026-03-19 11:24:10] FedMobile mm client 0 stats: {'total_batches': 3, 'optimized_batches': 3, 'skipped_batches': 0, 'finite_grad_batches': 3, 'mean_loss': 3652.8108723958335, 'skipped_nonfinite_output': 0, 'skipped_nonfinite_loss': 0, 'skipped_nonfinite_grad': 0}
[2026-03-19 11:24:11] Epoch 8
[2026-03-19 11:24:12] FedMobile mm client 1 stats: {'total_batches': 5, 'optimized_batches': 5, 'skipped_batches': 0, 'finite_grad_batches': 5, 'mean_loss': 3457.56884765625, 'skipped_nonfinite_output': 0, 'skipped_nonfinite_loss': 0, 'skipped_nonfinite_grad': 0}
[2026-03-19 11:24:12] Epoch 8
[2026-03-19 11:24:13] FedMobile mm client 2 stats: {'total_batches': 6, 'optimized_batches': 6, 'skipped_batches': 0, 'finite_grad_batches': 6, 'mean_loss': 3451.1405436197915, 'skipped_nonfinite_output': 0, 'skipped_nonfinite_loss': 0, 'skipped_nonfinite_grad': 0}
[2026-03-19 11:24:14] Epoch 8
[2026-03-19 11:24:14] FedMobile mm client 3 stats: {'total_batches': 0, 'optimized_batches': 0, 'skipped_batches': 0, 'finite_grad_batches': 0, 'mean_loss': 0.0, 'skipped_nonfinite_output': 0, 'skipped_nonfinite_loss': 0, 'skipped_nonfinite_grad': 0}
[2026-03-19 11:24:14] Epoch 8
[2026-03-19 11:24:14] FedMobile mm client 4 stats: {'total_batches': 0, 'optimized_batches': 0, 'skipped_batches': 0, 'finite_grad_batches': 0, 'mean_loss': 0.0, 'skipped_nonfinite_output': 0, 'skipped_nonfinite_loss': 0, 'skipped_nonfinite_grad': 0}
[2026-03-19 11:24:36] FedMobile active clients: [0, 1, 2, 3, 4, 5, 6, 7, 8, 10, 11, 12]
[2026-03-19 11:24:36] FedMobile client weights: {10: 0.04920123849385654, 11: 0.06883301979388048, 12: 0.08008597632069323, 7: 0.6750155077740649, 0: 0.023925937257952914, 1: 0.010098770215173107, 2: 0.0247654438284074, 3: 0.019160502902137732, 4: 0.0071111144791439, 5: 0.011160499113100842, 6: 0.021086429740239204, 8: 0.009555560081349616}
[2026-03-19 11:24:36] TEST:  Epoch: [8] image	Prec@1 0.000 (0.000)	Prec@5 2.222 (4.319)
[2026-03-19 11:24:37] TEST:  Epoch: [8] image	Prec@1 8.000 (6.647)	Prec@5 30.667 (26.888)
[2026-03-19 11:24:37] TEST:  Epoch: [8] image	Prec@1 0.000 (0.112)	Prec@5 7.258 (10.987)
[2026-03-19 11:24:37] TEST:  Epoch: [8] image	Prec@1 18.857 (18.857)	Prec@5 36.571 (36.571)
[2026-03-19 11:24:37] TEST:  Epoch: [8] image	Prec@1 0.000 (0.000)	Prec@5 14.516 (14.516)
[2026-03-19 11:24:38] TEST:  Epoch: [8] text	Prec@1 0.000 (0.000)	Prec@5 0.000 (0.000)
[2026-03-19 11:24:38] TEST:  Epoch: [8] text	Prec@1 0.000 (0.000)	Prec@5 0.000 (0.000)
[2026-03-19 11:24:39] TEST:  Epoch: [8] text	Prec@1 60.484 (53.251)	Prec@5 98.387 (98.767)
[2026-03-19 11:24:39] TEST:  Epoch: [8] text	Prec@1 0.000 (0.000)	Prec@5 0.000 (0.000)
[2026-03-19 11:24:39] TEST:  Epoch: [8] text	Prec@1 0.000 (0.000)	Prec@5 0.000 (0.000)
[2026-03-19 11:24:39] Evaluating test...
[2026-03-19 11:24:58] [Eval] Report @step: 8.00 {
    "test__rsum": 368.77076411960127,
    "test__medr": 5.0,
    "test__meanr": 12.770764119601328,
    "test__n_fold_i2t_recall_1": 10.0,
    "test__n_fold_i2t_recall_5": 90.0,
    "test__n_fold_i2t_recall_10": 100.0,
    "test__n_fold_i2t_rsum": 200.0,
    "test__n_fold_i2t_medr": 3.0,
    "test__n_fold_i2t_meanr": 3.8,
    "test__n_fold_t2i_recall_1": 10.0,
    "test__n_fold_t2i_recall_5": 80.0,
    "test__n_fold_t2i_recall_10": 100.0,
    "test__n_fold_t2i_rsum": 190.0,
    "test__n_fold_t2i_medr": 3.0,
    "test__n_fold_t2i_meanr": 3.4,
    "test__i2t_recall_1": 25.91362126245847,
    "test__i2t_recall_5": 78.7375415282392,
    "test__i2t_recall_10": 86.7109634551495,
    "test__i2t_rsum": 191.36212624584715,
    "test__i2t_medr": 2.0,
    "test__i2t_meanr": 5.574750830564784,
    "test__t2i_recall_1": 41.19601328903654,
    "test__t2i_recall_5": 61.461794019933556,
    "test__t2i_recall_10": 74.75083056478405,
    "test__t2i_rsum": 177.40863787375415,
    "test__t2i_medr": 3.0,
    "test__t2i_meanr": 7.196013289036545,
    "lr": 0.0002,
    "summary": "10.0, 90.0, 100.0, 10.0, 80.0, 100.0, 25.91362126245847, 78.7375415282392, 86.7109634551495, 41.19601328903654, 61.461794019933556, 74.75083056478405"
}
[2026-03-19 11:24:58] Evaluating test...
[2026-03-19 11:25:19] [Eval] Report @step: 8.00 {
    "test__rsum": 329.0030211480363,
    "test__medr": 7.0,
    "test__meanr": 17.22356495468278,
    "test__n_fold_i2t_recall_1": 40.0,
    "test__n_fold_i2t_recall_5": 100.0,
    "test__n_fold_i2t_recall_10": 100.0,
    "test__n_fold_i2t_rsum": 240.0,
    "test__n_fold_i2t_medr": 2.0,
    "test__n_fold_i2t_meanr": 2.0,
    "test__n_fold_t2i_recall_1": 50.0,
    "test__n_fold_t2i_recall_5": 90.0,
    "test__n_fold_t2i_recall_10": 100.0,
    "test__n_fold_t2i_rsum": 240.0,
    "test__n_fold_t2i_medr": 1.0,
    "test__n_fold_t2i_meanr": 2.8,
    "test__i2t_recall_1": 19.335347432024168,
    "test__i2t_recall_5": 54.0785498489426,
    "test__i2t_recall_10": 59.21450151057402,
    "test__i2t_rsum": 132.62839879154077,
    "test__i2t_medr": 4.0,
    "test__i2t_meanr": 11.870090634441087,
    "test__t2i_recall_1": 14.19939577039275,
    "test__t2i_recall_5": 88.51963746223565,
    "test__t2i_recall_10": 93.65558912386707,
    "test__t2i_rsum": 196.37462235649548,
    "test__t2i_medr": 3.0,
    "test__t2i_meanr": 5.353474320241692,
    "lr": 0.0002,
    "summary": "40.0, 100.0, 100.0, 50.0, 90.0, 100.0, 19.335347432024168, 54.0785498489426, 59.21450151057402, 14.19939577039275, 88.51963746223565, 93.65558912386707"
}
[2026-03-19 11:25:19] Evaluating test...
[2026-03-19 11:28:53] [Eval] Report @step: 8.00 {
    "test__rsum": 364.68609865470853,
    "test__medr": 4.0,
    "test__meanr": 24.66255605381166,
    "test__n_fold_i2t_recall_1": 20.0,
    "test__n_fold_i2t_recall_5": 100.0,
    "test__n_fold_i2t_recall_10": 100.0,
    "test__n_fold_i2t_rsum": 220.0,
    "test__n_fold_i2t_medr": 3.0,
    "test__n_fold_i2t_meanr": 2.5,
    "test__n_fold_t2i_recall_1": 80.0,
    "test__n_fold_t2i_recall_5": 100.0,
    "test__n_fold_t2i_recall_10": 100.0,
    "test__n_fold_t2i_rsum": 280.0,
    "test__n_fold_t2i_medr": 1.0,
    "test__n_fold_t2i_meanr": 1.4,
    "test__i2t_recall_1": 16.367713004484305,
    "test__i2t_recall_5": 81.72645739910314,
    "test__i2t_recall_10": 88.67713004484305,
    "test__i2t_rsum": 186.7713004484305,
    "test__i2t_medr": 2.0,
    "test__i2t_meanr": 8.420403587443946,
    "test__t2i_recall_1": 48.09417040358744,
    "test__t2i_recall_5": 60.65022421524664,
    "test__t2i_recall_10": 69.17040358744394,
    "test__t2i_rsum": 177.91479820627802,
    "test__t2i_medr": 2.0,
    "test__t2i_meanr": 16.242152466367713,
    "lr": 0.0002,
    "summary": "20.0, 100.0, 100.0, 80.0, 100.0, 100.0, 16.367713004484305, 81.72645739910314, 88.67713004484305, 48.09417040358744, 60.65022421524664, 69.17040358744394"
}
[2026-03-19 11:28:53] Evaluating test...
[2026-03-19 11:28:57] [Eval] Report @step: 8.00 {
    "test__rsum": 328.0,
    "test__medr": 8.0,
    "test__meanr": 12.639999999999999,
    "test__n_fold_i2t_recall_1": 30.0,
    "test__n_fold_i2t_recall_5": 90.0,
    "test__n_fold_i2t_recall_10": 100.0,
    "test__n_fold_i2t_rsum": 220.0,
    "test__n_fold_i2t_medr": 2.0,
    "test__n_fold_i2t_meanr": 3.2,
    "test__n_fold_t2i_recall_1": 10.0,
    "test__n_fold_t2i_recall_5": 60.0,
    "test__n_fold_t2i_recall_10": 100.0,
    "test__n_fold_t2i_rsum": 170.0,
    "test__n_fold_t2i_medr": 5.0,
    "test__n_fold_t2i_meanr": 4.3,
    "test__i2t_recall_1": 11.428571428571429,
    "test__i2t_recall_5": 54.857142857142854,
    "test__i2t_recall_10": 74.28571428571429,
    "test__i2t_rsum": 140.57142857142856,
    "test__i2t_medr": 5.0,
    "test__i2t_meanr": 8.314285714285713,
    "test__t2i_recall_1": 23.428571428571427,
    "test__t2i_recall_5": 70.28571428571429,
    "test__t2i_recall_10": 93.71428571428571,
    "test__t2i_rsum": 187.42857142857144,
    "test__t2i_medr": 3.0,
    "test__t2i_meanr": 4.325714285714286,
    "lr": 0.0002,
    "summary": "30.0, 90.0, 100.0, 10.0, 60.0, 100.0, 11.428571428571429, 54.857142857142854, 74.28571428571429, 23.428571428571427, 70.28571428571429, 93.71428571428571"
}
[2026-03-19 11:28:57] Evaluating test...
[2026-03-19 11:28:59] [Eval] Report @step: 8.00 {
    "test__rsum": 412.9032258064516,
    "test__medr": 4.0,
    "test__meanr": 10.032258064516128,
    "test__n_fold_i2t_recall_1": 30.0,
    "test__n_fold_i2t_recall_5": 100.0,
    "test__n_fold_i2t_recall_10": 100.0,
    "test__n_fold_i2t_rsum": 230.0,
    "test__n_fold_i2t_medr": 2.0,
    "test__n_fold_i2t_meanr": 2.0,
    "test__n_fold_t2i_recall_1": 60.0,
    "test__n_fold_t2i_recall_5": 70.0,
    "test__n_fold_t2i_recall_10": 100.0,
    "test__n_fold_t2i_rsum": 230.0,
    "test__n_fold_t2i_medr": 1.0,
    "test__n_fold_t2i_meanr": 3.5,
    "test__i2t_recall_1": 12.903225806451612,
    "test__i2t_recall_5": 88.70967741935483,
    "test__i2t_recall_10": 96.7741935483871,
    "test__i2t_rsum": 198.38709677419354,
    "test__i2t_medr": 3.0,
    "test__i2t_meanr": 3.806451612903226,
    "test__t2i_recall_1": 56.45161290322581,
    "test__t2i_recall_5": 75.80645161290323,
    "test__t2i_recall_10": 82.25806451612904,
    "test__t2i_rsum": 214.51612903225805,
    "test__t2i_medr": 1.0,
    "test__t2i_meanr": 6.225806451612903,
    "lr": 0.0002,
    "summary": "30.0, 100.0, 100.0, 60.0, 70.0, 100.0, 12.903225806451612, 88.70967741935483, 96.7741935483871, 56.45161290322581, 75.80645161290323, 82.25806451612904"
}
[2026-03-19 11:28:59] Round 9!
[2026-03-19 11:28:59] FedMobile client 0 stats: {'total_batches': 3, 'optimized_batches': 3, 'skipped_batches': 0, 'finite_grad_batches': 3, 'mean_loss': 5.2322572072347, 'skipped_nonfinite_output': 0, 'skipped_nonfinite_loss': 0, 'skipped_nonfinite_grad': 0}
[2026-03-19 11:28:59] TEST:  Epoch: [9] image	Prec@1 0.000 (0.000)	Prec@5 2.222 (4.319)
[2026-03-19 11:29:00] FedMobile client 1 stats: {'total_batches': 1, 'optimized_batches': 1, 'skipped_batches': 0, 'finite_grad_batches': 1, 'mean_loss': 5.732694149017334, 'skipped_nonfinite_output': 0, 'skipped_nonfinite_loss': 0, 'skipped_nonfinite_grad': 0}
[2026-03-19 11:29:00] TEST:  Epoch: [9] image	Prec@1 8.000 (6.042)	Prec@5 30.667 (26.888)
[2026-03-19 11:29:00] FedMobile client 2 stats: {'total_batches': 3, 'optimized_batches': 3, 'skipped_batches': 0, 'finite_grad_batches': 3, 'mean_loss': 4.181483427683513, 'skipped_nonfinite_output': 0, 'skipped_nonfinite_loss': 0, 'skipped_nonfinite_grad': 0}
[2026-03-19 11:29:01] TEST:  Epoch: [9] image	Prec@1 0.000 (0.112)	Prec@5 16.935 (20.291)
[2026-03-19 11:29:01] FedMobile client 3 stats: {'total_batches': 3, 'optimized_batches': 3, 'skipped_batches': 0, 'finite_grad_batches': 3, 'mean_loss': 5.107130686442058, 'skipped_nonfinite_output': 0, 'skipped_nonfinite_loss': 0, 'skipped_nonfinite_grad': 0}
[2026-03-19 11:29:01] TEST:  Epoch: [9] image	Prec@1 20.571 (20.571)	Prec@5 41.143 (41.143)
[2026-03-19 11:29:02] FedMobile client 4 stats: {'total_batches': 1, 'optimized_batches': 1, 'skipped_batches': 0, 'finite_grad_batches': 1, 'mean_loss': 5.690151691436768, 'skipped_nonfinite_output': 0, 'skipped_nonfinite_loss': 0, 'skipped_nonfinite_grad': 0}
[2026-03-19 11:29:02] TEST:  Epoch: [9] image	Prec@1 0.000 (0.000)	Prec@5 11.290 (11.290)
[2026-03-19 11:29:02] FedMobile client 0 stats: {'total_batches': 1, 'optimized_batches': 1, 'skipped_batches': 0, 'finite_grad_batches': 1, 'mean_loss': 7.320287704467773, 'skipped_nonfinite_output': 0, 'skipped_nonfinite_loss': 0, 'skipped_nonfinite_grad': 0}
[2026-03-19 11:29:02] TEST:  Epoch: [9] text	Prec@1 0.000 (0.000)	Prec@5 0.000 (0.000)
[2026-03-19 11:29:03] FedMobile client 1 stats: {'total_batches': 3, 'optimized_batches': 3, 'skipped_batches': 0, 'finite_grad_batches': 3, 'mean_loss': 6.765792528788249, 'skipped_nonfinite_output': 0, 'skipped_nonfinite_loss': 0, 'skipped_nonfinite_grad': 0}
[2026-03-19 11:29:03] TEST:  Epoch: [9] text	Prec@1 0.000 (0.000)	Prec@5 0.000 (0.000)
[2026-03-19 11:29:05] FedMobile client 2 stats: {'total_batches': 17, 'optimized_batches': 17, 'skipped_batches': 0, 'finite_grad_batches': 17, 'mean_loss': 1.965792599846335, 'skipped_nonfinite_output': 0, 'skipped_nonfinite_loss': 0, 'skipped_nonfinite_grad': 0}
[2026-03-19 11:29:05] TEST:  Epoch: [9] text	Prec@1 60.484 (53.251)	Prec@5 98.387 (98.767)
[2026-03-19 11:29:06] FedMobile client 3 stats: {'total_batches': 1, 'optimized_batches': 1, 'skipped_batches': 0, 'finite_grad_batches': 1, 'mean_loss': 7.111595153808594, 'skipped_nonfinite_output': 0, 'skipped_nonfinite_loss': 0, 'skipped_nonfinite_grad': 0}
[2026-03-19 11:29:06] TEST:  Epoch: [9] text	Prec@1 0.000 (0.000)	Prec@5 0.000 (0.000)
[2026-03-19 11:29:06] FedMobile client 4 stats: {'total_batches': 0, 'optimized_batches': 0, 'skipped_batches': 0, 'finite_grad_batches': 0, 'mean_loss': 0.0, 'skipped_nonfinite_output': 0, 'skipped_nonfinite_loss': 0, 'skipped_nonfinite_grad': 0}
[2026-03-19 11:29:06] TEST:  Epoch: [9] text	Prec@1 0.000 (0.000)	Prec@5 0.000 (0.000)
[2026-03-19 11:29:06] Epoch 9
[2026-03-19 11:29:07] FedMobile mm client 0 stats: {'total_batches': 3, 'optimized_batches': 3, 'skipped_batches': 0, 'finite_grad_batches': 3, 'mean_loss': 3642.990966796875, 'skipped_nonfinite_output': 0, 'skipped_nonfinite_loss': 0, 'skipped_nonfinite_grad': 0}
[2026-03-19 11:29:07] Epoch 9
[2026-03-19 11:29:08] FedMobile mm client 1 stats: {'total_batches': 5, 'optimized_batches': 5, 'skipped_batches': 0, 'finite_grad_batches': 5, 'mean_loss': 3429.554638671875, 'skipped_nonfinite_output': 0, 'skipped_nonfinite_loss': 0, 'skipped_nonfinite_grad': 0}
[2026-03-19 11:29:08] Epoch 9
[2026-03-19 11:29:10] FedMobile mm client 2 stats: {'total_batches': 6, 'optimized_batches': 6, 'skipped_batches': 0, 'finite_grad_batches': 6, 'mean_loss': 3411.8509928385415, 'skipped_nonfinite_output': 0, 'skipped_nonfinite_loss': 0, 'skipped_nonfinite_grad': 0}
[2026-03-19 11:29:10] Epoch 9
[2026-03-19 11:29:10] FedMobile mm client 3 stats: {'total_batches': 0, 'optimized_batches': 0, 'skipped_batches': 0, 'finite_grad_batches': 0, 'mean_loss': 0.0, 'skipped_nonfinite_output': 0, 'skipped_nonfinite_loss': 0, 'skipped_nonfinite_grad': 0}
[2026-03-19 11:29:10] Epoch 9
[2026-03-19 11:29:10] FedMobile mm client 4 stats: {'total_batches': 0, 'optimized_batches': 0, 'skipped_batches': 0, 'finite_grad_batches': 0, 'mean_loss': 0.0, 'skipped_nonfinite_output': 0, 'skipped_nonfinite_loss': 0, 'skipped_nonfinite_grad': 0}
[2026-03-19 11:29:33] FedMobile active clients: [0, 1, 2, 3, 4, 5, 6, 7, 8, 10, 11, 12]
[2026-03-19 11:29:33] FedMobile client weights: {0: 0.035894292199379826, 1: 0.015150428802421413, 2: 0.037153741048480876, 4: 0.010668272604150042, 5: 0.01674326117040215, 6: 0.031634391680361584, 7: 0.1694699554305085, 8: 0.014335491311826619, 3: 0.3932732653324736, 10: 0.0684616841465934, 11: 0.09577857395954105, 12: 0.11143664231386093}
[2026-03-19 11:29:34] TEST:  Epoch: [9] image	Prec@1 0.000 (0.000)	Prec@5 2.222 (4.319)
[2026-03-19 11:29:34] TEST:  Epoch: [9] image	Prec@1 8.000 (6.042)	Prec@5 30.667 (26.888)
[2026-03-19 11:29:35] TEST:  Epoch: [9] image	Prec@1 0.000 (0.112)	Prec@5 16.935 (20.291)
[2026-03-19 11:29:35] TEST:  Epoch: [9] image	Prec@1 20.571 (20.571)	Prec@5 41.143 (41.143)
[2026-03-19 11:29:35] TEST:  Epoch: [9] image	Prec@1 0.000 (0.000)	Prec@5 11.290 (11.290)
[2026-03-19 11:29:35] TEST:  Epoch: [9] text	Prec@1 0.000 (0.000)	Prec@5 0.000 (0.000)
[2026-03-19 11:29:35] TEST:  Epoch: [9] text	Prec@1 0.000 (0.000)	Prec@5 0.000 (0.000)
[2026-03-19 11:29:36] TEST:  Epoch: [9] text	Prec@1 60.484 (53.251)	Prec@5 98.387 (98.767)
[2026-03-19 11:29:36] TEST:  Epoch: [9] text	Prec@1 0.000 (0.000)	Prec@5 0.000 (0.000)
[2026-03-19 11:29:36] TEST:  Epoch: [9] text	Prec@1 0.000 (0.000)	Prec@5 0.000 (0.000)
[2026-03-19 11:29:36] Evaluating test...
[2026-03-19 11:29:50] [Eval] Report @step: 9.00 {
    "test__rsum": 366.77740863787375,
    "test__medr": 5.0,
    "test__meanr": 12.770764119601328,
    "test__n_fold_i2t_recall_1": 10.0,
    "test__n_fold_i2t_recall_5": 90.0,
    "test__n_fold_i2t_recall_10": 100.0,
    "test__n_fold_i2t_rsum": 200.0,
    "test__n_fold_i2t_medr": 4.0,
    "test__n_fold_i2t_meanr": 3.8,
    "test__n_fold_t2i_recall_1": 10.0,
    "test__n_fold_t2i_recall_5": 80.0,
    "test__n_fold_t2i_recall_10": 100.0,
    "test__n_fold_t2i_rsum": 190.0,
    "test__n_fold_t2i_medr": 3.0,
    "test__n_fold_t2i_meanr": 3.4,
    "test__i2t_recall_1": 24.58471760797342,
    "test__i2t_recall_5": 79.06976744186046,
    "test__i2t_recall_10": 86.7109634551495,
    "test__i2t_rsum": 190.36544850498336,
    "test__i2t_medr": 2.0,
    "test__i2t_meanr": 5.634551495016611,
    "test__t2i_recall_1": 41.19601328903654,
    "test__t2i_recall_5": 60.79734219269103,
    "test__t2i_recall_10": 74.4186046511628,
    "test__t2i_rsum": 176.41196013289039,
    "test__t2i_medr": 3.0,
    "test__t2i_meanr": 7.136212624584718,
    "lr": 0.0002,
    "summary": "10.0, 90.0, 100.0, 10.0, 80.0, 100.0, 24.58471760797342, 79.06976744186046, 86.7109634551495, 41.19601328903654, 60.79734219269103, 74.4186046511628"
}
[2026-03-19 11:29:50] Evaluating test...
[2026-03-19 11:30:06] [Eval] Report @step: 9.00 {
    "test__rsum": 327.19033232628396,
    "test__medr": 7.0,
    "test__meanr": 17.16616314199396,
    "test__n_fold_i2t_recall_1": 40.0,
    "test__n_fold_i2t_recall_5": 100.0,
    "test__n_fold_i2t_recall_10": 100.0,
    "test__n_fold_i2t_rsum": 240.0,
    "test__n_fold_i2t_medr": 2.0,
    "test__n_fold_i2t_meanr": 2.0,
    "test__n_fold_t2i_recall_1": 50.0,
    "test__n_fold_t2i_recall_5": 90.0,
    "test__n_fold_t2i_recall_10": 100.0,
    "test__n_fold_t2i_rsum": 240.0,
    "test__n_fold_t2i_medr": 1.0,
    "test__n_fold_t2i_meanr": 2.8,
    "test__i2t_recall_1": 19.335347432024168,
    "test__i2t_recall_5": 54.0785498489426,
    "test__i2t_recall_10": 59.21450151057402,
    "test__i2t_rsum": 132.62839879154077,
    "test__i2t_medr": 4.0,
    "test__i2t_meanr": 11.827794561933535,
    "test__t2i_recall_1": 14.19939577039275,
    "test__t2i_recall_5": 86.70694864048339,
    "test__t2i_recall_10": 93.65558912386707,
    "test__t2i_rsum": 194.56193353474322,
    "test__t2i_medr": 3.0,
    "test__t2i_meanr": 5.338368580060423,
    "lr": 0.0002,
    "summary": "40.0, 100.0, 100.0, 50.0, 90.0, 100.0, 19.335347432024168, 54.0785498489426, 59.21450151057402, 14.19939577039275, 86.70694864048339, 93.65558912386707"
}
[2026-03-19 11:30:06] Evaluating test...
[2026-03-19 11:33:32] [Eval] Report @step: 9.00 {
    "test__rsum": 362.3318385650224,
    "test__medr": 4.0,
    "test__meanr": 24.68385650224215,
    "test__n_fold_i2t_recall_1": 20.0,
    "test__n_fold_i2t_recall_5": 100.0,
    "test__n_fold_i2t_recall_10": 100.0,
    "test__n_fold_i2t_rsum": 220.0,
    "test__n_fold_i2t_medr": 3.0,
    "test__n_fold_i2t_meanr": 2.5,
    "test__n_fold_t2i_recall_1": 80.0,
    "test__n_fold_t2i_recall_5": 100.0,
    "test__n_fold_t2i_recall_10": 100.0,
    "test__n_fold_t2i_rsum": 280.0,
    "test__n_fold_t2i_medr": 1.0,
    "test__n_fold_t2i_meanr": 1.4,
    "test__i2t_recall_1": 13.565022421524663,
    "test__i2t_recall_5": 81.83856502242152,
    "test__i2t_recall_10": 88.56502242152466,
    "test__i2t_rsum": 183.96860986547085,
    "test__i2t_medr": 2.0,
    "test__i2t_meanr": 8.520179372197308,
    "test__t2i_recall_1": 48.65470852017937,
    "test__t2i_recall_5": 60.53811659192825,
    "test__t2i_recall_10": 69.17040358744394,
    "test__t2i_rsum": 178.36322869955154,
    "test__t2i_medr": 2.0,
    "test__t2i_meanr": 16.163677130044842,
    "lr": 0.0002,
    "summary": "20.0, 100.0, 100.0, 80.0, 100.0, 100.0, 13.565022421524663, 81.83856502242152, 88.56502242152466, 48.65470852017937, 60.53811659192825, 69.17040358744394"
}
[2026-03-19 11:33:32] Evaluating test...
[2026-03-19 11:33:37] [Eval] Report @step: 9.00 {
    "test__rsum": 321.1428571428571,
    "test__medr": 8.0,
    "test__meanr": 12.959999999999999,
    "test__n_fold_i2t_recall_1": 30.0,
    "test__n_fold_i2t_recall_5": 90.0,
    "test__n_fold_i2t_recall_10": 100.0,
    "test__n_fold_i2t_rsum": 220.0,
    "test__n_fold_i2t_medr": 2.0,
    "test__n_fold_i2t_meanr": 3.2,
    "test__n_fold_t2i_recall_1": 10.0,
    "test__n_fold_t2i_recall_5": 60.0,
    "test__n_fold_t2i_recall_10": 100.0,
    "test__n_fold_t2i_rsum": 170.0,
    "test__n_fold_t2i_medr": 5.0,
    "test__n_fold_t2i_meanr": 4.3,
    "test__i2t_recall_1": 10.285714285714286,
    "test__i2t_recall_5": 54.857142857142854,
    "test__i2t_recall_10": 73.71428571428571,
    "test__i2t_rsum": 138.85714285714283,
    "test__i2t_medr": 5.0,
    "test__i2t_meanr": 8.502857142857142,
    "test__t2i_recall_1": 23.428571428571427,
    "test__t2i_recall_5": 66.28571428571429,
    "test__t2i_recall_10": 92.57142857142857,
    "test__t2i_rsum": 182.28571428571428,
    "test__t2i_medr": 3.0,
    "test__t2i_meanr": 4.457142857142857,
    "lr": 0.0002,
    "summary": "30.0, 90.0, 100.0, 10.0, 60.0, 100.0, 10.285714285714286, 54.857142857142854, 73.71428571428571, 23.428571428571427, 66.28571428571429, 92.57142857142857"
}
[2026-03-19 11:33:37] Evaluating test...
[2026-03-19 11:33:38] [Eval] Report @step: 9.00 {
    "test__rsum": 416.1290322580645,
    "test__medr": 4.0,
    "test__meanr": 10.032258064516128,
    "test__n_fold_i2t_recall_1": 50.0,
    "test__n_fold_i2t_recall_5": 100.0,
    "test__n_fold_i2t_recall_10": 100.0,
    "test__n_fold_i2t_rsum": 250.0,
    "test__n_fold_i2t_medr": 1.0,
    "test__n_fold_i2t_meanr": 1.8,
    "test__n_fold_t2i_recall_1": 60.0,
    "test__n_fold_t2i_recall_5": 70.0,
    "test__n_fold_t2i_recall_10": 100.0,
    "test__n_fold_t2i_rsum": 230.0,
    "test__n_fold_t2i_medr": 1.0,
    "test__n_fold_t2i_meanr": 3.5,
    "test__i2t_recall_1": 12.903225806451612,
    "test__i2t_recall_5": 91.93548387096774,
    "test__i2t_recall_10": 96.7741935483871,
    "test__i2t_rsum": 201.61290322580646,
    "test__i2t_medr": 3.0,
    "test__i2t_meanr": 3.838709677419355,
    "test__t2i_recall_1": 56.45161290322581,
    "test__t2i_recall_5": 75.80645161290323,
    "test__t2i_recall_10": 82.25806451612904,
    "test__t2i_rsum": 214.51612903225805,
    "test__t2i_medr": 1.0,
    "test__t2i_meanr": 6.193548387096774,
    "lr": 0.0002,
    "summary": "50.0, 100.0, 100.0, 60.0, 70.0, 100.0, 12.903225806451612, 91.93548387096774, 96.7741935483871, 56.45161290322581, 75.80645161290323, 82.25806451612904"
}
[2026-03-19 11:33:38] Round 10!
[2026-03-19 11:33:39] FedMobile client 0 stats: {'total_batches': 3, 'optimized_batches': 3, 'skipped_batches': 0, 'finite_grad_batches': 3, 'mean_loss': 5.31328821182251, 'skipped_nonfinite_output': 0, 'skipped_nonfinite_loss': 0, 'skipped_nonfinite_grad': 0}
[2026-03-19 11:33:39] TEST:  Epoch: [10] image	Prec@1 0.000 (0.000)	Prec@5 2.222 (4.651)
[2026-03-19 11:33:39] FedMobile client 1 stats: {'total_batches': 1, 'optimized_batches': 1, 'skipped_batches': 0, 'finite_grad_batches': 1, 'mean_loss': 5.784332275390625, 'skipped_nonfinite_output': 0, 'skipped_nonfinite_loss': 0, 'skipped_nonfinite_grad': 0}
[2026-03-19 11:33:39] TEST:  Epoch: [10] image	Prec@1 4.000 (2.417)	Prec@5 30.667 (26.888)
[2026-03-19 11:33:40] FedMobile client 2 stats: {'total_batches': 3, 'optimized_batches': 3, 'skipped_batches': 0, 'finite_grad_batches': 3, 'mean_loss': 4.3877105712890625, 'skipped_nonfinite_output': 0, 'skipped_nonfinite_loss': 0, 'skipped_nonfinite_grad': 0}
[2026-03-19 11:33:40] TEST:  Epoch: [10] image	Prec@1 0.000 (0.000)	Prec@5 21.774 (22.534)
[2026-03-19 11:33:41] FedMobile client 3 stats: {'total_batches': 3, 'optimized_batches': 3, 'skipped_batches': 0, 'finite_grad_batches': 3, 'mean_loss': 4.714545567830403, 'skipped_nonfinite_output': 0, 'skipped_nonfinite_loss': 0, 'skipped_nonfinite_grad': 0}
[2026-03-19 11:33:41] TEST:  Epoch: [10] image	Prec@1 20.571 (20.571)	Prec@5 52.571 (52.571)
[2026-03-19 11:33:41] FedMobile client 4 stats: {'total_batches': 1, 'optimized_batches': 1, 'skipped_batches': 0, 'finite_grad_batches': 1, 'mean_loss': 5.796298980712891, 'skipped_nonfinite_output': 0, 'skipped_nonfinite_loss': 0, 'skipped_nonfinite_grad': 0}
[2026-03-19 11:33:41] TEST:  Epoch: [10] image	Prec@1 0.000 (0.000)	Prec@5 8.065 (8.065)
[2026-03-19 11:33:41] FedMobile client 0 stats: {'total_batches': 1, 'optimized_batches': 1, 'skipped_batches': 0, 'finite_grad_batches': 1, 'mean_loss': 7.429775238037109, 'skipped_nonfinite_output': 0, 'skipped_nonfinite_loss': 0, 'skipped_nonfinite_grad': 0}
[2026-03-19 11:33:41] TEST:  Epoch: [10] text	Prec@1 0.000 (0.000)	Prec@5 0.000 (0.000)
[2026-03-19 11:33:42] FedMobile client 1 stats: {'total_batches': 3, 'optimized_batches': 3, 'skipped_batches': 0, 'finite_grad_batches': 3, 'mean_loss': 6.8910298347473145, 'skipped_nonfinite_output': 0, 'skipped_nonfinite_loss': 0, 'skipped_nonfinite_grad': 0}
[2026-03-19 11:33:42] TEST:  Epoch: [10] text	Prec@1 0.000 (0.000)	Prec@5 0.000 (0.000)
[2026-03-19 11:33:44] FedMobile client 2 stats: {'total_batches': 17, 'optimized_batches': 17, 'skipped_batches': 0, 'finite_grad_batches': 17, 'mean_loss': 1.9547574660357308, 'skipped_nonfinite_output': 0, 'skipped_nonfinite_loss': 0, 'skipped_nonfinite_grad': 0}
[2026-03-19 11:33:44] TEST:  Epoch: [10] text	Prec@1 60.484 (53.251)	Prec@5 98.387 (98.767)
[2026-03-19 11:33:45] FedMobile client 3 stats: {'total_batches': 1, 'optimized_batches': 1, 'skipped_batches': 0, 'finite_grad_batches': 1, 'mean_loss': 6.592289924621582, 'skipped_nonfinite_output': 0, 'skipped_nonfinite_loss': 0, 'skipped_nonfinite_grad': 0}
[2026-03-19 11:33:45] TEST:  Epoch: [10] text	Prec@1 0.000 (0.000)	Prec@5 0.000 (0.000)
[2026-03-19 11:33:45] FedMobile client 4 stats: {'total_batches': 0, 'optimized_batches': 0, 'skipped_batches': 0, 'finite_grad_batches': 0, 'mean_loss': 0.0, 'skipped_nonfinite_output': 0, 'skipped_nonfinite_loss': 0, 'skipped_nonfinite_grad': 0}
[2026-03-19 11:33:45] TEST:  Epoch: [10] text	Prec@1 0.000 (0.000)	Prec@5 0.000 (0.000)
[2026-03-19 11:33:45] Epoch 10
[2026-03-19 11:33:46] FedMobile mm client 0 stats: {'total_batches': 3, 'optimized_batches': 3, 'skipped_batches': 0, 'finite_grad_batches': 3, 'mean_loss': 3557.295654296875, 'skipped_nonfinite_output': 0, 'skipped_nonfinite_loss': 0, 'skipped_nonfinite_grad': 0}
[2026-03-19 11:33:46] Epoch 10
[2026-03-19 11:33:47] FedMobile mm client 1 stats: {'total_batches': 5, 'optimized_batches': 5, 'skipped_batches': 0, 'finite_grad_batches': 5, 'mean_loss': 3377.26044921875, 'skipped_nonfinite_output': 0, 'skipped_nonfinite_loss': 0, 'skipped_nonfinite_grad': 0}
[2026-03-19 11:33:47] Epoch 10
[2026-03-19 11:33:49] FedMobile mm client 2 stats: {'total_batches': 6, 'optimized_batches': 6, 'skipped_batches': 0, 'finite_grad_batches': 6, 'mean_loss': 3378.6981201171875, 'skipped_nonfinite_output': 0, 'skipped_nonfinite_loss': 0, 'skipped_nonfinite_grad': 0}
[2026-03-19 11:33:49] Epoch 10
[2026-03-19 11:33:49] FedMobile mm client 3 stats: {'total_batches': 0, 'optimized_batches': 0, 'skipped_batches': 0, 'finite_grad_batches': 0, 'mean_loss': 0.0, 'skipped_nonfinite_output': 0, 'skipped_nonfinite_loss': 0, 'skipped_nonfinite_grad': 0}
[2026-03-19 11:33:49] Epoch 10
[2026-03-19 11:33:49] FedMobile mm client 4 stats: {'total_batches': 0, 'optimized_batches': 0, 'skipped_batches': 0, 'finite_grad_batches': 0, 'mean_loss': 0.0, 'skipped_nonfinite_output': 0, 'skipped_nonfinite_loss': 0, 'skipped_nonfinite_grad': 0}
[2026-03-19 11:34:10] FedMobile active clients: [0, 1, 2, 3, 4, 5, 6, 7, 8, 10, 11, 12]
[2026-03-19 11:34:10] FedMobile client weights: {10: 0.05777508478146176, 11: 0.08082791563980739, 12: 0.09404182116903281, 7: 0.616870707693502, 0: 0.028380586244451913, 1: 0.011979009054675784, 2: 0.029376396288116894, 3: 0.022727899820118354, 4: 0.008435096840456296, 5: 0.013238415874605022, 6: 0.025012405214408603, 8: 0.01133466137936315}
[2026-03-19 11:34:10] TEST:  Epoch: [10] image	Prec@1 0.000 (0.000)	Prec@5 2.222 (4.651)
[2026-03-19 11:34:10] TEST:  Epoch: [10] image	Prec@1 4.000 (2.417)	Prec@5 30.667 (26.888)
[2026-03-19 11:34:11] TEST:  Epoch: [10] image	Prec@1 0.000 (0.000)	Prec@5 21.774 (22.534)
[2026-03-19 11:34:11] TEST:  Epoch: [10] image	Prec@1 20.571 (20.571)	Prec@5 52.571 (52.571)
[2026-03-19 11:34:11] TEST:  Epoch: [10] image	Prec@1 0.000 (0.000)	Prec@5 8.065 (8.065)
[2026-03-19 11:34:11] TEST:  Epoch: [10] text	Prec@1 0.000 (0.000)	Prec@5 0.000 (0.000)
[2026-03-19 11:34:11] TEST:  Epoch: [10] text	Prec@1 0.000 (0.000)	Prec@5 0.000 (0.000)
[2026-03-19 11:34:12] TEST:  Epoch: [10] text	Prec@1 60.484 (53.251)	Prec@5 98.387 (98.767)
[2026-03-19 11:34:12] TEST:  Epoch: [10] text	Prec@1 0.000 (0.000)	Prec@5 0.000 (0.000)
[2026-03-19 11:34:12] TEST:  Epoch: [10] text	Prec@1 0.000 (0.000)	Prec@5 0.000 (0.000)
[2026-03-19 11:34:12] Evaluating test...
[2026-03-19 11:34:32] [Eval] Report @step: 10.00 {
    "test__rsum": 368.1063122923588,
    "test__medr": 5.0,
    "test__meanr": 12.697674418604652,
    "test__n_fold_i2t_recall_1": 10.0,
    "test__n_fold_i2t_recall_5": 80.0,
    "test__n_fold_i2t_recall_10": 100.0,
    "test__n_fold_i2t_rsum": 190.0,
    "test__n_fold_i2t_medr": 4.0,
    "test__n_fold_i2t_meanr": 3.9,
    "test__n_fold_t2i_recall_1": 10.0,
    "test__n_fold_t2i_recall_5": 80.0,
    "test__n_fold_t2i_recall_10": 100.0,
    "test__n_fold_t2i_rsum": 190.0,
    "test__n_fold_t2i_medr": 3.0,
    "test__n_fold_t2i_meanr": 3.4,
    "test__i2t_recall_1": 26.578073089700997,
    "test__i2t_recall_5": 79.734219269103,
    "test__i2t_recall_10": 87.70764119601328,
    "test__i2t_rsum": 194.01993355481727,
    "test__i2t_medr": 2.0,
    "test__i2t_meanr": 5.465116279069767,
    "test__t2i_recall_1": 41.19601328903654,
    "test__t2i_recall_5": 60.46511627906977,
    "test__t2i_recall_10": 72.42524916943522,
    "test__t2i_rsum": 174.0863787375415,
    "test__t2i_medr": 3.0,
    "test__t2i_meanr": 7.232558139534884,
    "lr": 0.0002,
    "summary": "10.0, 80.0, 100.0, 10.0, 80.0, 100.0, 26.578073089700997, 79.734219269103, 87.70764119601328, 41.19601328903654, 60.46511627906977, 72.42524916943522"
}
[2026-03-19 11:34:32] Evaluating test...
[2026-03-19 11:34:53] [Eval] Report @step: 10.00 {
    "test__rsum": 326.8882175226586,
    "test__medr": 7.0,
    "test__meanr": 17.25679758308157,
    "test__n_fold_i2t_recall_1": 30.0,
    "test__n_fold_i2t_recall_5": 100.0,
    "test__n_fold_i2t_recall_10": 100.0,
    "test__n_fold_i2t_rsum": 230.0,
    "test__n_fold_i2t_medr": 2.0,
    "test__n_fold_i2t_meanr": 2.2,
    "test__n_fold_t2i_recall_1": 50.0,
    "test__n_fold_t2i_recall_5": 90.0,
    "test__n_fold_t2i_recall_10": 100.0,
    "test__n_fold_t2i_rsum": 240.0,
    "test__n_fold_t2i_medr": 1.0,
    "test__n_fold_t2i_meanr": 2.8,
    "test__i2t_recall_1": 18.731117824773413,
    "test__i2t_recall_5": 52.87009063444109,
    "test__i2t_recall_10": 59.21450151057402,
    "test__i2t_rsum": 130.81570996978851,
    "test__i2t_medr": 4.0,
    "test__i2t_meanr": 12.009063444108762,
    "test__t2i_recall_1": 14.803625377643504,
    "test__t2i_recall_5": 87.61329305135952,
    "test__t2i_recall_10": 93.65558912386707,
    "test__t2i_rsum": 196.0725075528701,
    "test__t2i_medr": 3.0,
    "test__t2i_meanr": 5.24773413897281,
    "lr": 0.0002,
    "summary": "30.0, 100.0, 100.0, 50.0, 90.0, 100.0, 18.731117824773413, 52.87009063444109, 59.21450151057402, 14.803625377643504, 87.61329305135952, 93.65558912386707"
}
[2026-03-19 11:34:53] Evaluating test...
[2026-03-19 11:38:26] [Eval] Report @step: 10.00 {
    "test__rsum": 357.7354260089686,
    "test__medr": 4.0,
    "test__meanr": 24.883408071748878,
    "test__n_fold_i2t_recall_1": 20.0,
    "test__n_fold_i2t_recall_5": 100.0,
    "test__n_fold_i2t_recall_10": 100.0,
    "test__n_fold_i2t_rsum": 220.0,
    "test__n_fold_i2t_medr": 3.0,
    "test__n_fold_i2t_meanr": 2.5,
    "test__n_fold_t2i_recall_1": 80.0,
    "test__n_fold_t2i_recall_5": 100.0,
    "test__n_fold_t2i_recall_10": 100.0,
    "test__n_fold_t2i_rsum": 280.0,
    "test__n_fold_t2i_medr": 1.0,
    "test__n_fold_t2i_meanr": 1.4,
    "test__i2t_recall_1": 10.201793721973095,
    "test__i2t_recall_5": 80.71748878923766,
    "test__i2t_recall_10": 87.89237668161435,
    "test__i2t_rsum": 178.81165919282512,
    "test__i2t_medr": 2.0,
    "test__i2t_meanr": 8.845291479820627,
    "test__t2i_recall_1": 49.663677130044846,
    "test__t2i_recall_5": 60.53811659192825,
    "test__t2i_recall_10": 68.72197309417041,
    "test__t2i_rsum": 178.9237668161435,
    "test__t2i_medr": 2.0,
    "test__t2i_meanr": 16.03811659192825,
    "lr": 0.0002,
    "summary": "20.0, 100.0, 100.0, 80.0, 100.0, 100.0, 10.201793721973095, 80.71748878923766, 87.89237668161435, 49.663677130044846, 60.53811659192825, 68.72197309417041"
}
[2026-03-19 11:38:26] Evaluating test...
[2026-03-19 11:38:30] [Eval] Report @step: 10.00 {
    "test__rsum": 311.42857142857144,
    "test__medr": 8.0,
    "test__meanr": 13.257142857142856,
    "test__n_fold_i2t_recall_1": 40.0,
    "test__n_fold_i2t_recall_5": 90.0,
    "test__n_fold_i2t_recall_10": 100.0,
    "test__n_fold_i2t_rsum": 230.0,
    "test__n_fold_i2t_medr": 2.0,
    "test__n_fold_i2t_meanr": 3.1,
    "test__n_fold_t2i_recall_1": 10.0,
    "test__n_fold_t2i_recall_5": 60.0,
    "test__n_fold_t2i_recall_10": 100.0,
    "test__n_fold_t2i_rsum": 170.0,
    "test__n_fold_t2i_medr": 4.0,
    "test__n_fold_t2i_meanr": 4.2,
    "test__i2t_recall_1": 8.0,
    "test__i2t_recall_5": 53.142857142857146,
    "test__i2t_recall_10": 73.71428571428571,
    "test__i2t_rsum": 134.85714285714286,
    "test__i2t_medr": 5.0,
    "test__i2t_meanr": 8.651428571428571,
    "test__t2i_recall_1": 23.428571428571427,
    "test__t2i_recall_5": 62.857142857142854,
    "test__t2i_recall_10": 90.28571428571429,
    "test__t2i_rsum": 176.57142857142856,
    "test__t2i_medr": 3.0,
    "test__t2i_meanr": 4.605714285714286,
    "lr": 0.0002,
    "summary": "40.0, 90.0, 100.0, 10.0, 60.0, 100.0, 8.0, 53.142857142857146, 73.71428571428571, 23.428571428571427, 62.857142857142854, 90.28571428571429"
}
[2026-03-19 11:38:30] Evaluating test...
[2026-03-19 11:38:32] [Eval] Report @step: 10.00 {
    "test__rsum": 412.9032258064516,
    "test__medr": 4.0,
    "test__meanr": 10.080645161290324,
    "test__n_fold_i2t_recall_1": 50.0,
    "test__n_fold_i2t_recall_5": 100.0,
    "test__n_fold_i2t_recall_10": 100.0,
    "test__n_fold_i2t_rsum": 250.0,
    "test__n_fold_i2t_medr": 1.0,
    "test__n_fold_i2t_meanr": 1.8,
    "test__n_fold_t2i_recall_1": 60.0,
    "test__n_fold_t2i_recall_5": 70.0,
    "test__n_fold_t2i_recall_10": 100.0,
    "test__n_fold_t2i_rsum": 230.0,
    "test__n_fold_t2i_medr": 1.0,
    "test__n_fold_t2i_meanr": 3.5,
    "test__i2t_recall_1": 12.903225806451612,
    "test__i2t_recall_5": 90.3225806451613,
    "test__i2t_recall_10": 95.16129032258064,
    "test__i2t_rsum": 198.38709677419354,
    "test__i2t_medr": 3.0,
    "test__i2t_meanr": 3.935483870967742,
    "test__t2i_recall_1": 56.45161290322581,
    "test__t2i_recall_5": 75.80645161290323,
    "test__t2i_recall_10": 82.25806451612904,
    "test__t2i_rsum": 214.51612903225805,
    "test__t2i_medr": 1.0,
    "test__t2i_meanr": 6.145161290322581,
    "lr": 0.0002,
    "summary": "50.0, 100.0, 100.0, 60.0, 70.0, 100.0, 12.903225806451612, 90.3225806451613, 95.16129032258064, 56.45161290322581, 75.80645161290323, 82.25806451612904"
}
[2026-03-19 11:38:32] Round 11!
[2026-03-19 11:38:32] FedMobile client 0 stats: {'total_batches': 3, 'optimized_batches': 3, 'skipped_batches': 0, 'finite_grad_batches': 3, 'mean_loss': 5.210945129394531, 'skipped_nonfinite_output': 0, 'skipped_nonfinite_loss': 0, 'skipped_nonfinite_grad': 0}
[2026-03-19 11:38:32] TEST:  Epoch: [11] image	Prec@1 0.000 (0.000)	Prec@5 4.444 (5.648)
[2026-03-19 11:38:33] FedMobile client 1 stats: {'total_batches': 1, 'optimized_batches': 1, 'skipped_batches': 0, 'finite_grad_batches': 1, 'mean_loss': 5.710114479064941, 'skipped_nonfinite_output': 0, 'skipped_nonfinite_loss': 0, 'skipped_nonfinite_grad': 0}
[2026-03-19 11:38:33] TEST:  Epoch: [11] image	Prec@1 2.667 (2.115)	Prec@5 30.667 (26.888)
[2026-03-19 11:38:33] FedMobile client 2 stats: {'total_batches': 3, 'optimized_batches': 3, 'skipped_batches': 0, 'finite_grad_batches': 3, 'mean_loss': 4.173287550608317, 'skipped_nonfinite_output': 0, 'skipped_nonfinite_loss': 0, 'skipped_nonfinite_grad': 0}
[2026-03-19 11:38:34] TEST:  Epoch: [11] image	Prec@1 0.000 (0.000)	Prec@5 33.871 (33.969)
[2026-03-19 11:38:34] FedMobile client 3 stats: {'total_batches': 3, 'optimized_batches': 3, 'skipped_batches': 0, 'finite_grad_batches': 3, 'mean_loss': 4.910809357961019, 'skipped_nonfinite_output': 0, 'skipped_nonfinite_loss': 0, 'skipped_nonfinite_grad': 0}
[2026-03-19 11:38:34] TEST:  Epoch: [11] image	Prec@1 20.571 (20.571)	Prec@5 52.571 (52.571)
[2026-03-19 11:38:35] FedMobile client 4 stats: {'total_batches': 1, 'optimized_batches': 1, 'skipped_batches': 0, 'finite_grad_batches': 1, 'mean_loss': 5.683234214782715, 'skipped_nonfinite_output': 0, 'skipped_nonfinite_loss': 0, 'skipped_nonfinite_grad': 0}
[2026-03-19 11:38:35] TEST:  Epoch: [11] image	Prec@1 0.000 (0.000)	Prec@5 4.839 (4.839)
[2026-03-19 11:38:35] FedMobile client 0 stats: {'total_batches': 1, 'optimized_batches': 1, 'skipped_batches': 0, 'finite_grad_batches': 1, 'mean_loss': 7.743147373199463, 'skipped_nonfinite_output': 0, 'skipped_nonfinite_loss': 0, 'skipped_nonfinite_grad': 0}
[2026-03-19 11:38:35] TEST:  Epoch: [11] text	Prec@1 0.000 (0.000)	Prec@5 0.000 (0.000)
[2026-03-19 11:38:36] FedMobile client 1 stats: {'total_batches': 3, 'optimized_batches': 3, 'skipped_batches': 0, 'finite_grad_batches': 3, 'mean_loss': 7.180500030517578, 'skipped_nonfinite_output': 0, 'skipped_nonfinite_loss': 0, 'skipped_nonfinite_grad': 0}
[2026-03-19 11:38:36] TEST:  Epoch: [11] text	Prec@1 0.000 (0.000)	Prec@5 0.000 (0.000)
[2026-03-19 11:38:38] FedMobile client 2 stats: {'total_batches': 17, 'optimized_batches': 17, 'skipped_batches': 0, 'finite_grad_batches': 17, 'mean_loss': 1.8560261375763838, 'skipped_nonfinite_output': 0, 'skipped_nonfinite_loss': 0, 'skipped_nonfinite_grad': 0}
[2026-03-19 11:38:38] TEST:  Epoch: [11] text	Prec@1 60.484 (53.251)	Prec@5 98.387 (98.767)
[2026-03-19 11:38:38] FedMobile client 3 stats: {'total_batches': 1, 'optimized_batches': 1, 'skipped_batches': 0, 'finite_grad_batches': 1, 'mean_loss': 7.372574806213379, 'skipped_nonfinite_output': 0, 'skipped_nonfinite_loss': 0, 'skipped_nonfinite_grad': 0}
[2026-03-19 11:38:39] TEST:  Epoch: [11] text	Prec@1 0.000 (0.000)	Prec@5 0.000 (0.000)
[2026-03-19 11:38:39] FedMobile client 4 stats: {'total_batches': 0, 'optimized_batches': 0, 'skipped_batches': 0, 'finite_grad_batches': 0, 'mean_loss': 0.0, 'skipped_nonfinite_output': 0, 'skipped_nonfinite_loss': 0, 'skipped_nonfinite_grad': 0}
[2026-03-19 11:38:39] TEST:  Epoch: [11] text	Prec@1 0.000 (0.000)	Prec@5 0.000 (0.000)
[2026-03-19 11:38:39] Epoch 11
[2026-03-19 11:38:40] FedMobile mm client 0 stats: {'total_batches': 3, 'optimized_batches': 3, 'skipped_batches': 0, 'finite_grad_batches': 3, 'mean_loss': 3545.0489095052085, 'skipped_nonfinite_output': 0, 'skipped_nonfinite_loss': 0, 'skipped_nonfinite_grad': 0}
[2026-03-19 11:38:40] Epoch 11
[2026-03-19 11:38:41] FedMobile mm client 1 stats: {'total_batches': 5, 'optimized_batches': 5, 'skipped_batches': 0, 'finite_grad_batches': 5, 'mean_loss': 3371.320947265625, 'skipped_nonfinite_output': 0, 'skipped_nonfinite_loss': 0, 'skipped_nonfinite_grad': 0}
[2026-03-19 11:38:41] Epoch 11
[2026-03-19 11:38:42] FedMobile mm client 2 stats: {'total_batches': 6, 'optimized_batches': 6, 'skipped_batches': 0, 'finite_grad_batches': 6, 'mean_loss': 3367.0372314453125, 'skipped_nonfinite_output': 0, 'skipped_nonfinite_loss': 0, 'skipped_nonfinite_grad': 0}
[2026-03-19 11:38:43] Epoch 11
[2026-03-19 11:38:43] FedMobile mm client 3 stats: {'total_batches': 0, 'optimized_batches': 0, 'skipped_batches': 0, 'finite_grad_batches': 0, 'mean_loss': 0.0, 'skipped_nonfinite_output': 0, 'skipped_nonfinite_loss': 0, 'skipped_nonfinite_grad': 0}
[2026-03-19 11:38:43] Epoch 11
[2026-03-19 11:38:43] FedMobile mm client 4 stats: {'total_batches': 0, 'optimized_batches': 0, 'skipped_batches': 0, 'finite_grad_batches': 0, 'mean_loss': 0.0, 'skipped_nonfinite_output': 0, 'skipped_nonfinite_loss': 0, 'skipped_nonfinite_grad': 0}
[2026-03-19 11:39:04] FedMobile active clients: [0, 1, 2, 3, 4, 5, 6, 7, 8, 10, 11, 12]
[2026-03-19 11:39:04] FedMobile client weights: {2: 0.036940700910714, 10: 0.037198512382673125, 11: 0.052041087125462494, 12: 0.060548865700113474, 7: 0.6714600273013228, 0: 0.03323208502436344, 1: 0.0140267520897468, 3: 0.02661310420939735, 4: 0.009877028366374274, 5: 0.015501447297226292, 6: 0.029288132725290385, 8: 0.013272256867315431}
[2026-03-19 11:39:04] TEST:  Epoch: [11] image	Prec@1 0.000 (0.000)	Prec@5 4.444 (5.648)
[2026-03-19 11:39:05] TEST:  Epoch: [11] image	Prec@1 2.667 (2.115)	Prec@5 30.667 (26.888)
[2026-03-19 11:39:05] TEST:  Epoch: [11] image	Prec@1 0.000 (0.000)	Prec@5 33.871 (33.969)
[2026-03-19 11:39:05] TEST:  Epoch: [11] image	Prec@1 20.571 (20.571)	Prec@5 52.571 (52.571)
[2026-03-19 11:39:05] TEST:  Epoch: [11] image	Prec@1 0.000 (0.000)	Prec@5 4.839 (4.839)
[2026-03-19 11:39:06] TEST:  Epoch: [11] text	Prec@1 0.000 (0.000)	Prec@5 0.000 (0.000)
[2026-03-19 11:39:06] TEST:  Epoch: [11] text	Prec@1 0.000 (0.000)	Prec@5 0.000 (0.000)
[2026-03-19 11:39:06] TEST:  Epoch: [11] text	Prec@1 60.484 (53.251)	Prec@5 98.387 (98.767)
[2026-03-19 11:39:06] TEST:  Epoch: [11] text	Prec@1 0.000 (0.000)	Prec@5 0.000 (0.000)
[2026-03-19 11:39:06] TEST:  Epoch: [11] text	Prec@1 0.000 (0.000)	Prec@5 0.000 (0.000)
[2026-03-19 11:39:06] Evaluating test...
[2026-03-19 11:39:26] [Eval] Report @step: 11.00 {
    "test__rsum": 367.4418604651163,
    "test__medr": 5.0,
    "test__meanr": 12.953488372093023,
    "test__n_fold_i2t_recall_1": 10.0,
    "test__n_fold_i2t_recall_5": 70.0,
    "test__n_fold_i2t_recall_10": 100.0,
    "test__n_fold_i2t_rsum": 180.0,
    "test__n_fold_i2t_medr": 3.0,
    "test__n_fold_i2t_meanr": 4.0,
    "test__n_fold_t2i_recall_1": 10.0,
    "test__n_fold_t2i_recall_5": 80.0,
    "test__n_fold_t2i_recall_10": 100.0,
    "test__n_fold_t2i_rsum": 190.0,
    "test__n_fold_t2i_medr": 3.0,
    "test__n_fold_t2i_meanr": 3.4,
    "test__i2t_recall_1": 27.242524916943523,
    "test__i2t_recall_5": 81.06312292358804,
    "test__i2t_recall_10": 87.70764119601328,
    "test__i2t_rsum": 196.01328903654485,
    "test__i2t_medr": 2.0,
    "test__i2t_meanr": 5.5514950166112955,
    "test__t2i_recall_1": 41.19601328903654,
    "test__t2i_recall_5": 58.80398671096346,
    "test__t2i_recall_10": 71.42857142857143,
    "test__t2i_rsum": 171.42857142857144,
    "test__t2i_medr": 3.0,
    "test__t2i_meanr": 7.401993355481728,
    "lr": 0.0002,
    "summary": "10.0, 70.0, 100.0, 10.0, 80.0, 100.0, 27.242524916943523, 81.06312292358804, 87.70764119601328, 41.19601328903654, 58.80398671096346, 71.42857142857143"
}
[2026-03-19 11:39:26] Evaluating test...
[2026-03-19 11:39:47] [Eval] Report @step: 11.00 {
    "test__rsum": 327.79456193353474,
    "test__medr": 7.0,
    "test__meanr": 17.45015105740181,
    "test__n_fold_i2t_recall_1": 10.0,
    "test__n_fold_i2t_recall_5": 100.0,
    "test__n_fold_i2t_recall_10": 100.0,
    "test__n_fold_i2t_rsum": 210.0,
    "test__n_fold_i2t_medr": 3.0,
    "test__n_fold_i2t_meanr": 2.6,
    "test__n_fold_t2i_recall_1": 50.0,
    "test__n_fold_t2i_recall_5": 90.0,
    "test__n_fold_t2i_recall_10": 100.0,
    "test__n_fold_t2i_rsum": 240.0,
    "test__n_fold_t2i_medr": 1.0,
    "test__n_fold_t2i_meanr": 2.9,
    "test__i2t_recall_1": 18.731117824773413,
    "test__i2t_recall_5": 53.17220543806646,
    "test__i2t_recall_10": 59.21450151057402,
    "test__i2t_rsum": 131.1178247734139,
    "test__i2t_medr": 4.0,
    "test__i2t_meanr": 12.33534743202417,
    "test__t2i_recall_1": 14.803625377643504,
    "test__t2i_recall_5": 88.21752265861028,
    "test__t2i_recall_10": 93.65558912386707,
    "test__t2i_rsum": 196.67673716012087,
    "test__t2i_medr": 3.0,
    "test__t2i_meanr": 5.114803625377643,
    "lr": 0.0002,
    "summary": "10.0, 100.0, 100.0, 50.0, 90.0, 100.0, 18.731117824773413, 53.17220543806646, 59.21450151057402, 14.803625377643504, 88.21752265861028, 93.65558912386707"
}
[2026-03-19 11:39:47] Evaluating test...
[2026-03-19 11:43:19] [Eval] Report @step: 11.00 {
    "test__rsum": 349.7757847533632,
    "test__medr": 4.0,
    "test__meanr": 25.152466367713004,
    "test__n_fold_i2t_recall_1": 20.0,
    "test__n_fold_i2t_recall_5": 100.0,
    "test__n_fold_i2t_recall_10": 100.0,
    "test__n_fold_i2t_rsum": 220.0,
    "test__n_fold_i2t_medr": 3.0,
    "test__n_fold_i2t_meanr": 2.6,
    "test__n_fold_t2i_recall_1": 80.0,
    "test__n_fold_t2i_recall_5": 100.0,
    "test__n_fold_t2i_recall_10": 100.0,
    "test__n_fold_t2i_rsum": 280.0,
    "test__n_fold_t2i_medr": 1.0,
    "test__n_fold_t2i_meanr": 1.4,
    "test__i2t_recall_1": 8.183856502242152,
    "test__i2t_recall_5": 76.00896860986548,
    "test__i2t_recall_10": 87.5560538116592,
    "test__i2t_rsum": 171.74887892376682,
    "test__i2t_medr": 3.0,
    "test__i2t_meanr": 9.225336322869955,
    "test__t2i_recall_1": 50.336322869955154,
    "test__t2i_recall_5": 60.426008968609864,
    "test__t2i_recall_10": 67.26457399103138,
    "test__t2i_rsum": 178.0269058295964,
    "test__t2i_medr": 1.0,
    "test__t2i_meanr": 15.92713004484305,
    "lr": 0.0002,
    "summary": "20.0, 100.0, 100.0, 80.0, 100.0, 100.0, 8.183856502242152, 76.00896860986548, 87.5560538116592, 50.336322869955154, 60.426008968609864, 67.26457399103138"
}
[2026-03-19 11:43:19] Evaluating test...
[2026-03-19 11:43:24] [Eval] Report @step: 11.00 {
    "test__rsum": 306.8571428571429,
    "test__medr": 8.0,
    "test__meanr": 13.674285714285714,
    "test__n_fold_i2t_recall_1": 30.0,
    "test__n_fold_i2t_recall_5": 90.0,
    "test__n_fold_i2t_recall_10": 100.0,
    "test__n_fold_i2t_rsum": 220.0,
    "test__n_fold_i2t_medr": 2.0,
    "test__n_fold_i2t_meanr": 3.1,
    "test__n_fold_t2i_recall_1": 10.0,
    "test__n_fold_t2i_recall_5": 60.0,
    "test__n_fold_t2i_recall_10": 100.0,
    "test__n_fold_t2i_rsum": 170.0,
    "test__n_fold_t2i_medr": 4.0,
    "test__n_fold_t2i_meanr": 4.1,
    "test__i2t_recall_1": 9.714285714285714,
    "test__i2t_recall_5": 50.285714285714285,
    "test__i2t_recall_10": 73.14285714285714,
    "test__i2t_rsum": 133.14285714285714,
    "test__i2t_medr": 5.0,
    "test__i2t_meanr": 8.754285714285714,
    "test__t2i_recall_1": 23.428571428571427,
    "test__t2i_recall_5": 62.857142857142854,
    "test__t2i_recall_10": 87.42857142857143,
    "test__t2i_rsum": 173.71428571428572,
    "test__t2i_medr": 3.0,
    "test__t2i_meanr": 4.92,
    "lr": 0.0002,
    "summary": "30.0, 90.0, 100.0, 10.0, 60.0, 100.0, 9.714285714285714, 50.285714285714285, 73.14285714285714, 23.428571428571427, 62.857142857142854, 87.42857142857143"
}
[2026-03-19 11:43:24] Evaluating test...
[2026-03-19 11:43:25] [Eval] Report @step: 11.00 {
    "test__rsum": 414.51612903225805,
    "test__medr": 4.0,
    "test__meanr": 10.193548387096774,
    "test__n_fold_i2t_recall_1": 50.0,
    "test__n_fold_i2t_recall_5": 100.0,
    "test__n_fold_i2t_recall_10": 100.0,
    "test__n_fold_i2t_rsum": 250.0,
    "test__n_fold_i2t_medr": 1.0,
    "test__n_fold_i2t_meanr": 1.8,
    "test__n_fold_t2i_recall_1": 60.0,
    "test__n_fold_t2i_recall_5": 60.0,
    "test__n_fold_t2i_recall_10": 100.0,
    "test__n_fold_t2i_rsum": 220.0,
    "test__n_fold_t2i_medr": 1.0,
    "test__n_fold_t2i_meanr": 3.6,
    "test__i2t_recall_1": 12.903225806451612,
    "test__i2t_recall_5": 91.93548387096774,
    "test__i2t_recall_10": 95.16129032258064,
    "test__i2t_rsum": 200.0,
    "test__i2t_medr": 3.0,
    "test__i2t_meanr": 4.064516129032258,
    "test__t2i_recall_1": 56.45161290322581,
    "test__t2i_recall_5": 75.80645161290323,
    "test__t2i_recall_10": 82.25806451612904,
    "test__t2i_rsum": 214.51612903225805,
    "test__t2i_medr": 1.0,
    "test__t2i_meanr": 6.129032258064516,
    "lr": 0.0002,
    "summary": "50.0, 100.0, 100.0, 60.0, 60.0, 100.0, 12.903225806451612, 91.93548387096774, 95.16129032258064, 56.45161290322581, 75.80645161290323, 82.25806451612904"
}
[2026-03-19 11:43:25] Round 12!
[2026-03-19 11:43:26] FedMobile client 0 stats: {'total_batches': 3, 'optimized_batches': 3, 'skipped_batches': 0, 'finite_grad_batches': 3, 'mean_loss': 5.175106525421143, 'skipped_nonfinite_output': 0, 'skipped_nonfinite_loss': 0, 'skipped_nonfinite_grad': 0}
[2026-03-19 11:43:26] TEST:  Epoch: [12] image	Prec@1 0.000 (0.000)	Prec@5 4.444 (5.980)
[2026-03-19 11:43:26] FedMobile client 1 stats: {'total_batches': 1, 'optimized_batches': 1, 'skipped_batches': 0, 'finite_grad_batches': 1, 'mean_loss': 5.718578815460205, 'skipped_nonfinite_output': 0, 'skipped_nonfinite_loss': 0, 'skipped_nonfinite_grad': 0}
[2026-03-19 11:43:26] TEST:  Epoch: [12] image	Prec@1 2.667 (1.511)	Prec@5 30.667 (26.888)
[2026-03-19 11:43:27] FedMobile client 2 stats: {'total_batches': 3, 'optimized_batches': 3, 'skipped_batches': 0, 'finite_grad_batches': 3, 'mean_loss': 4.09553321202596, 'skipped_nonfinite_output': 0, 'skipped_nonfinite_loss': 0, 'skipped_nonfinite_grad': 0}
[2026-03-19 11:43:27] TEST:  Epoch: [12] image	Prec@1 0.000 (0.000)	Prec@5 45.968 (46.861)
[2026-03-19 11:43:28] FedMobile client 3 stats: {'total_batches': 3, 'optimized_batches': 3, 'skipped_batches': 0, 'finite_grad_batches': 3, 'mean_loss': 5.075826168060303, 'skipped_nonfinite_output': 0, 'skipped_nonfinite_loss': 0, 'skipped_nonfinite_grad': 0}
[2026-03-19 11:43:28] TEST:  Epoch: [12] image	Prec@1 21.143 (21.143)	Prec@5 54.286 (54.286)
[2026-03-19 11:43:28] FedMobile client 4 stats: {'total_batches': 1, 'optimized_batches': 1, 'skipped_batches': 0, 'finite_grad_batches': 1, 'mean_loss': 5.7054572105407715, 'skipped_nonfinite_output': 0, 'skipped_nonfinite_loss': 0, 'skipped_nonfinite_grad': 0}
[2026-03-19 11:43:28] TEST:  Epoch: [12] image	Prec@1 0.000 (0.000)	Prec@5 1.613 (1.613)
[2026-03-19 11:43:28] FedMobile client 0 stats: {'total_batches': 1, 'optimized_batches': 1, 'skipped_batches': 0, 'finite_grad_batches': 1, 'mean_loss': 8.044208526611328, 'skipped_nonfinite_output': 0, 'skipped_nonfinite_loss': 0, 'skipped_nonfinite_grad': 0}
[2026-03-19 11:43:28] TEST:  Epoch: [12] text	Prec@1 0.000 (0.000)	Prec@5 0.000 (0.000)
[2026-03-19 11:43:29] FedMobile client 1 stats: {'total_batches': 3, 'optimized_batches': 3, 'skipped_batches': 0, 'finite_grad_batches': 3, 'mean_loss': 7.423449357350667, 'skipped_nonfinite_output': 0, 'skipped_nonfinite_loss': 0, 'skipped_nonfinite_grad': 0}
[2026-03-19 11:43:29] TEST:  Epoch: [12] text	Prec@1 0.000 (0.000)	Prec@5 0.000 (0.000)
[2026-03-19 11:43:31] FedMobile client 2 stats: {'total_batches': 17, 'optimized_batches': 17, 'skipped_batches': 0, 'finite_grad_batches': 17, 'mean_loss': 1.7692089992410995, 'skipped_nonfinite_output': 0, 'skipped_nonfinite_loss': 0, 'skipped_nonfinite_grad': 0}
[2026-03-19 11:43:31] TEST:  Epoch: [12] text	Prec@1 60.484 (53.251)	Prec@5 98.387 (98.767)
[2026-03-19 11:43:31] FedMobile client 3 stats: {'total_batches': 1, 'optimized_batches': 1, 'skipped_batches': 0, 'finite_grad_batches': 1, 'mean_loss': 7.9288835525512695, 'skipped_nonfinite_output': 0, 'skipped_nonfinite_loss': 0, 'skipped_nonfinite_grad': 0}
[2026-03-19 11:43:32] TEST:  Epoch: [12] text	Prec@1 0.000 (0.000)	Prec@5 0.000 (0.000)
[2026-03-19 11:43:32] FedMobile client 4 stats: {'total_batches': 0, 'optimized_batches': 0, 'skipped_batches': 0, 'finite_grad_batches': 0, 'mean_loss': 0.0, 'skipped_nonfinite_output': 0, 'skipped_nonfinite_loss': 0, 'skipped_nonfinite_grad': 0}
[2026-03-19 11:43:32] TEST:  Epoch: [12] text	Prec@1 0.000 (0.000)	Prec@5 0.000 (0.000)
[2026-03-19 11:43:32] Epoch 12
[2026-03-19 11:43:33] FedMobile mm client 0 stats: {'total_batches': 3, 'optimized_batches': 3, 'skipped_batches': 0, 'finite_grad_batches': 3, 'mean_loss': 3492.112548828125, 'skipped_nonfinite_output': 0, 'skipped_nonfinite_loss': 0, 'skipped_nonfinite_grad': 0}
[2026-03-19 11:43:33] Epoch 12
[2026-03-19 11:43:34] FedMobile mm client 1 stats: {'total_batches': 5, 'optimized_batches': 5, 'skipped_batches': 0, 'finite_grad_batches': 5, 'mean_loss': 3364.45234375, 'skipped_nonfinite_output': 0, 'skipped_nonfinite_loss': 0, 'skipped_nonfinite_grad': 0}
[2026-03-19 11:43:34] Epoch 12
[2026-03-19 11:43:35] FedMobile mm client 2 stats: {'total_batches': 6, 'optimized_batches': 6, 'skipped_batches': 0, 'finite_grad_batches': 6, 'mean_loss': 3370.128662109375, 'skipped_nonfinite_output': 0, 'skipped_nonfinite_loss': 0, 'skipped_nonfinite_grad': 0}
[2026-03-19 11:43:35] Epoch 12
[2026-03-19 11:43:35] FedMobile mm client 3 stats: {'total_batches': 0, 'optimized_batches': 0, 'skipped_batches': 0, 'finite_grad_batches': 0, 'mean_loss': 0.0, 'skipped_nonfinite_output': 0, 'skipped_nonfinite_loss': 0, 'skipped_nonfinite_grad': 0}
[2026-03-19 11:43:36] Epoch 12
[2026-03-19 11:43:36] FedMobile mm client 4 stats: {'total_batches': 0, 'optimized_batches': 0, 'skipped_batches': 0, 'finite_grad_batches': 0, 'mean_loss': 0.0, 'skipped_nonfinite_output': 0, 'skipped_nonfinite_loss': 0, 'skipped_nonfinite_grad': 0}
[2026-03-19 11:43:56] FedMobile active clients: [0, 1, 2, 3, 4, 5, 6, 7, 8, 10, 11, 12]
[2026-03-19 11:43:56] FedMobile client weights: {2: 0.04080220744523641, 10: 0.04108696861384723, 11: 0.05748107589244172, 12: 0.06687819445659886, 6: 0.5026434386620922, 0: 0.035906792689277024, 1: 0.015155705066991024, 3: 0.028755078562310597, 4: 0.010671987920032799, 5: 0.0167490921522737, 7: 0.16952897477135437, 8: 0.014340483767544075}
[2026-03-19 11:43:56] TEST:  Epoch: [12] image	Prec@1 0.000 (0.000)	Prec@5 4.444 (5.980)
[2026-03-19 11:43:57] TEST:  Epoch: [12] image	Prec@1 2.667 (1.511)	Prec@5 30.667 (26.888)
[2026-03-19 11:43:57] TEST:  Epoch: [12] image	Prec@1 0.000 (0.000)	Prec@5 45.968 (46.861)
[2026-03-19 11:43:57] TEST:  Epoch: [12] image	Prec@1 21.143 (21.143)	Prec@5 54.286 (54.286)
[2026-03-19 11:43:57] TEST:  Epoch: [12] image	Prec@1 0.000 (0.000)	Prec@5 1.613 (1.613)
[2026-03-19 11:43:58] TEST:  Epoch: [12] text	Prec@1 0.000 (0.000)	Prec@5 0.000 (0.000)
[2026-03-19 11:43:58] TEST:  Epoch: [12] text	Prec@1 0.000 (0.000)	Prec@5 0.000 (0.000)
[2026-03-19 11:43:58] TEST:  Epoch: [12] text	Prec@1 60.484 (53.251)	Prec@5 98.387 (98.767)
[2026-03-19 11:43:58] TEST:  Epoch: [12] text	Prec@1 0.000 (0.000)	Prec@5 0.000 (0.000)
[2026-03-19 11:43:59] TEST:  Epoch: [12] text	Prec@1 0.000 (0.000)	Prec@5 0.000 (0.000)
[2026-03-19 11:43:59] Evaluating test...
[2026-03-19 11:44:18] [Eval] Report @step: 12.00 {
    "test__rsum": 367.77408637873754,
    "test__medr": 5.0,
    "test__meanr": 13.049833887043189,
    "test__n_fold_i2t_recall_1": 10.0,
    "test__n_fold_i2t_recall_5": 70.0,
    "test__n_fold_i2t_recall_10": 100.0,
    "test__n_fold_i2t_rsum": 180.0,
    "test__n_fold_i2t_medr": 3.0,
    "test__n_fold_i2t_meanr": 4.0,
    "test__n_fold_t2i_recall_1": 10.0,
    "test__n_fold_t2i_recall_5": 80.0,
    "test__n_fold_t2i_recall_10": 100.0,
    "test__n_fold_t2i_rsum": 190.0,
    "test__n_fold_t2i_medr": 3.0,
    "test__n_fold_t2i_meanr": 3.5,
    "test__i2t_recall_1": 27.574750830564785,
    "test__i2t_recall_5": 81.06312292358804,
    "test__i2t_recall_10": 87.70764119601328,
    "test__i2t_rsum": 196.3455149501661,
    "test__i2t_medr": 2.0,
    "test__i2t_meanr": 5.591362126245847,
    "test__t2i_recall_1": 41.19601328903654,
    "test__t2i_recall_5": 58.80398671096346,
    "test__t2i_recall_10": 71.42857142857143,
    "test__t2i_rsum": 171.42857142857144,
    "test__t2i_medr": 3.0,
    "test__t2i_meanr": 7.458471760797342,
    "lr": 0.0002,
    "summary": "10.0, 70.0, 100.0, 10.0, 80.0, 100.0, 27.574750830564785, 81.06312292358804, 87.70764119601328, 41.19601328903654, 58.80398671096346, 71.42857142857143"
}
[2026-03-19 11:44:18] Evaluating test...
[2026-03-19 11:44:39] [Eval] Report @step: 12.00 {
    "test__rsum": 326.5861027190332,
    "test__medr": 7.0,
    "test__meanr": 17.483383685800604,
    "test__n_fold_i2t_recall_1": 10.0,
    "test__n_fold_i2t_recall_5": 100.0,
    "test__n_fold_i2t_recall_10": 100.0,
    "test__n_fold_i2t_rsum": 210.0,
    "test__n_fold_i2t_medr": 3.0,
    "test__n_fold_i2t_meanr": 2.5,
    "test__n_fold_t2i_recall_1": 50.0,
    "test__n_fold_t2i_recall_5": 90.0,
    "test__n_fold_t2i_recall_10": 100.0,
    "test__n_fold_t2i_rsum": 240.0,
    "test__n_fold_t2i_medr": 2.0,
    "test__n_fold_t2i_meanr": 3.0,
    "test__i2t_recall_1": 19.033232628398792,
    "test__i2t_recall_5": 53.17220543806646,
    "test__i2t_recall_10": 58.91238670694864,
    "test__i2t_rsum": 131.1178247734139,
    "test__i2t_medr": 4.0,
    "test__i2t_meanr": 12.380664652567976,
    "test__t2i_recall_1": 13.897280966767372,
    "test__t2i_recall_5": 87.91540785498489,
    "test__t2i_recall_10": 93.65558912386707,
    "test__t2i_rsum": 195.46827794561932,
    "test__t2i_medr": 3.0,
    "test__t2i_meanr": 5.102719033232629,
    "lr": 0.0002,
    "summary": "10.0, 100.0, 100.0, 50.0, 90.0, 100.0, 19.033232628398792, 53.17220543806646, 58.91238670694864, 13.897280966767372, 87.91540785498489, 93.65558912386707"
}
[2026-03-19 11:44:39] Evaluating test...
[2026-03-19 11:48:05] [Eval] Report @step: 12.00 {
    "test__rsum": 350.11210762331837,
    "test__medr": 4.0,
    "test__meanr": 25.173766816143498,
    "test__n_fold_i2t_recall_1": 20.0,
    "test__n_fold_i2t_recall_5": 100.0,
    "test__n_fold_i2t_recall_10": 100.0,
    "test__n_fold_i2t_rsum": 220.0,
    "test__n_fold_i2t_medr": 3.0,
    "test__n_fold_i2t_meanr": 2.5,
    "test__n_fold_t2i_recall_1": 80.0,
    "test__n_fold_t2i_recall_5": 100.0,
    "test__n_fold_t2i_recall_10": 100.0,
    "test__n_fold_t2i_rsum": 280.0,
    "test__n_fold_t2i_medr": 1.0,
    "test__n_fold_t2i_meanr": 1.4,
    "test__i2t_recall_1": 8.295964125560538,
    "test__i2t_recall_5": 75.56053811659193,
    "test__i2t_recall_10": 87.89237668161435,
    "test__i2t_rsum": 171.74887892376682,
    "test__i2t_medr": 3.0,
    "test__i2t_meanr": 9.272421524663677,
    "test__t2i_recall_1": 50.672645739910315,
    "test__t2i_recall_5": 60.426008968609864,
    "test__t2i_recall_10": 67.26457399103138,
    "test__t2i_rsum": 178.36322869955154,
    "test__t2i_medr": 1.0,
    "test__t2i_meanr": 15.90134529147982,
    "lr": 0.0002,
    "summary": "20.0, 100.0, 100.0, 80.0, 100.0, 100.0, 8.295964125560538, 75.56053811659193, 87.89237668161435, 50.672645739910315, 60.426008968609864, 67.26457399103138"
}
[2026-03-19 11:48:05] Evaluating test...
[2026-03-19 11:48:10] [Eval] Report @step: 12.00 {
    "test__rsum": 302.8571428571429,
    "test__medr": 9.0,
    "test__meanr": 13.845714285714287,
    "test__n_fold_i2t_recall_1": 30.0,
    "test__n_fold_i2t_recall_5": 90.0,
    "test__n_fold_i2t_recall_10": 100.0,
    "test__n_fold_i2t_rsum": 220.0,
    "test__n_fold_i2t_medr": 2.0,
    "test__n_fold_i2t_meanr": 3.1,
    "test__n_fold_t2i_recall_1": 10.0,
    "test__n_fold_t2i_recall_5": 60.0,
    "test__n_fold_t2i_recall_10": 100.0,
    "test__n_fold_t2i_rsum": 170.0,
    "test__n_fold_t2i_medr": 4.0,
    "test__n_fold_t2i_meanr": 4.1,
    "test__i2t_recall_1": 9.714285714285714,
    "test__i2t_recall_5": 49.714285714285715,
    "test__i2t_recall_10": 71.42857142857143,
    "test__i2t_rsum": 130.85714285714286,
    "test__i2t_medr": 6.0,
    "test__i2t_meanr": 8.845714285714287,
    "test__t2i_recall_1": 22.857142857142858,
    "test__t2i_recall_5": 62.857142857142854,
    "test__t2i_recall_10": 86.28571428571429,
    "test__t2i_rsum": 172.0,
    "test__t2i_medr": 3.0,
    "test__t2i_meanr": 5.0,
    "lr": 0.0002,
    "summary": "30.0, 90.0, 100.0, 10.0, 60.0, 100.0, 9.714285714285714, 49.714285714285715, 71.42857142857143, 22.857142857142858, 62.857142857142854, 86.28571428571429"
}
[2026-03-19 11:48:10] Evaluating test...
[2026-03-19 11:48:11] [Eval] Report @step: 12.00 {
    "test__rsum": 412.9032258064516,
    "test__medr": 4.0,
    "test__meanr": 10.161290322580644,
    "test__n_fold_i2t_recall_1": 50.0,
    "test__n_fold_i2t_recall_5": 100.0,
    "test__n_fold_i2t_recall_10": 100.0,
    "test__n_fold_i2t_rsum": 250.0,
    "test__n_fold_i2t_medr": 1.0,
    "test__n_fold_i2t_meanr": 1.8,
    "test__n_fold_t2i_recall_1": 60.0,
    "test__n_fold_t2i_recall_5": 60.0,
    "test__n_fold_t2i_recall_10": 100.0,
    "test__n_fold_t2i_rsum": 220.0,
    "test__n_fold_t2i_medr": 1.0,
    "test__n_fold_t2i_meanr": 3.6,
    "test__i2t_recall_1": 12.903225806451612,
    "test__i2t_recall_5": 90.3225806451613,
    "test__i2t_recall_10": 95.16129032258064,
    "test__i2t_rsum": 198.38709677419354,
    "test__i2t_medr": 3.0,
    "test__i2t_meanr": 4.096774193548387,
    "test__t2i_recall_1": 56.45161290322581,
    "test__t2i_recall_5": 75.80645161290323,
    "test__t2i_recall_10": 82.25806451612904,
    "test__t2i_rsum": 214.51612903225805,
    "test__t2i_medr": 1.0,
    "test__t2i_meanr": 6.064516129032258,
    "lr": 0.0002,
    "summary": "50.0, 100.0, 100.0, 60.0, 60.0, 100.0, 12.903225806451612, 90.3225806451613, 95.16129032258064, 56.45161290322581, 75.80645161290323, 82.25806451612904"
}
[2026-03-19 11:48:11] Round 13!
[2026-03-19 11:48:11] FedMobile client 0 stats: {'total_batches': 3, 'optimized_batches': 3, 'skipped_batches': 0, 'finite_grad_batches': 3, 'mean_loss': 5.212081114451091, 'skipped_nonfinite_output': 0, 'skipped_nonfinite_loss': 0, 'skipped_nonfinite_grad': 0}
[2026-03-19 11:48:12] TEST:  Epoch: [13] image	Prec@1 0.000 (0.000)	Prec@5 6.667 (7.309)
[2026-03-19 11:48:12] FedMobile client 1 stats: {'total_batches': 1, 'optimized_batches': 1, 'skipped_batches': 0, 'finite_grad_batches': 1, 'mean_loss': 5.045155048370361, 'skipped_nonfinite_output': 0, 'skipped_nonfinite_loss': 0, 'skipped_nonfinite_grad': 0}
[2026-03-19 11:48:12] TEST:  Epoch: [13] image	Prec@1 2.667 (1.511)	Prec@5 30.667 (26.888)
[2026-03-19 11:48:12] FedMobile client 2 stats: {'total_batches': 3, 'optimized_batches': 3, 'skipped_batches': 0, 'finite_grad_batches': 3, 'mean_loss': 4.3513503074646, 'skipped_nonfinite_output': 0, 'skipped_nonfinite_loss': 0, 'skipped_nonfinite_grad': 0}
[2026-03-19 11:48:13] TEST:  Epoch: [13] image	Prec@1 0.000 (0.000)	Prec@5 56.452 (54.484)
[2026-03-19 11:48:13] FedMobile client 3 stats: {'total_batches': 3, 'optimized_batches': 3, 'skipped_batches': 0, 'finite_grad_batches': 3, 'mean_loss': 5.168573538462321, 'skipped_nonfinite_output': 0, 'skipped_nonfinite_loss': 0, 'skipped_nonfinite_grad': 0}
[2026-03-19 11:48:13] TEST:  Epoch: [13] image	Prec@1 21.143 (21.143)	Prec@5 53.714 (53.714)
[2026-03-19 11:48:14] FedMobile client 4 stats: {'total_batches': 1, 'optimized_batches': 1, 'skipped_batches': 0, 'finite_grad_batches': 1, 'mean_loss': 5.819073677062988, 'skipped_nonfinite_output': 0, 'skipped_nonfinite_loss': 0, 'skipped_nonfinite_grad': 0}
[2026-03-19 11:48:14] TEST:  Epoch: [13] image	Prec@1 0.000 (0.000)	Prec@5 1.613 (1.613)
[2026-03-19 11:48:14] FedMobile client 0 stats: {'total_batches': 1, 'optimized_batches': 1, 'skipped_batches': 0, 'finite_grad_batches': 1, 'mean_loss': 7.74952507019043, 'skipped_nonfinite_output': 0, 'skipped_nonfinite_loss': 0, 'skipped_nonfinite_grad': 0}
[2026-03-19 11:48:14] TEST:  Epoch: [13] text	Prec@1 0.000 (0.000)	Prec@5 0.000 (0.000)
[2026-03-19 11:48:15] FedMobile client 1 stats: {'total_batches': 3, 'optimized_batches': 3, 'skipped_batches': 0, 'finite_grad_batches': 3, 'mean_loss': 6.691938400268555, 'skipped_nonfinite_output': 0, 'skipped_nonfinite_loss': 0, 'skipped_nonfinite_grad': 0}
[2026-03-19 11:48:15] TEST:  Epoch: [13] text	Prec@1 0.000 (0.000)	Prec@5 0.000 (0.000)
[2026-03-19 11:48:16] FedMobile client 2 stats: {'total_batches': 17, 'optimized_batches': 17, 'skipped_batches': 0, 'finite_grad_batches': 17, 'mean_loss': 1.815964278052835, 'skipped_nonfinite_output': 0, 'skipped_nonfinite_loss': 0, 'skipped_nonfinite_grad': 0}
[2026-03-19 11:48:17] TEST:  Epoch: [13] text	Prec@1 60.484 (53.251)	Prec@5 98.387 (98.767)
[2026-03-19 11:48:17] FedMobile client 3 stats: {'total_batches': 1, 'optimized_batches': 1, 'skipped_batches': 0, 'finite_grad_batches': 1, 'mean_loss': 7.715301513671875, 'skipped_nonfinite_output': 0, 'skipped_nonfinite_loss': 0, 'skipped_nonfinite_grad': 0}
[2026-03-19 11:48:17] TEST:  Epoch: [13] text	Prec@1 0.000 (0.000)	Prec@5 0.000 (0.000)
[2026-03-19 11:48:17] FedMobile client 4 stats: {'total_batches': 0, 'optimized_batches': 0, 'skipped_batches': 0, 'finite_grad_batches': 0, 'mean_loss': 0.0, 'skipped_nonfinite_output': 0, 'skipped_nonfinite_loss': 0, 'skipped_nonfinite_grad': 0}
[2026-03-19 11:48:17] TEST:  Epoch: [13] text	Prec@1 0.000 (0.000)	Prec@5 0.000 (0.000)
[2026-03-19 11:48:18] Epoch 13
[2026-03-19 11:48:18] FedMobile mm client 0 stats: {'total_batches': 3, 'optimized_batches': 3, 'skipped_batches': 0, 'finite_grad_batches': 3, 'mean_loss': 3409.1704915364585, 'skipped_nonfinite_output': 0, 'skipped_nonfinite_loss': 0, 'skipped_nonfinite_grad': 0}
[2026-03-19 11:48:18] Epoch 13
[2026-03-19 11:48:20] FedMobile mm client 1 stats: {'total_batches': 5, 'optimized_batches': 5, 'skipped_batches': 0, 'finite_grad_batches': 5, 'mean_loss': 3359.262255859375, 'skipped_nonfinite_output': 0, 'skipped_nonfinite_loss': 0, 'skipped_nonfinite_grad': 0}
[2026-03-19 11:48:20] Epoch 13
[2026-03-19 11:48:21] FedMobile mm client 2 stats: {'total_batches': 6, 'optimized_batches': 6, 'skipped_batches': 0, 'finite_grad_batches': 6, 'mean_loss': 3359.7405598958335, 'skipped_nonfinite_output': 0, 'skipped_nonfinite_loss': 0, 'skipped_nonfinite_grad': 0}
[2026-03-19 11:48:21] Epoch 13
[2026-03-19 11:48:21] FedMobile mm client 3 stats: {'total_batches': 0, 'optimized_batches': 0, 'skipped_batches': 0, 'finite_grad_batches': 0, 'mean_loss': 0.0, 'skipped_nonfinite_output': 0, 'skipped_nonfinite_loss': 0, 'skipped_nonfinite_grad': 0}
[2026-03-19 11:48:21] Epoch 13
[2026-03-19 11:48:21] FedMobile mm client 4 stats: {'total_batches': 0, 'optimized_batches': 0, 'skipped_batches': 0, 'finite_grad_batches': 0, 'mean_loss': 0.0, 'skipped_nonfinite_output': 0, 'skipped_nonfinite_loss': 0, 'skipped_nonfinite_grad': 0}
[2026-03-19 11:48:42] FedMobile active clients: [0, 1, 2, 3, 4, 5, 6, 7, 8, 10, 11, 12]
[2026-03-19 11:48:42] FedMobile client weights: {2: 0.05360274535490639, 10: 0.05397684228161062, 11: 0.07551413677615428, 12: 0.08785933535739393, 0: 0.05884125274950204, 1: 0.024835988002627794, 3: 0.047121581149240026, 4: 0.01748842186982104, 5: 0.027447106545691356, 6: 0.05185802873898322, 8: 0.023500066887572023, 7: 0.4779544942864974}
[2026-03-19 11:48:42] TEST:  Epoch: [13] image	Prec@1 0.000 (0.000)	Prec@5 6.667 (7.309)
[2026-03-19 11:48:42] TEST:  Epoch: [13] image	Prec@1 2.667 (1.511)	Prec@5 30.667 (26.888)
[2026-03-19 11:48:43] TEST:  Epoch: [13] image	Prec@1 0.000 (0.000)	Prec@5 56.452 (54.484)
[2026-03-19 11:48:43] TEST:  Epoch: [13] image	Prec@1 21.143 (21.143)	Prec@5 53.714 (53.714)
[2026-03-19 11:48:43] TEST:  Epoch: [13] image	Prec@1 0.000 (0.000)	Prec@5 1.613 (1.613)
[2026-03-19 11:48:43] TEST:  Epoch: [13] text	Prec@1 0.000 (0.000)	Prec@5 0.000 (0.000)
[2026-03-19 11:48:44] TEST:  Epoch: [13] text	Prec@1 0.000 (0.000)	Prec@5 0.000 (0.000)
[2026-03-19 11:48:44] TEST:  Epoch: [13] text	Prec@1 60.484 (53.251)	Prec@5 98.387 (98.767)
[2026-03-19 11:48:44] TEST:  Epoch: [13] text	Prec@1 0.000 (0.000)	Prec@5 0.000 (0.000)
[2026-03-19 11:48:44] TEST:  Epoch: [13] text	Prec@1 0.000 (0.000)	Prec@5 0.000 (0.000)
[2026-03-19 11:48:44] Evaluating test...
[2026-03-19 11:49:04] [Eval] Report @step: 13.00 {
    "test__rsum": 368.43853820598,
    "test__medr": 6.0,
    "test__meanr": 13.279069767441861,
    "test__n_fold_i2t_recall_1": 10.0,
    "test__n_fold_i2t_recall_5": 70.0,
    "test__n_fold_i2t_recall_10": 100.0,
    "test__n_fold_i2t_rsum": 180.0,
    "test__n_fold_i2t_medr": 4.0,
    "test__n_fold_i2t_meanr": 4.2,
    "test__n_fold_t2i_recall_1": 10.0,
    "test__n_fold_t2i_recall_5": 80.0,
    "test__n_fold_t2i_recall_10": 100.0,
    "test__n_fold_t2i_rsum": 190.0,
    "test__n_fold_t2i_medr": 3.0,
    "test__n_fold_t2i_meanr": 3.5,
    "test__i2t_recall_1": 27.574750830564785,
    "test__i2t_recall_5": 82.39202657807309,
    "test__i2t_recall_10": 87.37541528239203,
    "test__i2t_rsum": 197.34219269102988,
    "test__i2t_medr": 2.0,
    "test__i2t_meanr": 5.74750830564784,
    "test__t2i_recall_1": 41.19601328903654,
    "test__t2i_recall_5": 58.13953488372093,
    "test__t2i_recall_10": 71.76079734219269,
    "test__t2i_rsum": 171.09634551495014,
    "test__t2i_medr": 4.0,
    "test__t2i_meanr": 7.53156146179402,
    "lr": 0.0002,
    "summary": "10.0, 70.0, 100.0, 10.0, 80.0, 100.0, 27.574750830564785, 82.39202657807309, 87.37541528239203, 41.19601328903654, 58.13953488372093, 71.76079734219269"
}
[2026-03-19 11:49:04] Evaluating test...
[2026-03-19 11:49:25] [Eval] Report @step: 13.00 {
    "test__rsum": 325.37764350453176,
    "test__medr": 7.0,
    "test__meanr": 17.963746223564954,
    "test__n_fold_i2t_recall_1": 10.0,
    "test__n_fold_i2t_recall_5": 100.0,
    "test__n_fold_i2t_recall_10": 100.0,
    "test__n_fold_i2t_rsum": 210.0,
    "test__n_fold_i2t_medr": 3.0,
    "test__n_fold_i2t_meanr": 2.6,
    "test__n_fold_t2i_recall_1": 50.0,
    "test__n_fold_t2i_recall_5": 90.0,
    "test__n_fold_t2i_recall_10": 100.0,
    "test__n_fold_t2i_rsum": 240.0,
    "test__n_fold_t2i_medr": 2.0,
    "test__n_fold_t2i_meanr": 3.0,
    "test__i2t_recall_1": 19.637462235649547,
    "test__i2t_recall_5": 52.87009063444109,
    "test__i2t_recall_10": 58.30815709969789,
    "test__i2t_rsum": 130.81570996978851,
    "test__i2t_medr": 4.0,
    "test__i2t_meanr": 12.933534743202417,
    "test__t2i_recall_1": 12.990936555891238,
    "test__t2i_recall_5": 87.91540785498489,
    "test__t2i_recall_10": 93.65558912386707,
    "test__t2i_rsum": 194.56193353474322,
    "test__t2i_medr": 3.0,
    "test__t2i_meanr": 5.030211480362538,
    "lr": 0.0002,
    "summary": "10.0, 100.0, 100.0, 50.0, 90.0, 100.0, 19.637462235649547, 52.87009063444109, 58.30815709969789, 12.990936555891238, 87.91540785498489, 93.65558912386707"
}
[2026-03-19 11:49:25] Evaluating test...
[2026-03-19 11:52:58] [Eval] Report @step: 13.00 {
    "test__rsum": 344.84304932735427,
    "test__medr": 4.0,
    "test__meanr": 24.99103139013453,
    "test__n_fold_i2t_recall_1": 20.0,
    "test__n_fold_i2t_recall_5": 100.0,
    "test__n_fold_i2t_recall_10": 100.0,
    "test__n_fold_i2t_rsum": 220.0,
    "test__n_fold_i2t_medr": 3.0,
    "test__n_fold_i2t_meanr": 2.5,
    "test__n_fold_t2i_recall_1": 80.0,
    "test__n_fold_t2i_recall_5": 100.0,
    "test__n_fold_t2i_recall_10": 100.0,
    "test__n_fold_t2i_rsum": 280.0,
    "test__n_fold_t2i_medr": 1.0,
    "test__n_fold_t2i_meanr": 1.4,
    "test__i2t_recall_1": 7.3991031390134525,
    "test__i2t_recall_5": 71.63677130044843,
    "test__i2t_recall_10": 87.33183856502242,
    "test__i2t_rsum": 166.3677130044843,
    "test__i2t_medr": 3.0,
    "test__i2t_meanr": 9.323991031390134,
    "test__t2i_recall_1": 50.44843049327354,
    "test__t2i_recall_5": 60.426008968609864,
    "test__t2i_recall_10": 67.60089686098655,
    "test__t2i_rsum": 178.47533632286996,
    "test__t2i_medr": 1.0,
    "test__t2i_meanr": 15.667040358744394,
    "lr": 0.0002,
    "summary": "20.0, 100.0, 100.0, 80.0, 100.0, 100.0, 7.3991031390134525, 71.63677130044843, 87.33183856502242, 50.44843049327354, 60.426008968609864, 67.60089686098655"
}
[2026-03-19 11:52:58] Evaluating test...
[2026-03-19 11:53:02] [Eval] Report @step: 13.00 {
    "test__rsum": 302.8571428571429,
    "test__medr": 8.0,
    "test__meanr": 14.097142857142856,
    "test__n_fold_i2t_recall_1": 30.0,
    "test__n_fold_i2t_recall_5": 90.0,
    "test__n_fold_i2t_recall_10": 100.0,
    "test__n_fold_i2t_rsum": 220.0,
    "test__n_fold_i2t_medr": 2.0,
    "test__n_fold_i2t_meanr": 3.1,
    "test__n_fold_t2i_recall_1": 10.0,
    "test__n_fold_t2i_recall_5": 60.0,
    "test__n_fold_t2i_recall_10": 100.0,
    "test__n_fold_t2i_rsum": 170.0,
    "test__n_fold_t2i_medr": 4.0,
    "test__n_fold_t2i_meanr": 4.1,
    "test__i2t_recall_1": 13.142857142857142,
    "test__i2t_recall_5": 50.857142857142854,
    "test__i2t_recall_10": 69.71428571428571,
    "test__i2t_rsum": 133.71428571428572,
    "test__i2t_medr": 5.0,
    "test__i2t_meanr": 8.982857142857142,
    "test__t2i_recall_1": 22.285714285714285,
    "test__t2i_recall_5": 62.285714285714285,
    "test__t2i_recall_10": 84.57142857142857,
    "test__t2i_rsum": 169.14285714285714,
    "test__t2i_medr": 3.0,
    "test__t2i_meanr": 5.114285714285714,
    "lr": 0.0002,
    "summary": "30.0, 90.0, 100.0, 10.0, 60.0, 100.0, 13.142857142857142, 50.857142857142854, 69.71428571428571, 22.285714285714285, 62.285714285714285, 84.57142857142857"
}
[2026-03-19 11:53:02] Evaluating test...
[2026-03-19 11:53:04] [Eval] Report @step: 13.00 {
    "test__rsum": 417.741935483871,
    "test__medr": 4.0,
    "test__meanr": 10.258064516129032,
    "test__n_fold_i2t_recall_1": 50.0,
    "test__n_fold_i2t_recall_5": 100.0,
    "test__n_fold_i2t_recall_10": 100.0,
    "test__n_fold_i2t_rsum": 250.0,
    "test__n_fold_i2t_medr": 1.0,
    "test__n_fold_i2t_meanr": 1.8,
    "test__n_fold_t2i_recall_1": 60.0,
    "test__n_fold_t2i_recall_5": 60.0,
    "test__n_fold_t2i_recall_10": 100.0,
    "test__n_fold_t2i_rsum": 220.0,
    "test__n_fold_t2i_medr": 1.0,
    "test__n_fold_t2i_meanr": 3.6,
    "test__i2t_recall_1": 12.903225806451612,
    "test__i2t_recall_5": 93.54838709677419,
    "test__i2t_recall_10": 95.16129032258064,
    "test__i2t_rsum": 201.61290322580646,
    "test__i2t_medr": 3.0,
    "test__i2t_meanr": 4.129032258064516,
    "test__t2i_recall_1": 56.45161290322581,
    "test__t2i_recall_5": 77.41935483870968,
    "test__t2i_recall_10": 82.25806451612904,
    "test__t2i_rsum": 216.1290322580645,
    "test__t2i_medr": 1.0,
    "test__t2i_meanr": 6.129032258064516,
    "lr": 0.0002,
    "summary": "50.0, 100.0, 100.0, 60.0, 60.0, 100.0, 12.903225806451612, 93.54838709677419, 95.16129032258064, 56.45161290322581, 77.41935483870968, 82.25806451612904"
}
[2026-03-19 11:53:04] Round 14!
[2026-03-19 11:53:04] FedMobile client 0 stats: {'total_batches': 3, 'optimized_batches': 3, 'skipped_batches': 0, 'finite_grad_batches': 3, 'mean_loss': 5.0792412757873535, 'skipped_nonfinite_output': 0, 'skipped_nonfinite_loss': 0, 'skipped_nonfinite_grad': 0}
[2026-03-19 11:53:04] TEST:  Epoch: [14] image	Prec@1 0.000 (0.000)	Prec@5 6.667 (8.638)
[2026-03-19 11:53:05] FedMobile client 1 stats: {'total_batches': 1, 'optimized_batches': 1, 'skipped_batches': 0, 'finite_grad_batches': 1, 'mean_loss': 5.271272659301758, 'skipped_nonfinite_output': 0, 'skipped_nonfinite_loss': 0, 'skipped_nonfinite_grad': 0}
[2026-03-19 11:53:05] TEST:  Epoch: [14] image	Prec@1 1.333 (0.906)	Prec@5 30.667 (26.888)
[2026-03-19 11:53:05] FedMobile client 2 stats: {'total_batches': 3, 'optimized_batches': 3, 'skipped_batches': 0, 'finite_grad_batches': 3, 'mean_loss': 4.135212103525798, 'skipped_nonfinite_output': 0, 'skipped_nonfinite_loss': 0, 'skipped_nonfinite_grad': 0}
[2026-03-19 11:53:06] TEST:  Epoch: [14] image	Prec@1 0.000 (0.000)	Prec@5 59.677 (56.390)
[2026-03-19 11:53:06] FedMobile client 3 stats: {'total_batches': 3, 'optimized_batches': 3, 'skipped_batches': 0, 'finite_grad_batches': 3, 'mean_loss': 5.019149462381999, 'skipped_nonfinite_output': 0, 'skipped_nonfinite_loss': 0, 'skipped_nonfinite_grad': 0}
[2026-03-19 11:53:06] TEST:  Epoch: [14] image	Prec@1 21.143 (21.143)	Prec@5 53.143 (53.143)
[2026-03-19 11:53:07] FedMobile client 4 stats: {'total_batches': 1, 'optimized_batches': 1, 'skipped_batches': 0, 'finite_grad_batches': 1, 'mean_loss': 5.698215961456299, 'skipped_nonfinite_output': 0, 'skipped_nonfinite_loss': 0, 'skipped_nonfinite_grad': 0}
[2026-03-19 11:53:07] TEST:  Epoch: [14] image	Prec@1 0.000 (0.000)	Prec@5 0.000 (0.000)
[2026-03-19 11:53:07] FedMobile client 0 stats: {'total_batches': 1, 'optimized_batches': 1, 'skipped_batches': 0, 'finite_grad_batches': 1, 'mean_loss': 7.974246978759766, 'skipped_nonfinite_output': 0, 'skipped_nonfinite_loss': 0, 'skipped_nonfinite_grad': 0}
[2026-03-19 11:53:07] TEST:  Epoch: [14] text	Prec@1 0.000 (0.000)	Prec@5 0.000 (0.000)
[2026-03-19 11:53:07] FedMobile client 1 stats: {'total_batches': 3, 'optimized_batches': 3, 'skipped_batches': 0, 'finite_grad_batches': 3, 'mean_loss': 7.123927593231201, 'skipped_nonfinite_output': 0, 'skipped_nonfinite_loss': 0, 'skipped_nonfinite_grad': 0}
[2026-03-19 11:53:08] TEST:  Epoch: [14] text	Prec@1 0.000 (0.000)	Prec@5 0.000 (0.000)
[2026-03-19 11:53:09] FedMobile client 2 stats: {'total_batches': 17, 'optimized_batches': 17, 'skipped_batches': 0, 'finite_grad_batches': 17, 'mean_loss': 1.7555051621268778, 'skipped_nonfinite_output': 0, 'skipped_nonfinite_loss': 0, 'skipped_nonfinite_grad': 0}
[2026-03-19 11:53:10] TEST:  Epoch: [14] text	Prec@1 60.484 (53.251)	Prec@5 98.387 (98.767)
[2026-03-19 11:53:10] FedMobile client 3 stats: {'total_batches': 1, 'optimized_batches': 1, 'skipped_batches': 0, 'finite_grad_batches': 1, 'mean_loss': 7.943495750427246, 'skipped_nonfinite_output': 0, 'skipped_nonfinite_loss': 0, 'skipped_nonfinite_grad': 0}
[2026-03-19 11:53:10] TEST:  Epoch: [14] text	Prec@1 0.000 (0.000)	Prec@5 0.000 (0.000)
[2026-03-19 11:53:10] FedMobile client 4 stats: {'total_batches': 0, 'optimized_batches': 0, 'skipped_batches': 0, 'finite_grad_batches': 0, 'mean_loss': 0.0, 'skipped_nonfinite_output': 0, 'skipped_nonfinite_loss': 0, 'skipped_nonfinite_grad': 0}
[2026-03-19 11:53:10] TEST:  Epoch: [14] text	Prec@1 0.000 (0.000)	Prec@5 0.000 (0.000)
[2026-03-19 11:53:11] Epoch 14
[2026-03-19 11:53:11] FedMobile mm client 0 stats: {'total_batches': 3, 'optimized_batches': 3, 'skipped_batches': 0, 'finite_grad_batches': 3, 'mean_loss': 3445.15869140625, 'skipped_nonfinite_output': 0, 'skipped_nonfinite_loss': 0, 'skipped_nonfinite_grad': 0}
[2026-03-19 11:53:11] Epoch 14
[2026-03-19 11:53:12] FedMobile mm client 1 stats: {'total_batches': 5, 'optimized_batches': 5, 'skipped_batches': 0, 'finite_grad_batches': 5, 'mean_loss': 3359.39931640625, 'skipped_nonfinite_output': 0, 'skipped_nonfinite_loss': 0, 'skipped_nonfinite_grad': 0}
[2026-03-19 11:53:13] Epoch 14
[2026-03-19 11:53:14] FedMobile mm client 2 stats: {'total_batches': 6, 'optimized_batches': 6, 'skipped_batches': 0, 'finite_grad_batches': 6, 'mean_loss': 3358.0111490885415, 'skipped_nonfinite_output': 0, 'skipped_nonfinite_loss': 0, 'skipped_nonfinite_grad': 0}
[2026-03-19 11:53:14] Epoch 14
[2026-03-19 11:53:14] FedMobile mm client 3 stats: {'total_batches': 0, 'optimized_batches': 0, 'skipped_batches': 0, 'finite_grad_batches': 0, 'mean_loss': 0.0, 'skipped_nonfinite_output': 0, 'skipped_nonfinite_loss': 0, 'skipped_nonfinite_grad': 0}
[2026-03-19 11:53:14] Epoch 14
[2026-03-19 11:53:14] FedMobile mm client 4 stats: {'total_batches': 0, 'optimized_batches': 0, 'skipped_batches': 0, 'finite_grad_batches': 0, 'mean_loss': 0.0, 'skipped_nonfinite_output': 0, 'skipped_nonfinite_loss': 0, 'skipped_nonfinite_grad': 0}
[2026-03-19 11:53:35] FedMobile active clients: [0, 1, 2, 3, 4, 5, 6, 7, 8, 10, 11, 12]
[2026-03-19 11:53:35] FedMobile client weights: {2: 0.036122280278648944, 10: 0.0363743799416106, 11: 0.0508881176806889, 12: 0.0592074065584236, 0: 0.03904687184757277, 1: 0.01648108419572473, 3: 0.03126973431756086, 4: 0.011605262220950421, 5: 0.018213814318991634, 6: 0.03441282616906826, 8: 0.015594571109402128, 7: 0.6507836513613571}
[2026-03-19 11:53:35] TEST:  Epoch: [14] image	Prec@1 0.000 (0.000)	Prec@5 6.667 (8.638)
[2026-03-19 11:53:36] TEST:  Epoch: [14] image	Prec@1 1.333 (0.906)	Prec@5 30.667 (26.888)
[2026-03-19 11:53:36] TEST:  Epoch: [14] image	Prec@1 0.000 (0.000)	Prec@5 59.677 (56.390)
[2026-03-19 11:53:36] TEST:  Epoch: [14] image	Prec@1 21.143 (21.143)	Prec@5 53.143 (53.143)
[2026-03-19 11:53:36] TEST:  Epoch: [14] image	Prec@1 0.000 (0.000)	Prec@5 0.000 (0.000)
[2026-03-19 11:53:37] TEST:  Epoch: [14] text	Prec@1 0.000 (0.000)	Prec@5 0.000 (0.000)
[2026-03-19 11:53:37] TEST:  Epoch: [14] text	Prec@1 0.000 (0.000)	Prec@5 0.000 (0.000)
[2026-03-19 11:53:37] TEST:  Epoch: [14] text	Prec@1 60.484 (53.251)	Prec@5 98.387 (98.767)
[2026-03-19 11:53:37] TEST:  Epoch: [14] text	Prec@1 0.000 (0.000)	Prec@5 0.000 (0.000)
[2026-03-19 11:53:38] TEST:  Epoch: [14] text	Prec@1 0.000 (0.000)	Prec@5 0.000 (0.000)
[2026-03-19 11:53:38] Evaluating test...
[2026-03-19 11:53:57] [Eval] Report @step: 14.00 {
    "test__rsum": 366.77740863787375,
    "test__medr": 6.0,
    "test__meanr": 13.68106312292359,
    "test__n_fold_i2t_recall_1": 10.0,
    "test__n_fold_i2t_recall_5": 60.0,
    "test__n_fold_i2t_recall_10": 100.0,
    "test__n_fold_i2t_rsum": 170.0,
    "test__n_fold_i2t_medr": 4.0,
    "test__n_fold_i2t_meanr": 4.3,
    "test__n_fold_t2i_recall_1": 10.0,
    "test__n_fold_t2i_recall_5": 80.0,
    "test__n_fold_t2i_recall_10": 100.0,
    "test__n_fold_t2i_rsum": 190.0,
    "test__n_fold_t2i_medr": 3.0,
    "test__n_fold_t2i_meanr": 3.5,
    "test__i2t_recall_1": 25.58139534883721,
    "test__i2t_recall_5": 84.38538205980066,
    "test__i2t_recall_10": 87.37541528239203,
    "test__i2t_rsum": 197.34219269102988,
    "test__i2t_medr": 2.0,
    "test__i2t_meanr": 6.053156146179402,
    "test__t2i_recall_1": 41.19601328903654,
    "test__t2i_recall_5": 58.13953488372093,
    "test__t2i_recall_10": 70.09966777408638,
    "test__t2i_rsum": 169.43521594684387,
    "test__t2i_medr": 4.0,
    "test__t2i_meanr": 7.627906976744186,
    "lr": 0.0002,
    "summary": "10.0, 60.0, 100.0, 10.0, 80.0, 100.0, 25.58139534883721, 84.38538205980066, 87.37541528239203, 41.19601328903654, 58.13953488372093, 70.09966777408638"
}
[2026-03-19 11:53:57] Evaluating test...
[2026-03-19 11:54:18] [Eval] Report @step: 14.00 {
    "test__rsum": 321.45015105740185,
    "test__medr": 8.0,
    "test__meanr": 18.498489425981873,
    "test__n_fold_i2t_recall_1": 10.0,
    "test__n_fold_i2t_recall_5": 100.0,
    "test__n_fold_i2t_recall_10": 100.0,
    "test__n_fold_i2t_rsum": 210.0,
    "test__n_fold_i2t_medr": 3.0,
    "test__n_fold_i2t_meanr": 2.8,
    "test__n_fold_t2i_recall_1": 50.0,
    "test__n_fold_t2i_recall_5": 90.0,
    "test__n_fold_t2i_recall_10": 100.0,
    "test__n_fold_t2i_rsum": 240.0,
    "test__n_fold_t2i_medr": 2.0,
    "test__n_fold_t2i_meanr": 3.1,
    "test__i2t_recall_1": 18.12688821752266,
    "test__i2t_recall_5": 51.3595166163142,
    "test__i2t_recall_10": 57.09969788519638,
    "test__i2t_rsum": 126.58610271903324,
    "test__i2t_medr": 5.0,
    "test__i2t_meanr": 13.501510574018127,
    "test__t2i_recall_1": 12.990936555891238,
    "test__t2i_recall_5": 88.21752265861028,
    "test__t2i_recall_10": 93.65558912386707,
    "test__t2i_rsum": 194.8640483383686,
    "test__t2i_medr": 3.0,
    "test__t2i_meanr": 4.996978851963746,
    "lr": 0.0002,
    "summary": "10.0, 100.0, 100.0, 50.0, 90.0, 100.0, 18.12688821752266, 51.3595166163142, 57.09969788519638, 12.990936555891238, 88.21752265861028, 93.65558912386707"
}
[2026-03-19 11:54:18] Evaluating test...
[2026-03-19 11:57:43] [Eval] Report @step: 14.00 {
    "test__rsum": 339.5739910313901,
    "test__medr": 4.0,
    "test__meanr": 24.97982062780269,
    "test__n_fold_i2t_recall_1": 20.0,
    "test__n_fold_i2t_recall_5": 100.0,
    "test__n_fold_i2t_recall_10": 100.0,
    "test__n_fold_i2t_rsum": 220.0,
    "test__n_fold_i2t_medr": 3.0,
    "test__n_fold_i2t_meanr": 2.5,
    "test__n_fold_t2i_recall_1": 80.0,
    "test__n_fold_t2i_recall_5": 100.0,
    "test__n_fold_t2i_recall_10": 100.0,
    "test__n_fold_t2i_rsum": 280.0,
    "test__n_fold_t2i_medr": 1.0,
    "test__n_fold_t2i_meanr": 1.4,
    "test__i2t_recall_1": 7.511210762331839,
    "test__i2t_recall_5": 67.9372197309417,
    "test__i2t_recall_10": 87.10762331838565,
    "test__i2t_rsum": 162.55605381165918,
    "test__i2t_medr": 3.0,
    "test__i2t_meanr": 9.489910313901346,
    "test__t2i_recall_1": 50.336322869955154,
    "test__t2i_recall_5": 60.53811659192825,
    "test__t2i_recall_10": 66.14349775784753,
    "test__t2i_rsum": 177.01793721973092,
    "test__t2i_medr": 1.0,
    "test__t2i_meanr": 15.489910313901346,
    "lr": 0.0002,
    "summary": "20.0, 100.0, 100.0, 80.0, 100.0, 100.0, 7.511210762331839, 67.9372197309417, 87.10762331838565, 50.336322869955154, 60.53811659192825, 66.14349775784753"
}
[2026-03-19 11:57:43] Evaluating test...
[2026-03-19 11:57:48] [Eval] Report @step: 14.00 {
    "test__rsum": 301.14285714285717,
    "test__medr": 9.0,
    "test__meanr": 14.445714285714285,
    "test__n_fold_i2t_recall_1": 30.0,
    "test__n_fold_i2t_recall_5": 90.0,
    "test__n_fold_i2t_recall_10": 100.0,
    "test__n_fold_i2t_rsum": 220.0,
    "test__n_fold_i2t_medr": 2.0,
    "test__n_fold_i2t_meanr": 3.1,
    "test__n_fold_t2i_recall_1": 10.0,
    "test__n_fold_t2i_recall_5": 60.0,
    "test__n_fold_t2i_recall_10": 100.0,
    "test__n_fold_t2i_rsum": 170.0,
    "test__n_fold_t2i_medr": 4.0,
    "test__n_fold_t2i_meanr": 4.1,
    "test__i2t_recall_1": 17.714285714285715,
    "test__i2t_recall_5": 49.142857142857146,
    "test__i2t_recall_10": 68.57142857142857,
    "test__i2t_rsum": 135.42857142857144,
    "test__i2t_medr": 6.0,
    "test__i2t_meanr": 9.142857142857142,
    "test__t2i_recall_1": 22.285714285714285,
    "test__t2i_recall_5": 61.714285714285715,
    "test__t2i_recall_10": 81.71428571428571,
    "test__t2i_rsum": 165.71428571428572,
    "test__t2i_medr": 3.0,
    "test__t2i_meanr": 5.3028571428571425,
    "lr": 0.0002,
    "summary": "30.0, 90.0, 100.0, 10.0, 60.0, 100.0, 17.714285714285715, 49.142857142857146, 68.57142857142857, 22.285714285714285, 61.714285714285715, 81.71428571428571"
}
[2026-03-19 11:57:48] Evaluating test...
[2026-03-19 11:57:49] [Eval] Report @step: 14.00 {
    "test__rsum": 419.35483870967744,
    "test__medr": 4.0,
    "test__meanr": 10.29032258064516,
    "test__n_fold_i2t_recall_1": 50.0,
    "test__n_fold_i2t_recall_5": 100.0,
    "test__n_fold_i2t_recall_10": 100.0,
    "test__n_fold_i2t_rsum": 250.0,
    "test__n_fold_i2t_medr": 1.0,
    "test__n_fold_i2t_meanr": 1.8,
    "test__n_fold_t2i_recall_1": 60.0,
    "test__n_fold_t2i_recall_5": 60.0,
    "test__n_fold_t2i_recall_10": 100.0,
    "test__n_fold_t2i_rsum": 220.0,
    "test__n_fold_t2i_medr": 1.0,
    "test__n_fold_t2i_meanr": 3.5,
    "test__i2t_recall_1": 12.903225806451612,
    "test__i2t_recall_5": 95.16129032258064,
    "test__i2t_recall_10": 95.16129032258064,
    "test__i2t_rsum": 203.2258064516129,
    "test__i2t_medr": 3.0,
    "test__i2t_meanr": 4.14516129032258,
    "test__t2i_recall_1": 56.45161290322581,
    "test__t2i_recall_5": 77.41935483870968,
    "test__t2i_recall_10": 82.25806451612904,
    "test__t2i_rsum": 216.1290322580645,
    "test__t2i_medr": 1.0,
    "test__t2i_meanr": 6.145161290322581,
    "lr": 0.0002,
    "summary": "50.0, 100.0, 100.0, 60.0, 60.0, 100.0, 12.903225806451612, 95.16129032258064, 95.16129032258064, 56.45161290322581, 77.41935483870968, 82.25806451612904"
}
[2026-03-19 11:57:50] Round 15!
[2026-03-19 11:57:50] FedMobile client 0 stats: {'total_batches': 3, 'optimized_batches': 3, 'skipped_batches': 0, 'finite_grad_batches': 3, 'mean_loss': 5.0810004870096845, 'skipped_nonfinite_output': 0, 'skipped_nonfinite_loss': 0, 'skipped_nonfinite_grad': 0}
[2026-03-19 11:57:50] TEST:  Epoch: [15] image	Prec@1 0.000 (0.000)	Prec@5 8.889 (6.977)
[2026-03-19 11:57:50] FedMobile client 1 stats: {'total_batches': 1, 'optimized_batches': 1, 'skipped_batches': 0, 'finite_grad_batches': 1, 'mean_loss': 5.661561965942383, 'skipped_nonfinite_output': 0, 'skipped_nonfinite_loss': 0, 'skipped_nonfinite_grad': 0}
[2026-03-19 11:57:51] TEST:  Epoch: [15] image	Prec@1 1.333 (0.604)	Prec@5 30.667 (26.888)
[2026-03-19 11:57:51] FedMobile client 2 stats: {'total_batches': 3, 'optimized_batches': 3, 'skipped_batches': 0, 'finite_grad_batches': 3, 'mean_loss': 3.9954365889231362, 'skipped_nonfinite_output': 0, 'skipped_nonfinite_loss': 0, 'skipped_nonfinite_grad': 0}
[2026-03-19 11:57:52] TEST:  Epoch: [15] image	Prec@1 0.000 (0.000)	Prec@5 62.097 (58.296)
[2026-03-19 11:57:52] FedMobile client 3 stats: {'total_batches': 3, 'optimized_batches': 3, 'skipped_batches': 0, 'finite_grad_batches': 3, 'mean_loss': 5.0011545817057295, 'skipped_nonfinite_output': 0, 'skipped_nonfinite_loss': 0, 'skipped_nonfinite_grad': 0}
[2026-03-19 11:57:52] TEST:  Epoch: [15] image	Prec@1 20.571 (20.571)	Prec@5 52.571 (52.571)
[2026-03-19 11:57:52] FedMobile client 4 stats: {'total_batches': 1, 'optimized_batches': 1, 'skipped_batches': 0, 'finite_grad_batches': 1, 'mean_loss': 5.711674690246582, 'skipped_nonfinite_output': 0, 'skipped_nonfinite_loss': 0, 'skipped_nonfinite_grad': 0}
[2026-03-19 11:57:52] TEST:  Epoch: [15] image	Prec@1 0.000 (0.000)	Prec@5 0.000 (0.000)
[2026-03-19 11:57:53] FedMobile client 0 stats: {'total_batches': 1, 'optimized_batches': 1, 'skipped_batches': 0, 'finite_grad_batches': 1, 'mean_loss': 8.413786888122559, 'skipped_nonfinite_output': 0, 'skipped_nonfinite_loss': 0, 'skipped_nonfinite_grad': 0}
[2026-03-19 11:57:53] TEST:  Epoch: [15] text	Prec@1 0.000 (0.000)	Prec@5 0.000 (0.000)
[2026-03-19 11:57:53] FedMobile client 1 stats: {'total_batches': 3, 'optimized_batches': 3, 'skipped_batches': 0, 'finite_grad_batches': 3, 'mean_loss': 7.75474214553833, 'skipped_nonfinite_output': 0, 'skipped_nonfinite_loss': 0, 'skipped_nonfinite_grad': 0}
[2026-03-19 11:57:53] TEST:  Epoch: [15] text	Prec@1 0.000 (0.000)	Prec@5 0.000 (0.000)
[2026-03-19 11:57:55] FedMobile client 2 stats: {'total_batches': 17, 'optimized_batches': 17, 'skipped_batches': 0, 'finite_grad_batches': 17, 'mean_loss': 1.698176671476925, 'skipped_nonfinite_output': 0, 'skipped_nonfinite_loss': 0, 'skipped_nonfinite_grad': 0}
[2026-03-19 11:57:56] TEST:  Epoch: [15] text	Prec@1 60.484 (53.251)	Prec@5 98.387 (98.767)
[2026-03-19 11:57:56] FedMobile client 3 stats: {'total_batches': 1, 'optimized_batches': 1, 'skipped_batches': 0, 'finite_grad_batches': 1, 'mean_loss': 8.290450096130371, 'skipped_nonfinite_output': 0, 'skipped_nonfinite_loss': 0, 'skipped_nonfinite_grad': 0}
[2026-03-19 11:57:56] TEST:  Epoch: [15] text	Prec@1 0.000 (0.000)	Prec@5 0.000 (0.000)
[2026-03-19 11:57:56] FedMobile client 4 stats: {'total_batches': 0, 'optimized_batches': 0, 'skipped_batches': 0, 'finite_grad_batches': 0, 'mean_loss': 0.0, 'skipped_nonfinite_output': 0, 'skipped_nonfinite_loss': 0, 'skipped_nonfinite_grad': 0}
[2026-03-19 11:57:56] TEST:  Epoch: [15] text	Prec@1 0.000 (0.000)	Prec@5 0.000 (0.000)
[2026-03-19 11:57:56] Epoch 15
[2026-03-19 11:57:57] FedMobile mm client 0 stats: {'total_batches': 3, 'optimized_batches': 3, 'skipped_batches': 0, 'finite_grad_batches': 3, 'mean_loss': 3411.1105143229165, 'skipped_nonfinite_output': 0, 'skipped_nonfinite_loss': 0, 'skipped_nonfinite_grad': 0}
[2026-03-19 11:57:57] Epoch 15
[2026-03-19 11:57:58] FedMobile mm client 1 stats: {'total_batches': 5, 'optimized_batches': 5, 'skipped_batches': 0, 'finite_grad_batches': 5, 'mean_loss': 3357.250927734375, 'skipped_nonfinite_output': 0, 'skipped_nonfinite_loss': 0, 'skipped_nonfinite_grad': 0}
[2026-03-19 11:57:58] Epoch 15
[2026-03-19 11:58:00] FedMobile mm client 2 stats: {'total_batches': 6, 'optimized_batches': 6, 'skipped_batches': 0, 'finite_grad_batches': 6, 'mean_loss': 3356.711140950521, 'skipped_nonfinite_output': 0, 'skipped_nonfinite_loss': 0, 'skipped_nonfinite_grad': 0}
[2026-03-19 11:58:00] Epoch 15
[2026-03-19 11:58:00] FedMobile mm client 3 stats: {'total_batches': 0, 'optimized_batches': 0, 'skipped_batches': 0, 'finite_grad_batches': 0, 'mean_loss': 0.0, 'skipped_nonfinite_output': 0, 'skipped_nonfinite_loss': 0, 'skipped_nonfinite_grad': 0}
[2026-03-19 11:58:00] Epoch 15
[2026-03-19 11:58:00] FedMobile mm client 4 stats: {'total_batches': 0, 'optimized_batches': 0, 'skipped_batches': 0, 'finite_grad_batches': 0, 'mean_loss': 0.0, 'skipped_nonfinite_output': 0, 'skipped_nonfinite_loss': 0, 'skipped_nonfinite_grad': 0}
[2026-03-19 11:58:21] FedMobile active clients: [0, 1, 2, 3, 4, 5, 6, 7, 8, 10, 11, 12]
[2026-03-19 11:58:21] FedMobile client weights: {2: 0.04364993044381548, 10: 0.04395456605010333, 11: 0.06149287309781782, 12: 0.0715458481053167, 0: 0.0456283551123161, 1: 0.019259027080430636, 4: 0.013561368702112525, 5: 0.02128381476859327, 6: 0.04021322524862534, 7: 0.21542799240335003, 8: 0.018223089193463708, 3: 0.4057599097940552}
[2026-03-19 11:58:21] TEST:  Epoch: [15] image	Prec@1 0.000 (0.000)	Prec@5 8.889 (6.977)
[2026-03-19 11:58:21] TEST:  Epoch: [15] image	Prec@1 1.333 (0.604)	Prec@5 30.667 (26.888)
[2026-03-19 11:58:22] TEST:  Epoch: [15] image	Prec@1 0.000 (0.000)	Prec@5 62.097 (58.296)
[2026-03-19 11:58:22] TEST:  Epoch: [15] image	Prec@1 20.571 (20.571)	Prec@5 52.571 (52.571)
[2026-03-19 11:58:22] TEST:  Epoch: [15] image	Prec@1 0.000 (0.000)	Prec@5 0.000 (0.000)
[2026-03-19 11:58:22] TEST:  Epoch: [15] text	Prec@1 0.000 (0.000)	Prec@5 0.000 (0.000)
[2026-03-19 11:58:22] TEST:  Epoch: [15] text	Prec@1 0.000 (0.000)	Prec@5 0.000 (0.000)
[2026-03-19 11:58:23] TEST:  Epoch: [15] text	Prec@1 60.484 (53.251)	Prec@5 98.387 (98.767)
[2026-03-19 11:58:23] TEST:  Epoch: [15] text	Prec@1 0.000 (0.000)	Prec@5 0.000 (0.000)
[2026-03-19 11:58:23] TEST:  Epoch: [15] text	Prec@1 0.000 (0.000)	Prec@5 0.000 (0.000)
[2026-03-19 11:58:23] Evaluating test...
[2026-03-19 11:58:43] [Eval] Report @step: 15.00 {
    "test__rsum": 367.77408637873754,
    "test__medr": 6.0,
    "test__meanr": 13.890365448504983,
    "test__n_fold_i2t_recall_1": 10.0,
    "test__n_fold_i2t_recall_5": 60.0,
    "test__n_fold_i2t_recall_10": 100.0,
    "test__n_fold_i2t_rsum": 170.0,
    "test__n_fold_i2t_medr": 4.0,
    "test__n_fold_i2t_meanr": 4.3,
    "test__n_fold_t2i_recall_1": 10.0,
    "test__n_fold_t2i_recall_5": 80.0,
    "test__n_fold_t2i_recall_10": 100.0,
    "test__n_fold_t2i_rsum": 190.0,
    "test__n_fold_t2i_medr": 3.0,
    "test__n_fold_t2i_meanr": 3.4,
    "test__i2t_recall_1": 26.245847176079735,
    "test__i2t_recall_5": 85.38205980066445,
    "test__i2t_recall_10": 87.37541528239203,
    "test__i2t_rsum": 199.0033222591362,
    "test__i2t_medr": 2.0,
    "test__i2t_meanr": 6.282392026578073,
    "test__t2i_recall_1": 41.19601328903654,
    "test__t2i_recall_5": 58.13953488372093,
    "test__t2i_recall_10": 69.43521594684385,
    "test__t2i_rsum": 168.77076411960132,
    "test__t2i_medr": 4.0,
    "test__t2i_meanr": 7.607973421926911,
    "lr": 0.0002,
    "summary": "10.0, 60.0, 100.0, 10.0, 80.0, 100.0, 26.245847176079735, 85.38205980066445, 87.37541528239203, 41.19601328903654, 58.13953488372093, 69.43521594684385"
}
[2026-03-19 11:58:43] Evaluating test...
[2026-03-19 11:59:03] [Eval] Report @step: 15.00 {
    "test__rsum": 321.1480362537764,
    "test__medr": 8.0,
    "test__meanr": 18.867069486404834,
    "test__n_fold_i2t_recall_1": 10.0,
    "test__n_fold_i2t_recall_5": 100.0,
    "test__n_fold_i2t_recall_10": 100.0,
    "test__n_fold_i2t_rsum": 210.0,
    "test__n_fold_i2t_medr": 3.0,
    "test__n_fold_i2t_meanr": 2.9,
    "test__n_fold_t2i_recall_1": 50.0,
    "test__n_fold_t2i_recall_5": 90.0,
    "test__n_fold_t2i_recall_10": 100.0,
    "test__n_fold_t2i_rsum": 240.0,
    "test__n_fold_t2i_medr": 2.0,
    "test__n_fold_t2i_meanr": 3.1,
    "test__i2t_recall_1": 18.429003021148038,
    "test__i2t_recall_5": 50.453172205438065,
    "test__i2t_recall_10": 56.797583081571,
    "test__i2t_rsum": 125.67975830815709,
    "test__i2t_medr": 5.0,
    "test__i2t_meanr": 13.851963746223564,
    "test__t2i_recall_1": 13.293051359516616,
    "test__t2i_recall_5": 88.51963746223565,
    "test__t2i_recall_10": 93.65558912386707,
    "test__t2i_rsum": 195.46827794561932,
    "test__t2i_medr": 3.0,
    "test__t2i_meanr": 5.015105740181269,
    "lr": 0.0002,
    "summary": "10.0, 100.0, 100.0, 50.0, 90.0, 100.0, 18.429003021148038, 50.453172205438065, 56.797583081571, 13.293051359516616, 88.51963746223565, 93.65558912386707"
}
[2026-03-19 11:59:03] Evaluating test...
[2026-03-19 12:02:36] [Eval] Report @step: 15.00 {
    "test__rsum": 336.322869955157,
    "test__medr": 6.0,
    "test__meanr": 24.929372197309416,
    "test__n_fold_i2t_recall_1": 20.0,
    "test__n_fold_i2t_recall_5": 100.0,
    "test__n_fold_i2t_recall_10": 100.0,
    "test__n_fold_i2t_rsum": 220.0,
    "test__n_fold_i2t_medr": 3.0,
    "test__n_fold_i2t_meanr": 2.5,
    "test__n_fold_t2i_recall_1": 80.0,
    "test__n_fold_t2i_recall_5": 100.0,
    "test__n_fold_t2i_recall_10": 100.0,
    "test__n_fold_t2i_rsum": 280.0,
    "test__n_fold_t2i_medr": 1.0,
    "test__n_fold_t2i_meanr": 1.4,
    "test__i2t_recall_1": 8.183856502242152,
    "test__i2t_recall_5": 65.5829596412556,
    "test__i2t_recall_10": 86.65919282511211,
    "test__i2t_rsum": 160.42600896860986,
    "test__i2t_medr": 4.0,
    "test__i2t_meanr": 9.669282511210762,
    "test__t2i_recall_1": 49.775784753363226,
    "test__t2i_recall_5": 60.426008968609864,
    "test__t2i_recall_10": 65.69506726457399,
    "test__t2i_rsum": 175.8968609865471,
    "test__t2i_medr": 2.0,
    "test__t2i_meanr": 15.260089686098654,
    "lr": 0.0002,
    "summary": "20.0, 100.0, 100.0, 80.0, 100.0, 100.0, 8.183856502242152, 65.5829596412556, 86.65919282511211, 49.775784753363226, 60.426008968609864, 65.69506726457399"
}
[2026-03-19 12:02:36] Evaluating test...
[2026-03-19 12:02:40] [Eval] Report @step: 15.00 {
    "test__rsum": 301.7142857142857,
    "test__medr": 8.0,
    "test__meanr": 14.58857142857143,
    "test__n_fold_i2t_recall_1": 30.0,
    "test__n_fold_i2t_recall_5": 90.0,
    "test__n_fold_i2t_recall_10": 100.0,
    "test__n_fold_i2t_rsum": 220.0,
    "test__n_fold_i2t_medr": 2.0,
    "test__n_fold_i2t_meanr": 3.1,
    "test__n_fold_t2i_recall_1": 10.0,
    "test__n_fold_t2i_recall_5": 60.0,
    "test__n_fold_t2i_recall_10": 100.0,
    "test__n_fold_t2i_rsum": 170.0,
    "test__n_fold_t2i_medr": 4.0,
    "test__n_fold_t2i_meanr": 4.1,
    "test__i2t_recall_1": 17.142857142857142,
    "test__i2t_recall_5": 50.285714285714285,
    "test__i2t_recall_10": 68.0,
    "test__i2t_rsum": 135.42857142857144,
    "test__i2t_medr": 5.0,
    "test__i2t_meanr": 9.257142857142858,
    "test__t2i_recall_1": 22.285714285714285,
    "test__t2i_recall_5": 61.714285714285715,
    "test__t2i_recall_10": 82.28571428571429,
    "test__t2i_rsum": 166.28571428571428,
    "test__t2i_medr": 3.0,
    "test__t2i_meanr": 5.331428571428572,
    "lr": 0.0002,
    "summary": "30.0, 90.0, 100.0, 10.0, 60.0, 100.0, 17.142857142857142, 50.285714285714285, 68.0, 22.285714285714285, 61.714285714285715, 82.28571428571429"
}
[2026-03-19 12:02:40] Evaluating test...
[2026-03-19 12:02:41] [Eval] Report @step: 15.00 {
    "test__rsum": 419.35483870967744,
    "test__medr": 4.0,
    "test__meanr": 10.306451612903226,
    "test__n_fold_i2t_recall_1": 50.0,
    "test__n_fold_i2t_recall_5": 100.0,
    "test__n_fold_i2t_recall_10": 100.0,
    "test__n_fold_i2t_rsum": 250.0,
    "test__n_fold_i2t_medr": 1.0,
    "test__n_fold_i2t_meanr": 1.8,
    "test__n_fold_t2i_recall_1": 60.0,
    "test__n_fold_t2i_recall_5": 60.0,
    "test__n_fold_t2i_recall_10": 100.0,
    "test__n_fold_t2i_rsum": 220.0,
    "test__n_fold_t2i_medr": 1.0,
    "test__n_fold_t2i_meanr": 3.5,
    "test__i2t_recall_1": 12.903225806451612,
    "test__i2t_recall_5": 95.16129032258064,
    "test__i2t_recall_10": 95.16129032258064,
    "test__i2t_rsum": 203.2258064516129,
    "test__i2t_medr": 3.0,
    "test__i2t_meanr": 4.161290322580645,
    "test__t2i_recall_1": 56.45161290322581,
    "test__t2i_recall_5": 77.41935483870968,
    "test__t2i_recall_10": 82.25806451612904,
    "test__t2i_rsum": 216.1290322580645,
    "test__t2i_medr": 1.0,
    "test__t2i_meanr": 6.145161290322581,
    "lr": 0.0002,
    "summary": "50.0, 100.0, 100.0, 60.0, 60.0, 100.0, 12.903225806451612, 95.16129032258064, 95.16129032258064, 56.45161290322581, 77.41935483870968, 82.25806451612904"
}
[2026-03-19 12:02:42] Round 16!
[2026-03-19 12:02:42] FedMobile client 0 stats: {'total_batches': 3, 'optimized_batches': 3, 'skipped_batches': 0, 'finite_grad_batches': 3, 'mean_loss': 5.284143765767415, 'skipped_nonfinite_output': 0, 'skipped_nonfinite_loss': 0, 'skipped_nonfinite_grad': 0}
[2026-03-19 12:02:42] TEST:  Epoch: [16] image	Prec@1 0.000 (0.000)	Prec@5 0.000 (0.000)
[2026-03-19 12:02:42] FedMobile client 1 stats: {'total_batches': 1, 'optimized_batches': 1, 'skipped_batches': 0, 'finite_grad_batches': 1, 'mean_loss': 5.9860076904296875, 'skipped_nonfinite_output': 0, 'skipped_nonfinite_loss': 0, 'skipped_nonfinite_grad': 0}
[2026-03-19 12:02:43] TEST:  Epoch: [16] image	Prec@1 0.000 (0.000)	Prec@5 30.667 (26.888)
[2026-03-19 12:02:43] FedMobile client 2 stats: {'total_batches': 3, 'optimized_batches': 3, 'skipped_batches': 0, 'finite_grad_batches': 3, 'mean_loss': 4.117305517196655, 'skipped_nonfinite_output': 0, 'skipped_nonfinite_loss': 0, 'skipped_nonfinite_grad': 0}
[2026-03-19 12:02:44] TEST:  Epoch: [16] image	Prec@1 0.000 (0.000)	Prec@5 5.645 (7.848)
[2026-03-19 12:02:44] FedMobile client 3 stats: {'total_batches': 3, 'optimized_batches': 3, 'skipped_batches': 0, 'finite_grad_batches': 3, 'mean_loss': 4.652332623799642, 'skipped_nonfinite_output': 0, 'skipped_nonfinite_loss': 0, 'skipped_nonfinite_grad': 0}
[2026-03-19 12:02:44] TEST:  Epoch: [16] image	Prec@1 21.143 (21.143)	Prec@5 50.857 (50.857)
[2026-03-19 12:02:44] FedMobile client 4 stats: {'total_batches': 1, 'optimized_batches': 1, 'skipped_batches': 0, 'finite_grad_batches': 1, 'mean_loss': 5.8720784187316895, 'skipped_nonfinite_output': 0, 'skipped_nonfinite_loss': 0, 'skipped_nonfinite_grad': 0}
[2026-03-19 12:02:44] TEST:  Epoch: [16] image	Prec@1 0.000 (0.000)	Prec@5 0.000 (0.000)
[2026-03-19 12:02:45] FedMobile client 0 stats: {'total_batches': 1, 'optimized_batches': 1, 'skipped_batches': 0, 'finite_grad_batches': 1, 'mean_loss': 8.552216529846191, 'skipped_nonfinite_output': 0, 'skipped_nonfinite_loss': 0, 'skipped_nonfinite_grad': 0}
[2026-03-19 12:02:45] TEST:  Epoch: [16] text	Prec@1 0.000 (0.000)	Prec@5 0.000 (0.000)
[2026-03-19 12:02:45] FedMobile client 1 stats: {'total_batches': 3, 'optimized_batches': 3, 'skipped_batches': 0, 'finite_grad_batches': 3, 'mean_loss': 8.085638999938965, 'skipped_nonfinite_output': 0, 'skipped_nonfinite_loss': 0, 'skipped_nonfinite_grad': 0}
[2026-03-19 12:02:45] TEST:  Epoch: [16] text	Prec@1 0.000 (0.000)	Prec@5 0.000 (0.000)
[2026-03-19 12:02:47] FedMobile client 2 stats: {'total_batches': 17, 'optimized_batches': 17, 'skipped_batches': 0, 'finite_grad_batches': 17, 'mean_loss': 1.710273637491114, 'skipped_nonfinite_output': 0, 'skipped_nonfinite_loss': 0, 'skipped_nonfinite_grad': 0}
[2026-03-19 12:02:48] TEST:  Epoch: [16] text	Prec@1 60.484 (53.251)	Prec@5 98.387 (98.767)
[2026-03-19 12:02:48] FedMobile client 3 stats: {'total_batches': 1, 'optimized_batches': 1, 'skipped_batches': 0, 'finite_grad_batches': 1, 'mean_loss': 7.736095428466797, 'skipped_nonfinite_output': 0, 'skipped_nonfinite_loss': 0, 'skipped_nonfinite_grad': 0}
[2026-03-19 12:02:48] TEST:  Epoch: [16] text	Prec@1 0.000 (0.000)	Prec@5 0.000 (0.000)
[2026-03-19 12:02:48] FedMobile client 4 stats: {'total_batches': 0, 'optimized_batches': 0, 'skipped_batches': 0, 'finite_grad_batches': 0, 'mean_loss': 0.0, 'skipped_nonfinite_output': 0, 'skipped_nonfinite_loss': 0, 'skipped_nonfinite_grad': 0}
[2026-03-19 12:02:48] TEST:  Epoch: [16] text	Prec@1 0.000 (0.000)	Prec@5 0.000 (0.000)
[2026-03-19 12:02:48] Epoch 16
[2026-03-19 12:02:49] FedMobile mm client 0 stats: {'total_batches': 3, 'optimized_batches': 3, 'skipped_batches': 0, 'finite_grad_batches': 3, 'mean_loss': 3374.338623046875, 'skipped_nonfinite_output': 0, 'skipped_nonfinite_loss': 0, 'skipped_nonfinite_grad': 0}
[2026-03-19 12:02:49] Epoch 16
[2026-03-19 12:02:50] FedMobile mm client 1 stats: {'total_batches': 5, 'optimized_batches': 5, 'skipped_batches': 0, 'finite_grad_batches': 5, 'mean_loss': 3356.774072265625, 'skipped_nonfinite_output': 0, 'skipped_nonfinite_loss': 0, 'skipped_nonfinite_grad': 0}
[2026-03-19 12:02:50] Epoch 16
[2026-03-19 12:02:52] FedMobile mm client 2 stats: {'total_batches': 6, 'optimized_batches': 6, 'skipped_batches': 0, 'finite_grad_batches': 6, 'mean_loss': 3357.094523111979, 'skipped_nonfinite_output': 0, 'skipped_nonfinite_loss': 0, 'skipped_nonfinite_grad': 0}
[2026-03-19 12:02:52] Epoch 16
[2026-03-19 12:02:52] FedMobile mm client 3 stats: {'total_batches': 0, 'optimized_batches': 0, 'skipped_batches': 0, 'finite_grad_batches': 0, 'mean_loss': 0.0, 'skipped_nonfinite_output': 0, 'skipped_nonfinite_loss': 0, 'skipped_nonfinite_grad': 0}
[2026-03-19 12:02:52] Epoch 16
[2026-03-19 12:02:52] FedMobile mm client 4 stats: {'total_batches': 0, 'optimized_batches': 0, 'skipped_batches': 0, 'finite_grad_batches': 0, 'mean_loss': 0.0, 'skipped_nonfinite_output': 0, 'skipped_nonfinite_loss': 0, 'skipped_nonfinite_grad': 0}
[2026-03-19 12:03:13] FedMobile active clients: [0, 1, 2, 3, 4, 5, 6, 7, 8, 10, 11, 12]
[2026-03-19 12:03:13] FedMobile client weights: {2: 0.03803814949588259, 10: 0.03830362013045007, 11: 0.05358714380626332, 12: 0.06234767474699001, 7: 0.6826646491119899, 0: 0.02930639445331631, 1: 0.012369778463783664, 3: 0.02346931072835238, 4: 0.008710259651759646, 5: 0.013670268620122777, 6: 0.025828339384037283, 8: 0.011704411407052025}
[2026-03-19 12:03:13] TEST:  Epoch: [16] image	Prec@1 0.000 (0.000)	Prec@5 0.000 (0.000)
[2026-03-19 12:03:13] TEST:  Epoch: [16] image	Prec@1 0.000 (0.000)	Prec@5 30.667 (26.888)
[2026-03-19 12:03:14] TEST:  Epoch: [16] image	Prec@1 0.000 (0.000)	Prec@5 5.645 (7.848)
[2026-03-19 12:03:14] TEST:  Epoch: [16] image	Prec@1 21.143 (21.143)	Prec@5 50.857 (50.857)
[2026-03-19 12:03:14] TEST:  Epoch: [16] image	Prec@1 0.000 (0.000)	Prec@5 0.000 (0.000)
[2026-03-19 12:03:14] TEST:  Epoch: [16] text	Prec@1 0.000 (0.000)	Prec@5 0.000 (0.000)
[2026-03-19 12:03:14] TEST:  Epoch: [16] text	Prec@1 0.000 (0.000)	Prec@5 0.000 (0.000)
[2026-03-19 12:03:15] TEST:  Epoch: [16] text	Prec@1 60.484 (53.251)	Prec@5 98.387 (98.767)
[2026-03-19 12:03:15] TEST:  Epoch: [16] text	Prec@1 0.000 (0.000)	Prec@5 0.000 (0.000)
[2026-03-19 12:03:15] TEST:  Epoch: [16] text	Prec@1 0.000 (0.000)	Prec@5 0.000 (0.000)
[2026-03-19 12:03:15] Evaluating test...
[2026-03-19 12:03:35] [Eval] Report @step: 16.00 {
    "test__rsum": 367.77408637873754,
    "test__medr": 6.0,
    "test__meanr": 13.916943521594686,
    "test__n_fold_i2t_recall_1": 10.0,
    "test__n_fold_i2t_recall_5": 60.0,
    "test__n_fold_i2t_recall_10": 100.0,
    "test__n_fold_i2t_rsum": 170.0,
    "test__n_fold_i2t_medr": 4.0,
    "test__n_fold_i2t_meanr": 4.3,
    "test__n_fold_t2i_recall_1": 10.0,
    "test__n_fold_t2i_recall_5": 80.0,
    "test__n_fold_t2i_recall_10": 100.0,
    "test__n_fold_t2i_rsum": 190.0,
    "test__n_fold_t2i_medr": 3.0,
    "test__n_fold_t2i_meanr": 3.4,
    "test__i2t_recall_1": 25.58139534883721,
    "test__i2t_recall_5": 85.38205980066445,
    "test__i2t_recall_10": 87.37541528239203,
    "test__i2t_rsum": 198.33887043189367,
    "test__i2t_medr": 2.0,
    "test__i2t_meanr": 6.312292358803987,
    "test__t2i_recall_1": 41.19601328903654,
    "test__t2i_recall_5": 57.80730897009967,
    "test__t2i_recall_10": 70.43189368770764,
    "test__t2i_rsum": 169.43521594684387,
    "test__t2i_medr": 4.0,
    "test__t2i_meanr": 7.604651162790698,
    "lr": 0.0002,
    "summary": "10.0, 60.0, 100.0, 10.0, 80.0, 100.0, 25.58139534883721, 85.38205980066445, 87.37541528239203, 41.19601328903654, 57.80730897009967, 70.43189368770764"
}
[2026-03-19 12:03:35] Evaluating test...
[2026-03-19 12:03:50] [Eval] Report @step: 16.00 {
    "test__rsum": 321.75226586102724,
    "test__medr": 8.0,
    "test__meanr": 18.891238670694865,
    "test__n_fold_i2t_recall_1": 10.0,
    "test__n_fold_i2t_recall_5": 100.0,
    "test__n_fold_i2t_recall_10": 100.0,
    "test__n_fold_i2t_rsum": 210.0,
    "test__n_fold_i2t_medr": 3.0,
    "test__n_fold_i2t_meanr": 2.9,
    "test__n_fold_t2i_recall_1": 50.0,
    "test__n_fold_t2i_recall_5": 90.0,
    "test__n_fold_t2i_recall_10": 100.0,
    "test__n_fold_t2i_rsum": 240.0,
    "test__n_fold_t2i_medr": 2.0,
    "test__n_fold_t2i_meanr": 3.1,
    "test__i2t_recall_1": 18.12688821752266,
    "test__i2t_recall_5": 50.453172205438065,
    "test__i2t_recall_10": 56.797583081571,
    "test__i2t_rsum": 125.37764350453173,
    "test__i2t_medr": 5.0,
    "test__i2t_meanr": 13.861027190332326,
    "test__t2i_recall_1": 13.293051359516616,
    "test__t2i_recall_5": 89.42598187311178,
    "test__t2i_recall_10": 93.65558912386707,
    "test__t2i_rsum": 196.37462235649548,
    "test__t2i_medr": 3.0,
    "test__t2i_meanr": 5.030211480362538,
    "lr": 0.0002,
    "summary": "10.0, 100.0, 100.0, 50.0, 90.0, 100.0, 18.12688821752266, 50.453172205438065, 56.797583081571, 13.293051359516616, 89.42598187311178, 93.65558912386707"
}
[2026-03-19 12:03:50] Evaluating test...
[2026-03-19 12:07:22] [Eval] Report @step: 16.00 {
    "test__rsum": 335.8744394618834,
    "test__medr": 6.0,
    "test__meanr": 24.80156950672646,
    "test__n_fold_i2t_recall_1": 20.0,
    "test__n_fold_i2t_recall_5": 100.0,
    "test__n_fold_i2t_recall_10": 100.0,
    "test__n_fold_i2t_rsum": 220.0,
    "test__n_fold_i2t_medr": 3.0,
    "test__n_fold_i2t_meanr": 2.5,
    "test__n_fold_t2i_recall_1": 80.0,
    "test__n_fold_t2i_recall_5": 100.0,
    "test__n_fold_t2i_recall_10": 100.0,
    "test__n_fold_t2i_rsum": 280.0,
    "test__n_fold_t2i_medr": 1.0,
    "test__n_fold_t2i_meanr": 1.4,
    "test__i2t_recall_1": 8.183856502242152,
    "test__i2t_recall_5": 65.47085201793722,
    "test__i2t_recall_10": 86.7713004484305,
    "test__i2t_rsum": 160.42600896860986,
    "test__i2t_medr": 4.0,
    "test__i2t_meanr": 9.688340807174887,
    "test__t2i_recall_1": 48.318385650224215,
    "test__t2i_recall_5": 60.53811659192825,
    "test__t2i_recall_10": 66.59192825112108,
    "test__t2i_rsum": 175.44843049327352,
    "test__t2i_medr": 2.0,
    "test__t2i_meanr": 15.11322869955157,
    "lr": 0.0002,
    "summary": "20.0, 100.0, 100.0, 80.0, 100.0, 100.0, 8.183856502242152, 65.47085201793722, 86.7713004484305, 48.318385650224215, 60.53811659192825, 66.59192825112108"
}
[2026-03-19 12:07:22] Evaluating test...
[2026-03-19 12:07:27] [Eval] Report @step: 16.00 {
    "test__rsum": 302.28571428571433,
    "test__medr": 9.0,
    "test__meanr": 14.565714285714286,
    "test__n_fold_i2t_recall_1": 30.0,
    "test__n_fold_i2t_recall_5": 90.0,
    "test__n_fold_i2t_recall_10": 100.0,
    "test__n_fold_i2t_rsum": 220.0,
    "test__n_fold_i2t_medr": 2.0,
    "test__n_fold_i2t_meanr": 3.1,
    "test__n_fold_t2i_recall_1": 10.0,
    "test__n_fold_t2i_recall_5": 60.0,
    "test__n_fold_t2i_recall_10": 100.0,
    "test__n_fold_t2i_rsum": 170.0,
    "test__n_fold_t2i_medr": 4.0,
    "test__n_fold_t2i_meanr": 4.1,
    "test__i2t_recall_1": 17.142857142857142,
    "test__i2t_recall_5": 49.714285714285715,
    "test__i2t_recall_10": 68.0,
    "test__i2t_rsum": 134.85714285714286,
    "test__i2t_medr": 6.0,
    "test__i2t_meanr": 9.285714285714286,
    "test__t2i_recall_1": 22.285714285714285,
    "test__t2i_recall_5": 62.285714285714285,
    "test__t2i_recall_10": 82.85714285714286,
    "test__t2i_rsum": 167.42857142857144,
    "test__t2i_medr": 3.0,
    "test__t2i_meanr": 5.28,
    "lr": 0.0002,
    "summary": "30.0, 90.0, 100.0, 10.0, 60.0, 100.0, 17.142857142857142, 49.714285714285715, 68.0, 22.285714285714285, 62.285714285714285, 82.85714285714286"
}
[2026-03-19 12:07:27] Evaluating test...
[2026-03-19 12:07:28] [Eval] Report @step: 16.00 {
    "test__rsum": 419.35483870967744,
    "test__medr": 4.0,
    "test__meanr": 10.29032258064516,
    "test__n_fold_i2t_recall_1": 50.0,
    "test__n_fold_i2t_recall_5": 100.0,
    "test__n_fold_i2t_recall_10": 100.0,
    "test__n_fold_i2t_rsum": 250.0,
    "test__n_fold_i2t_medr": 1.0,
    "test__n_fold_i2t_meanr": 1.8,
    "test__n_fold_t2i_recall_1": 60.0,
    "test__n_fold_t2i_recall_5": 60.0,
    "test__n_fold_t2i_recall_10": 100.0,
    "test__n_fold_t2i_rsum": 220.0,
    "test__n_fold_t2i_medr": 1.0,
    "test__n_fold_t2i_meanr": 3.5,
    "test__i2t_recall_1": 12.903225806451612,
    "test__i2t_recall_5": 95.16129032258064,
    "test__i2t_recall_10": 95.16129032258064,
    "test__i2t_rsum": 203.2258064516129,
    "test__i2t_medr": 3.0,
    "test__i2t_meanr": 4.161290322580645,
    "test__t2i_recall_1": 56.45161290322581,
    "test__t2i_recall_5": 77.41935483870968,
    "test__t2i_recall_10": 82.25806451612904,
    "test__t2i_rsum": 216.1290322580645,
    "test__t2i_medr": 1.0,
    "test__t2i_meanr": 6.129032258064516,
    "lr": 0.0002,
    "summary": "50.0, 100.0, 100.0, 60.0, 60.0, 100.0, 12.903225806451612, 95.16129032258064, 95.16129032258064, 56.45161290322581, 77.41935483870968, 82.25806451612904"
}
[2026-03-19 12:07:28] Round 17!
[2026-03-19 12:07:28] FedMobile client 0 stats: {'total_batches': 3, 'optimized_batches': 3, 'skipped_batches': 0, 'finite_grad_batches': 3, 'mean_loss': 5.213818391164144, 'skipped_nonfinite_output': 0, 'skipped_nonfinite_loss': 0, 'skipped_nonfinite_grad': 0}
[2026-03-19 12:07:28] TEST:  Epoch: [17] image	Prec@1 0.000 (0.000)	Prec@5 0.000 (0.000)
[2026-03-19 12:07:29] FedMobile client 1 stats: {'total_batches': 1, 'optimized_batches': 1, 'skipped_batches': 0, 'finite_grad_batches': 1, 'mean_loss': 5.903105735778809, 'skipped_nonfinite_output': 0, 'skipped_nonfinite_loss': 0, 'skipped_nonfinite_grad': 0}
[2026-03-19 12:07:29] TEST:  Epoch: [17] image	Prec@1 0.000 (0.000)	Prec@5 30.667 (26.888)
[2026-03-19 12:07:29] FedMobile client 2 stats: {'total_batches': 3, 'optimized_batches': 3, 'skipped_batches': 0, 'finite_grad_batches': 3, 'mean_loss': 3.9889113108317056, 'skipped_nonfinite_output': 0, 'skipped_nonfinite_loss': 0, 'skipped_nonfinite_grad': 0}
[2026-03-19 12:07:30] TEST:  Epoch: [17] image	Prec@1 0.000 (0.000)	Prec@5 5.645 (8.296)
[2026-03-19 12:07:30] FedMobile client 3 stats: {'total_batches': 3, 'optimized_batches': 3, 'skipped_batches': 0, 'finite_grad_batches': 3, 'mean_loss': 4.852273941040039, 'skipped_nonfinite_output': 0, 'skipped_nonfinite_loss': 0, 'skipped_nonfinite_grad': 0}
[2026-03-19 12:07:30] TEST:  Epoch: [17] image	Prec@1 21.143 (21.143)	Prec@5 50.857 (50.857)
[2026-03-19 12:07:31] FedMobile client 4 stats: {'total_batches': 1, 'optimized_batches': 1, 'skipped_batches': 0, 'finite_grad_batches': 1, 'mean_loss': 5.796341419219971, 'skipped_nonfinite_output': 0, 'skipped_nonfinite_loss': 0, 'skipped_nonfinite_grad': 0}
[2026-03-19 12:07:31] TEST:  Epoch: [17] image	Prec@1 0.000 (0.000)	Prec@5 0.000 (0.000)
[2026-03-19 12:07:31] FedMobile client 0 stats: {'total_batches': 1, 'optimized_batches': 1, 'skipped_batches': 0, 'finite_grad_batches': 1, 'mean_loss': 8.727154731750488, 'skipped_nonfinite_output': 0, 'skipped_nonfinite_loss': 0, 'skipped_nonfinite_grad': 0}
[2026-03-19 12:07:31] TEST:  Epoch: [17] text	Prec@1 0.000 (0.000)	Prec@5 0.000 (0.000)
[2026-03-19 12:07:32] FedMobile client 1 stats: {'total_batches': 3, 'optimized_batches': 3, 'skipped_batches': 0, 'finite_grad_batches': 3, 'mean_loss': 8.164259592692057, 'skipped_nonfinite_output': 0, 'skipped_nonfinite_loss': 0, 'skipped_nonfinite_grad': 0}
[2026-03-19 12:07:32] TEST:  Epoch: [17] text	Prec@1 0.000 (0.000)	Prec@5 0.000 (0.000)
[2026-03-19 12:07:33] FedMobile client 2 stats: {'total_batches': 17, 'optimized_batches': 17, 'skipped_batches': 0, 'finite_grad_batches': 17, 'mean_loss': 1.6855473868987139, 'skipped_nonfinite_output': 0, 'skipped_nonfinite_loss': 0, 'skipped_nonfinite_grad': 0}
[2026-03-19 12:07:34] TEST:  Epoch: [17] text	Prec@1 60.484 (53.251)	Prec@5 98.387 (98.767)
[2026-03-19 12:07:34] FedMobile client 3 stats: {'total_batches': 1, 'optimized_batches': 1, 'skipped_batches': 0, 'finite_grad_batches': 1, 'mean_loss': 8.332443237304688, 'skipped_nonfinite_output': 0, 'skipped_nonfinite_loss': 0, 'skipped_nonfinite_grad': 0}
[2026-03-19 12:07:34] TEST:  Epoch: [17] text	Prec@1 0.000 (0.000)	Prec@5 0.000 (0.000)
[2026-03-19 12:07:35] FedMobile client 4 stats: {'total_batches': 0, 'optimized_batches': 0, 'skipped_batches': 0, 'finite_grad_batches': 0, 'mean_loss': 0.0, 'skipped_nonfinite_output': 0, 'skipped_nonfinite_loss': 0, 'skipped_nonfinite_grad': 0}
[2026-03-19 12:07:35] TEST:  Epoch: [17] text	Prec@1 0.000 (0.000)	Prec@5 0.000 (0.000)
[2026-03-19 12:07:35] Epoch 17
[2026-03-19 12:07:35] FedMobile mm client 0 stats: {'total_batches': 3, 'optimized_batches': 3, 'skipped_batches': 0, 'finite_grad_batches': 3, 'mean_loss': 3383.9166666666665, 'skipped_nonfinite_output': 0, 'skipped_nonfinite_loss': 0, 'skipped_nonfinite_grad': 0}
[2026-03-19 12:07:36] Epoch 17
[2026-03-19 12:07:37] FedMobile mm client 1 stats: {'total_batches': 5, 'optimized_batches': 5, 'skipped_batches': 0, 'finite_grad_batches': 5, 'mean_loss': 3356.7232421875, 'skipped_nonfinite_output': 0, 'skipped_nonfinite_loss': 0, 'skipped_nonfinite_grad': 0}
[2026-03-19 12:07:37] Epoch 17
[2026-03-19 12:07:38] FedMobile mm client 2 stats: {'total_batches': 6, 'optimized_batches': 6, 'skipped_batches': 0, 'finite_grad_batches': 6, 'mean_loss': 3356.269287109375, 'skipped_nonfinite_output': 0, 'skipped_nonfinite_loss': 0, 'skipped_nonfinite_grad': 0}
[2026-03-19 12:07:38] Epoch 17
[2026-03-19 12:07:38] FedMobile mm client 3 stats: {'total_batches': 0, 'optimized_batches': 0, 'skipped_batches': 0, 'finite_grad_batches': 0, 'mean_loss': 0.0, 'skipped_nonfinite_output': 0, 'skipped_nonfinite_loss': 0, 'skipped_nonfinite_grad': 0}
[2026-03-19 12:07:38] Epoch 17
[2026-03-19 12:07:38] FedMobile mm client 4 stats: {'total_batches': 0, 'optimized_batches': 0, 'skipped_batches': 0, 'finite_grad_batches': 0, 'mean_loss': 0.0, 'skipped_nonfinite_output': 0, 'skipped_nonfinite_loss': 0, 'skipped_nonfinite_grad': 0}
[2026-03-19 12:07:59] FedMobile active clients: [0, 1, 2, 3, 4, 5, 6, 7, 8, 10, 11, 12]
[2026-03-19 12:07:59] FedMobile client weights: {7: 0.6678047228630102, 0: 0.0336698941708992, 1: 0.014211544598449715, 3: 0.02696371297896572, 4: 0.010007151208688307, 5: 0.01570566786919137, 6: 0.02967398309798547, 8: 0.013447109436674915, 2: 0.037294233218434635, 10: 0.037554512014575256, 11: 0.05253913413524241, 12: 0.061128334407882894}
[2026-03-19 12:08:00] TEST:  Epoch: [17] image	Prec@1 0.000 (0.000)	Prec@5 0.000 (0.000)
[2026-03-19 12:08:00] TEST:  Epoch: [17] image	Prec@1 0.000 (0.000)	Prec@5 30.667 (26.888)
[2026-03-19 12:08:00] TEST:  Epoch: [17] image	Prec@1 0.000 (0.000)	Prec@5 5.645 (8.296)
[2026-03-19 12:08:01] TEST:  Epoch: [17] image	Prec@1 21.143 (21.143)	Prec@5 50.857 (50.857)
[2026-03-19 12:08:01] TEST:  Epoch: [17] image	Prec@1 0.000 (0.000)	Prec@5 0.000 (0.000)
[2026-03-19 12:08:01] TEST:  Epoch: [17] text	Prec@1 0.000 (0.000)	Prec@5 0.000 (0.000)
[2026-03-19 12:08:01] TEST:  Epoch: [17] text	Prec@1 0.000 (0.000)	Prec@5 0.000 (0.000)
[2026-03-19 12:08:02] TEST:  Epoch: [17] text	Prec@1 60.484 (53.251)	Prec@5 98.387 (98.767)
[2026-03-19 12:08:02] TEST:  Epoch: [17] text	Prec@1 0.000 (0.000)	Prec@5 0.000 (0.000)
[2026-03-19 12:08:02] TEST:  Epoch: [17] text	Prec@1 0.000 (0.000)	Prec@5 0.000 (0.000)
[2026-03-19 12:08:02] Evaluating test...
[2026-03-19 12:08:22] [Eval] Report @step: 17.00 {
    "test__rsum": 368.1063122923588,
    "test__medr": 6.0,
    "test__meanr": 13.933554817275748,
    "test__n_fold_i2t_recall_1": 10.0,
    "test__n_fold_i2t_recall_5": 60.0,
    "test__n_fold_i2t_recall_10": 100.0,
    "test__n_fold_i2t_rsum": 170.0,
    "test__n_fold_i2t_medr": 4.0,
    "test__n_fold_i2t_meanr": 4.3,
    "test__n_fold_t2i_recall_1": 10.0,
    "test__n_fold_t2i_recall_5": 80.0,
    "test__n_fold_t2i_recall_10": 100.0,
    "test__n_fold_t2i_rsum": 190.0,
    "test__n_fold_t2i_medr": 3.0,
    "test__n_fold_t2i_meanr": 3.4,
    "test__i2t_recall_1": 25.249169435215947,
    "test__i2t_recall_5": 85.38205980066445,
    "test__i2t_recall_10": 87.70764119601328,
    "test__i2t_rsum": 198.33887043189367,
    "test__i2t_medr": 2.0,
    "test__i2t_meanr": 6.368770764119601,
    "test__t2i_recall_1": 41.19601328903654,
    "test__t2i_recall_5": 58.13953488372093,
    "test__t2i_recall_10": 70.43189368770764,
    "test__t2i_rsum": 169.7674418604651,
    "test__t2i_medr": 4.0,
    "test__t2i_meanr": 7.5647840531561465,
    "lr": 0.0002,
    "summary": "10.0, 60.0, 100.0, 10.0, 80.0, 100.0, 25.249169435215947, 85.38205980066445, 87.70764119601328, 41.19601328903654, 58.13953488372093, 70.43189368770764"
}
[2026-03-19 12:08:22] Evaluating test...
[2026-03-19 12:08:42] [Eval] Report @step: 17.00 {
    "test__rsum": 321.45015105740185,
    "test__medr": 8.0,
    "test__meanr": 18.924471299093653,
    "test__n_fold_i2t_recall_1": 10.0,
    "test__n_fold_i2t_recall_5": 100.0,
    "test__n_fold_i2t_recall_10": 100.0,
    "test__n_fold_i2t_rsum": 210.0,
    "test__n_fold_i2t_medr": 3.0,
    "test__n_fold_i2t_meanr": 2.9,
    "test__n_fold_t2i_recall_1": 50.0,
    "test__n_fold_t2i_recall_5": 90.0,
    "test__n_fold_t2i_recall_10": 100.0,
    "test__n_fold_t2i_rsum": 240.0,
    "test__n_fold_t2i_medr": 1.0,
    "test__n_fold_t2i_meanr": 3.0,
    "test__i2t_recall_1": 18.12688821752266,
    "test__i2t_recall_5": 50.453172205438065,
    "test__i2t_recall_10": 56.49546827794562,
    "test__i2t_rsum": 125.07552870090635,
    "test__i2t_medr": 5.0,
    "test__i2t_meanr": 13.794561933534743,
    "test__t2i_recall_1": 13.293051359516616,
    "test__t2i_recall_5": 89.42598187311178,
    "test__t2i_recall_10": 93.65558912386707,
    "test__t2i_rsum": 196.37462235649548,
    "test__t2i_medr": 3.0,
    "test__t2i_meanr": 5.1299093655589125,
    "lr": 0.0002,
    "summary": "10.0, 100.0, 100.0, 50.0, 90.0, 100.0, 18.12688821752266, 50.453172205438065, 56.49546827794562, 13.293051359516616, 89.42598187311178, 93.65558912386707"
}
[2026-03-19 12:08:42] Evaluating test...
[2026-03-19 12:12:02] [Eval] Report @step: 17.00 {
    "test__rsum": 335.08968609865474,
    "test__medr": 6.0,
    "test__meanr": 24.640134529147982,
    "test__n_fold_i2t_recall_1": 20.0,
    "test__n_fold_i2t_recall_5": 100.0,
    "test__n_fold_i2t_recall_10": 100.0,
    "test__n_fold_i2t_rsum": 220.0,
    "test__n_fold_i2t_medr": 3.0,
    "test__n_fold_i2t_meanr": 2.5,
    "test__n_fold_t2i_recall_1": 80.0,
    "test__n_fold_t2i_recall_5": 100.0,
    "test__n_fold_t2i_recall_10": 100.0,
    "test__n_fold_t2i_rsum": 280.0,
    "test__n_fold_t2i_medr": 1.0,
    "test__n_fold_t2i_meanr": 1.4,
    "test__i2t_recall_1": 8.52017937219731,
    "test__i2t_recall_5": 65.02242152466367,
    "test__i2t_recall_10": 86.7713004484305,
    "test__i2t_rsum": 160.31390134529147,
    "test__i2t_medr": 4.0,
    "test__i2t_meanr": 9.70067264573991,
    "test__t2i_recall_1": 47.75784753363229,
    "test__t2i_recall_5": 60.53811659192825,
    "test__t2i_recall_10": 66.4798206278027,
    "test__t2i_rsum": 174.77578475336324,
    "test__t2i_medr": 2.0,
    "test__t2i_meanr": 14.939461883408072,
    "lr": 0.0002,
    "summary": "20.0, 100.0, 100.0, 80.0, 100.0, 100.0, 8.52017937219731, 65.02242152466367, 86.7713004484305, 47.75784753363229, 60.53811659192825, 66.4798206278027"
}
[2026-03-19 12:12:02] Evaluating test...
[2026-03-19 12:12:06] [Eval] Report @step: 17.00 {
    "test__rsum": 302.8571428571429,
    "test__medr": 9.0,
    "test__meanr": 14.582857142857144,
    "test__n_fold_i2t_recall_1": 30.0,
    "test__n_fold_i2t_recall_5": 90.0,
    "test__n_fold_i2t_recall_10": 100.0,
    "test__n_fold_i2t_rsum": 220.0,
    "test__n_fold_i2t_medr": 2.0,
    "test__n_fold_i2t_meanr": 3.1,
    "test__n_fold_t2i_recall_1": 10.0,
    "test__n_fold_t2i_recall_5": 60.0,
    "test__n_fold_t2i_recall_10": 100.0,
    "test__n_fold_t2i_rsum": 170.0,
    "test__n_fold_t2i_medr": 4.0,
    "test__n_fold_t2i_meanr": 4.1,
    "test__i2t_recall_1": 17.142857142857142,
    "test__i2t_recall_5": 49.714285714285715,
    "test__i2t_recall_10": 68.0,
    "test__i2t_rsum": 134.85714285714286,
    "test__i2t_medr": 6.0,
    "test__i2t_meanr": 9.325714285714286,
    "test__t2i_recall_1": 21.714285714285715,
    "test__t2i_recall_5": 62.285714285714285,
    "test__t2i_recall_10": 84.0,
    "test__t2i_rsum": 168.0,
    "test__t2i_medr": 3.0,
    "test__t2i_meanr": 5.257142857142857,
    "lr": 0.0002,
    "summary": "30.0, 90.0, 100.0, 10.0, 60.0, 100.0, 17.142857142857142, 49.714285714285715, 68.0, 21.714285714285715, 62.285714285714285, 84.0"
}
[2026-03-19 12:12:06] Evaluating test...
[2026-03-19 12:12:06] [Eval] Report @step: 17.00 {
    "test__rsum": 419.35483870967744,
    "test__medr": 4.0,
    "test__meanr": 10.274193548387096,
    "test__n_fold_i2t_recall_1": 50.0,
    "test__n_fold_i2t_recall_5": 100.0,
    "test__n_fold_i2t_recall_10": 100.0,
    "test__n_fold_i2t_rsum": 250.0,
    "test__n_fold_i2t_medr": 1.0,
    "test__n_fold_i2t_meanr": 1.8,
    "test__n_fold_t2i_recall_1": 60.0,
    "test__n_fold_t2i_recall_5": 60.0,
    "test__n_fold_t2i_recall_10": 100.0,
    "test__n_fold_t2i_rsum": 220.0,
    "test__n_fold_t2i_medr": 1.0,
    "test__n_fold_t2i_meanr": 3.5,
    "test__i2t_recall_1": 12.903225806451612,
    "test__i2t_recall_5": 95.16129032258064,
    "test__i2t_recall_10": 95.16129032258064,
    "test__i2t_rsum": 203.2258064516129,
    "test__i2t_medr": 3.0,
    "test__i2t_meanr": 4.129032258064516,
    "test__t2i_recall_1": 56.45161290322581,
    "test__t2i_recall_5": 77.41935483870968,
    "test__t2i_recall_10": 82.25806451612904,
    "test__t2i_rsum": 216.1290322580645,
    "test__t2i_medr": 1.0,
    "test__t2i_meanr": 6.145161290322581,
    "lr": 0.0002,
    "summary": "50.0, 100.0, 100.0, 60.0, 60.0, 100.0, 12.903225806451612, 95.16129032258064, 95.16129032258064, 56.45161290322581, 77.41935483870968, 82.25806451612904"
}
[2026-03-19 12:12:07] Round 18!
[2026-03-19 12:12:07] FedMobile client 0 stats: {'total_batches': 3, 'optimized_batches': 3, 'skipped_batches': 0, 'finite_grad_batches': 3, 'mean_loss': 5.165102005004883, 'skipped_nonfinite_output': 0, 'skipped_nonfinite_loss': 0, 'skipped_nonfinite_grad': 0}
[2026-03-19 12:12:07] TEST:  Epoch: [18] image	Prec@1 0.000 (0.000)	Prec@5 0.000 (0.000)
[2026-03-19 12:12:07] FedMobile client 1 stats: {'total_batches': 1, 'optimized_batches': 1, 'skipped_batches': 0, 'finite_grad_batches': 1, 'mean_loss': 5.812784194946289, 'skipped_nonfinite_output': 0, 'skipped_nonfinite_loss': 0, 'skipped_nonfinite_grad': 0}
[2026-03-19 12:12:07] TEST:  Epoch: [18] image	Prec@1 0.000 (0.000)	Prec@5 30.667 (26.888)
[2026-03-19 12:12:08] FedMobile client 2 stats: {'total_batches': 3, 'optimized_batches': 3, 'skipped_batches': 0, 'finite_grad_batches': 3, 'mean_loss': 3.9603612422943115, 'skipped_nonfinite_output': 0, 'skipped_nonfinite_loss': 0, 'skipped_nonfinite_grad': 0}
[2026-03-19 12:12:08] TEST:  Epoch: [18] image	Prec@1 0.000 (0.000)	Prec@5 7.258 (8.744)
[2026-03-19 12:12:09] FedMobile client 3 stats: {'total_batches': 3, 'optimized_batches': 3, 'skipped_batches': 0, 'finite_grad_batches': 3, 'mean_loss': 5.010443051656087, 'skipped_nonfinite_output': 0, 'skipped_nonfinite_loss': 0, 'skipped_nonfinite_grad': 0}
[2026-03-19 12:12:09] TEST:  Epoch: [18] image	Prec@1 21.143 (21.143)	Prec@5 49.714 (49.714)
[2026-03-19 12:12:09] FedMobile client 4 stats: {'total_batches': 1, 'optimized_batches': 1, 'skipped_batches': 0, 'finite_grad_batches': 1, 'mean_loss': 5.7713470458984375, 'skipped_nonfinite_output': 0, 'skipped_nonfinite_loss': 0, 'skipped_nonfinite_grad': 0}
[2026-03-19 12:12:09] TEST:  Epoch: [18] image	Prec@1 0.000 (0.000)	Prec@5 0.000 (0.000)
[2026-03-19 12:12:09] FedMobile client 0 stats: {'total_batches': 1, 'optimized_batches': 1, 'skipped_batches': 0, 'finite_grad_batches': 1, 'mean_loss': 8.750077247619629, 'skipped_nonfinite_output': 0, 'skipped_nonfinite_loss': 0, 'skipped_nonfinite_grad': 0}
[2026-03-19 12:12:10] TEST:  Epoch: [18] text	Prec@1 0.000 (0.000)	Prec@5 0.000 (0.000)
[2026-03-19 12:12:10] FedMobile client 1 stats: {'total_batches': 3, 'optimized_batches': 3, 'skipped_batches': 0, 'finite_grad_batches': 3, 'mean_loss': 8.127393881479898, 'skipped_nonfinite_output': 0, 'skipped_nonfinite_loss': 0, 'skipped_nonfinite_grad': 0}
[2026-03-19 12:12:10] TEST:  Epoch: [18] text	Prec@1 0.000 (0.000)	Prec@5 0.000 (0.000)
[2026-03-19 12:12:12] FedMobile client 2 stats: {'total_batches': 17, 'optimized_batches': 17, 'skipped_batches': 0, 'finite_grad_batches': 17, 'mean_loss': 1.6639573784435497, 'skipped_nonfinite_output': 0, 'skipped_nonfinite_loss': 0, 'skipped_nonfinite_grad': 0}
[2026-03-19 12:12:13] TEST:  Epoch: [18] text	Prec@1 60.484 (53.251)	Prec@5 98.387 (98.767)
[2026-03-19 12:12:13] FedMobile client 3 stats: {'total_batches': 1, 'optimized_batches': 1, 'skipped_batches': 0, 'finite_grad_batches': 1, 'mean_loss': 8.65073013305664, 'skipped_nonfinite_output': 0, 'skipped_nonfinite_loss': 0, 'skipped_nonfinite_grad': 0}
[2026-03-19 12:12:13] TEST:  Epoch: [18] text	Prec@1 0.000 (0.000)	Prec@5 0.000 (0.000)
[2026-03-19 12:12:13] FedMobile client 4 stats: {'total_batches': 0, 'optimized_batches': 0, 'skipped_batches': 0, 'finite_grad_batches': 0, 'mean_loss': 0.0, 'skipped_nonfinite_output': 0, 'skipped_nonfinite_loss': 0, 'skipped_nonfinite_grad': 0}
[2026-03-19 12:12:13] TEST:  Epoch: [18] text	Prec@1 0.000 (0.000)	Prec@5 0.000 (0.000)
[2026-03-19 12:12:13] Epoch 18
[2026-03-19 12:12:14] FedMobile mm client 0 stats: {'total_batches': 3, 'optimized_batches': 3, 'skipped_batches': 0, 'finite_grad_batches': 3, 'mean_loss': 3373.5299479166665, 'skipped_nonfinite_output': 0, 'skipped_nonfinite_loss': 0, 'skipped_nonfinite_grad': 0}
[2026-03-19 12:12:14] Epoch 18
[2026-03-19 12:12:15] FedMobile mm client 1 stats: {'total_batches': 5, 'optimized_batches': 5, 'skipped_batches': 0, 'finite_grad_batches': 5, 'mean_loss': 3356.230908203125, 'skipped_nonfinite_output': 0, 'skipped_nonfinite_loss': 0, 'skipped_nonfinite_grad': 0}
[2026-03-19 12:12:15] Epoch 18
[2026-03-19 12:12:17] FedMobile mm client 2 stats: {'total_batches': 6, 'optimized_batches': 6, 'skipped_batches': 0, 'finite_grad_batches': 6, 'mean_loss': 3356.6083170572915, 'skipped_nonfinite_output': 0, 'skipped_nonfinite_loss': 0, 'skipped_nonfinite_grad': 0}
[2026-03-19 12:12:17] Epoch 18
[2026-03-19 12:12:17] FedMobile mm client 3 stats: {'total_batches': 0, 'optimized_batches': 0, 'skipped_batches': 0, 'finite_grad_batches': 0, 'mean_loss': 0.0, 'skipped_nonfinite_output': 0, 'skipped_nonfinite_loss': 0, 'skipped_nonfinite_grad': 0}
[2026-03-19 12:12:17] Epoch 18
[2026-03-19 12:12:17] FedMobile mm client 4 stats: {'total_batches': 0, 'optimized_batches': 0, 'skipped_batches': 0, 'finite_grad_batches': 0, 'mean_loss': 0.0, 'skipped_nonfinite_output': 0, 'skipped_nonfinite_loss': 0, 'skipped_nonfinite_grad': 0}
[2026-03-19 12:12:38] FedMobile active clients: [0, 1, 2, 3, 4, 5, 6, 7, 8, 10, 11, 12]
[2026-03-19 12:12:38] FedMobile client weights: {1: 0.011777062392539176, 2: 0.028881157896618076, 3: 0.022344744294890955, 4: 0.008292894789856436, 5: 0.013015237656302463, 6: 0.024590736633810405, 7: 0.1317360891096986, 8: 0.011143577373869586, 10: 0.07700520569306658, 11: 0.10773104519237929, 12: 0.1253431268904965, 0: 0.43813912207647193}
[2026-03-19 12:12:38] TEST:  Epoch: [18] image	Prec@1 0.000 (0.000)	Prec@5 0.000 (0.000)
[2026-03-19 12:12:38] TEST:  Epoch: [18] image	Prec@1 0.000 (0.000)	Prec@5 30.667 (26.888)
[2026-03-19 12:12:39] TEST:  Epoch: [18] image	Prec@1 0.000 (0.000)	Prec@5 7.258 (8.744)
[2026-03-19 12:12:39] TEST:  Epoch: [18] image	Prec@1 21.143 (21.143)	Prec@5 49.714 (49.714)
[2026-03-19 12:12:39] TEST:  Epoch: [18] image	Prec@1 0.000 (0.000)	Prec@5 0.000 (0.000)
[2026-03-19 12:12:39] TEST:  Epoch: [18] text	Prec@1 0.000 (0.000)	Prec@5 0.000 (0.000)
[2026-03-19 12:12:40] TEST:  Epoch: [18] text	Prec@1 0.000 (0.000)	Prec@5 0.000 (0.000)
[2026-03-19 12:12:40] TEST:  Epoch: [18] text	Prec@1 60.484 (53.251)	Prec@5 98.387 (98.767)
[2026-03-19 12:12:40] TEST:  Epoch: [18] text	Prec@1 0.000 (0.000)	Prec@5 0.000 (0.000)
[2026-03-19 12:12:40] TEST:  Epoch: [18] text	Prec@1 0.000 (0.000)	Prec@5 0.000 (0.000)
[2026-03-19 12:12:40] Evaluating test...
[2026-03-19 12:13:00] [Eval] Report @step: 18.00 {
    "test__rsum": 369.43521594684387,
    "test__medr": 6.0,
    "test__meanr": 13.867109634551495,
    "test__n_fold_i2t_recall_1": 10.0,
    "test__n_fold_i2t_recall_5": 60.0,
    "test__n_fold_i2t_recall_10": 100.0,
    "test__n_fold_i2t_rsum": 170.0,
    "test__n_fold_i2t_medr": 4.0,
    "test__n_fold_i2t_meanr": 4.3,
    "test__n_fold_t2i_recall_1": 10.0,
    "test__n_fold_t2i_recall_5": 80.0,
    "test__n_fold_t2i_recall_10": 100.0,
    "test__n_fold_t2i_rsum": 190.0,
    "test__n_fold_t2i_medr": 3.0,
    "test__n_fold_t2i_meanr": 3.4,
    "test__i2t_recall_1": 25.91362126245847,
    "test__i2t_recall_5": 85.04983388704319,
    "test__i2t_recall_10": 88.03986710963456,
    "test__i2t_rsum": 199.0033222591362,
    "test__i2t_medr": 2.0,
    "test__i2t_meanr": 6.358803986710964,
    "test__t2i_recall_1": 41.19601328903654,
    "test__t2i_recall_5": 58.47176079734219,
    "test__t2i_recall_10": 70.7641196013289,
    "test__t2i_rsum": 170.43189368770763,
    "test__t2i_medr": 4.0,
    "test__t2i_meanr": 7.5083056478405314,
    "lr": 0.0002,
    "summary": "10.0, 60.0, 100.0, 10.0, 80.0, 100.0, 25.91362126245847, 85.04983388704319, 88.03986710963456, 41.19601328903654, 58.47176079734219, 70.7641196013289"
}
[2026-03-19 12:13:00] Evaluating test...
[2026-03-19 12:13:20] [Eval] Report @step: 18.00 {
    "test__rsum": 324.1691842900302,
    "test__medr": 8.0,
    "test__meanr": 18.55891238670695,
    "test__n_fold_i2t_recall_1": 10.0,
    "test__n_fold_i2t_recall_5": 100.0,
    "test__n_fold_i2t_recall_10": 100.0,
    "test__n_fold_i2t_rsum": 210.0,
    "test__n_fold_i2t_medr": 3.0,
    "test__n_fold_i2t_meanr": 2.9,
    "test__n_fold_t2i_recall_1": 50.0,
    "test__n_fold_t2i_recall_5": 90.0,
    "test__n_fold_t2i_recall_10": 100.0,
    "test__n_fold_t2i_rsum": 240.0,
    "test__n_fold_t2i_medr": 1.0,
    "test__n_fold_t2i_meanr": 2.9,
    "test__i2t_recall_1": 18.12688821752266,
    "test__i2t_recall_5": 51.661631419939575,
    "test__i2t_recall_10": 57.40181268882175,
    "test__i2t_rsum": 127.19033232628398,
    "test__i2t_medr": 5.0,
    "test__i2t_meanr": 13.419939577039274,
    "test__t2i_recall_1": 13.293051359516616,
    "test__t2i_recall_5": 90.03021148036254,
    "test__t2i_recall_10": 93.65558912386707,
    "test__t2i_rsum": 196.97885196374622,
    "test__t2i_medr": 3.0,
    "test__t2i_meanr": 5.138972809667674,
    "lr": 0.0002,
    "summary": "10.0, 100.0, 100.0, 50.0, 90.0, 100.0, 18.12688821752266, 51.661631419939575, 57.40181268882175, 13.293051359516616, 90.03021148036254, 93.65558912386707"
}
[2026-03-19 12:13:20] Evaluating test...
[2026-03-19 12:16:53] [Eval] Report @step: 18.00 {
    "test__rsum": 335.08968609865474,
    "test__medr": 6.0,
    "test__meanr": 24.440582959641254,
    "test__n_fold_i2t_recall_1": 20.0,
    "test__n_fold_i2t_recall_5": 100.0,
    "test__n_fold_i2t_recall_10": 100.0,
    "test__n_fold_i2t_rsum": 220.0,
    "test__n_fold_i2t_medr": 3.0,
    "test__n_fold_i2t_meanr": 2.5,
    "test__n_fold_t2i_recall_1": 80.0,
    "test__n_fold_t2i_recall_5": 100.0,
    "test__n_fold_t2i_recall_10": 100.0,
    "test__n_fold_t2i_rsum": 280.0,
    "test__n_fold_t2i_medr": 1.0,
    "test__n_fold_t2i_meanr": 1.4,
    "test__i2t_recall_1": 8.632286995515695,
    "test__i2t_recall_5": 65.35874439461884,
    "test__i2t_recall_10": 86.99551569506727,
    "test__i2t_rsum": 160.9865470852018,
    "test__i2t_medr": 4.0,
    "test__i2t_meanr": 9.665919282511211,
    "test__t2i_recall_1": 46.300448430493276,
    "test__t2i_recall_5": 60.53811659192825,
    "test__t2i_recall_10": 67.26457399103138,
    "test__t2i_rsum": 174.1031390134529,
    "test__t2i_medr": 2.0,
    "test__t2i_meanr": 14.774663677130045,
    "lr": 0.0002,
    "summary": "20.0, 100.0, 100.0, 80.0, 100.0, 100.0, 8.632286995515695, 65.35874439461884, 86.99551569506727, 46.300448430493276, 60.53811659192825, 67.26457399103138"
}
[2026-03-19 12:16:53] Evaluating test...
[2026-03-19 12:16:58] [Eval] Report @step: 18.00 {
    "test__rsum": 300.57142857142856,
    "test__medr": 9.0,
    "test__meanr": 14.645714285714284,
    "test__n_fold_i2t_recall_1": 30.0,
    "test__n_fold_i2t_recall_5": 90.0,
    "test__n_fold_i2t_recall_10": 100.0,
    "test__n_fold_i2t_rsum": 220.0,
    "test__n_fold_i2t_medr": 2.0,
    "test__n_fold_i2t_meanr": 3.1,
    "test__n_fold_t2i_recall_1": 10.0,
    "test__n_fold_t2i_recall_5": 60.0,
    "test__n_fold_t2i_recall_10": 100.0,
    "test__n_fold_t2i_rsum": 170.0,
    "test__n_fold_t2i_medr": 4.0,
    "test__n_fold_t2i_meanr": 4.1,
    "test__i2t_recall_1": 16.571428571428573,
    "test__i2t_recall_5": 48.57142857142857,
    "test__i2t_recall_10": 66.85714285714286,
    "test__i2t_rsum": 132.0,
    "test__i2t_medr": 6.0,
    "test__i2t_meanr": 9.44,
    "test__t2i_recall_1": 21.714285714285715,
    "test__t2i_recall_5": 62.285714285714285,
    "test__t2i_recall_10": 84.57142857142857,
    "test__t2i_rsum": 168.57142857142856,
    "test__t2i_medr": 3.0,
    "test__t2i_meanr": 5.2057142857142855,
    "lr": 0.0002,
    "summary": "30.0, 90.0, 100.0, 10.0, 60.0, 100.0, 16.571428571428573, 48.57142857142857, 66.85714285714286, 21.714285714285715, 62.285714285714285, 84.57142857142857"
}
[2026-03-19 12:16:58] Evaluating test...
[2026-03-19 12:16:59] [Eval] Report @step: 18.00 {
    "test__rsum": 416.1290322580645,
    "test__medr": 4.0,
    "test__meanr": 10.29032258064516,
    "test__n_fold_i2t_recall_1": 50.0,
    "test__n_fold_i2t_recall_5": 100.0,
    "test__n_fold_i2t_recall_10": 100.0,
    "test__n_fold_i2t_rsum": 250.0,
    "test__n_fold_i2t_medr": 1.0,
    "test__n_fold_i2t_meanr": 1.8,
    "test__n_fold_t2i_recall_1": 60.0,
    "test__n_fold_t2i_recall_5": 60.0,
    "test__n_fold_t2i_recall_10": 100.0,
    "test__n_fold_t2i_rsum": 220.0,
    "test__n_fold_t2i_medr": 1.0,
    "test__n_fold_t2i_meanr": 3.5,
    "test__i2t_recall_1": 12.903225806451612,
    "test__i2t_recall_5": 95.16129032258064,
    "test__i2t_recall_10": 95.16129032258064,
    "test__i2t_rsum": 203.2258064516129,
    "test__i2t_medr": 3.0,
    "test__i2t_meanr": 4.129032258064516,
    "test__t2i_recall_1": 56.45161290322581,
    "test__t2i_recall_5": 75.80645161290323,
    "test__t2i_recall_10": 80.64516129032258,
    "test__t2i_rsum": 212.9032258064516,
    "test__t2i_medr": 1.0,
    "test__t2i_meanr": 6.161290322580645,
    "lr": 0.0002,
    "summary": "50.0, 100.0, 100.0, 60.0, 60.0, 100.0, 12.903225806451612, 95.16129032258064, 95.16129032258064, 56.45161290322581, 75.80645161290323, 80.64516129032258"
}
[2026-03-19 12:17:00] Round 19!
[2026-03-19 12:17:00] FedMobile client 0 stats: {'total_batches': 3, 'optimized_batches': 3, 'skipped_batches': 0, 'finite_grad_batches': 3, 'mean_loss': 4.770901521046956, 'skipped_nonfinite_output': 0, 'skipped_nonfinite_loss': 0, 'skipped_nonfinite_grad': 0}
[2026-03-19 12:17:00] TEST:  Epoch: [19] image	Prec@1 0.000 (0.000)	Prec@5 0.000 (0.000)
[2026-03-19 12:17:00] FedMobile client 1 stats: {'total_batches': 1, 'optimized_batches': 1, 'skipped_batches': 0, 'finite_grad_batches': 1, 'mean_loss': 5.900130271911621, 'skipped_nonfinite_output': 0, 'skipped_nonfinite_loss': 0, 'skipped_nonfinite_grad': 0}
[2026-03-19 12:17:01] TEST:  Epoch: [19] image	Prec@1 0.000 (0.000)	Prec@5 30.667 (26.888)
[2026-03-19 12:17:01] FedMobile client 2 stats: {'total_batches': 3, 'optimized_batches': 3, 'skipped_batches': 0, 'finite_grad_batches': 3, 'mean_loss': 4.059451341629028, 'skipped_nonfinite_output': 0, 'skipped_nonfinite_loss': 0, 'skipped_nonfinite_grad': 0}
[2026-03-19 12:17:02] TEST:  Epoch: [19] image	Prec@1 0.000 (0.000)	Prec@5 7.258 (8.969)
[2026-03-19 12:17:02] FedMobile client 3 stats: {'total_batches': 3, 'optimized_batches': 3, 'skipped_batches': 0, 'finite_grad_batches': 3, 'mean_loss': 5.191989421844482, 'skipped_nonfinite_output': 0, 'skipped_nonfinite_loss': 0, 'skipped_nonfinite_grad': 0}
[2026-03-19 12:17:02] TEST:  Epoch: [19] image	Prec@1 21.143 (21.143)	Prec@5 49.714 (49.714)
[2026-03-19 12:17:02] FedMobile client 4 stats: {'total_batches': 1, 'optimized_batches': 1, 'skipped_batches': 0, 'finite_grad_batches': 1, 'mean_loss': 5.804052829742432, 'skipped_nonfinite_output': 0, 'skipped_nonfinite_loss': 0, 'skipped_nonfinite_grad': 0}
[2026-03-19 12:17:02] TEST:  Epoch: [19] image	Prec@1 0.000 (0.000)	Prec@5 0.000 (0.000)
[2026-03-19 12:17:03] FedMobile client 0 stats: {'total_batches': 1, 'optimized_batches': 1, 'skipped_batches': 0, 'finite_grad_batches': 1, 'mean_loss': 7.860014915466309, 'skipped_nonfinite_output': 0, 'skipped_nonfinite_loss': 0, 'skipped_nonfinite_grad': 0}
[2026-03-19 12:17:03] TEST:  Epoch: [19] text	Prec@1 0.000 (0.000)	Prec@5 0.000 (0.000)
[2026-03-19 12:17:03] FedMobile client 1 stats: {'total_batches': 3, 'optimized_batches': 3, 'skipped_batches': 0, 'finite_grad_batches': 3, 'mean_loss': 8.080652872721354, 'skipped_nonfinite_output': 0, 'skipped_nonfinite_loss': 0, 'skipped_nonfinite_grad': 0}
[2026-03-19 12:17:03] TEST:  Epoch: [19] text	Prec@1 0.000 (0.000)	Prec@5 0.000 (0.000)
[2026-03-19 12:17:05] FedMobile client 2 stats: {'total_batches': 17, 'optimized_batches': 17, 'skipped_batches': 0, 'finite_grad_batches': 17, 'mean_loss': 1.6899818111868465, 'skipped_nonfinite_output': 0, 'skipped_nonfinite_loss': 0, 'skipped_nonfinite_grad': 0}
[2026-03-19 12:17:06] TEST:  Epoch: [19] text	Prec@1 60.484 (53.251)	Prec@5 98.387 (98.767)
[2026-03-19 12:17:06] FedMobile client 3 stats: {'total_batches': 1, 'optimized_batches': 1, 'skipped_batches': 0, 'finite_grad_batches': 1, 'mean_loss': 8.627731323242188, 'skipped_nonfinite_output': 0, 'skipped_nonfinite_loss': 0, 'skipped_nonfinite_grad': 0}
[2026-03-19 12:17:06] TEST:  Epoch: [19] text	Prec@1 0.000 (0.000)	Prec@5 0.000 (0.000)
[2026-03-19 12:17:06] FedMobile client 4 stats: {'total_batches': 0, 'optimized_batches': 0, 'skipped_batches': 0, 'finite_grad_batches': 0, 'mean_loss': 0.0, 'skipped_nonfinite_output': 0, 'skipped_nonfinite_loss': 0, 'skipped_nonfinite_grad': 0}
[2026-03-19 12:17:06] TEST:  Epoch: [19] text	Prec@1 0.000 (0.000)	Prec@5 0.000 (0.000)
[2026-03-19 12:17:06] Epoch 19
[2026-03-19 12:17:07] FedMobile mm client 0 stats: {'total_batches': 3, 'optimized_batches': 3, 'skipped_batches': 0, 'finite_grad_batches': 3, 'mean_loss': 3360.7163899739585, 'skipped_nonfinite_output': 0, 'skipped_nonfinite_loss': 0, 'skipped_nonfinite_grad': 0}
[2026-03-19 12:17:07] Epoch 19
[2026-03-19 12:17:08] FedMobile mm client 1 stats: {'total_batches': 5, 'optimized_batches': 5, 'skipped_batches': 0, 'finite_grad_batches': 5, 'mean_loss': 3356.340478515625, 'skipped_nonfinite_output': 0, 'skipped_nonfinite_loss': 0, 'skipped_nonfinite_grad': 0}
[2026-03-19 12:17:08] Epoch 19
[2026-03-19 12:17:10] FedMobile mm client 2 stats: {'total_batches': 6, 'optimized_batches': 6, 'skipped_batches': 0, 'finite_grad_batches': 6, 'mean_loss': 3357.264200846354, 'skipped_nonfinite_output': 0, 'skipped_nonfinite_loss': 0, 'skipped_nonfinite_grad': 0}
[2026-03-19 12:17:10] Epoch 19
[2026-03-19 12:17:10] FedMobile mm client 3 stats: {'total_batches': 0, 'optimized_batches': 0, 'skipped_batches': 0, 'finite_grad_batches': 0, 'mean_loss': 0.0, 'skipped_nonfinite_output': 0, 'skipped_nonfinite_loss': 0, 'skipped_nonfinite_grad': 0}
[2026-03-19 12:17:10] Epoch 19
[2026-03-19 12:17:10] FedMobile mm client 4 stats: {'total_batches': 0, 'optimized_batches': 0, 'skipped_batches': 0, 'finite_grad_batches': 0, 'mean_loss': 0.0, 'skipped_nonfinite_output': 0, 'skipped_nonfinite_loss': 0, 'skipped_nonfinite_grad': 0}
[2026-03-19 12:17:31] FedMobile active clients: [0, 1, 2, 3, 4, 5, 6, 7, 8, 10, 11, 12]
[2026-03-19 12:17:31] FedMobile client weights: {2: 0.03523570712486256, 10: 0.0354816193380969, 11: 0.04963913675715932, 12: 0.057754239793892374, 7: 0.6326248411748725, 0: 0.044352420237236206, 1: 0.01872047458929784, 3: 0.03551855325500031, 4: 0.013182143476082585, 5: 0.020688641844407392, 6: 0.039088717113106006, 8: 0.017713505295985973}
[2026-03-19 12:17:31] TEST:  Epoch: [19] image	Prec@1 0.000 (0.000)	Prec@5 0.000 (0.000)
[2026-03-19 12:17:32] TEST:  Epoch: [19] image	Prec@1 0.000 (0.000)	Prec@5 30.667 (26.888)
[2026-03-19 12:17:32] TEST:  Epoch: [19] image	Prec@1 0.000 (0.000)	Prec@5 7.258 (8.969)
[2026-03-19 12:17:32] TEST:  Epoch: [19] image	Prec@1 21.143 (21.143)	Prec@5 49.714 (49.714)
[2026-03-19 12:17:32] TEST:  Epoch: [19] image	Prec@1 0.000 (0.000)	Prec@5 0.000 (0.000)
[2026-03-19 12:17:33] TEST:  Epoch: [19] text	Prec@1 0.000 (0.000)	Prec@5 0.000 (0.000)
[2026-03-19 12:17:33] TEST:  Epoch: [19] text	Prec@1 0.000 (0.000)	Prec@5 0.000 (0.000)
[2026-03-19 12:17:33] TEST:  Epoch: [19] text	Prec@1 60.484 (53.251)	Prec@5 98.387 (98.767)
[2026-03-19 12:17:34] TEST:  Epoch: [19] text	Prec@1 0.000 (0.000)	Prec@5 0.000 (0.000)
[2026-03-19 12:17:34] TEST:  Epoch: [19] text	Prec@1 0.000 (0.000)	Prec@5 0.000 (0.000)
[2026-03-19 12:17:34] Evaluating test...
[2026-03-19 12:17:53] [Eval] Report @step: 19.00 {
    "test__rsum": 369.7674418604651,
    "test__medr": 6.0,
    "test__meanr": 13.91362126245847,
    "test__n_fold_i2t_recall_1": 10.0,
    "test__n_fold_i2t_recall_5": 60.0,
    "test__n_fold_i2t_recall_10": 100.0,
    "test__n_fold_i2t_rsum": 170.0,
    "test__n_fold_i2t_medr": 4.0,
    "test__n_fold_i2t_meanr": 4.3,
    "test__n_fold_t2i_recall_1": 10.0,
    "test__n_fold_t2i_recall_5": 80.0,
    "test__n_fold_t2i_recall_10": 100.0,
    "test__n_fold_t2i_rsum": 190.0,
    "test__n_fold_t2i_medr": 3.0,
    "test__n_fold_t2i_meanr": 3.4,
    "test__i2t_recall_1": 25.91362126245847,
    "test__i2t_recall_5": 85.04983388704319,
    "test__i2t_recall_10": 88.03986710963456,
    "test__i2t_rsum": 199.0033222591362,
    "test__i2t_medr": 2.0,
    "test__i2t_meanr": 6.411960132890365,
    "test__t2i_recall_1": 41.19601328903654,
    "test__t2i_recall_5": 58.80398671096346,
    "test__t2i_recall_10": 70.7641196013289,
    "test__t2i_rsum": 170.7641196013289,
    "test__t2i_medr": 4.0,
    "test__t2i_meanr": 7.501661129568106,
    "lr": 0.0002,
    "summary": "10.0, 60.0, 100.0, 10.0, 80.0, 100.0, 25.91362126245847, 85.04983388704319, 88.03986710963456, 41.19601328903654, 58.80398671096346, 70.7641196013289"
}
[2026-03-19 12:17:53] Evaluating test...
[2026-03-19 12:18:14] [Eval] Report @step: 19.00 {
    "test__rsum": 324.77341389728093,
    "test__medr": 8.0,
    "test__meanr": 18.50453172205438,
    "test__n_fold_i2t_recall_1": 10.0,
    "test__n_fold_i2t_recall_5": 100.0,
    "test__n_fold_i2t_recall_10": 100.0,
    "test__n_fold_i2t_rsum": 210.0,
    "test__n_fold_i2t_medr": 3.0,
    "test__n_fold_i2t_meanr": 2.9,
    "test__n_fold_t2i_recall_1": 50.0,
    "test__n_fold_t2i_recall_5": 90.0,
    "test__n_fold_t2i_recall_10": 100.0,
    "test__n_fold_t2i_rsum": 240.0,
    "test__n_fold_t2i_medr": 1.0,
    "test__n_fold_t2i_meanr": 2.9,
    "test__i2t_recall_1": 18.429003021148038,
    "test__i2t_recall_5": 51.661631419939575,
    "test__i2t_recall_10": 57.40181268882175,
    "test__i2t_rsum": 127.49244712990937,
    "test__i2t_medr": 5.0,
    "test__i2t_meanr": 13.302114803625377,
    "test__t2i_recall_1": 13.293051359516616,
    "test__t2i_recall_5": 90.33232628398791,
    "test__t2i_recall_10": 93.65558912386707,
    "test__t2i_rsum": 197.28096676737158,
    "test__t2i_medr": 3.0,
    "test__t2i_meanr": 5.2024169184290034,
    "lr": 0.0002,
    "summary": "10.0, 100.0, 100.0, 50.0, 90.0, 100.0, 18.429003021148038, 51.661631419939575, 57.40181268882175, 13.293051359516616, 90.33232628398791, 93.65558912386707"
}
[2026-03-19 12:18:14] Evaluating test...
[2026-03-19 12:21:40] [Eval] Report @step: 19.00 {
    "test__rsum": 333.8565022421525,
    "test__medr": 6.0,
    "test__meanr": 24.24103139013453,
    "test__n_fold_i2t_recall_1": 20.0,
    "test__n_fold_i2t_recall_5": 100.0,
    "test__n_fold_i2t_recall_10": 100.0,
    "test__n_fold_i2t_rsum": 220.0,
    "test__n_fold_i2t_medr": 3.0,
    "test__n_fold_i2t_meanr": 2.5,
    "test__n_fold_t2i_recall_1": 80.0,
    "test__n_fold_t2i_recall_5": 100.0,
    "test__n_fold_t2i_recall_10": 100.0,
    "test__n_fold_t2i_rsum": 280.0,
    "test__n_fold_t2i_medr": 1.0,
    "test__n_fold_t2i_meanr": 1.4,
    "test__i2t_recall_1": 8.632286995515695,
    "test__i2t_recall_5": 64.79820627802691,
    "test__i2t_recall_10": 86.99551569506727,
    "test__i2t_rsum": 160.4260089686099,
    "test__i2t_medr": 4.0,
    "test__i2t_meanr": 9.697309417040358,
    "test__t2i_recall_1": 45.06726457399103,
    "test__t2i_recall_5": 60.65022421524664,
    "test__t2i_recall_10": 67.71300448430493,
    "test__t2i_rsum": 173.4304932735426,
    "test__t2i_medr": 2.0,
    "test__t2i_meanr": 14.54372197309417,
    "lr": 0.0002,
    "summary": "20.0, 100.0, 100.0, 80.0, 100.0, 100.0, 8.632286995515695, 64.79820627802691, 86.99551569506727, 45.06726457399103, 60.65022421524664, 67.71300448430493"
}
[2026-03-19 12:21:40] Evaluating test...
[2026-03-19 12:21:45] [Eval] Report @step: 19.00 {
    "test__rsum": 301.71428571428567,
    "test__medr": 9.0,
    "test__meanr": 14.702857142857143,
    "test__n_fold_i2t_recall_1": 30.0,
    "test__n_fold_i2t_recall_5": 90.0,
    "test__n_fold_i2t_recall_10": 100.0,
    "test__n_fold_i2t_rsum": 220.0,
    "test__n_fold_i2t_medr": 2.0,
    "test__n_fold_i2t_meanr": 3.1,
    "test__n_fold_t2i_recall_1": 10.0,
    "test__n_fold_t2i_recall_5": 60.0,
    "test__n_fold_t2i_recall_10": 100.0,
    "test__n_fold_t2i_rsum": 170.0,
    "test__n_fold_t2i_medr": 4.0,
    "test__n_fold_t2i_meanr": 4.1,
    "test__i2t_recall_1": 18.285714285714285,
    "test__i2t_recall_5": 48.0,
    "test__i2t_recall_10": 66.85714285714286,
    "test__i2t_rsum": 133.14285714285714,
    "test__i2t_medr": 6.0,
    "test__i2t_meanr": 9.48,
    "test__t2i_recall_1": 22.285714285714285,
    "test__t2i_recall_5": 61.142857142857146,
    "test__t2i_recall_10": 85.14285714285714,
    "test__t2i_rsum": 168.57142857142856,
    "test__t2i_medr": 3.0,
    "test__t2i_meanr": 5.222857142857142,
    "lr": 0.0002,
    "summary": "30.0, 90.0, 100.0, 10.0, 60.0, 100.0, 18.285714285714285, 48.0, 66.85714285714286, 22.285714285714285, 61.142857142857146, 85.14285714285714"
}
[2026-03-19 12:21:45] Evaluating test...
[2026-03-19 12:21:46] [Eval] Report @step: 19.00 {
    "test__rsum": 416.1290322580645,
    "test__medr": 4.0,
    "test__meanr": 10.306451612903226,
    "test__n_fold_i2t_recall_1": 50.0,
    "test__n_fold_i2t_recall_5": 100.0,
    "test__n_fold_i2t_recall_10": 100.0,
    "test__n_fold_i2t_rsum": 250.0,
    "test__n_fold_i2t_medr": 1.0,
    "test__n_fold_i2t_meanr": 1.8,
    "test__n_fold_t2i_recall_1": 60.0,
    "test__n_fold_t2i_recall_5": 60.0,
    "test__n_fold_t2i_recall_10": 100.0,
    "test__n_fold_t2i_rsum": 220.0,
    "test__n_fold_t2i_medr": 1.0,
    "test__n_fold_t2i_meanr": 3.5,
    "test__i2t_recall_1": 12.903225806451612,
    "test__i2t_recall_5": 95.16129032258064,
    "test__i2t_recall_10": 95.16129032258064,
    "test__i2t_rsum": 203.2258064516129,
    "test__i2t_medr": 3.0,
    "test__i2t_meanr": 4.129032258064516,
    "test__t2i_recall_1": 56.45161290322581,
    "test__t2i_recall_5": 75.80645161290323,
    "test__t2i_recall_10": 80.64516129032258,
    "test__t2i_rsum": 212.9032258064516,
    "test__t2i_medr": 1.0,
    "test__t2i_meanr": 6.17741935483871,
    "lr": 0.0002,
    "summary": "50.0, 100.0, 100.0, 60.0, 60.0, 100.0, 12.903225806451612, 95.16129032258064, 95.16129032258064, 56.45161290322581, 75.80645161290323, 80.64516129032258"
}
[2026-03-19 12:21:46] Round 20!
[2026-03-19 12:21:46] FedMobile client 0 stats: {'total_batches': 3, 'optimized_batches': 3, 'skipped_batches': 0, 'finite_grad_batches': 3, 'mean_loss': 4.896948337554932, 'skipped_nonfinite_output': 0, 'skipped_nonfinite_loss': 0, 'skipped_nonfinite_grad': 0}
[2026-03-19 12:21:47] TEST:  Epoch: [20] image	Prec@1 0.000 (0.000)	Prec@5 0.000 (0.000)
[2026-03-19 12:21:47] FedMobile client 1 stats: {'total_batches': 1, 'optimized_batches': 1, 'skipped_batches': 0, 'finite_grad_batches': 1, 'mean_loss': 5.7690558433532715, 'skipped_nonfinite_output': 0, 'skipped_nonfinite_loss': 0, 'skipped_nonfinite_grad': 0}
[2026-03-19 12:21:47] TEST:  Epoch: [20] image	Prec@1 0.000 (0.000)	Prec@5 30.667 (26.888)
[2026-03-19 12:21:47] FedMobile client 2 stats: {'total_batches': 3, 'optimized_batches': 3, 'skipped_batches': 0, 'finite_grad_batches': 3, 'mean_loss': 3.973637421925863, 'skipped_nonfinite_output': 0, 'skipped_nonfinite_loss': 0, 'skipped_nonfinite_grad': 0}
[2026-03-19 12:21:48] TEST:  Epoch: [20] image	Prec@1 0.000 (0.000)	Prec@5 7.258 (8.969)
[2026-03-19 12:21:48] FedMobile client 3 stats: {'total_batches': 3, 'optimized_batches': 3, 'skipped_batches': 0, 'finite_grad_batches': 3, 'mean_loss': 5.032612005869548, 'skipped_nonfinite_output': 0, 'skipped_nonfinite_loss': 0, 'skipped_nonfinite_grad': 0}
[2026-03-19 12:21:48] TEST:  Epoch: [20] image	Prec@1 21.143 (21.143)	Prec@5 50.286 (50.286)
[2026-03-19 12:21:49] FedMobile client 4 stats: {'total_batches': 1, 'optimized_batches': 1, 'skipped_batches': 0, 'finite_grad_batches': 1, 'mean_loss': 5.728573799133301, 'skipped_nonfinite_output': 0, 'skipped_nonfinite_loss': 0, 'skipped_nonfinite_grad': 0}
[2026-03-19 12:21:49] TEST:  Epoch: [20] image	Prec@1 0.000 (0.000)	Prec@5 0.000 (0.000)
[2026-03-19 12:21:49] FedMobile client 0 stats: {'total_batches': 1, 'optimized_batches': 1, 'skipped_batches': 0, 'finite_grad_batches': 1, 'mean_loss': 8.241130828857422, 'skipped_nonfinite_output': 0, 'skipped_nonfinite_loss': 0, 'skipped_nonfinite_grad': 0}
[2026-03-19 12:21:49] TEST:  Epoch: [20] text	Prec@1 0.000 (0.000)	Prec@5 0.000 (0.000)
[2026-03-19 12:21:50] FedMobile client 1 stats: {'total_batches': 3, 'optimized_batches': 3, 'skipped_batches': 0, 'finite_grad_batches': 3, 'mean_loss': 7.9976803461710615, 'skipped_nonfinite_output': 0, 'skipped_nonfinite_loss': 0, 'skipped_nonfinite_grad': 0}
[2026-03-19 12:21:50] TEST:  Epoch: [20] text	Prec@1 0.000 (0.000)	Prec@5 0.000 (0.000)
[2026-03-19 12:21:52] FedMobile client 2 stats: {'total_batches': 17, 'optimized_batches': 17, 'skipped_batches': 0, 'finite_grad_batches': 17, 'mean_loss': 1.6641595433740055, 'skipped_nonfinite_output': 0, 'skipped_nonfinite_loss': 0, 'skipped_nonfinite_grad': 0}
[2026-03-19 12:21:52] TEST:  Epoch: [20] text	Prec@1 60.484 (53.251)	Prec@5 98.387 (98.767)
[2026-03-19 12:21:52] FedMobile client 3 stats: {'total_batches': 1, 'optimized_batches': 1, 'skipped_batches': 0, 'finite_grad_batches': 1, 'mean_loss': 8.561345100402832, 'skipped_nonfinite_output': 0, 'skipped_nonfinite_loss': 0, 'skipped_nonfinite_grad': 0}
[2026-03-19 12:21:52] TEST:  Epoch: [20] text	Prec@1 0.000 (0.000)	Prec@5 0.000 (0.000)
[2026-03-19 12:21:53] FedMobile client 4 stats: {'total_batches': 0, 'optimized_batches': 0, 'skipped_batches': 0, 'finite_grad_batches': 0, 'mean_loss': 0.0, 'skipped_nonfinite_output': 0, 'skipped_nonfinite_loss': 0, 'skipped_nonfinite_grad': 0}
[2026-03-19 12:21:53] TEST:  Epoch: [20] text	Prec@1 0.000 (0.000)	Prec@5 0.000 (0.000)
[2026-03-19 12:21:53] Epoch 20
[2026-03-19 12:21:53] FedMobile mm client 0 stats: {'total_batches': 3, 'optimized_batches': 3, 'skipped_batches': 0, 'finite_grad_batches': 3, 'mean_loss': 3360.9390462239585, 'skipped_nonfinite_output': 0, 'skipped_nonfinite_loss': 0, 'skipped_nonfinite_grad': 0}
[2026-03-19 12:21:54] Epoch 20
[2026-03-19 12:21:55] FedMobile mm client 1 stats: {'total_batches': 5, 'optimized_batches': 5, 'skipped_batches': 0, 'finite_grad_batches': 5, 'mean_loss': 3355.9904296875, 'skipped_nonfinite_output': 0, 'skipped_nonfinite_loss': 0, 'skipped_nonfinite_grad': 0}
[2026-03-19 12:21:55] Epoch 20
[2026-03-19 12:21:56] FedMobile mm client 2 stats: {'total_batches': 6, 'optimized_batches': 6, 'skipped_batches': 0, 'finite_grad_batches': 6, 'mean_loss': 3355.6922607421875, 'skipped_nonfinite_output': 0, 'skipped_nonfinite_loss': 0, 'skipped_nonfinite_grad': 0}
[2026-03-19 12:21:56] Epoch 20
[2026-03-19 12:21:56] FedMobile mm client 3 stats: {'total_batches': 0, 'optimized_batches': 0, 'skipped_batches': 0, 'finite_grad_batches': 0, 'mean_loss': 0.0, 'skipped_nonfinite_output': 0, 'skipped_nonfinite_loss': 0, 'skipped_nonfinite_grad': 0}
[2026-03-19 12:21:57] Epoch 20
[2026-03-19 12:21:57] FedMobile mm client 4 stats: {'total_batches': 0, 'optimized_batches': 0, 'skipped_batches': 0, 'finite_grad_batches': 0, 'mean_loss': 0.0, 'skipped_nonfinite_output': 0, 'skipped_nonfinite_loss': 0, 'skipped_nonfinite_grad': 0}
[2026-03-19 12:22:17] FedMobile active clients: [0, 1, 2, 3, 4, 5, 6, 7, 8, 10, 11, 12]
[2026-03-19 12:22:17] FedMobile client weights: {7: 0.6511233395019794, 10: 0.04956098409735237, 11: 0.06933630745500881, 12: 0.08067154243173, 0: 0.028158677285324545, 1: 0.011885344695250506, 2: 0.0291467010497219, 3: 0.02255018944624546, 4: 0.008369142474895222, 5: 0.013134904161988334, 6: 0.02481683219986291, 8: 0.011246035200640454}
[2026-03-19 12:22:18] TEST:  Epoch: [20] image	Prec@1 0.000 (0.000)	Prec@5 0.000 (0.000)
[2026-03-19 12:22:18] TEST:  Epoch: [20] image	Prec@1 0.000 (0.000)	Prec@5 30.667 (26.888)
[2026-03-19 12:22:18] TEST:  Epoch: [20] image	Prec@1 0.000 (0.000)	Prec@5 7.258 (8.969)
[2026-03-19 12:22:19] TEST:  Epoch: [20] image	Prec@1 21.143 (21.143)	Prec@5 50.286 (50.286)
[2026-03-19 12:22:19] TEST:  Epoch: [20] image	Prec@1 0.000 (0.000)	Prec@5 0.000 (0.000)
[2026-03-19 12:22:19] TEST:  Epoch: [20] text	Prec@1 0.000 (0.000)	Prec@5 0.000 (0.000)
[2026-03-19 12:22:19] TEST:  Epoch: [20] text	Prec@1 0.000 (0.000)	Prec@5 0.000 (0.000)
[2026-03-19 12:22:20] TEST:  Epoch: [20] text	Prec@1 60.484 (53.251)	Prec@5 98.387 (98.767)
[2026-03-19 12:22:20] TEST:  Epoch: [20] text	Prec@1 0.000 (0.000)	Prec@5 0.000 (0.000)
[2026-03-19 12:22:20] TEST:  Epoch: [20] text	Prec@1 0.000 (0.000)	Prec@5 0.000 (0.000)
[2026-03-19 12:22:20] Evaluating test...
[2026-03-19 12:22:39] [Eval] Report @step: 20.00 {
    "test__rsum": 369.10299003322257,
    "test__medr": 6.0,
    "test__meanr": 13.993355481727574,
    "test__n_fold_i2t_recall_1": 10.0,
    "test__n_fold_i2t_recall_5": 60.0,
    "test__n_fold_i2t_recall_10": 100.0,
    "test__n_fold_i2t_rsum": 170.0,
    "test__n_fold_i2t_medr": 4.0,
    "test__n_fold_i2t_meanr": 4.3,
    "test__n_fold_t2i_recall_1": 10.0,
    "test__n_fold_t2i_recall_5": 80.0,
    "test__n_fold_t2i_recall_10": 100.0,
    "test__n_fold_t2i_rsum": 190.0,
    "test__n_fold_t2i_medr": 3.0,
    "test__n_fold_t2i_meanr": 3.4,
    "test__i2t_recall_1": 26.245847176079735,
    "test__i2t_recall_5": 85.04983388704319,
    "test__i2t_recall_10": 88.03986710963456,
    "test__i2t_rsum": 199.33554817275748,
    "test__i2t_medr": 2.0,
    "test__i2t_meanr": 6.46843853820598,
    "test__t2i_recall_1": 41.19601328903654,
    "test__t2i_recall_5": 58.80398671096346,
    "test__t2i_recall_10": 69.76744186046511,
    "test__t2i_rsum": 169.7674418604651,
    "test__t2i_medr": 4.0,
    "test__t2i_meanr": 7.524916943521594,
    "lr": 0.0002,
    "summary": "10.0, 60.0, 100.0, 10.0, 80.0, 100.0, 26.245847176079735, 85.04983388704319, 88.03986710963456, 41.19601328903654, 58.80398671096346, 69.76744186046511"
}
[2026-03-19 12:22:39] Evaluating test...
[2026-03-19 12:23:00] [Eval] Report @step: 20.00 {
    "test__rsum": 325.9818731117825,
    "test__medr": 8.0,
    "test__meanr": 18.462235649546827,
    "test__n_fold_i2t_recall_1": 10.0,
    "test__n_fold_i2t_recall_5": 100.0,
    "test__n_fold_i2t_recall_10": 100.0,
    "test__n_fold_i2t_rsum": 210.0,
    "test__n_fold_i2t_medr": 3.0,
    "test__n_fold_i2t_meanr": 2.9,
    "test__n_fold_t2i_recall_1": 50.0,
    "test__n_fold_t2i_recall_5": 90.0,
    "test__n_fold_t2i_recall_10": 100.0,
    "test__n_fold_t2i_rsum": 240.0,
    "test__n_fold_t2i_medr": 1.0,
    "test__n_fold_t2i_meanr": 2.8,
    "test__i2t_recall_1": 19.335347432024168,
    "test__i2t_recall_5": 52.26586102719033,
    "test__i2t_recall_10": 57.40181268882175,
    "test__i2t_rsum": 129.00302114803625,
    "test__i2t_medr": 5.0,
    "test__i2t_meanr": 13.178247734138973,
    "test__t2i_recall_1": 13.293051359516616,
    "test__t2i_recall_5": 90.03021148036254,
    "test__t2i_recall_10": 93.65558912386707,
    "test__t2i_rsum": 196.97885196374622,
    "test__t2i_medr": 3.0,
    "test__t2i_meanr": 5.283987915407855,
    "lr": 0.0002,
    "summary": "10.0, 100.0, 100.0, 50.0, 90.0, 100.0, 19.335347432024168, 52.26586102719033, 57.40181268882175, 13.293051359516616, 90.03021148036254, 93.65558912386707"
}
[2026-03-19 12:23:00] Evaluating test...
[2026-03-19 12:26:33] [Eval] Report @step: 20.00 {
    "test__rsum": 334.0807174887892,
    "test__medr": 6.0,
    "test__meanr": 23.986547085201792,
    "test__n_fold_i2t_recall_1": 20.0,
    "test__n_fold_i2t_recall_5": 100.0,
    "test__n_fold_i2t_recall_10": 100.0,
    "test__n_fold_i2t_rsum": 220.0,
    "test__n_fold_i2t_medr": 3.0,
    "test__n_fold_i2t_meanr": 2.5,
    "test__n_fold_t2i_recall_1": 80.0,
    "test__n_fold_t2i_recall_5": 100.0,
    "test__n_fold_t2i_recall_10": 100.0,
    "test__n_fold_t2i_rsum": 280.0,
    "test__n_fold_t2i_medr": 1.0,
    "test__n_fold_t2i_meanr": 1.4,
    "test__i2t_recall_1": 8.74439461883408,
    "test__i2t_recall_5": 65.02242152466367,
    "test__i2t_recall_10": 86.99551569506727,
    "test__i2t_rsum": 160.76233183856502,
    "test__i2t_medr": 4.0,
    "test__i2t_meanr": 9.699551569506726,
    "test__t2i_recall_1": 43.497757847533634,
    "test__t2i_recall_5": 60.65022421524664,
    "test__t2i_recall_10": 69.17040358744394,
    "test__t2i_rsum": 173.31838565022423,
    "test__t2i_medr": 2.0,
    "test__t2i_meanr": 14.286995515695068,
    "lr": 0.0002,
    "summary": "20.0, 100.0, 100.0, 80.0, 100.0, 100.0, 8.74439461883408, 65.02242152466367, 86.99551569506727, 43.497757847533634, 60.65022421524664, 69.17040358744394"
}
[2026-03-19 12:26:33] Evaluating test...
[2026-03-19 12:26:37] [Eval] Report @step: 20.00 {
    "test__rsum": 301.7142857142857,
    "test__medr": 9.0,
    "test__meanr": 14.731428571428571,
    "test__n_fold_i2t_recall_1": 30.0,
    "test__n_fold_i2t_recall_5": 90.0,
    "test__n_fold_i2t_recall_10": 100.0,
    "test__n_fold_i2t_rsum": 220.0,
    "test__n_fold_i2t_medr": 2.0,
    "test__n_fold_i2t_meanr": 3.0,
    "test__n_fold_t2i_recall_1": 10.0,
    "test__n_fold_t2i_recall_5": 60.0,
    "test__n_fold_t2i_recall_10": 100.0,
    "test__n_fold_t2i_rsum": 170.0,
    "test__n_fold_t2i_medr": 4.0,
    "test__n_fold_t2i_meanr": 4.0,
    "test__i2t_recall_1": 18.857142857142858,
    "test__i2t_recall_5": 48.0,
    "test__i2t_recall_10": 66.85714285714286,
    "test__i2t_rsum": 133.71428571428572,
    "test__i2t_medr": 6.0,
    "test__i2t_meanr": 9.485714285714286,
    "test__t2i_recall_1": 22.285714285714285,
    "test__t2i_recall_5": 60.57142857142857,
    "test__t2i_recall_10": 85.14285714285714,
    "test__t2i_rsum": 168.0,
    "test__t2i_medr": 3.0,
    "test__t2i_meanr": 5.2457142857142856,
    "lr": 0.0002,
    "summary": "30.0, 90.0, 100.0, 10.0, 60.0, 100.0, 18.857142857142858, 48.0, 66.85714285714286, 22.285714285714285, 60.57142857142857, 85.14285714285714"
}
[2026-03-19 12:26:37] Evaluating test...
[2026-03-19 12:26:39] [Eval] Report @step: 20.00 {
    "test__rsum": 416.1290322580645,
    "test__medr": 4.0,
    "test__meanr": 10.274193548387096,
    "test__n_fold_i2t_recall_1": 50.0,
    "test__n_fold_i2t_recall_5": 100.0,
    "test__n_fold_i2t_recall_10": 100.0,
    "test__n_fold_i2t_rsum": 250.0,
    "test__n_fold_i2t_medr": 1.0,
    "test__n_fold_i2t_meanr": 1.9,
    "test__n_fold_t2i_recall_1": 60.0,
    "test__n_fold_t2i_recall_5": 60.0,
    "test__n_fold_t2i_recall_10": 100.0,
    "test__n_fold_t2i_rsum": 220.0,
    "test__n_fold_t2i_medr": 1.0,
    "test__n_fold_t2i_meanr": 3.5,
    "test__i2t_recall_1": 12.903225806451612,
    "test__i2t_recall_5": 95.16129032258064,
    "test__i2t_recall_10": 95.16129032258064,
    "test__i2t_rsum": 203.2258064516129,
    "test__i2t_medr": 3.0,
    "test__i2t_meanr": 4.129032258064516,
    "test__t2i_recall_1": 56.45161290322581,
    "test__t2i_recall_5": 75.80645161290323,
    "test__t2i_recall_10": 80.64516129032258,
    "test__t2i_rsum": 212.9032258064516,
    "test__t2i_medr": 1.0,
    "test__t2i_meanr": 6.145161290322581,
    "lr": 0.0002,
    "summary": "50.0, 100.0, 100.0, 60.0, 60.0, 100.0, 12.903225806451612, 95.16129032258064, 95.16129032258064, 56.45161290322581, 75.80645161290323, 80.64516129032258"
}
