[2026-03-19 10:47:04] start creating model and partition datasets
[2026-03-19 10:47:04] Setting model 0
[2026-03-19 10:47:04] Setting model 1
[2026-03-19 10:47:04] Setting model 2
[2026-03-19 10:47:04] Setting model 3
[2026-03-19 10:47:05] Setting model 4
[2026-03-19 10:47:05] Setting model 0
[2026-03-19 10:47:05] Setting model 1
[2026-03-19 10:47:05] Setting model 2
[2026-03-19 10:47:05] Setting model 3
[2026-03-19 10:47:05] Setting model 4
[2026-03-19 10:47:06] Engine is created.
[2026-03-19 10:47:06] Munch({'dataloader': Munch({'batch_size': 256, 'eval_batch_size': 256, 'num_workers': 0, 'alpha': 0.1, 'partition': 'hetero'}), 'model': Munch({'embed_dim': 1024, 'clip_model': 'RN50', 'cnn_type': 'resnet18', 'word_dim': 512, 'cache_dir': '/data/mmdata/log/MMCLIP/', 'n_samples_inference': 1, 'eval_method': 'matmul', 'use_img_client': True, 'use_txt_client': True, 'use_mm_client': True, 'client': 0.1, 'momentum': 0.9, 'name': 'clip', 'use_pretrained_proj': False, 'img_client': 'image', 'txt_client': 'text'}), 'optimizer': Munch({'name': 'adamp', 'learning_rate': 0.0002, 'weight_decay': 0.0}), 'lr_scheduler': Munch({'name': 'cosine_annealing', 'T_max': 30}), 'criterion': Munch({'name': 'pcme', 'init_negative_scale': 15, 'init_shift': 15, 'num_samples': 7, 'vib_beta': 0, 'criterion__negative_sampling_ratio': -1}), 'train': Munch({'is_client': True, 'server_dataset': 'Coco', 'model_save_path': 'model_last_no_prob.pth', 'best_model_save_path': 'model_best_no_prob.pth', 'pretrain_epochs': 0, 'finetune_epochs': 2, 'finetune_lr_decay': 0.1, 'log_step': 1000, 'grad_clip': 2, 'val_epochs': 1, 'pretrain_val_epochs': 1, 'use_fp16': True, 'output_file': 'FedMMDP-MEMA_iapr_clip_1e-05_0.1_1x20_model_noprob.log'})})
[2026-03-19 10:47:06] start train
[2026-03-19 10:47:06] Train with half precision
[2026-03-19 10:47:06] Round 1!
[2026-03-19 10:47:17] TEST:  Epoch: [1] image	Prec@1 0.000 (0.000)	Prec@5 0.000 (0.000)
[2026-03-19 10:47:17] TEST:  Epoch: [1] image	Prec@1 14.667 (13.293)	Prec@5 17.333 (16.314)
[2026-03-19 10:47:18] TEST:  Epoch: [1] image	Prec@1 0.000 (0.000)	Prec@5 2.419 (2.130)
[2026-03-19 10:47:18] TEST:  Epoch: [1] image	Prec@1 11.429 (11.429)	Prec@5 34.286 (34.286)
[2026-03-19 10:47:18] TEST:  Epoch: [1] image	Prec@1 0.000 (0.000)	Prec@5 1.613 (1.613)
[2026-03-19 10:47:18] TEST:  Epoch: [1] text	Prec@1 0.000 (0.000)	Prec@5 0.000 (0.000)
[2026-03-19 10:47:19] TEST:  Epoch: [1] text	Prec@1 16.000 (13.595)	Prec@5 48.000 (43.202)
[2026-03-19 10:47:19] TEST:  Epoch: [1] text	Prec@1 60.484 (53.251)	Prec@5 93.548 (91.480)
[2026-03-19 10:47:19] TEST:  Epoch: [1] text	Prec@1 0.000 (0.000)	Prec@5 21.714 (21.714)
[2026-03-19 10:47:19] TEST:  Epoch: [1] text	Prec@1 0.000 (0.000)	Prec@5 12.903 (12.903)
[2026-03-19 10:47:27] [Eval] Report @step: 1.00 {
    "test__rsum": 315.28239202657807,
    "test__medr": 8.0,
    "test__meanr": 13.893687707641195,
    "test__n_fold_i2t_recall_1": 17.60797342192691,
    "test__n_fold_i2t_recall_5": 73.75415282392026,
    "test__n_fold_i2t_recall_10": 93.35548172757476,
    "test__n_fold_i2t_rsum": 184.71760797342193,
    "test__n_fold_i2t_medr": 3.0,
    "test__n_fold_i2t_meanr": 4.262458471760797,
    "test__n_fold_t2i_recall_1": 17.940199335548172,
    "test__n_fold_t2i_recall_5": 53.48837209302326,
    "test__n_fold_t2i_recall_10": 59.136212624584715,
    "test__n_fold_t2i_rsum": 130.56478405315613,
    "test__n_fold_t2i_medr": 5.0,
    "test__n_fold_t2i_meanr": 9.631229235880399,
    "test__i2t_recall_1": 17.60797342192691,
    "test__i2t_recall_5": 73.75415282392026,
    "test__i2t_recall_10": 93.35548172757476,
    "test__i2t_rsum": 184.71760797342193,
    "test__i2t_medr": 3.0,
    "test__i2t_meanr": 4.262458471760797,
    "test__t2i_recall_1": 17.940199335548172,
    "test__t2i_recall_5": 53.48837209302326,
    "test__t2i_recall_10": 59.136212624584715,
    "test__t2i_rsum": 130.56478405315613,
    "test__t2i_medr": 5.0,
    "test__t2i_meanr": 9.631229235880399
}
[2026-03-19 10:48:02] [Eval] Report @step: 1.00 {
    "test__rsum": 290.3323262839879,
    "test__medr": 9.0,
    "test__meanr": 20.033232628398792,
    "test__n_fold_i2t_recall_1": 26.88821752265861,
    "test__n_fold_i2t_recall_5": 43.80664652567976,
    "test__n_fold_i2t_recall_10": 73.41389728096676,
    "test__n_fold_i2t_rsum": 144.10876132930514,
    "test__n_fold_i2t_medr": 6.0,
    "test__n_fold_i2t_meanr": 11.80060422960725,
    "test__n_fold_t2i_recall_1": 32.93051359516616,
    "test__n_fold_t2i_recall_5": 53.47432024169184,
    "test__n_fold_t2i_recall_10": 59.818731117824775,
    "test__n_fold_t2i_rsum": 146.2235649546828,
    "test__n_fold_t2i_medr": 3.0,
    "test__n_fold_t2i_meanr": 8.23262839879154,
    "test__i2t_recall_1": 26.88821752265861,
    "test__i2t_recall_5": 43.80664652567976,
    "test__i2t_recall_10": 73.41389728096676,
    "test__i2t_rsum": 144.10876132930514,
    "test__i2t_medr": 6.0,
    "test__i2t_meanr": 11.80060422960725,
    "test__t2i_recall_1": 32.93051359516616,
    "test__t2i_recall_5": 53.47432024169184,
    "test__t2i_recall_10": 59.818731117824775,
    "test__t2i_rsum": 146.2235649546828,
    "test__t2i_medr": 3.0,
    "test__t2i_meanr": 8.23262839879154
}
[2026-03-19 10:57:15] [Eval] Report @step: 1.00 {
    "test__rsum": 378.47533632286996,
    "test__medr": 4.0,
    "test__meanr": 10.528026905829597,
    "test__n_fold_i2t_recall_1": 53.25112107623318,
    "test__n_fold_i2t_recall_5": 65.02242152466367,
    "test__n_fold_i2t_recall_10": 73.76681614349776,
    "test__n_fold_i2t_rsum": 192.0403587443946,
    "test__n_fold_i2t_medr": 1.0,
    "test__n_fold_i2t_meanr": 5.918161434977579,
    "test__n_fold_t2i_recall_1": 6.053811659192825,
    "test__n_fold_t2i_recall_5": 88.11659192825113,
    "test__n_fold_t2i_recall_10": 92.26457399103138,
    "test__n_fold_t2i_rsum": 186.43497757847535,
    "test__n_fold_t2i_medr": 3.0,
    "test__n_fold_t2i_meanr": 4.609865470852018,
    "test__i2t_recall_1": 53.25112107623318,
    "test__i2t_recall_5": 65.02242152466367,
    "test__i2t_recall_10": 73.76681614349776,
    "test__i2t_rsum": 192.0403587443946,
    "test__i2t_medr": 1.0,
    "test__i2t_meanr": 5.918161434977579,
    "test__t2i_recall_1": 6.053811659192825,
    "test__t2i_recall_5": 88.11659192825113,
    "test__t2i_recall_10": 92.26457399103138,
    "test__t2i_rsum": 186.43497757847535,
    "test__t2i_medr": 3.0,
    "test__t2i_meanr": 4.609865470852018
}
[2026-03-19 10:57:27] [Eval] Report @step: 1.00 {
    "test__rsum": 372.0,
    "test__medr": 6.0,
    "test__meanr": 8.491428571428571,
    "test__n_fold_i2t_recall_1": 8.571428571428571,
    "test__n_fold_i2t_recall_5": 73.14285714285714,
    "test__n_fold_i2t_recall_10": 97.71428571428571,
    "test__n_fold_i2t_rsum": 179.42857142857142,
    "test__n_fold_i2t_medr": 4.0,
    "test__n_fold_i2t_meanr": 4.211428571428572,
    "test__n_fold_t2i_recall_1": 32.57142857142857,
    "test__n_fold_t2i_recall_5": 70.85714285714286,
    "test__n_fold_t2i_recall_10": 89.14285714285714,
    "test__n_fold_t2i_rsum": 192.57142857142856,
    "test__n_fold_t2i_medr": 2.0,
    "test__n_fold_t2i_meanr": 4.279999999999999,
    "test__i2t_recall_1": 8.571428571428571,
    "test__i2t_recall_5": 73.14285714285714,
    "test__i2t_recall_10": 97.71428571428571,
    "test__i2t_rsum": 179.42857142857142,
    "test__i2t_medr": 4.0,
    "test__i2t_meanr": 4.211428571428572,
    "test__t2i_recall_1": 32.57142857142857,
    "test__t2i_recall_5": 70.85714285714286,
    "test__t2i_recall_10": 89.14285714285714,
    "test__t2i_rsum": 192.57142857142856,
    "test__t2i_medr": 2.0,
    "test__t2i_meanr": 4.279999999999999
}
[2026-03-19 10:57:30] [Eval] Report @step: 1.00 {
    "test__rsum": 374.19354838709677,
    "test__medr": 3.0,
    "test__meanr": 9.82258064516129,
    "test__n_fold_i2t_recall_1": 51.61290322580645,
    "test__n_fold_i2t_recall_5": 69.35483870967742,
    "test__n_fold_i2t_recall_10": 74.19354838709677,
    "test__n_fold_i2t_rsum": 195.16129032258064,
    "test__n_fold_i2t_medr": 1.0,
    "test__n_fold_i2t_meanr": 5.870967741935484,
    "test__n_fold_t2i_recall_1": 8.064516129032258,
    "test__n_fold_t2i_recall_5": 77.41935483870968,
    "test__n_fold_t2i_recall_10": 93.54838709677419,
    "test__n_fold_t2i_rsum": 179.03225806451613,
    "test__n_fold_t2i_medr": 2.0,
    "test__n_fold_t2i_meanr": 3.9516129032258065,
    "test__i2t_recall_1": 51.61290322580645,
    "test__i2t_recall_5": 69.35483870967742,
    "test__i2t_recall_10": 74.19354838709677,
    "test__i2t_rsum": 195.16129032258064,
    "test__i2t_medr": 1.0,
    "test__i2t_meanr": 5.870967741935484,
    "test__t2i_recall_1": 8.064516129032258,
    "test__t2i_recall_5": 77.41935483870968,
    "test__t2i_recall_10": 93.54838709677419,
    "test__t2i_rsum": 179.03225806451613,
    "test__t2i_medr": 2.0,
    "test__t2i_meanr": 3.9516129032258065
}
[2026-03-19 10:57:30] Round 2!
[2026-03-19 10:57:40] TEST:  Epoch: [2] image	Prec@1 0.000 (0.000)	Prec@5 37.778 (41.196)
[2026-03-19 10:57:40] TEST:  Epoch: [2] image	Prec@1 5.333 (6.647)	Prec@5 17.333 (16.314)
[2026-03-19 10:57:41] TEST:  Epoch: [2] image	Prec@1 0.000 (0.000)	Prec@5 60.484 (53.251)
[2026-03-19 10:57:41] TEST:  Epoch: [2] image	Prec@1 20.571 (20.571)	Prec@5 54.286 (54.286)
[2026-03-19 10:57:41] TEST:  Epoch: [2] image	Prec@1 0.000 (0.000)	Prec@5 0.000 (0.000)
[2026-03-19 10:57:41] TEST:  Epoch: [2] text	Prec@1 0.000 (0.000)	Prec@5 0.000 (0.000)
[2026-03-19 10:57:42] TEST:  Epoch: [2] text	Prec@1 16.000 (13.595)	Prec@5 77.333 (73.414)
[2026-03-19 10:57:42] TEST:  Epoch: [2] text	Prec@1 60.484 (53.251)	Prec@5 98.387 (98.767)
[2026-03-19 10:57:42] TEST:  Epoch: [2] text	Prec@1 0.000 (0.000)	Prec@5 26.857 (26.857)
[2026-03-19 10:57:42] TEST:  Epoch: [2] text	Prec@1 0.000 (0.000)	Prec@5 0.000 (0.000)
[2026-03-19 10:58:34] [Eval] Report @step: 2.00 {
    "test__rsum": 227.90697674418607,
    "test__medr": 12.0,
    "test__meanr": 28.528239202657808,
    "test__n_fold_i2t_recall_1": 5.3156146179401995,
    "test__n_fold_i2t_recall_5": 54.817275747508305,
    "test__n_fold_i2t_recall_10": 58.80398671096346,
    "test__n_fold_i2t_rsum": 118.93687707641196,
    "test__n_fold_i2t_medr": 4.0,
    "test__n_fold_i2t_meanr": 14.066445182724253,
    "test__n_fold_t2i_recall_1": 17.940199335548172,
    "test__n_fold_t2i_recall_5": 32.22591362126246,
    "test__n_fold_t2i_recall_10": 58.80398671096346,
    "test__n_fold_t2i_rsum": 108.9700996677741,
    "test__n_fold_t2i_medr": 8.0,
    "test__n_fold_t2i_meanr": 14.461794019933555,
    "test__i2t_recall_1": 5.3156146179401995,
    "test__i2t_recall_5": 54.817275747508305,
    "test__i2t_recall_10": 58.80398671096346,
    "test__i2t_rsum": 118.93687707641196,
    "test__i2t_medr": 4.0,
    "test__i2t_meanr": 14.066445182724253,
    "test__t2i_recall_1": 17.940199335548172,
    "test__t2i_recall_5": 32.22591362126246,
    "test__t2i_recall_10": 58.80398671096346,
    "test__t2i_rsum": 108.9700996677741,
    "test__t2i_medr": 8.0,
    "test__t2i_meanr": 14.461794019933555
}
[2026-03-19 10:59:21] [Eval] Report @step: 2.00 {
    "test__rsum": 311.17824773413895,
    "test__medr": 19.0,
    "test__meanr": 17.640483383685797,
    "test__n_fold_i2t_recall_1": 16.31419939577039,
    "test__n_fold_i2t_recall_5": 40.483383685800604,
    "test__n_fold_i2t_recall_10": 44.10876132930514,
    "test__n_fold_i2t_rsum": 100.90634441087613,
    "test__n_fold_i2t_medr": 17.0,
    "test__n_fold_i2t_meanr": 12.722054380664652,
    "test__n_fold_t2i_recall_1": 32.93051359516616,
    "test__n_fold_t2i_recall_5": 83.68580060422961,
    "test__n_fold_t2i_recall_10": 93.65558912386707,
    "test__n_fold_t2i_rsum": 210.27190332326285,
    "test__n_fold_t2i_medr": 2.0,
    "test__n_fold_t2i_meanr": 4.9184290030211475,
    "test__i2t_recall_1": 16.31419939577039,
    "test__i2t_recall_5": 40.483383685800604,
    "test__i2t_recall_10": 44.10876132930514,
    "test__i2t_rsum": 100.90634441087613,
    "test__i2t_medr": 17.0,
    "test__i2t_meanr": 12.722054380664652,
    "test__t2i_recall_1": 32.93051359516616,
    "test__t2i_recall_5": 83.68580060422961,
    "test__t2i_recall_10": 93.65558912386707,
    "test__t2i_rsum": 210.27190332326285,
    "test__t2i_medr": 2.0,
    "test__t2i_meanr": 4.9184290030211475
}
[2026-03-19 11:05:45] [Eval] Report @step: 2.00 {
    "test__rsum": 423.09417040358744,
    "test__medr": 2.0,
    "test__meanr": 9.84304932735426,
    "test__n_fold_i2t_recall_1": 53.25112107623318,
    "test__n_fold_i2t_recall_5": 74.55156950672645,
    "test__n_fold_i2t_recall_10": 82.62331838565022,
    "test__n_fold_i2t_rsum": 210.42600896860984,
    "test__n_fold_i2t_medr": 1.0,
    "test__n_fold_i2t_meanr": 5.939461883408072,
    "test__n_fold_t2i_recall_1": 51.90582959641256,
    "test__n_fold_t2i_recall_5": 68.94618834080717,
    "test__n_fold_t2i_recall_10": 91.81614349775785,
    "test__n_fold_t2i_rsum": 212.66816143497758,
    "test__n_fold_t2i_medr": 1.0,
    "test__n_fold_t2i_meanr": 3.903587443946188,
    "test__i2t_recall_1": 53.25112107623318,
    "test__i2t_recall_5": 74.55156950672645,
    "test__i2t_recall_10": 82.62331838565022,
    "test__i2t_rsum": 210.42600896860984,
    "test__i2t_medr": 1.0,
    "test__i2t_meanr": 5.939461883408072,
    "test__t2i_recall_1": 51.90582959641256,
    "test__t2i_recall_5": 68.94618834080717,
    "test__t2i_recall_10": 91.81614349775785,
    "test__t2i_rsum": 212.66816143497758,
    "test__t2i_medr": 1.0,
    "test__t2i_meanr": 3.903587443946188
}
[2026-03-19 11:05:54] [Eval] Report @step: 2.00 {
    "test__rsum": 268.57142857142856,
    "test__medr": 14.0,
    "test__meanr": 24.25142857142857,
    "test__n_fold_i2t_recall_1": 8.571428571428571,
    "test__n_fold_i2t_recall_5": 69.14285714285714,
    "test__n_fold_i2t_recall_10": 69.14285714285714,
    "test__n_fold_i2t_rsum": 146.85714285714283,
    "test__n_fold_i2t_medr": 3.0,
    "test__n_fold_i2t_meanr": 10.131428571428572,
    "test__n_fold_t2i_recall_1": 27.428571428571427,
    "test__n_fold_t2i_recall_5": 45.142857142857146,
    "test__n_fold_t2i_recall_10": 49.142857142857146,
    "test__n_fold_t2i_rsum": 121.71428571428572,
    "test__n_fold_t2i_medr": 11.0,
    "test__n_fold_t2i_meanr": 14.12,
    "test__i2t_recall_1": 8.571428571428571,
    "test__i2t_recall_5": 69.14285714285714,
    "test__i2t_recall_10": 69.14285714285714,
    "test__i2t_rsum": 146.85714285714283,
    "test__i2t_medr": 3.0,
    "test__i2t_meanr": 10.131428571428572,
    "test__t2i_recall_1": 27.428571428571427,
    "test__t2i_recall_5": 45.142857142857146,
    "test__t2i_recall_10": 49.142857142857146,
    "test__t2i_rsum": 121.71428571428572,
    "test__t2i_medr": 11.0,
    "test__t2i_meanr": 14.12
}
[2026-03-19 11:05:56] [Eval] Report @step: 2.00 {
    "test__rsum": 332.258064516129,
    "test__medr": 3.0,
    "test__meanr": 15.612903225806452,
    "test__n_fold_i2t_recall_1": 56.45161290322581,
    "test__n_fold_i2t_recall_5": 56.45161290322581,
    "test__n_fold_i2t_recall_10": 64.51612903225806,
    "test__n_fold_i2t_rsum": 177.4193548387097,
    "test__n_fold_i2t_medr": 1.0,
    "test__n_fold_i2t_meanr": 7.903225806451613,
    "test__n_fold_t2i_recall_1": 11.290322580645162,
    "test__n_fold_t2i_recall_5": 67.74193548387096,
    "test__n_fold_t2i_recall_10": 75.80645161290323,
    "test__n_fold_t2i_rsum": 154.83870967741936,
    "test__n_fold_t2i_medr": 2.0,
    "test__n_fold_t2i_meanr": 7.709677419354839,
    "test__i2t_recall_1": 56.45161290322581,
    "test__i2t_recall_5": 56.45161290322581,
    "test__i2t_recall_10": 64.51612903225806,
    "test__i2t_rsum": 177.4193548387097,
    "test__i2t_medr": 1.0,
    "test__i2t_meanr": 7.903225806451613,
    "test__t2i_recall_1": 11.290322580645162,
    "test__t2i_recall_5": 67.74193548387096,
    "test__t2i_recall_10": 75.80645161290323,
    "test__t2i_rsum": 154.83870967741936,
    "test__t2i_medr": 2.0,
    "test__t2i_meanr": 7.709677419354839
}
[2026-03-19 11:05:57] Round 3!
[2026-03-19 11:06:06] TEST:  Epoch: [3] image	Prec@1 37.778 (41.196)	Prec@5 37.778 (41.196)
[2026-03-19 11:06:06] TEST:  Epoch: [3] image	Prec@1 0.000 (0.302)	Prec@5 46.667 (47.734)
[2026-03-19 11:06:07] TEST:  Epoch: [3] image	Prec@1 60.484 (53.251)	Prec@5 60.484 (53.251)
[2026-03-19 11:06:07] TEST:  Epoch: [3] image	Prec@1 20.571 (20.571)	Prec@5 54.286 (54.286)
[2026-03-19 11:06:07] TEST:  Epoch: [3] image	Prec@1 0.000 (0.000)	Prec@5 24.194 (24.194)
[2026-03-19 11:06:07] TEST:  Epoch: [3] text	Prec@1 0.000 (0.000)	Prec@5 0.000 (0.000)
[2026-03-19 11:06:07] TEST:  Epoch: [3] text	Prec@1 13.333 (12.991)	Prec@5 77.333 (73.414)
[2026-03-19 11:06:08] TEST:  Epoch: [3] text	Prec@1 60.484 (53.251)	Prec@5 98.387 (98.767)
[2026-03-19 11:06:08] TEST:  Epoch: [3] text	Prec@1 0.000 (0.000)	Prec@5 21.143 (21.143)
[2026-03-19 11:06:08] TEST:  Epoch: [3] text	Prec@1 0.000 (0.000)	Prec@5 0.000 (0.000)
[2026-03-19 11:06:47] [Eval] Report @step: 3.00 {
    "test__rsum": 266.11295681063126,
    "test__medr": 9.0,
    "test__meanr": 22.411960132890364,
    "test__n_fold_i2t_recall_1": 26.578073089700997,
    "test__n_fold_i2t_recall_5": 56.81063122923588,
    "test__n_fold_i2t_recall_10": 58.80398671096346,
    "test__n_fold_i2t_rsum": 142.19269102990035,
    "test__n_fold_i2t_medr": 4.0,
    "test__n_fold_i2t_meanr": 12.378737541528238,
    "test__n_fold_t2i_recall_1": 13.953488372093023,
    "test__n_fold_t2i_recall_5": 51.16279069767442,
    "test__n_fold_t2i_recall_10": 58.80398671096346,
    "test__n_fold_t2i_rsum": 123.9202657807309,
    "test__n_fold_t2i_medr": 5.0,
    "test__n_fold_t2i_meanr": 10.033222591362126,
    "test__i2t_recall_1": 26.578073089700997,
    "test__i2t_recall_5": 56.81063122923588,
    "test__i2t_recall_10": 58.80398671096346,
    "test__i2t_rsum": 142.19269102990035,
    "test__i2t_medr": 4.0,
    "test__i2t_meanr": 12.378737541528238,
    "test__t2i_recall_1": 13.953488372093023,
    "test__t2i_recall_5": 51.16279069767442,
    "test__t2i_recall_10": 58.80398671096346,
    "test__t2i_rsum": 123.9202657807309,
    "test__t2i_medr": 5.0,
    "test__t2i_meanr": 10.033222591362126
}
[2026-03-19 11:07:27] [Eval] Report @step: 3.00 {
    "test__rsum": 319.03323262839876,
    "test__medr": 15.0,
    "test__meanr": 16.45619335347432,
    "test__n_fold_i2t_recall_1": 26.88821752265861,
    "test__n_fold_i2t_recall_5": 40.483383685800604,
    "test__n_fold_i2t_recall_10": 44.10876132930514,
    "test__n_fold_i2t_rsum": 111.48036253776435,
    "test__n_fold_i2t_medr": 12.0,
    "test__n_fold_i2t_meanr": 11.43202416918429,
    "test__n_fold_t2i_recall_1": 20.241691842900302,
    "test__n_fold_t2i_recall_5": 93.65558912386707,
    "test__n_fold_t2i_recall_10": 93.65558912386707,
    "test__n_fold_t2i_rsum": 207.55287009063443,
    "test__n_fold_t2i_medr": 3.0,
    "test__n_fold_t2i_meanr": 5.02416918429003,
    "test__i2t_recall_1": 26.88821752265861,
    "test__i2t_recall_5": 40.483383685800604,
    "test__i2t_recall_10": 44.10876132930514,
    "test__i2t_rsum": 111.48036253776435,
    "test__i2t_medr": 12.0,
    "test__i2t_meanr": 11.43202416918429,
    "test__t2i_recall_1": 20.241691842900302,
    "test__t2i_recall_5": 93.65558912386707,
    "test__t2i_recall_10": 93.65558912386707,
    "test__t2i_rsum": 207.55287009063443,
    "test__t2i_medr": 3.0,
    "test__t2i_meanr": 5.02416918429003
}
[2026-03-19 11:14:14] [Eval] Report @step: 3.00 {
    "test__rsum": 420.73991031390136,
    "test__medr": 2.0,
    "test__meanr": 12.243273542600896,
    "test__n_fold_i2t_recall_1": 53.25112107623318,
    "test__n_fold_i2t_recall_5": 59.08071748878924,
    "test__n_fold_i2t_recall_10": 79.93273542600897,
    "test__n_fold_i2t_rsum": 192.2645739910314,
    "test__n_fold_i2t_medr": 1.0,
    "test__n_fold_i2t_meanr": 7.99103139013453,
    "test__n_fold_t2i_recall_1": 53.25112107623318,
    "test__n_fold_t2i_recall_5": 83.74439461883408,
    "test__n_fold_t2i_recall_10": 91.4798206278027,
    "test__n_fold_t2i_rsum": 228.47533632286996,
    "test__n_fold_t2i_medr": 1.0,
    "test__n_fold_t2i_meanr": 4.252242152466367,
    "test__i2t_recall_1": 53.25112107623318,
    "test__i2t_recall_5": 59.08071748878924,
    "test__i2t_recall_10": 79.93273542600897,
    "test__i2t_rsum": 192.2645739910314,
    "test__i2t_medr": 1.0,
    "test__i2t_meanr": 7.99103139013453,
    "test__t2i_recall_1": 53.25112107623318,
    "test__t2i_recall_5": 83.74439461883408,
    "test__t2i_recall_10": 91.4798206278027,
    "test__t2i_rsum": 228.47533632286996,
    "test__t2i_medr": 1.0,
    "test__t2i_meanr": 4.252242152466367
}
[2026-03-19 11:14:21] [Eval] Report @step: 3.00 {
    "test__rsum": 288.0,
    "test__medr": 11.0,
    "test__meanr": 25.88,
    "test__n_fold_i2t_recall_1": 8.0,
    "test__n_fold_i2t_recall_5": 68.0,
    "test__n_fold_i2t_recall_10": 69.14285714285714,
    "test__n_fold_i2t_rsum": 145.14285714285714,
    "test__n_fold_i2t_medr": 4.0,
    "test__n_fold_i2t_meanr": 10.462857142857143,
    "test__n_fold_t2i_recall_1": 29.142857142857142,
    "test__n_fold_t2i_recall_5": 44.57142857142857,
    "test__n_fold_t2i_recall_10": 69.14285714285714,
    "test__n_fold_t2i_rsum": 142.85714285714283,
    "test__n_fold_t2i_medr": 7.0,
    "test__n_fold_t2i_meanr": 15.417142857142856,
    "test__i2t_recall_1": 8.0,
    "test__i2t_recall_5": 68.0,
    "test__i2t_recall_10": 69.14285714285714,
    "test__i2t_rsum": 145.14285714285714,
    "test__i2t_medr": 4.0,
    "test__i2t_meanr": 10.462857142857143,
    "test__t2i_recall_1": 29.142857142857142,
    "test__t2i_recall_5": 44.57142857142857,
    "test__t2i_recall_10": 69.14285714285714,
    "test__t2i_rsum": 142.85714285714283,
    "test__t2i_medr": 7.0,
    "test__t2i_meanr": 15.417142857142856
}
[2026-03-19 11:14:22] [Eval] Report @step: 3.00 {
    "test__rsum": 319.35483870967744,
    "test__medr": 3.0,
    "test__meanr": 13.483870967741936,
    "test__n_fold_i2t_recall_1": 56.45161290322581,
    "test__n_fold_i2t_recall_5": 56.45161290322581,
    "test__n_fold_i2t_recall_10": 66.12903225806451,
    "test__n_fold_i2t_rsum": 179.03225806451613,
    "test__n_fold_i2t_medr": 1.0,
    "test__n_fold_i2t_meanr": 7.016129032258065,
    "test__n_fold_t2i_recall_1": 8.064516129032258,
    "test__n_fold_t2i_recall_5": 64.51612903225806,
    "test__n_fold_t2i_recall_10": 67.74193548387096,
    "test__n_fold_t2i_rsum": 140.32258064516128,
    "test__n_fold_t2i_medr": 2.0,
    "test__n_fold_t2i_meanr": 6.467741935483871,
    "test__i2t_recall_1": 56.45161290322581,
    "test__i2t_recall_5": 56.45161290322581,
    "test__i2t_recall_10": 66.12903225806451,
    "test__i2t_rsum": 179.03225806451613,
    "test__i2t_medr": 1.0,
    "test__i2t_meanr": 7.016129032258065,
    "test__t2i_recall_1": 8.064516129032258,
    "test__t2i_recall_5": 64.51612903225806,
    "test__t2i_recall_10": 67.74193548387096,
    "test__t2i_rsum": 140.32258064516128,
    "test__t2i_medr": 2.0,
    "test__t2i_meanr": 6.467741935483871
}
[2026-03-19 11:14:22] Round 4!
[2026-03-19 11:14:32] TEST:  Epoch: [4] image	Prec@1 37.778 (41.196)	Prec@5 71.111 (67.774)
[2026-03-19 11:14:32] TEST:  Epoch: [4] image	Prec@1 0.000 (0.000)	Prec@5 48.000 (49.245)
[2026-03-19 11:14:33] TEST:  Epoch: [4] image	Prec@1 60.484 (53.251)	Prec@5 61.290 (54.260)
[2026-03-19 11:14:33] TEST:  Epoch: [4] image	Prec@1 20.571 (20.571)	Prec@5 54.286 (54.286)
[2026-03-19 11:14:33] TEST:  Epoch: [4] image	Prec@1 0.000 (0.000)	Prec@5 56.452 (56.452)
[2026-03-19 11:14:33] TEST:  Epoch: [4] text	Prec@1 0.000 (0.000)	Prec@5 0.000 (0.000)
[2026-03-19 11:14:34] TEST:  Epoch: [4] text	Prec@1 38.667 (34.743)	Prec@5 94.667 (93.656)
[2026-03-19 11:14:34] TEST:  Epoch: [4] text	Prec@1 60.484 (53.251)	Prec@5 98.387 (98.767)
[2026-03-19 11:14:34] TEST:  Epoch: [4] text	Prec@1 0.000 (0.000)	Prec@5 17.714 (17.714)
[2026-03-19 11:14:34] TEST:  Epoch: [4] text	Prec@1 0.000 (0.000)	Prec@5 0.000 (0.000)
[2026-03-19 11:15:04] [Eval] Report @step: 4.00 {
    "test__rsum": 265.78073089700996,
    "test__medr": 10.0,
    "test__meanr": 13.56810631229236,
    "test__n_fold_i2t_recall_1": 7.641196013289036,
    "test__n_fold_i2t_recall_5": 54.817275747508305,
    "test__n_fold_i2t_recall_10": 91.69435215946844,
    "test__n_fold_i2t_rsum": 154.15282392026577,
    "test__n_fold_i2t_medr": 4.0,
    "test__n_fold_i2t_meanr": 5.916943521594685,
    "test__n_fold_t2i_recall_1": 11.960132890365449,
    "test__n_fold_t2i_recall_5": 40.863787375415285,
    "test__n_fold_t2i_recall_10": 58.80398671096346,
    "test__n_fold_t2i_rsum": 111.62790697674419,
    "test__n_fold_t2i_medr": 6.0,
    "test__n_fold_t2i_meanr": 7.651162790697675,
    "test__i2t_recall_1": 7.641196013289036,
    "test__i2t_recall_5": 54.817275747508305,
    "test__i2t_recall_10": 91.69435215946844,
    "test__i2t_rsum": 154.15282392026577,
    "test__i2t_medr": 4.0,
    "test__i2t_meanr": 5.916943521594685,
    "test__t2i_recall_1": 11.960132890365449,
    "test__t2i_recall_5": 40.863787375415285,
    "test__t2i_recall_10": 58.80398671096346,
    "test__t2i_rsum": 111.62790697674419,
    "test__t2i_medr": 6.0,
    "test__t2i_meanr": 7.651162790697675
}
[2026-03-19 11:15:44] [Eval] Report @step: 4.00 {
    "test__rsum": 427.190332326284,
    "test__medr": 4.0,
    "test__meanr": 10.003021148036254,
    "test__n_fold_i2t_recall_1": 26.88821752265861,
    "test__n_fold_i2t_recall_5": 82.17522658610272,
    "test__n_fold_i2t_recall_10": 97.2809667673716,
    "test__n_fold_i2t_rsum": 206.34441087613294,
    "test__n_fold_i2t_medr": 2.0,
    "test__n_fold_i2t_meanr": 5.6555891238670695,
    "test__n_fold_t2i_recall_1": 33.53474320241692,
    "test__n_fold_t2i_recall_5": 93.65558912386707,
    "test__n_fold_t2i_recall_10": 93.65558912386707,
    "test__n_fold_t2i_rsum": 220.84592145015108,
    "test__n_fold_t2i_medr": 2.0,
    "test__n_fold_t2i_meanr": 4.347432024169184,
    "test__i2t_recall_1": 26.88821752265861,
    "test__i2t_recall_5": 82.17522658610272,
    "test__i2t_recall_10": 97.2809667673716,
    "test__i2t_rsum": 206.34441087613294,
    "test__i2t_medr": 2.0,
    "test__i2t_meanr": 5.6555891238670695,
    "test__t2i_recall_1": 33.53474320241692,
    "test__t2i_recall_5": 93.65558912386707,
    "test__t2i_recall_10": 93.65558912386707,
    "test__t2i_rsum": 220.84592145015108,
    "test__t2i_medr": 2.0,
    "test__t2i_meanr": 4.347432024169184
}
[2026-03-19 11:22:29] [Eval] Report @step: 4.00 {
    "test__rsum": 449.5515695067264,
    "test__medr": 2.0,
    "test__meanr": 10.923766816143498,
    "test__n_fold_i2t_recall_1": 53.026905829596416,
    "test__n_fold_i2t_recall_5": 80.04484304932735,
    "test__n_fold_i2t_recall_10": 86.65919282511211,
    "test__n_fold_i2t_rsum": 219.73094170403587,
    "test__n_fold_i2t_medr": 1.0,
    "test__n_fold_i2t_meanr": 5.786995515695067,
    "test__n_fold_t2i_recall_1": 53.25112107623318,
    "test__n_fold_t2i_recall_5": 84.19282511210763,
    "test__n_fold_t2i_recall_10": 92.37668161434978,
    "test__n_fold_t2i_rsum": 229.82062780269058,
    "test__n_fold_t2i_medr": 1.0,
    "test__n_fold_t2i_meanr": 5.13677130044843,
    "test__i2t_recall_1": 53.026905829596416,
    "test__i2t_recall_5": 80.04484304932735,
    "test__i2t_recall_10": 86.65919282511211,
    "test__i2t_rsum": 219.73094170403587,
    "test__i2t_medr": 1.0,
    "test__i2t_meanr": 5.786995515695067,
    "test__t2i_recall_1": 53.25112107623318,
    "test__t2i_recall_5": 84.19282511210763,
    "test__t2i_recall_10": 92.37668161434978,
    "test__t2i_rsum": 229.82062780269058,
    "test__t2i_medr": 1.0,
    "test__t2i_meanr": 5.13677130044843
}
[2026-03-19 11:22:38] [Eval] Report @step: 4.00 {
    "test__rsum": 288.57142857142856,
    "test__medr": 8.0,
    "test__meanr": 27.737142857142857,
    "test__n_fold_i2t_recall_1": 8.0,
    "test__n_fold_i2t_recall_5": 54.857142857142854,
    "test__n_fold_i2t_recall_10": 69.14285714285714,
    "test__n_fold_i2t_rsum": 132.0,
    "test__n_fold_i2t_medr": 5.0,
    "test__n_fold_i2t_meanr": 14.142857142857142,
    "test__n_fold_t2i_recall_1": 26.857142857142858,
    "test__n_fold_t2i_recall_5": 60.57142857142857,
    "test__n_fold_t2i_recall_10": 69.14285714285714,
    "test__n_fold_t2i_rsum": 156.57142857142856,
    "test__n_fold_t2i_medr": 3.0,
    "test__n_fold_t2i_meanr": 13.594285714285714,
    "test__i2t_recall_1": 8.0,
    "test__i2t_recall_5": 54.857142857142854,
    "test__i2t_recall_10": 69.14285714285714,
    "test__i2t_rsum": 132.0,
    "test__i2t_medr": 5.0,
    "test__i2t_meanr": 14.142857142857142,
    "test__t2i_recall_1": 26.857142857142858,
    "test__t2i_recall_5": 60.57142857142857,
    "test__t2i_recall_10": 69.14285714285714,
    "test__t2i_rsum": 156.57142857142856,
    "test__t2i_medr": 3.0,
    "test__t2i_meanr": 13.594285714285714
}
[2026-03-19 11:22:41] [Eval] Report @step: 4.00 {
    "test__rsum": 330.64516129032256,
    "test__medr": 3.0,
    "test__meanr": 14.080645161290324,
    "test__n_fold_i2t_recall_1": 56.45161290322581,
    "test__n_fold_i2t_recall_5": 64.51612903225806,
    "test__n_fold_i2t_recall_10": 69.35483870967742,
    "test__n_fold_i2t_rsum": 190.32258064516128,
    "test__n_fold_i2t_medr": 1.0,
    "test__n_fold_i2t_meanr": 6.564516129032258,
    "test__n_fold_t2i_recall_1": 8.064516129032258,
    "test__n_fold_t2i_recall_5": 64.51612903225806,
    "test__n_fold_t2i_recall_10": 67.74193548387096,
    "test__n_fold_t2i_rsum": 140.32258064516128,
    "test__n_fold_t2i_medr": 2.0,
    "test__n_fold_t2i_meanr": 7.516129032258065,
    "test__i2t_recall_1": 56.45161290322581,
    "test__i2t_recall_5": 64.51612903225806,
    "test__i2t_recall_10": 69.35483870967742,
    "test__i2t_rsum": 190.32258064516128,
    "test__i2t_medr": 1.0,
    "test__i2t_meanr": 6.564516129032258,
    "test__t2i_recall_1": 8.064516129032258,
    "test__t2i_recall_5": 64.51612903225806,
    "test__t2i_recall_10": 67.74193548387096,
    "test__t2i_rsum": 140.32258064516128,
    "test__t2i_medr": 2.0,
    "test__t2i_meanr": 7.516129032258065
}
[2026-03-19 11:22:41] Round 5!
[2026-03-19 11:22:51] TEST:  Epoch: [5] image	Prec@1 37.778 (41.196)	Prec@5 71.111 (67.774)
[2026-03-19 11:22:51] TEST:  Epoch: [5] image	Prec@1 0.000 (0.000)	Prec@5 48.000 (49.245)
[2026-03-19 11:22:52] TEST:  Epoch: [5] image	Prec@1 60.484 (53.251)	Prec@5 72.581 (64.686)
[2026-03-19 11:22:52] TEST:  Epoch: [5] image	Prec@1 11.429 (11.429)	Prec@5 81.714 (81.714)
[2026-03-19 11:22:52] TEST:  Epoch: [5] image	Prec@1 0.000 (0.000)	Prec@5 56.452 (56.452)
[2026-03-19 11:22:52] TEST:  Epoch: [5] text	Prec@1 0.000 (0.000)	Prec@5 0.000 (0.000)
[2026-03-19 11:22:52] TEST:  Epoch: [5] text	Prec@1 30.667 (32.931)	Prec@5 94.667 (93.656)
[2026-03-19 11:22:53] TEST:  Epoch: [5] text	Prec@1 60.484 (53.251)	Prec@5 98.387 (98.767)
[2026-03-19 11:22:53] TEST:  Epoch: [5] text	Prec@1 0.000 (0.000)	Prec@5 28.000 (28.000)
[2026-03-19 11:22:53] TEST:  Epoch: [5] text	Prec@1 0.000 (0.000)	Prec@5 0.000 (0.000)
[2026-03-19 11:23:32] [Eval] Report @step: 5.00 {
    "test__rsum": 336.87707641196016,
    "test__medr": 9.0,
    "test__meanr": 10.199335548172758,
    "test__n_fold_i2t_recall_1": 26.245847176079735,
    "test__n_fold_i2t_recall_5": 52.49169435215947,
    "test__n_fold_i2t_recall_10": 96.01328903654485,
    "test__n_fold_i2t_rsum": 174.75083056478405,
    "test__n_fold_i2t_medr": 5.0,
    "test__n_fold_i2t_meanr": 4.262458471760797,
    "test__n_fold_t2i_recall_1": 10.96345514950166,
    "test__n_fold_t2i_recall_5": 51.16279069767442,
    "test__n_fold_t2i_recall_10": 100.0,
    "test__n_fold_t2i_rsum": 162.12624584717608,
    "test__n_fold_t2i_medr": 4.0,
    "test__n_fold_t2i_meanr": 5.93687707641196,
    "test__i2t_recall_1": 26.245847176079735,
    "test__i2t_recall_5": 52.49169435215947,
    "test__i2t_recall_10": 96.01328903654485,
    "test__i2t_rsum": 174.75083056478405,
    "test__i2t_medr": 5.0,
    "test__i2t_meanr": 4.262458471760797,
    "test__t2i_recall_1": 10.96345514950166,
    "test__t2i_recall_5": 51.16279069767442,
    "test__t2i_recall_10": 100.0,
    "test__t2i_rsum": 162.12624584717608,
    "test__t2i_medr": 4.0,
    "test__t2i_meanr": 5.93687707641196
}
[2026-03-19 11:24:09] [Eval] Report @step: 5.00 {
    "test__rsum": 356.49546827794563,
    "test__medr": 5.0,
    "test__meanr": 12.987915407854985,
    "test__n_fold_i2t_recall_1": 36.25377643504532,
    "test__n_fold_i2t_recall_5": 59.818731117824775,
    "test__n_fold_i2t_recall_10": 80.06042296072508,
    "test__n_fold_i2t_rsum": 176.13293051359517,
    "test__n_fold_i2t_medr": 3.0,
    "test__n_fold_i2t_meanr": 7.305135951661631,
    "test__n_fold_t2i_recall_1": 26.88821752265861,
    "test__n_fold_t2i_recall_5": 59.818731117824775,
    "test__n_fold_t2i_recall_10": 93.65558912386707,
    "test__n_fold_t2i_rsum": 180.36253776435046,
    "test__n_fold_t2i_medr": 2.0,
    "test__n_fold_t2i_meanr": 5.682779456193353,
    "test__i2t_recall_1": 36.25377643504532,
    "test__i2t_recall_5": 59.818731117824775,
    "test__i2t_recall_10": 80.06042296072508,
    "test__i2t_rsum": 176.13293051359517,
    "test__i2t_medr": 3.0,
    "test__i2t_meanr": 7.305135951661631,
    "test__t2i_recall_1": 26.88821752265861,
    "test__t2i_recall_5": 59.818731117824775,
    "test__t2i_recall_10": 93.65558912386707,
    "test__t2i_rsum": 180.36253776435046,
    "test__t2i_medr": 2.0,
    "test__t2i_meanr": 5.682779456193353
}
[2026-03-19 11:30:27] [Eval] Report @step: 5.00 {
    "test__rsum": 329.93273542600895,
    "test__medr": 8.0,
    "test__meanr": 18.227578475336323,
    "test__n_fold_i2t_recall_1": 5.829596412556054,
    "test__n_fold_i2t_recall_5": 32.17488789237668,
    "test__n_fold_i2t_recall_10": 84.64125560538116,
    "test__n_fold_i2t_rsum": 122.64573991031389,
    "test__n_fold_i2t_medr": 7.0,
    "test__n_fold_i2t_meanr": 11.988789237668161,
    "test__n_fold_t2i_recall_1": 53.25112107623318,
    "test__n_fold_t2i_recall_5": 74.2152466367713,
    "test__n_fold_t2i_recall_10": 79.82062780269058,
    "test__n_fold_t2i_rsum": 207.28699551569505,
    "test__n_fold_t2i_medr": 1.0,
    "test__n_fold_t2i_meanr": 6.238789237668161,
    "test__i2t_recall_1": 5.829596412556054,
    "test__i2t_recall_5": 32.17488789237668,
    "test__i2t_recall_10": 84.64125560538116,
    "test__i2t_rsum": 122.64573991031389,
    "test__i2t_medr": 7.0,
    "test__i2t_meanr": 11.988789237668161,
    "test__t2i_recall_1": 53.25112107623318,
    "test__t2i_recall_5": 74.2152466367713,
    "test__t2i_recall_10": 79.82062780269058,
    "test__t2i_rsum": 207.28699551569505,
    "test__t2i_medr": 1.0,
    "test__t2i_meanr": 6.238789237668161
}
[2026-03-19 11:30:36] [Eval] Report @step: 5.00 {
    "test__rsum": 321.71428571428567,
    "test__medr": 6.0,
    "test__meanr": 23.02285714285714,
    "test__n_fold_i2t_recall_1": 22.285714285714285,
    "test__n_fold_i2t_recall_5": 68.0,
    "test__n_fold_i2t_recall_10": 69.14285714285714,
    "test__n_fold_i2t_rsum": 159.42857142857142,
    "test__n_fold_i2t_medr": 4.0,
    "test__n_fold_i2t_meanr": 10.628571428571428,
    "test__n_fold_t2i_recall_1": 32.0,
    "test__n_fold_t2i_recall_5": 61.142857142857146,
    "test__n_fold_t2i_recall_10": 69.14285714285714,
    "test__n_fold_t2i_rsum": 162.28571428571428,
    "test__n_fold_t2i_medr": 2.0,
    "test__n_fold_t2i_meanr": 12.394285714285715,
    "test__i2t_recall_1": 22.285714285714285,
    "test__i2t_recall_5": 68.0,
    "test__i2t_recall_10": 69.14285714285714,
    "test__i2t_rsum": 159.42857142857142,
    "test__i2t_medr": 4.0,
    "test__i2t_meanr": 10.628571428571428,
    "test__t2i_recall_1": 32.0,
    "test__t2i_recall_5": 61.142857142857146,
    "test__t2i_recall_10": 69.14285714285714,
    "test__t2i_rsum": 162.28571428571428,
    "test__t2i_medr": 2.0,
    "test__t2i_meanr": 12.394285714285715
}
[2026-03-19 11:30:38] [Eval] Report @step: 5.00 {
    "test__rsum": 391.93548387096774,
    "test__medr": 2.0,
    "test__meanr": 13.048387096774192,
    "test__n_fold_i2t_recall_1": 56.45161290322581,
    "test__n_fold_i2t_recall_5": 64.51612903225806,
    "test__n_fold_i2t_recall_10": 70.96774193548387,
    "test__n_fold_i2t_rsum": 191.93548387096774,
    "test__n_fold_i2t_medr": 1.0,
    "test__n_fold_i2t_meanr": 6.129032258064516,
    "test__n_fold_t2i_recall_1": 51.61290322580645,
    "test__n_fold_t2i_recall_5": 64.51612903225806,
    "test__n_fold_t2i_recall_10": 83.87096774193549,
    "test__n_fold_t2i_rsum": 200.0,
    "test__n_fold_t2i_medr": 1.0,
    "test__n_fold_t2i_meanr": 6.919354838709677,
    "test__i2t_recall_1": 56.45161290322581,
    "test__i2t_recall_5": 64.51612903225806,
    "test__i2t_recall_10": 70.96774193548387,
    "test__i2t_rsum": 191.93548387096774,
    "test__i2t_medr": 1.0,
    "test__i2t_meanr": 6.129032258064516,
    "test__t2i_recall_1": 51.61290322580645,
    "test__t2i_recall_5": 64.51612903225806,
    "test__t2i_recall_10": 83.87096774193549,
    "test__t2i_rsum": 200.0,
    "test__t2i_medr": 1.0,
    "test__t2i_meanr": 6.919354838709677
}
[2026-03-19 11:30:39] Round 6!
[2026-03-19 11:30:47] TEST:  Epoch: [6] image	Prec@1 37.778 (41.196)	Prec@5 84.444 (85.382)
[2026-03-19 11:30:47] TEST:  Epoch: [6] image	Prec@1 0.000 (0.906)	Prec@5 48.000 (49.245)
[2026-03-19 11:30:48] TEST:  Epoch: [6] image	Prec@1 60.484 (53.251)	Prec@5 91.129 (85.650)
[2026-03-19 11:30:48] TEST:  Epoch: [6] image	Prec@1 20.000 (20.000)	Prec@5 89.143 (89.143)
[2026-03-19 11:30:48] TEST:  Epoch: [6] image	Prec@1 0.000 (0.000)	Prec@5 56.452 (56.452)
[2026-03-19 11:30:48] TEST:  Epoch: [6] text	Prec@1 0.000 (0.000)	Prec@5 0.000 (0.000)
[2026-03-19 11:30:48] TEST:  Epoch: [6] text	Prec@1 30.667 (32.931)	Prec@5 94.667 (93.656)
[2026-03-19 11:30:49] TEST:  Epoch: [6] text	Prec@1 60.484 (53.251)	Prec@5 98.387 (98.767)
[2026-03-19 11:30:49] TEST:  Epoch: [6] text	Prec@1 0.000 (0.000)	Prec@5 28.000 (28.000)
[2026-03-19 11:30:49] TEST:  Epoch: [6] text	Prec@1 0.000 (0.000)	Prec@5 0.000 (0.000)
[2026-03-19 11:31:28] [Eval] Report @step: 6.00 {
    "test__rsum": 389.03654485049833,
    "test__medr": 9.0,
    "test__meanr": 8.259136212624584,
    "test__n_fold_i2t_recall_1": 26.578073089700997,
    "test__n_fold_i2t_recall_5": 85.38205980066445,
    "test__n_fold_i2t_recall_10": 95.68106312292359,
    "test__n_fold_i2t_rsum": 207.64119601328903,
    "test__n_fold_i2t_medr": 4.0,
    "test__n_fold_i2t_meanr": 4.023255813953488,
    "test__n_fold_t2i_recall_1": 5.3156146179401995,
    "test__n_fold_t2i_recall_5": 76.0797342192691,
    "test__n_fold_t2i_recall_10": 100.0,
    "test__n_fold_t2i_rsum": 181.3953488372093,
    "test__n_fold_t2i_medr": 5.0,
    "test__n_fold_t2i_meanr": 4.235880398671096,
    "test__i2t_recall_1": 26.578073089700997,
    "test__i2t_recall_5": 85.38205980066445,
    "test__i2t_recall_10": 95.68106312292359,
    "test__i2t_rsum": 207.64119601328903,
    "test__i2t_medr": 4.0,
    "test__i2t_meanr": 4.023255813953488,
    "test__t2i_recall_1": 5.3156146179401995,
    "test__t2i_recall_5": 76.0797342192691,
    "test__t2i_recall_10": 100.0,
    "test__t2i_rsum": 181.3953488372093,
    "test__t2i_medr": 5.0,
    "test__t2i_meanr": 4.235880398671096
}
[2026-03-19 11:32:08] [Eval] Report @step: 6.00 {
    "test__rsum": 349.8489425981873,
    "test__medr": 5.0,
    "test__meanr": 11.673716012084594,
    "test__n_fold_i2t_recall_1": 26.88821752265861,
    "test__n_fold_i2t_recall_5": 59.818731117824775,
    "test__n_fold_i2t_recall_10": 80.06042296072508,
    "test__n_fold_i2t_rsum": 166.76737160120848,
    "test__n_fold_i2t_medr": 3.0,
    "test__n_fold_i2t_meanr": 6.537764350453172,
    "test__n_fold_t2i_recall_1": 26.88821752265861,
    "test__n_fold_t2i_recall_5": 73.41389728096676,
    "test__n_fold_t2i_recall_10": 82.77945619335347,
    "test__n_fold_t2i_rsum": 183.08157099697883,
    "test__n_fold_t2i_medr": 2.0,
    "test__n_fold_t2i_meanr": 5.13595166163142,
    "test__i2t_recall_1": 26.88821752265861,
    "test__i2t_recall_5": 59.818731117824775,
    "test__i2t_recall_10": 80.06042296072508,
    "test__i2t_rsum": 166.76737160120848,
    "test__i2t_medr": 3.0,
    "test__i2t_meanr": 6.537764350453172,
    "test__t2i_recall_1": 26.88821752265861,
    "test__t2i_recall_5": 73.41389728096676,
    "test__t2i_recall_10": 82.77945619335347,
    "test__t2i_rsum": 183.08157099697883,
    "test__t2i_medr": 2.0,
    "test__t2i_meanr": 5.13595166163142
}
[2026-03-19 11:38:47] [Eval] Report @step: 6.00 {
    "test__rsum": 331.05381165919283,
    "test__medr": 9.0,
    "test__meanr": 15.052690582959642,
    "test__n_fold_i2t_recall_1": 20.96412556053812,
    "test__n_fold_i2t_recall_5": 32.73542600896861,
    "test__n_fold_i2t_recall_10": 79.7085201793722,
    "test__n_fold_i2t_rsum": 133.4080717488789,
    "test__n_fold_i2t_medr": 8.0,
    "test__n_fold_i2t_meanr": 8.562780269058296,
    "test__n_fold_t2i_recall_1": 53.25112107623318,
    "test__n_fold_t2i_recall_5": 67.37668161434978,
    "test__n_fold_t2i_recall_10": 77.01793721973094,
    "test__n_fold_t2i_rsum": 197.64573991031392,
    "test__n_fold_t2i_medr": 1.0,
    "test__n_fold_t2i_meanr": 6.489910313901345,
    "test__i2t_recall_1": 20.96412556053812,
    "test__i2t_recall_5": 32.73542600896861,
    "test__i2t_recall_10": 79.7085201793722,
    "test__i2t_rsum": 133.4080717488789,
    "test__i2t_medr": 8.0,
    "test__i2t_meanr": 8.562780269058296,
    "test__t2i_recall_1": 53.25112107623318,
    "test__t2i_recall_5": 67.37668161434978,
    "test__t2i_recall_10": 77.01793721973094,
    "test__t2i_rsum": 197.64573991031392,
    "test__t2i_medr": 1.0,
    "test__t2i_meanr": 6.489910313901345
}
[2026-03-19 11:38:53] [Eval] Report @step: 6.00 {
    "test__rsum": 306.2857142857143,
    "test__medr": 6.0,
    "test__meanr": 17.32,
    "test__n_fold_i2t_recall_1": 16.0,
    "test__n_fold_i2t_recall_5": 61.142857142857146,
    "test__n_fold_i2t_recall_10": 73.71428571428571,
    "test__n_fold_i2t_rsum": 150.85714285714283,
    "test__n_fold_i2t_medr": 3.0,
    "test__n_fold_i2t_meanr": 6.234285714285714,
    "test__n_fold_t2i_recall_1": 25.142857142857142,
    "test__n_fold_t2i_recall_5": 61.142857142857146,
    "test__n_fold_t2i_recall_10": 69.14285714285714,
    "test__n_fold_t2i_rsum": 155.42857142857144,
    "test__n_fold_t2i_medr": 3.0,
    "test__n_fold_t2i_meanr": 11.085714285714285,
    "test__i2t_recall_1": 16.0,
    "test__i2t_recall_5": 61.142857142857146,
    "test__i2t_recall_10": 73.71428571428571,
    "test__i2t_rsum": 150.85714285714283,
    "test__i2t_medr": 3.0,
    "test__i2t_meanr": 6.234285714285714,
    "test__t2i_recall_1": 25.142857142857142,
    "test__t2i_recall_5": 61.142857142857146,
    "test__t2i_recall_10": 69.14285714285714,
    "test__t2i_rsum": 155.42857142857144,
    "test__t2i_medr": 3.0,
    "test__t2i_meanr": 11.085714285714285
}
[2026-03-19 11:38:54] [Eval] Report @step: 6.00 {
    "test__rsum": 406.4516129032258,
    "test__medr": 2.0,
    "test__meanr": 11.870967741935484,
    "test__n_fold_i2t_recall_1": 56.45161290322581,
    "test__n_fold_i2t_recall_5": 62.903225806451616,
    "test__n_fold_i2t_recall_10": 80.64516129032258,
    "test__n_fold_i2t_rsum": 200.0,
    "test__n_fold_i2t_medr": 1.0,
    "test__n_fold_i2t_meanr": 5.435483870967742,
    "test__n_fold_t2i_recall_1": 56.45161290322581,
    "test__n_fold_t2i_recall_5": 64.51612903225806,
    "test__n_fold_t2i_recall_10": 85.48387096774194,
    "test__n_fold_t2i_rsum": 206.4516129032258,
    "test__n_fold_t2i_medr": 1.0,
    "test__n_fold_t2i_meanr": 6.435483870967742,
    "test__i2t_recall_1": 56.45161290322581,
    "test__i2t_recall_5": 62.903225806451616,
    "test__i2t_recall_10": 80.64516129032258,
    "test__i2t_rsum": 200.0,
    "test__i2t_medr": 1.0,
    "test__i2t_meanr": 5.435483870967742,
    "test__t2i_recall_1": 56.45161290322581,
    "test__t2i_recall_5": 64.51612903225806,
    "test__t2i_recall_10": 85.48387096774194,
    "test__t2i_rsum": 206.4516129032258,
    "test__t2i_medr": 1.0,
    "test__t2i_meanr": 6.435483870967742
}
[2026-03-19 11:38:55] Round 7!
[2026-03-19 11:39:03] TEST:  Epoch: [7] image	Prec@1 37.778 (41.196)	Prec@5 84.444 (85.382)
[2026-03-19 11:39:04] TEST:  Epoch: [7] image	Prec@1 9.333 (10.272)	Prec@5 48.000 (49.245)
[2026-03-19 11:39:04] TEST:  Epoch: [7] image	Prec@1 60.484 (53.251)	Prec@5 92.742 (87.332)
[2026-03-19 11:39:04] TEST:  Epoch: [7] image	Prec@1 20.000 (20.000)	Prec@5 89.714 (89.714)
[2026-03-19 11:39:04] TEST:  Epoch: [7] image	Prec@1 56.452 (56.452)	Prec@5 56.452 (56.452)
[2026-03-19 11:39:05] TEST:  Epoch: [7] text	Prec@1 0.000 (0.000)	Prec@5 0.000 (0.000)
[2026-03-19 11:39:05] TEST:  Epoch: [7] text	Prec@1 30.667 (32.931)	Prec@5 94.667 (93.656)
[2026-03-19 11:39:05] TEST:  Epoch: [7] text	Prec@1 60.484 (53.251)	Prec@5 98.387 (98.767)
[2026-03-19 11:39:05] TEST:  Epoch: [7] text	Prec@1 17.714 (17.714)	Prec@5 28.000 (28.000)
[2026-03-19 11:39:06] TEST:  Epoch: [7] text	Prec@1 0.000 (0.000)	Prec@5 0.000 (0.000)
[2026-03-19 11:39:44] [Eval] Report @step: 7.00 {
    "test__rsum": 401.66112956810633,
    "test__medr": 6.0,
    "test__meanr": 7.106312292358805,
    "test__n_fold_i2t_recall_1": 26.578073089700997,
    "test__n_fold_i2t_recall_5": 85.71428571428571,
    "test__n_fold_i2t_recall_10": 93.68770764119601,
    "test__n_fold_i2t_rsum": 205.98006644518273,
    "test__n_fold_i2t_medr": 3.0,
    "test__n_fold_i2t_meanr": 3.601328903654485,
    "test__n_fold_t2i_recall_1": 3.9867109634551494,
    "test__n_fold_t2i_recall_5": 91.69435215946844,
    "test__n_fold_t2i_recall_10": 100.0,
    "test__n_fold_t2i_rsum": 195.6810631229236,
    "test__n_fold_t2i_medr": 3.0,
    "test__n_fold_t2i_meanr": 3.504983388704319,
    "test__i2t_recall_1": 26.578073089700997,
    "test__i2t_recall_5": 85.71428571428571,
    "test__i2t_recall_10": 93.68770764119601,
    "test__i2t_rsum": 205.98006644518273,
    "test__i2t_medr": 3.0,
    "test__i2t_meanr": 3.601328903654485,
    "test__t2i_recall_1": 3.9867109634551494,
    "test__t2i_recall_5": 91.69435215946844,
    "test__t2i_recall_10": 100.0,
    "test__t2i_rsum": 195.6810631229236,
    "test__t2i_medr": 3.0,
    "test__t2i_meanr": 3.504983388704319
}
[2026-03-19 11:40:24] [Eval] Report @step: 7.00 {
    "test__rsum": 351.3595166163142,
    "test__medr": 5.0,
    "test__meanr": 12.17522658610272,
    "test__n_fold_i2t_recall_1": 26.88821752265861,
    "test__n_fold_i2t_recall_5": 63.141993957703924,
    "test__n_fold_i2t_recall_10": 80.06042296072508,
    "test__n_fold_i2t_rsum": 170.09063444108762,
    "test__n_fold_i2t_medr": 3.0,
    "test__n_fold_i2t_meanr": 7.16012084592145,
    "test__n_fold_t2i_recall_1": 27.190332326283986,
    "test__n_fold_t2i_recall_5": 72.50755287009063,
    "test__n_fold_t2i_recall_10": 81.57099697885197,
    "test__n_fold_t2i_rsum": 181.26888217522657,
    "test__n_fold_t2i_medr": 2.0,
    "test__n_fold_t2i_meanr": 5.015105740181269,
    "test__i2t_recall_1": 26.88821752265861,
    "test__i2t_recall_5": 63.141993957703924,
    "test__i2t_recall_10": 80.06042296072508,
    "test__i2t_rsum": 170.09063444108762,
    "test__i2t_medr": 3.0,
    "test__i2t_meanr": 7.16012084592145,
    "test__t2i_recall_1": 27.190332326283986,
    "test__t2i_recall_5": 72.50755287009063,
    "test__t2i_recall_10": 81.57099697885197,
    "test__t2i_rsum": 181.26888217522657,
    "test__t2i_medr": 2.0,
    "test__t2i_meanr": 5.015105740181269
}
[2026-03-19 11:47:10] [Eval] Report @step: 7.00 {
    "test__rsum": 297.42152466367713,
    "test__medr": 11.0,
    "test__meanr": 18.37780269058296,
    "test__n_fold_i2t_recall_1": 20.96412556053812,
    "test__n_fold_i2t_recall_5": 21.41255605381166,
    "test__n_fold_i2t_recall_10": 54.37219730941704,
    "test__n_fold_i2t_rsum": 96.74887892376682,
    "test__n_fold_i2t_medr": 10.0,
    "test__n_fold_i2t_meanr": 11.434977578475337,
    "test__n_fold_t2i_recall_1": 53.25112107623318,
    "test__n_fold_t2i_recall_5": 71.0762331838565,
    "test__n_fold_t2i_recall_10": 76.34529147982063,
    "test__n_fold_t2i_rsum": 200.6726457399103,
    "test__n_fold_t2i_medr": 1.0,
    "test__n_fold_t2i_meanr": 6.942825112107624,
    "test__i2t_recall_1": 20.96412556053812,
    "test__i2t_recall_5": 21.41255605381166,
    "test__i2t_recall_10": 54.37219730941704,
    "test__i2t_rsum": 96.74887892376682,
    "test__i2t_medr": 10.0,
    "test__i2t_meanr": 11.434977578475337,
    "test__t2i_recall_1": 53.25112107623318,
    "test__t2i_recall_5": 71.0762331838565,
    "test__t2i_recall_10": 76.34529147982063,
    "test__t2i_rsum": 200.6726457399103,
    "test__t2i_medr": 1.0,
    "test__t2i_meanr": 6.942825112107624
}
[2026-03-19 11:47:19] [Eval] Report @step: 7.00 {
    "test__rsum": 270.8571428571429,
    "test__medr": 11.0,
    "test__meanr": 20.497142857142855,
    "test__n_fold_i2t_recall_1": 14.285714285714286,
    "test__n_fold_i2t_recall_5": 36.0,
    "test__n_fold_i2t_recall_10": 65.71428571428571,
    "test__n_fold_i2t_rsum": 116.0,
    "test__n_fold_i2t_medr": 8.0,
    "test__n_fold_i2t_meanr": 9.417142857142856,
    "test__n_fold_t2i_recall_1": 24.571428571428573,
    "test__n_fold_t2i_recall_5": 61.142857142857146,
    "test__n_fold_t2i_recall_10": 69.14285714285714,
    "test__n_fold_t2i_rsum": 154.85714285714286,
    "test__n_fold_t2i_medr": 3.0,
    "test__n_fold_t2i_meanr": 11.08,
    "test__i2t_recall_1": 14.285714285714286,
    "test__i2t_recall_5": 36.0,
    "test__i2t_recall_10": 65.71428571428571,
    "test__i2t_rsum": 116.0,
    "test__i2t_medr": 8.0,
    "test__i2t_meanr": 9.417142857142856,
    "test__t2i_recall_1": 24.571428571428573,
    "test__t2i_recall_5": 61.142857142857146,
    "test__t2i_recall_10": 69.14285714285714,
    "test__t2i_rsum": 154.85714285714286,
    "test__t2i_medr": 3.0,
    "test__t2i_meanr": 11.08
}
[2026-03-19 11:47:22] [Eval] Report @step: 7.00 {
    "test__rsum": 403.2258064516129,
    "test__medr": 2.0,
    "test__meanr": 11.629032258064516,
    "test__n_fold_i2t_recall_1": 56.45161290322581,
    "test__n_fold_i2t_recall_5": 64.51612903225806,
    "test__n_fold_i2t_recall_10": 80.64516129032258,
    "test__n_fold_i2t_rsum": 201.61290322580646,
    "test__n_fold_i2t_medr": 1.0,
    "test__n_fold_i2t_meanr": 5.338709677419355,
    "test__n_fold_t2i_recall_1": 53.225806451612904,
    "test__n_fold_t2i_recall_5": 64.51612903225806,
    "test__n_fold_t2i_recall_10": 83.87096774193549,
    "test__n_fold_t2i_rsum": 201.61290322580646,
    "test__n_fold_t2i_medr": 1.0,
    "test__n_fold_t2i_meanr": 6.290322580645161,
    "test__i2t_recall_1": 56.45161290322581,
    "test__i2t_recall_5": 64.51612903225806,
    "test__i2t_recall_10": 80.64516129032258,
    "test__i2t_rsum": 201.61290322580646,
    "test__i2t_medr": 1.0,
    "test__i2t_meanr": 5.338709677419355,
    "test__t2i_recall_1": 53.225806451612904,
    "test__t2i_recall_5": 64.51612903225806,
    "test__t2i_recall_10": 83.87096774193549,
    "test__t2i_rsum": 201.61290322580646,
    "test__t2i_medr": 1.0,
    "test__t2i_meanr": 6.290322580645161
}
[2026-03-19 11:47:22] Round 8!
[2026-03-19 11:47:30] TEST:  Epoch: [8] image	Prec@1 37.778 (41.196)	Prec@5 88.889 (88.372)
[2026-03-19 11:47:30] TEST:  Epoch: [8] image	Prec@1 16.000 (13.595)	Prec@5 48.000 (49.245)
[2026-03-19 11:47:31] TEST:  Epoch: [8] image	Prec@1 60.484 (53.251)	Prec@5 95.968 (92.937)
[2026-03-19 11:47:31] TEST:  Epoch: [8] image	Prec@1 20.000 (20.000)	Prec@5 89.714 (89.714)
[2026-03-19 11:47:31] TEST:  Epoch: [8] image	Prec@1 56.452 (56.452)	Prec@5 56.452 (56.452)
[2026-03-19 11:47:31] TEST:  Epoch: [8] text	Prec@1 0.000 (0.000)	Prec@5 0.000 (0.000)
[2026-03-19 11:47:32] TEST:  Epoch: [8] text	Prec@1 30.667 (32.931)	Prec@5 94.667 (93.656)
[2026-03-19 11:47:32] TEST:  Epoch: [8] text	Prec@1 60.484 (53.251)	Prec@5 98.387 (98.767)
[2026-03-19 11:47:32] TEST:  Epoch: [8] text	Prec@1 20.000 (20.000)	Prec@5 28.000 (28.000)
[2026-03-19 11:47:32] TEST:  Epoch: [8] text	Prec@1 0.000 (0.000)	Prec@5 0.000 (0.000)
[2026-03-19 11:48:11] [Eval] Report @step: 8.00 {
    "test__rsum": 397.00996677740864,
    "test__medr": 6.0,
    "test__meanr": 7.0,
    "test__n_fold_i2t_recall_1": 26.578073089700997,
    "test__n_fold_i2t_recall_5": 85.38205980066445,
    "test__n_fold_i2t_recall_10": 91.0299003322259,
    "test__n_fold_i2t_rsum": 202.99003322259136,
    "test__n_fold_i2t_medr": 3.0,
    "test__n_fold_i2t_meanr": 3.727574750830565,
    "test__n_fold_t2i_recall_1": 3.9867109634551494,
    "test__n_fold_t2i_recall_5": 90.03322259136213,
    "test__n_fold_t2i_recall_10": 100.0,
    "test__n_fold_t2i_rsum": 194.01993355481727,
    "test__n_fold_t2i_medr": 3.0,
    "test__n_fold_t2i_meanr": 3.272425249169435,
    "test__i2t_recall_1": 26.578073089700997,
    "test__i2t_recall_5": 85.38205980066445,
    "test__i2t_recall_10": 91.0299003322259,
    "test__i2t_rsum": 202.99003322259136,
    "test__i2t_medr": 3.0,
    "test__i2t_meanr": 3.727574750830565,
    "test__t2i_recall_1": 3.9867109634551494,
    "test__t2i_recall_5": 90.03322259136213,
    "test__t2i_recall_10": 100.0,
    "test__t2i_rsum": 194.01993355481727,
    "test__t2i_medr": 3.0,
    "test__t2i_meanr": 3.272425249169435
}
[2026-03-19 11:48:39] [Eval] Report @step: 8.00 {
    "test__rsum": 371.2990936555891,
    "test__medr": 5.0,
    "test__meanr": 13.619335347432024,
    "test__n_fold_i2t_recall_1": 26.88821752265861,
    "test__n_fold_i2t_recall_5": 80.06042296072508,
    "test__n_fold_i2t_recall_10": 83.08157099697885,
    "test__n_fold_i2t_rsum": 190.03021148036254,
    "test__n_fold_i2t_medr": 3.0,
    "test__n_fold_i2t_meanr": 6.256797583081571,
    "test__n_fold_t2i_recall_1": 22.658610271903324,
    "test__n_fold_t2i_recall_5": 74.62235649546828,
    "test__n_fold_t2i_recall_10": 83.98791540785498,
    "test__n_fold_t2i_rsum": 181.2688821752266,
    "test__n_fold_t2i_medr": 2.0,
    "test__n_fold_t2i_meanr": 7.362537764350453,
    "test__i2t_recall_1": 26.88821752265861,
    "test__i2t_recall_5": 80.06042296072508,
    "test__i2t_recall_10": 83.08157099697885,
    "test__i2t_rsum": 190.03021148036254,
    "test__i2t_medr": 3.0,
    "test__i2t_meanr": 6.256797583081571,
    "test__t2i_recall_1": 22.658610271903324,
    "test__t2i_recall_5": 74.62235649546828,
    "test__t2i_recall_10": 83.98791540785498,
    "test__t2i_rsum": 181.2688821752266,
    "test__t2i_medr": 2.0,
    "test__t2i_meanr": 7.362537764350453
}
[2026-03-19 11:55:19] [Eval] Report @step: 8.00 {
    "test__rsum": 355.9417040358744,
    "test__medr": 7.0,
    "test__meanr": 12.374439461883409,
    "test__n_fold_i2t_recall_1": 20.40358744394619,
    "test__n_fold_i2t_recall_5": 40.582959641255606,
    "test__n_fold_i2t_recall_10": 88.34080717488789,
    "test__n_fold_i2t_rsum": 149.3273542600897,
    "test__n_fold_i2t_medr": 6.0,
    "test__n_fold_i2t_meanr": 6.369955156950673,
    "test__n_fold_t2i_recall_1": 53.25112107623318,
    "test__n_fold_t2i_recall_5": 74.32735426008969,
    "test__n_fold_t2i_recall_10": 79.03587443946188,
    "test__n_fold_t2i_rsum": 206.61434977578475,
    "test__n_fold_t2i_medr": 1.0,
    "test__n_fold_t2i_meanr": 6.004484304932736,
    "test__i2t_recall_1": 20.40358744394619,
    "test__i2t_recall_5": 40.582959641255606,
    "test__i2t_recall_10": 88.34080717488789,
    "test__i2t_rsum": 149.3273542600897,
    "test__i2t_medr": 6.0,
    "test__i2t_meanr": 6.369955156950673,
    "test__t2i_recall_1": 53.25112107623318,
    "test__t2i_recall_5": 74.32735426008969,
    "test__t2i_recall_10": 79.03587443946188,
    "test__t2i_rsum": 206.61434977578475,
    "test__t2i_medr": 1.0,
    "test__t2i_meanr": 6.004484304932736
}
[2026-03-19 11:55:28] [Eval] Report @step: 8.00 {
    "test__rsum": 277.1428571428571,
    "test__medr": 12.0,
    "test__meanr": 18.485714285714288,
    "test__n_fold_i2t_recall_1": 21.714285714285715,
    "test__n_fold_i2t_recall_5": 36.57142857142857,
    "test__n_fold_i2t_recall_10": 65.14285714285714,
    "test__n_fold_i2t_rsum": 123.42857142857142,
    "test__n_fold_i2t_medr": 8.0,
    "test__n_fold_i2t_meanr": 9.325714285714286,
    "test__n_fold_t2i_recall_1": 20.0,
    "test__n_fold_t2i_recall_5": 60.57142857142857,
    "test__n_fold_t2i_recall_10": 73.14285714285714,
    "test__n_fold_t2i_rsum": 153.71428571428572,
    "test__n_fold_t2i_medr": 4.0,
    "test__n_fold_t2i_meanr": 9.16,
    "test__i2t_recall_1": 21.714285714285715,
    "test__i2t_recall_5": 36.57142857142857,
    "test__i2t_recall_10": 65.14285714285714,
    "test__i2t_rsum": 123.42857142857142,
    "test__i2t_medr": 8.0,
    "test__i2t_meanr": 9.325714285714286,
    "test__t2i_recall_1": 20.0,
    "test__t2i_recall_5": 60.57142857142857,
    "test__t2i_recall_10": 73.14285714285714,
    "test__t2i_rsum": 153.71428571428572,
    "test__t2i_medr": 4.0,
    "test__t2i_meanr": 9.16
}
[2026-03-19 11:55:30] [Eval] Report @step: 8.00 {
    "test__rsum": 359.67741935483866,
    "test__medr": 3.0,
    "test__meanr": 12.112903225806452,
    "test__n_fold_i2t_recall_1": 56.45161290322581,
    "test__n_fold_i2t_recall_5": 64.51612903225806,
    "test__n_fold_i2t_recall_10": 66.12903225806451,
    "test__n_fold_i2t_rsum": 187.09677419354838,
    "test__n_fold_i2t_medr": 1.0,
    "test__n_fold_i2t_meanr": 5.82258064516129,
    "test__n_fold_t2i_recall_1": 8.064516129032258,
    "test__n_fold_t2i_recall_5": 80.64516129032258,
    "test__n_fold_t2i_recall_10": 83.87096774193549,
    "test__n_fold_t2i_rsum": 172.5806451612903,
    "test__n_fold_t2i_medr": 2.0,
    "test__n_fold_t2i_meanr": 6.290322580645161,
    "test__i2t_recall_1": 56.45161290322581,
    "test__i2t_recall_5": 64.51612903225806,
    "test__i2t_recall_10": 66.12903225806451,
    "test__i2t_rsum": 187.09677419354838,
    "test__i2t_medr": 1.0,
    "test__i2t_meanr": 5.82258064516129,
    "test__t2i_recall_1": 8.064516129032258,
    "test__t2i_recall_5": 80.64516129032258,
    "test__t2i_recall_10": 83.87096774193549,
    "test__t2i_rsum": 172.5806451612903,
    "test__t2i_medr": 2.0,
    "test__t2i_meanr": 6.290322580645161
}
[2026-03-19 11:55:31] Round 9!
[2026-03-19 11:55:39] TEST:  Epoch: [9] image	Prec@1 37.778 (41.196)	Prec@5 88.889 (88.372)
[2026-03-19 11:55:40] TEST:  Epoch: [9] image	Prec@1 16.000 (13.595)	Prec@5 48.000 (49.245)
[2026-03-19 11:55:40] TEST:  Epoch: [9] image	Prec@1 60.484 (53.251)	Prec@5 95.968 (92.937)
[2026-03-19 11:55:40] TEST:  Epoch: [9] image	Prec@1 20.000 (20.000)	Prec@5 89.714 (89.714)
[2026-03-19 11:55:40] TEST:  Epoch: [9] image	Prec@1 56.452 (56.452)	Prec@5 74.194 (74.194)
[2026-03-19 11:55:40] TEST:  Epoch: [9] text	Prec@1 0.000 (0.000)	Prec@5 0.000 (0.000)
[2026-03-19 11:55:41] TEST:  Epoch: [9] text	Prec@1 30.667 (32.931)	Prec@5 94.667 (93.656)
[2026-03-19 11:55:41] TEST:  Epoch: [9] text	Prec@1 60.484 (53.251)	Prec@5 98.387 (98.767)
[2026-03-19 11:55:41] TEST:  Epoch: [9] text	Prec@1 20.000 (20.000)	Prec@5 40.571 (40.571)
[2026-03-19 11:55:41] TEST:  Epoch: [9] text	Prec@1 0.000 (0.000)	Prec@5 0.000 (0.000)
[2026-03-19 11:56:20] [Eval] Report @step: 9.00 {
    "test__rsum": 399.6677740863787,
    "test__medr": 6.0,
    "test__meanr": 9.39202657807309,
    "test__n_fold_i2t_recall_1": 26.245847176079735,
    "test__n_fold_i2t_recall_5": 84.71760797342192,
    "test__n_fold_i2t_recall_10": 85.38205980066445,
    "test__n_fold_i2t_rsum": 196.3455149501661,
    "test__n_fold_i2t_medr": 3.0,
    "test__n_fold_i2t_meanr": 6.01328903654485,
    "test__n_fold_t2i_recall_1": 19.269102990033222,
    "test__n_fold_t2i_recall_5": 84.0531561461794,
    "test__n_fold_t2i_recall_10": 100.0,
    "test__n_fold_t2i_rsum": 203.3222591362126,
    "test__n_fold_t2i_medr": 3.0,
    "test__n_fold_t2i_meanr": 3.3787375415282392,
    "test__i2t_recall_1": 26.245847176079735,
    "test__i2t_recall_5": 84.71760797342192,
    "test__i2t_recall_10": 85.38205980066445,
    "test__i2t_rsum": 196.3455149501661,
    "test__i2t_medr": 3.0,
    "test__i2t_meanr": 6.01328903654485,
    "test__t2i_recall_1": 19.269102990033222,
    "test__t2i_recall_5": 84.0531561461794,
    "test__t2i_recall_10": 100.0,
    "test__t2i_rsum": 203.3222591362126,
    "test__t2i_medr": 3.0,
    "test__t2i_meanr": 3.3787375415282392
}
[2026-03-19 11:57:01] [Eval] Report @step: 9.00 {
    "test__rsum": 386.70694864048335,
    "test__medr": 5.0,
    "test__meanr": 13.045317220543808,
    "test__n_fold_i2t_recall_1": 26.88821752265861,
    "test__n_fold_i2t_recall_5": 84.89425981873111,
    "test__n_fold_i2t_recall_10": 93.05135951661632,
    "test__n_fold_i2t_rsum": 204.83383685800604,
    "test__n_fold_i2t_medr": 3.0,
    "test__n_fold_i2t_meanr": 4.879154078549849,
    "test__n_fold_t2i_recall_1": 31.72205438066465,
    "test__n_fold_t2i_recall_5": 69.78851963746223,
    "test__n_fold_t2i_recall_10": 80.36253776435045,
    "test__n_fold_t2i_rsum": 181.87311178247734,
    "test__n_fold_t2i_medr": 2.0,
    "test__n_fold_t2i_meanr": 8.166163141993959,
    "test__i2t_recall_1": 26.88821752265861,
    "test__i2t_recall_5": 84.89425981873111,
    "test__i2t_recall_10": 93.05135951661632,
    "test__i2t_rsum": 204.83383685800604,
    "test__i2t_medr": 3.0,
    "test__i2t_meanr": 4.879154078549849,
    "test__t2i_recall_1": 31.72205438066465,
    "test__t2i_recall_5": 69.78851963746223,
    "test__t2i_recall_10": 80.36253776435045,
    "test__t2i_rsum": 181.87311178247734,
    "test__t2i_medr": 2.0,
    "test__t2i_meanr": 8.166163141993959
}
[2026-03-19 12:03:27] [Eval] Report @step: 9.00 {
    "test__rsum": 419.95515695067263,
    "test__medr": 4.0,
    "test__meanr": 8.597533632286995,
    "test__n_fold_i2t_recall_1": 20.067264573991032,
    "test__n_fold_i2t_recall_5": 89.46188340807174,
    "test__n_fold_i2t_recall_10": 92.82511210762331,
    "test__n_fold_i2t_rsum": 202.35426008968608,
    "test__n_fold_i2t_medr": 3.0,
    "test__n_fold_i2t_meanr": 3.765695067264574,
    "test__n_fold_t2i_recall_1": 53.25112107623318,
    "test__n_fold_t2i_recall_5": 78.81165919282512,
    "test__n_fold_t2i_recall_10": 85.53811659192826,
    "test__n_fold_t2i_rsum": 217.60089686098655,
    "test__n_fold_t2i_medr": 1.0,
    "test__n_fold_t2i_meanr": 4.831838565022421,
    "test__i2t_recall_1": 20.067264573991032,
    "test__i2t_recall_5": 89.46188340807174,
    "test__i2t_recall_10": 92.82511210762331,
    "test__i2t_rsum": 202.35426008968608,
    "test__i2t_medr": 3.0,
    "test__i2t_meanr": 3.765695067264574,
    "test__t2i_recall_1": 53.25112107623318,
    "test__t2i_recall_5": 78.81165919282512,
    "test__t2i_recall_10": 85.53811659192826,
    "test__t2i_rsum": 217.60089686098655,
    "test__t2i_medr": 1.0,
    "test__t2i_meanr": 4.831838565022421
}
[2026-03-19 12:03:36] [Eval] Report @step: 9.00 {
    "test__rsum": 258.2857142857143,
    "test__medr": 12.0,
    "test__meanr": 18.10857142857143,
    "test__n_fold_i2t_recall_1": 20.0,
    "test__n_fold_i2t_recall_5": 47.42857142857143,
    "test__n_fold_i2t_recall_10": 59.42857142857143,
    "test__n_fold_i2t_rsum": 126.85714285714286,
    "test__n_fold_i2t_medr": 6.0,
    "test__n_fold_i2t_meanr": 8.622857142857143,
    "test__n_fold_t2i_recall_1": 20.0,
    "test__n_fold_t2i_recall_5": 33.714285714285715,
    "test__n_fold_t2i_recall_10": 77.71428571428571,
    "test__n_fold_t2i_rsum": 131.42857142857142,
    "test__n_fold_t2i_medr": 6.0,
    "test__n_fold_t2i_meanr": 9.485714285714286,
    "test__i2t_recall_1": 20.0,
    "test__i2t_recall_5": 47.42857142857143,
    "test__i2t_recall_10": 59.42857142857143,
    "test__i2t_rsum": 126.85714285714286,
    "test__i2t_medr": 6.0,
    "test__i2t_meanr": 8.622857142857143,
    "test__t2i_recall_1": 20.0,
    "test__t2i_recall_5": 33.714285714285715,
    "test__t2i_recall_10": 77.71428571428571,
    "test__t2i_rsum": 131.42857142857142,
    "test__t2i_medr": 6.0,
    "test__t2i_meanr": 9.485714285714286
}
[2026-03-19 12:03:38] [Eval] Report @step: 9.00 {
    "test__rsum": 361.2903225806452,
    "test__medr": 3.0,
    "test__meanr": 11.612903225806452,
    "test__n_fold_i2t_recall_1": 56.45161290322581,
    "test__n_fold_i2t_recall_5": 61.29032258064516,
    "test__n_fold_i2t_recall_10": 69.35483870967742,
    "test__n_fold_i2t_rsum": 187.0967741935484,
    "test__n_fold_i2t_medr": 1.0,
    "test__n_fold_i2t_meanr": 6.193548387096774,
    "test__n_fold_t2i_recall_1": 8.064516129032258,
    "test__n_fold_t2i_recall_5": 82.25806451612904,
    "test__n_fold_t2i_recall_10": 83.87096774193549,
    "test__n_fold_t2i_rsum": 174.19354838709677,
    "test__n_fold_t2i_medr": 2.0,
    "test__n_fold_t2i_meanr": 5.419354838709677,
    "test__i2t_recall_1": 56.45161290322581,
    "test__i2t_recall_5": 61.29032258064516,
    "test__i2t_recall_10": 69.35483870967742,
    "test__i2t_rsum": 187.0967741935484,
    "test__i2t_medr": 1.0,
    "test__i2t_meanr": 6.193548387096774,
    "test__t2i_recall_1": 8.064516129032258,
    "test__t2i_recall_5": 82.25806451612904,
    "test__t2i_recall_10": 83.87096774193549,
    "test__t2i_rsum": 174.19354838709677,
    "test__t2i_medr": 2.0,
    "test__t2i_meanr": 5.419354838709677
}
[2026-03-19 12:03:38] Round 10!
[2026-03-19 12:03:47] TEST:  Epoch: [10] image	Prec@1 37.778 (41.196)	Prec@5 88.889 (88.372)
[2026-03-19 12:03:47] TEST:  Epoch: [10] image	Prec@1 26.667 (29.607)	Prec@5 60.000 (61.631)
[2026-03-19 12:03:48] TEST:  Epoch: [10] image	Prec@1 60.484 (53.251)	Prec@5 98.387 (98.318)
[2026-03-19 12:03:48] TEST:  Epoch: [10] image	Prec@1 20.000 (20.000)	Prec@5 89.714 (89.714)
[2026-03-19 12:03:48] TEST:  Epoch: [10] image	Prec@1 56.452 (56.452)	Prec@5 74.194 (74.194)
[2026-03-19 12:03:48] TEST:  Epoch: [10] text	Prec@1 0.000 (0.000)	Prec@5 8.889 (12.957)
[2026-03-19 12:03:48] TEST:  Epoch: [10] text	Prec@1 30.667 (32.931)	Prec@5 94.667 (93.656)
[2026-03-19 12:03:49] TEST:  Epoch: [10] text	Prec@1 60.484 (53.251)	Prec@5 98.387 (98.767)
[2026-03-19 12:03:49] TEST:  Epoch: [10] text	Prec@1 20.000 (20.000)	Prec@5 48.571 (48.571)
[2026-03-19 12:03:49] TEST:  Epoch: [10] text	Prec@1 0.000 (0.000)	Prec@5 0.000 (0.000)
[2026-03-19 12:04:28] [Eval] Report @step: 10.00 {
    "test__rsum": 400.9966777408638,
    "test__medr": 5.0,
    "test__meanr": 9.561461794019934,
    "test__n_fold_i2t_recall_1": 26.910299003322258,
    "test__n_fold_i2t_recall_5": 83.72093023255815,
    "test__n_fold_i2t_recall_10": 85.38205980066445,
    "test__n_fold_i2t_rsum": 196.01328903654485,
    "test__n_fold_i2t_medr": 2.0,
    "test__n_fold_i2t_meanr": 5.840531561461794,
    "test__n_fold_t2i_recall_1": 35.21594684385382,
    "test__n_fold_t2i_recall_5": 70.7641196013289,
    "test__n_fold_t2i_recall_10": 99.00332225913621,
    "test__n_fold_t2i_rsum": 204.98338870431894,
    "test__n_fold_t2i_medr": 3.0,
    "test__n_fold_t2i_meanr": 3.7209302325581395,
    "test__i2t_recall_1": 26.910299003322258,
    "test__i2t_recall_5": 83.72093023255815,
    "test__i2t_recall_10": 85.38205980066445,
    "test__i2t_rsum": 196.01328903654485,
    "test__i2t_medr": 2.0,
    "test__i2t_meanr": 5.840531561461794,
    "test__t2i_recall_1": 35.21594684385382,
    "test__t2i_recall_5": 70.7641196013289,
    "test__t2i_recall_10": 99.00332225913621,
    "test__t2i_rsum": 204.98338870431894,
    "test__t2i_medr": 3.0,
    "test__t2i_meanr": 3.7209302325581395
}
[2026-03-19 12:05:08] [Eval] Report @step: 10.00 {
    "test__rsum": 386.1027190332326,
    "test__medr": 5.0,
    "test__meanr": 12.38368580060423,
    "test__n_fold_i2t_recall_1": 26.88821752265861,
    "test__n_fold_i2t_recall_5": 75.83081570996978,
    "test__n_fold_i2t_recall_10": 90.6344410876133,
    "test__n_fold_i2t_rsum": 193.35347432024167,
    "test__n_fold_i2t_medr": 3.0,
    "test__n_fold_i2t_meanr": 5.238670694864048,
    "test__n_fold_t2i_recall_1": 36.858006042296076,
    "test__n_fold_t2i_recall_5": 74.92447129909365,
    "test__n_fold_t2i_recall_10": 80.96676737160121,
    "test__n_fold_t2i_rsum": 192.74924471299093,
    "test__n_fold_t2i_medr": 2.0,
    "test__n_fold_t2i_meanr": 7.145015105740181,
    "test__i2t_recall_1": 26.88821752265861,
    "test__i2t_recall_5": 75.83081570996978,
    "test__i2t_recall_10": 90.6344410876133,
    "test__i2t_rsum": 193.35347432024167,
    "test__i2t_medr": 3.0,
    "test__i2t_meanr": 5.238670694864048,
    "test__t2i_recall_1": 36.858006042296076,
    "test__t2i_recall_5": 74.92447129909365,
    "test__t2i_recall_10": 80.96676737160121,
    "test__t2i_rsum": 192.74924471299093,
    "test__t2i_medr": 2.0,
    "test__t2i_meanr": 7.145015105740181
}
[2026-03-19 12:11:46] [Eval] Report @step: 10.00 {
    "test__rsum": 429.7085201793722,
    "test__medr": 4.0,
    "test__meanr": 7.788116591928251,
    "test__n_fold_i2t_recall_1": 20.291479820627803,
    "test__n_fold_i2t_recall_5": 89.12556053811659,
    "test__n_fold_i2t_recall_10": 95.96412556053812,
    "test__n_fold_i2t_rsum": 205.38116591928252,
    "test__n_fold_i2t_medr": 3.0,
    "test__n_fold_i2t_meanr": 3.3632286995515694,
    "test__n_fold_t2i_recall_1": 53.25112107623318,
    "test__n_fold_t2i_recall_5": 82.39910313901345,
    "test__n_fold_t2i_recall_10": 88.67713004484305,
    "test__n_fold_t2i_rsum": 224.3273542600897,
    "test__n_fold_t2i_medr": 1.0,
    "test__n_fold_t2i_meanr": 4.424887892376681,
    "test__i2t_recall_1": 20.291479820627803,
    "test__i2t_recall_5": 89.12556053811659,
    "test__i2t_recall_10": 95.96412556053812,
    "test__i2t_rsum": 205.38116591928252,
    "test__i2t_medr": 3.0,
    "test__i2t_meanr": 3.3632286995515694,
    "test__t2i_recall_1": 53.25112107623318,
    "test__t2i_recall_5": 82.39910313901345,
    "test__t2i_recall_10": 88.67713004484305,
    "test__t2i_rsum": 224.3273542600897,
    "test__t2i_medr": 1.0,
    "test__t2i_meanr": 4.424887892376681
}
[2026-03-19 12:11:55] [Eval] Report @step: 10.00 {
    "test__rsum": 273.7142857142857,
    "test__medr": 13.0,
    "test__meanr": 17.04,
    "test__n_fold_i2t_recall_1": 23.428571428571427,
    "test__n_fold_i2t_recall_5": 49.714285714285715,
    "test__n_fold_i2t_recall_10": 64.57142857142857,
    "test__n_fold_i2t_rsum": 137.71428571428572,
    "test__n_fold_i2t_medr": 6.0,
    "test__n_fold_i2t_meanr": 8.097142857142856,
    "test__n_fold_t2i_recall_1": 20.0,
    "test__n_fold_t2i_recall_5": 36.0,
    "test__n_fold_t2i_recall_10": 80.0,
    "test__n_fold_t2i_rsum": 136.0,
    "test__n_fold_t2i_medr": 7.0,
    "test__n_fold_t2i_meanr": 8.942857142857143,
    "test__i2t_recall_1": 23.428571428571427,
    "test__i2t_recall_5": 49.714285714285715,
    "test__i2t_recall_10": 64.57142857142857,
    "test__i2t_rsum": 137.71428571428572,
    "test__i2t_medr": 6.0,
    "test__i2t_meanr": 8.097142857142856,
    "test__t2i_recall_1": 20.0,
    "test__t2i_recall_5": 36.0,
    "test__t2i_recall_10": 80.0,
    "test__t2i_rsum": 136.0,
    "test__t2i_medr": 7.0,
    "test__t2i_meanr": 8.942857142857143
}
[2026-03-19 12:11:57] [Eval] Report @step: 10.00 {
    "test__rsum": 369.35483870967744,
    "test__medr": 4.0,
    "test__meanr": 10.048387096774194,
    "test__n_fold_i2t_recall_1": 56.45161290322581,
    "test__n_fold_i2t_recall_5": 61.29032258064516,
    "test__n_fold_i2t_recall_10": 77.41935483870968,
    "test__n_fold_i2t_rsum": 195.16129032258067,
    "test__n_fold_i2t_medr": 1.0,
    "test__n_fold_i2t_meanr": 5.080645161290323,
    "test__n_fold_t2i_recall_1": 8.064516129032258,
    "test__n_fold_t2i_recall_5": 82.25806451612904,
    "test__n_fold_t2i_recall_10": 83.87096774193549,
    "test__n_fold_t2i_rsum": 174.19354838709677,
    "test__n_fold_t2i_medr": 3.0,
    "test__n_fold_t2i_meanr": 4.967741935483871,
    "test__i2t_recall_1": 56.45161290322581,
    "test__i2t_recall_5": 61.29032258064516,
    "test__i2t_recall_10": 77.41935483870968,
    "test__i2t_rsum": 195.16129032258067,
    "test__i2t_medr": 1.0,
    "test__i2t_meanr": 5.080645161290323,
    "test__t2i_recall_1": 8.064516129032258,
    "test__t2i_recall_5": 82.25806451612904,
    "test__t2i_recall_10": 83.87096774193549,
    "test__t2i_rsum": 174.19354838709677,
    "test__t2i_medr": 3.0,
    "test__t2i_meanr": 4.967741935483871
}
[2026-03-19 12:11:58] Round 11!
[2026-03-19 12:12:06] TEST:  Epoch: [11] image	Prec@1 37.778 (41.196)	Prec@5 95.556 (95.349)
[2026-03-19 12:12:06] TEST:  Epoch: [11] image	Prec@1 30.667 (32.931)	Prec@5 94.667 (93.656)
[2026-03-19 12:12:07] TEST:  Epoch: [11] image	Prec@1 60.484 (53.251)	Prec@5 98.387 (98.767)
[2026-03-19 12:12:07] TEST:  Epoch: [11] image	Prec@1 20.000 (20.000)	Prec@5 89.714 (89.714)
[2026-03-19 12:12:07] TEST:  Epoch: [11] image	Prec@1 56.452 (56.452)	Prec@5 74.194 (74.194)
[2026-03-19 12:12:07] TEST:  Epoch: [11] text	Prec@1 15.556 (10.963)	Prec@5 51.111 (51.827)
[2026-03-19 12:12:08] TEST:  Epoch: [11] text	Prec@1 30.667 (32.931)	Prec@5 94.667 (93.656)
[2026-03-19 12:12:08] TEST:  Epoch: [11] text	Prec@1 60.484 (53.251)	Prec@5 98.387 (98.767)
[2026-03-19 12:12:08] TEST:  Epoch: [11] text	Prec@1 20.000 (20.000)	Prec@5 48.571 (48.571)
[2026-03-19 12:12:08] TEST:  Epoch: [11] text	Prec@1 0.000 (0.000)	Prec@5 0.000 (0.000)
[2026-03-19 12:12:35] [Eval] Report @step: 11.00 {
    "test__rsum": 417.6079734219269,
    "test__medr": 5.0,
    "test__meanr": 8.956810631229235,
    "test__n_fold_i2t_recall_1": 35.880398671096344,
    "test__n_fold_i2t_recall_5": 82.05980066445183,
    "test__n_fold_i2t_recall_10": 86.04651162790698,
    "test__n_fold_i2t_rsum": 203.98671096345515,
    "test__n_fold_i2t_medr": 2.0,
    "test__n_fold_i2t_meanr": 5.3023255813953485,
    "test__n_fold_t2i_recall_1": 38.87043189368771,
    "test__n_fold_t2i_recall_5": 75.74750830564784,
    "test__n_fold_t2i_recall_10": 99.00332225913621,
    "test__n_fold_t2i_rsum": 213.62126245847176,
    "test__n_fold_t2i_medr": 3.0,
    "test__n_fold_t2i_meanr": 3.654485049833887,
    "test__i2t_recall_1": 35.880398671096344,
    "test__i2t_recall_5": 82.05980066445183,
    "test__i2t_recall_10": 86.04651162790698,
    "test__i2t_rsum": 203.98671096345515,
    "test__i2t_medr": 2.0,
    "test__i2t_meanr": 5.3023255813953485,
    "test__t2i_recall_1": 38.87043189368771,
    "test__t2i_recall_5": 75.74750830564784,
    "test__t2i_recall_10": 99.00332225913621,
    "test__t2i_rsum": 213.62126245847176,
    "test__t2i_medr": 3.0,
    "test__t2i_meanr": 3.654485049833887
}
[2026-03-19 12:13:13] [Eval] Report @step: 11.00 {
    "test__rsum": 383.0815709969788,
    "test__medr": 5.0,
    "test__meanr": 11.374622356495468,
    "test__n_fold_i2t_recall_1": 25.6797583081571,
    "test__n_fold_i2t_recall_5": 73.1117824773414,
    "test__n_fold_i2t_recall_10": 86.70694864048339,
    "test__n_fold_i2t_rsum": 185.4984894259819,
    "test__n_fold_i2t_medr": 3.0,
    "test__n_fold_i2t_meanr": 5.280966767371601,
    "test__n_fold_t2i_recall_1": 38.972809667673715,
    "test__n_fold_t2i_recall_5": 75.52870090634441,
    "test__n_fold_t2i_recall_10": 83.08157099697885,
    "test__n_fold_t2i_rsum": 197.58308157099697,
    "test__n_fold_t2i_medr": 2.0,
    "test__n_fold_t2i_meanr": 6.093655589123867,
    "test__i2t_recall_1": 25.6797583081571,
    "test__i2t_recall_5": 73.1117824773414,
    "test__i2t_recall_10": 86.70694864048339,
    "test__i2t_rsum": 185.4984894259819,
    "test__i2t_medr": 3.0,
    "test__i2t_meanr": 5.280966767371601,
    "test__t2i_recall_1": 38.972809667673715,
    "test__t2i_recall_5": 75.52870090634441,
    "test__t2i_recall_10": 83.08157099697885,
    "test__t2i_rsum": 197.58308157099697,
    "test__t2i_medr": 2.0,
    "test__t2i_meanr": 6.093655589123867
}
[2026-03-19 12:19:55] [Eval] Report @step: 11.00 {
    "test__rsum": 430.3811659192825,
    "test__medr": 4.0,
    "test__meanr": 7.741031390134529,
    "test__n_fold_i2t_recall_1": 20.179372197309416,
    "test__n_fold_i2t_recall_5": 89.79820627802691,
    "test__n_fold_i2t_recall_10": 96.97309417040358,
    "test__n_fold_i2t_rsum": 206.95067264573993,
    "test__n_fold_i2t_medr": 3.0,
    "test__n_fold_i2t_meanr": 3.289237668161435,
    "test__n_fold_t2i_recall_1": 53.25112107623318,
    "test__n_fold_t2i_recall_5": 82.39910313901345,
    "test__n_fold_t2i_recall_10": 87.78026905829596,
    "test__n_fold_t2i_rsum": 223.4304932735426,
    "test__n_fold_t2i_medr": 1.0,
    "test__n_fold_t2i_meanr": 4.451793721973094,
    "test__i2t_recall_1": 20.179372197309416,
    "test__i2t_recall_5": 89.79820627802691,
    "test__i2t_recall_10": 96.97309417040358,
    "test__i2t_rsum": 206.95067264573993,
    "test__i2t_medr": 3.0,
    "test__i2t_meanr": 3.289237668161435,
    "test__t2i_recall_1": 53.25112107623318,
    "test__t2i_recall_5": 82.39910313901345,
    "test__t2i_recall_10": 87.78026905829596,
    "test__t2i_rsum": 223.4304932735426,
    "test__t2i_medr": 1.0,
    "test__t2i_meanr": 4.451793721973094
}
[2026-03-19 12:20:04] [Eval] Report @step: 11.00 {
    "test__rsum": 286.28571428571433,
    "test__medr": 11.0,
    "test__meanr": 15.811428571428571,
    "test__n_fold_i2t_recall_1": 25.142857142857142,
    "test__n_fold_i2t_recall_5": 50.857142857142854,
    "test__n_fold_i2t_recall_10": 71.42857142857143,
    "test__n_fold_i2t_rsum": 147.42857142857144,
    "test__n_fold_i2t_medr": 5.0,
    "test__n_fold_i2t_meanr": 7.422857142857143,
    "test__n_fold_t2i_recall_1": 19.428571428571427,
    "test__n_fold_t2i_recall_5": 40.0,
    "test__n_fold_t2i_recall_10": 79.42857142857143,
    "test__n_fold_t2i_rsum": 138.85714285714286,
    "test__n_fold_t2i_medr": 6.0,
    "test__n_fold_t2i_meanr": 8.388571428571428,
    "test__i2t_recall_1": 25.142857142857142,
    "test__i2t_recall_5": 50.857142857142854,
    "test__i2t_recall_10": 71.42857142857143,
    "test__i2t_rsum": 147.42857142857144,
    "test__i2t_medr": 5.0,
    "test__i2t_meanr": 7.422857142857143,
    "test__t2i_recall_1": 19.428571428571427,
    "test__t2i_recall_5": 40.0,
    "test__t2i_recall_10": 79.42857142857143,
    "test__t2i_rsum": 138.85714285714286,
    "test__t2i_medr": 6.0,
    "test__t2i_meanr": 8.388571428571428
}
[2026-03-19 12:20:06] [Eval] Report @step: 11.00 {
    "test__rsum": 395.1612903225806,
    "test__medr": 4.0,
    "test__meanr": 9.483870967741936,
    "test__n_fold_i2t_recall_1": 54.83870967741935,
    "test__n_fold_i2t_recall_5": 67.74193548387096,
    "test__n_fold_i2t_recall_10": 87.09677419354838,
    "test__n_fold_i2t_rsum": 209.6774193548387,
    "test__n_fold_i2t_medr": 1.0,
    "test__n_fold_i2t_meanr": 4.419354838709678,
    "test__n_fold_t2i_recall_1": 19.35483870967742,
    "test__n_fold_t2i_recall_5": 82.25806451612904,
    "test__n_fold_t2i_recall_10": 83.87096774193549,
    "test__n_fold_t2i_rsum": 185.48387096774195,
    "test__n_fold_t2i_medr": 3.0,
    "test__n_fold_t2i_meanr": 5.064516129032258,
    "test__i2t_recall_1": 54.83870967741935,
    "test__i2t_recall_5": 67.74193548387096,
    "test__i2t_recall_10": 87.09677419354838,
    "test__i2t_rsum": 209.6774193548387,
    "test__i2t_medr": 1.0,
    "test__i2t_meanr": 4.419354838709678,
    "test__t2i_recall_1": 19.35483870967742,
    "test__t2i_recall_5": 82.25806451612904,
    "test__t2i_recall_10": 83.87096774193549,
    "test__t2i_rsum": 185.48387096774195,
    "test__t2i_medr": 3.0,
    "test__t2i_meanr": 5.064516129032258
}
[2026-03-19 12:20:07] Round 12!
[2026-03-19 12:20:16] TEST:  Epoch: [12] image	Prec@1 37.778 (41.196)	Prec@5 95.556 (96.013)
[2026-03-19 12:20:16] TEST:  Epoch: [12] image	Prec@1 30.667 (32.931)	Prec@5 94.667 (93.656)
[2026-03-19 12:20:16] TEST:  Epoch: [12] image	Prec@1 60.484 (53.251)	Prec@5 98.387 (98.767)
[2026-03-19 12:20:17] TEST:  Epoch: [12] image	Prec@1 20.000 (20.000)	Prec@5 89.714 (89.714)
[2026-03-19 12:20:17] TEST:  Epoch: [12] image	Prec@1 56.452 (56.452)	Prec@5 74.194 (74.194)
[2026-03-19 12:20:17] TEST:  Epoch: [12] text	Prec@1 37.778 (41.196)	Prec@5 71.111 (67.774)
[2026-03-19 12:20:17] TEST:  Epoch: [12] text	Prec@1 30.667 (32.931)	Prec@5 94.667 (93.656)
[2026-03-19 12:20:18] TEST:  Epoch: [12] text	Prec@1 60.484 (53.251)	Prec@5 98.387 (98.767)
[2026-03-19 12:20:18] TEST:  Epoch: [12] text	Prec@1 20.000 (20.000)	Prec@5 50.286 (50.286)
[2026-03-19 12:20:18] TEST:  Epoch: [12] text	Prec@1 0.000 (0.000)	Prec@5 0.000 (0.000)
[2026-03-19 12:20:57] [Eval] Report @step: 12.00 {
    "test__rsum": 425.9136212624585,
    "test__medr": 4.0,
    "test__meanr": 9.132890365448505,
    "test__n_fold_i2t_recall_1": 44.85049833887043,
    "test__n_fold_i2t_recall_5": 79.40199335548172,
    "test__n_fold_i2t_recall_10": 87.04318936877077,
    "test__n_fold_i2t_rsum": 211.2956810631229,
    "test__n_fold_i2t_medr": 2.0,
    "test__n_fold_i2t_meanr": 5.617940199335548,
    "test__n_fold_t2i_recall_1": 39.8671096345515,
    "test__n_fold_t2i_recall_5": 75.74750830564784,
    "test__n_fold_t2i_recall_10": 99.00332225913621,
    "test__n_fold_t2i_rsum": 214.61794019933555,
    "test__n_fold_t2i_medr": 2.0,
    "test__n_fold_t2i_meanr": 3.514950166112957,
    "test__i2t_recall_1": 44.85049833887043,
    "test__i2t_recall_5": 79.40199335548172,
    "test__i2t_recall_10": 87.04318936877077,
    "test__i2t_rsum": 211.2956810631229,
    "test__i2t_medr": 2.0,
    "test__i2t_meanr": 5.617940199335548,
    "test__t2i_recall_1": 39.8671096345515,
    "test__t2i_recall_5": 75.74750830564784,
    "test__t2i_recall_10": 99.00332225913621,
    "test__t2i_rsum": 214.61794019933555,
    "test__t2i_medr": 2.0,
    "test__t2i_meanr": 3.514950166112957
}
[2026-03-19 12:21:38] [Eval] Report @step: 12.00 {
    "test__rsum": 391.5407854984894,
    "test__medr": 5.0,
    "test__meanr": 10.380664652567976,
    "test__n_fold_i2t_recall_1": 33.8368580060423,
    "test__n_fold_i2t_recall_5": 75.83081570996978,
    "test__n_fold_i2t_recall_10": 86.70694864048339,
    "test__n_fold_i2t_rsum": 196.37462235649548,
    "test__n_fold_i2t_medr": 3.0,
    "test__n_fold_i2t_meanr": 4.954682779456194,
    "test__n_fold_t2i_recall_1": 37.764350453172206,
    "test__n_fold_t2i_recall_5": 75.52870090634441,
    "test__n_fold_t2i_recall_10": 81.87311178247734,
    "test__n_fold_t2i_rsum": 195.16616314199396,
    "test__n_fold_t2i_medr": 2.0,
    "test__n_fold_t2i_meanr": 5.425981873111782,
    "test__i2t_recall_1": 33.8368580060423,
    "test__i2t_recall_5": 75.83081570996978,
    "test__i2t_recall_10": 86.70694864048339,
    "test__i2t_rsum": 196.37462235649548,
    "test__i2t_medr": 3.0,
    "test__i2t_meanr": 4.954682779456194,
    "test__t2i_recall_1": 37.764350453172206,
    "test__t2i_recall_5": 75.52870090634441,
    "test__t2i_recall_10": 81.87311178247734,
    "test__t2i_rsum": 195.16616314199396,
    "test__t2i_medr": 2.0,
    "test__t2i_meanr": 5.425981873111782
}
[2026-03-19 12:27:45] [Eval] Report @step: 12.00 {
    "test__rsum": 426.1210762331838,
    "test__medr": 3.0,
    "test__meanr": 7.869955156950673,
    "test__n_fold_i2t_recall_1": 20.515695067264573,
    "test__n_fold_i2t_recall_5": 86.88340807174887,
    "test__n_fold_i2t_recall_10": 93.94618834080717,
    "test__n_fold_i2t_rsum": 201.34529147982062,
    "test__n_fold_i2t_medr": 2.0,
    "test__n_fold_i2t_meanr": 3.6221973094170403,
    "test__n_fold_t2i_recall_1": 52.91479820627803,
    "test__n_fold_t2i_recall_5": 83.5201793721973,
    "test__n_fold_t2i_recall_10": 88.34080717488789,
    "test__n_fold_t2i_rsum": 224.7757847533632,
    "test__n_fold_t2i_medr": 1.0,
    "test__n_fold_t2i_meanr": 4.247757847533633,
    "test__i2t_recall_1": 20.515695067264573,
    "test__i2t_recall_5": 86.88340807174887,
    "test__i2t_recall_10": 93.94618834080717,
    "test__i2t_rsum": 201.34529147982062,
    "test__i2t_medr": 2.0,
    "test__i2t_meanr": 3.6221973094170403,
    "test__t2i_recall_1": 52.91479820627803,
    "test__t2i_recall_5": 83.5201793721973,
    "test__t2i_recall_10": 88.34080717488789,
    "test__t2i_rsum": 224.7757847533632,
    "test__t2i_medr": 1.0,
    "test__t2i_meanr": 4.247757847533633
}
[2026-03-19 12:27:51] [Eval] Report @step: 12.00 {
    "test__rsum": 300.57142857142856,
    "test__medr": 11.0,
    "test__meanr": 14.474285714285715,
    "test__n_fold_i2t_recall_1": 25.714285714285715,
    "test__n_fold_i2t_recall_5": 52.0,
    "test__n_fold_i2t_recall_10": 78.28571428571429,
    "test__n_fold_i2t_rsum": 156.0,
    "test__n_fold_i2t_medr": 5.0,
    "test__n_fold_i2t_meanr": 6.428571428571429,
    "test__n_fold_t2i_recall_1": 17.142857142857142,
    "test__n_fold_t2i_recall_5": 46.285714285714285,
    "test__n_fold_t2i_recall_10": 81.14285714285714,
    "test__n_fold_t2i_rsum": 144.57142857142856,
    "test__n_fold_t2i_medr": 6.0,
    "test__n_fold_t2i_meanr": 8.045714285714286,
    "test__i2t_recall_1": 25.714285714285715,
    "test__i2t_recall_5": 52.0,
    "test__i2t_recall_10": 78.28571428571429,
    "test__i2t_rsum": 156.0,
    "test__i2t_medr": 5.0,
    "test__i2t_meanr": 6.428571428571429,
    "test__t2i_recall_1": 17.142857142857142,
    "test__t2i_recall_5": 46.285714285714285,
    "test__t2i_recall_10": 81.14285714285714,
    "test__t2i_rsum": 144.57142857142856,
    "test__t2i_medr": 6.0,
    "test__t2i_meanr": 8.045714285714286
}
[2026-03-19 12:27:53] [Eval] Report @step: 12.00 {
    "test__rsum": 417.741935483871,
    "test__medr": 5.0,
    "test__meanr": 8.82258064516129,
    "test__n_fold_i2t_recall_1": 56.45161290322581,
    "test__n_fold_i2t_recall_5": 77.41935483870968,
    "test__n_fold_i2t_recall_10": 91.93548387096774,
    "test__n_fold_i2t_rsum": 225.80645161290323,
    "test__n_fold_i2t_medr": 1.0,
    "test__n_fold_i2t_meanr": 3.7903225806451615,
    "test__n_fold_t2i_recall_1": 20.967741935483872,
    "test__n_fold_t2i_recall_5": 83.87096774193549,
    "test__n_fold_t2i_recall_10": 87.09677419354838,
    "test__n_fold_t2i_rsum": 191.93548387096774,
    "test__n_fold_t2i_medr": 4.0,
    "test__n_fold_t2i_meanr": 5.032258064516129,
    "test__i2t_recall_1": 56.45161290322581,
    "test__i2t_recall_5": 77.41935483870968,
    "test__i2t_recall_10": 91.93548387096774,
    "test__i2t_rsum": 225.80645161290323,
    "test__i2t_medr": 1.0,
    "test__i2t_meanr": 3.7903225806451615,
    "test__t2i_recall_1": 20.967741935483872,
    "test__t2i_recall_5": 83.87096774193549,
    "test__t2i_recall_10": 87.09677419354838,
    "test__t2i_rsum": 191.93548387096774,
    "test__t2i_medr": 4.0,
    "test__t2i_meanr": 5.032258064516129
}
[2026-03-19 12:27:53] Round 13!
[2026-03-19 12:28:02] TEST:  Epoch: [13] image	Prec@1 37.778 (41.196)	Prec@5 95.556 (96.013)
[2026-03-19 12:28:02] TEST:  Epoch: [13] image	Prec@1 30.667 (32.931)	Prec@5 94.667 (93.656)
[2026-03-19 12:28:02] TEST:  Epoch: [13] image	Prec@1 60.484 (53.251)	Prec@5 98.387 (98.767)
[2026-03-19 12:28:03] TEST:  Epoch: [13] image	Prec@1 20.000 (20.000)	Prec@5 89.714 (89.714)
[2026-03-19 12:28:03] TEST:  Epoch: [13] image	Prec@1 56.452 (56.452)	Prec@5 74.194 (74.194)
[2026-03-19 12:28:03] TEST:  Epoch: [13] text	Prec@1 37.778 (41.196)	Prec@5 71.111 (67.774)
[2026-03-19 12:28:03] TEST:  Epoch: [13] text	Prec@1 30.667 (32.931)	Prec@5 94.667 (93.656)
[2026-03-19 12:28:04] TEST:  Epoch: [13] text	Prec@1 60.484 (53.251)	Prec@5 98.387 (98.767)
[2026-03-19 12:28:04] TEST:  Epoch: [13] text	Prec@1 20.000 (20.000)	Prec@5 76.000 (76.000)
[2026-03-19 12:28:04] TEST:  Epoch: [13] text	Prec@1 0.000 (0.000)	Prec@5 0.000 (0.000)
[2026-03-19 12:28:30] [Eval] Report @step: 13.00 {
    "test__rsum": 422.9235880398671,
    "test__medr": 5.0,
    "test__meanr": 9.25581395348837,
    "test__n_fold_i2t_recall_1": 48.50498338870432,
    "test__n_fold_i2t_recall_5": 77.07641196013289,
    "test__n_fold_i2t_recall_10": 89.03654485049834,
    "test__n_fold_i2t_rsum": 214.61794019933555,
    "test__n_fold_i2t_medr": 2.0,
    "test__n_fold_i2t_meanr": 5.372093023255814,
    "test__n_fold_t2i_recall_1": 34.5514950166113,
    "test__n_fold_t2i_recall_5": 78.07308970099668,
    "test__n_fold_t2i_recall_10": 95.68106312292359,
    "test__n_fold_t2i_rsum": 208.30564784053155,
    "test__n_fold_t2i_medr": 3.0,
    "test__n_fold_t2i_meanr": 3.883720930232558,
    "test__i2t_recall_1": 48.50498338870432,
    "test__i2t_recall_5": 77.07641196013289,
    "test__i2t_recall_10": 89.03654485049834,
    "test__i2t_rsum": 214.61794019933555,
    "test__i2t_medr": 2.0,
    "test__i2t_meanr": 5.372093023255814,
    "test__t2i_recall_1": 34.5514950166113,
    "test__t2i_recall_5": 78.07308970099668,
    "test__t2i_recall_10": 95.68106312292359,
    "test__t2i_rsum": 208.30564784053155,
    "test__t2i_medr": 3.0,
    "test__t2i_meanr": 3.883720930232558
}
[2026-03-19 12:28:57] [Eval] Report @step: 13.00 {
    "test__rsum": 396.0725075528701,
    "test__medr": 4.0,
    "test__meanr": 10.927492447129909,
    "test__n_fold_i2t_recall_1": 40.483383685800604,
    "test__n_fold_i2t_recall_5": 74.92447129909365,
    "test__n_fold_i2t_recall_10": 86.404833836858,
    "test__n_fold_i2t_rsum": 201.81268882175226,
    "test__n_fold_i2t_medr": 2.0,
    "test__n_fold_i2t_meanr": 5.0,
    "test__n_fold_t2i_recall_1": 39.57703927492447,
    "test__n_fold_t2i_recall_5": 72.809667673716,
    "test__n_fold_t2i_recall_10": 81.87311178247734,
    "test__n_fold_t2i_rsum": 194.25981873111783,
    "test__n_fold_t2i_medr": 2.0,
    "test__n_fold_t2i_meanr": 5.927492447129909,
    "test__i2t_recall_1": 40.483383685800604,
    "test__i2t_recall_5": 74.92447129909365,
    "test__i2t_recall_10": 86.404833836858,
    "test__i2t_rsum": 201.81268882175226,
    "test__i2t_medr": 2.0,
    "test__i2t_meanr": 5.0,
    "test__t2i_recall_1": 39.57703927492447,
    "test__t2i_recall_5": 72.809667673716,
    "test__t2i_recall_10": 81.87311178247734,
    "test__t2i_rsum": 194.25981873111783,
    "test__t2i_medr": 2.0,
    "test__t2i_meanr": 5.927492447129909
}
[2026-03-19 12:33:32] [Eval] Report @step: 13.00 {
    "test__rsum": 414.237668161435,
    "test__medr": 3.0,
    "test__meanr": 9.485426008968611,
    "test__n_fold_i2t_recall_1": 21.973094170403588,
    "test__n_fold_i2t_recall_5": 85.53811659192826,
    "test__n_fold_i2t_recall_10": 91.4798206278027,
    "test__n_fold_i2t_rsum": 198.99103139013454,
    "test__n_fold_i2t_medr": 2.0,
    "test__n_fold_i2t_meanr": 4.794843049327355,
    "test__n_fold_t2i_recall_1": 52.01793721973094,
    "test__n_fold_t2i_recall_5": 77.13004484304933,
    "test__n_fold_t2i_recall_10": 86.09865470852019,
    "test__n_fold_t2i_rsum": 215.24663677130047,
    "test__n_fold_t2i_medr": 1.0,
    "test__n_fold_t2i_meanr": 4.690582959641256,
    "test__i2t_recall_1": 21.973094170403588,
    "test__i2t_recall_5": 85.53811659192826,
    "test__i2t_recall_10": 91.4798206278027,
    "test__i2t_rsum": 198.99103139013454,
    "test__i2t_medr": 2.0,
    "test__i2t_meanr": 4.794843049327355,
    "test__t2i_recall_1": 52.01793721973094,
    "test__t2i_recall_5": 77.13004484304933,
    "test__t2i_recall_10": 86.09865470852019,
    "test__t2i_rsum": 215.24663677130047,
    "test__t2i_medr": 1.0,
    "test__t2i_meanr": 4.690582959641256
}
[2026-03-19 12:33:39] [Eval] Report @step: 13.00 {
    "test__rsum": 310.85714285714283,
    "test__medr": 9.0,
    "test__meanr": 13.502857142857142,
    "test__n_fold_i2t_recall_1": 22.857142857142858,
    "test__n_fold_i2t_recall_5": 55.42857142857143,
    "test__n_fold_i2t_recall_10": 84.0,
    "test__n_fold_i2t_rsum": 162.28571428571428,
    "test__n_fold_i2t_medr": 4.0,
    "test__n_fold_i2t_meanr": 5.782857142857143,
    "test__n_fold_t2i_recall_1": 17.714285714285715,
    "test__n_fold_t2i_recall_5": 50.857142857142854,
    "test__n_fold_t2i_recall_10": 80.0,
    "test__n_fold_t2i_rsum": 148.57142857142856,
    "test__n_fold_t2i_medr": 5.0,
    "test__n_fold_t2i_meanr": 7.72,
    "test__i2t_recall_1": 22.857142857142858,
    "test__i2t_recall_5": 55.42857142857143,
    "test__i2t_recall_10": 84.0,
    "test__i2t_rsum": 162.28571428571428,
    "test__i2t_medr": 4.0,
    "test__i2t_meanr": 5.782857142857143,
    "test__t2i_recall_1": 17.714285714285715,
    "test__t2i_recall_5": 50.857142857142854,
    "test__t2i_recall_10": 80.0,
    "test__t2i_rsum": 148.57142857142856,
    "test__t2i_medr": 5.0,
    "test__t2i_meanr": 7.72
}
[2026-03-19 12:33:40] [Eval] Report @step: 13.00 {
    "test__rsum": 396.7741935483871,
    "test__medr": 6.0,
    "test__meanr": 8.306451612903226,
    "test__n_fold_i2t_recall_1": 29.032258064516128,
    "test__n_fold_i2t_recall_5": 87.09677419354838,
    "test__n_fold_i2t_recall_10": 90.3225806451613,
    "test__n_fold_i2t_rsum": 206.4516129032258,
    "test__n_fold_i2t_medr": 2.0,
    "test__n_fold_i2t_meanr": 3.5483870967741935,
    "test__n_fold_t2i_recall_1": 17.741935483870968,
    "test__n_fold_t2i_recall_5": 83.87096774193549,
    "test__n_fold_t2i_recall_10": 88.70967741935483,
    "test__n_fold_t2i_rsum": 190.32258064516128,
    "test__n_fold_t2i_medr": 4.0,
    "test__n_fold_t2i_meanr": 4.758064516129032,
    "test__i2t_recall_1": 29.032258064516128,
    "test__i2t_recall_5": 87.09677419354838,
    "test__i2t_recall_10": 90.3225806451613,
    "test__i2t_rsum": 206.4516129032258,
    "test__i2t_medr": 2.0,
    "test__i2t_meanr": 3.5483870967741935,
    "test__t2i_recall_1": 17.741935483870968,
    "test__t2i_recall_5": 83.87096774193549,
    "test__t2i_recall_10": 88.70967741935483,
    "test__t2i_rsum": 190.32258064516128,
    "test__t2i_medr": 4.0,
    "test__t2i_meanr": 4.758064516129032
}
[2026-03-19 12:33:40] Round 14!
[2026-03-19 12:33:49] TEST:  Epoch: [14] image	Prec@1 37.778 (41.196)	Prec@5 95.556 (96.013)
[2026-03-19 12:33:49] TEST:  Epoch: [14] image	Prec@1 30.667 (32.931)	Prec@5 94.667 (93.656)
[2026-03-19 12:33:50] TEST:  Epoch: [14] image	Prec@1 60.484 (53.251)	Prec@5 98.387 (98.767)
[2026-03-19 12:33:50] TEST:  Epoch: [14] image	Prec@1 20.000 (20.000)	Prec@5 89.714 (89.714)
[2026-03-19 12:33:50] TEST:  Epoch: [14] image	Prec@1 56.452 (56.452)	Prec@5 74.194 (74.194)
[2026-03-19 12:33:50] TEST:  Epoch: [14] text	Prec@1 37.778 (41.196)	Prec@5 71.111 (67.774)
[2026-03-19 12:33:50] TEST:  Epoch: [14] text	Prec@1 30.667 (32.931)	Prec@5 96.000 (95.166)
[2026-03-19 12:33:51] TEST:  Epoch: [14] text	Prec@1 60.484 (53.251)	Prec@5 98.387 (98.767)
[2026-03-19 12:33:51] TEST:  Epoch: [14] text	Prec@1 20.000 (20.000)	Prec@5 76.000 (76.000)
[2026-03-19 12:33:51] TEST:  Epoch: [14] text	Prec@1 0.000 (0.000)	Prec@5 0.000 (0.000)
[2026-03-19 12:34:17] [Eval] Report @step: 14.00 {
    "test__rsum": 426.9102990033223,
    "test__medr": 4.0,
    "test__meanr": 9.62126245847176,
    "test__n_fold_i2t_recall_1": 50.83056478405316,
    "test__n_fold_i2t_recall_5": 77.40863787375416,
    "test__n_fold_i2t_recall_10": 90.36544850498339,
    "test__n_fold_i2t_rsum": 218.6046511627907,
    "test__n_fold_i2t_medr": 1.0,
    "test__n_fold_i2t_meanr": 5.368770764119601,
    "test__n_fold_t2i_recall_1": 37.87375415282392,
    "test__n_fold_t2i_recall_5": 76.74418604651163,
    "test__n_fold_t2i_recall_10": 93.68770764119601,
    "test__n_fold_t2i_rsum": 208.30564784053155,
    "test__n_fold_t2i_medr": 3.0,
    "test__n_fold_t2i_meanr": 4.252491694352159,
    "test__i2t_recall_1": 50.83056478405316,
    "test__i2t_recall_5": 77.40863787375416,
    "test__i2t_recall_10": 90.36544850498339,
    "test__i2t_rsum": 218.6046511627907,
    "test__i2t_medr": 1.0,
    "test__i2t_meanr": 5.368770764119601,
    "test__t2i_recall_1": 37.87375415282392,
    "test__t2i_recall_5": 76.74418604651163,
    "test__t2i_recall_10": 93.68770764119601,
    "test__t2i_rsum": 208.30564784053155,
    "test__t2i_medr": 3.0,
    "test__t2i_meanr": 4.252491694352159
}
[2026-03-19 12:34:44] [Eval] Report @step: 14.00 {
    "test__rsum": 398.18731117824774,
    "test__medr": 4.0,
    "test__meanr": 12.688821752265861,
    "test__n_fold_i2t_recall_1": 43.80664652567976,
    "test__n_fold_i2t_recall_5": 71.29909365558912,
    "test__n_fold_i2t_recall_10": 85.80060422960725,
    "test__n_fold_i2t_rsum": 200.90634441087613,
    "test__n_fold_i2t_medr": 2.0,
    "test__n_fold_i2t_meanr": 5.519637462235649,
    "test__n_fold_t2i_recall_1": 42.59818731117825,
    "test__n_fold_t2i_recall_5": 72.50755287009063,
    "test__n_fold_t2i_recall_10": 82.17522658610272,
    "test__n_fold_t2i_rsum": 197.2809667673716,
    "test__n_fold_t2i_medr": 2.0,
    "test__n_fold_t2i_meanr": 7.169184290030212,
    "test__i2t_recall_1": 43.80664652567976,
    "test__i2t_recall_5": 71.29909365558912,
    "test__i2t_recall_10": 85.80060422960725,
    "test__i2t_rsum": 200.90634441087613,
    "test__i2t_medr": 2.0,
    "test__i2t_meanr": 5.519637462235649,
    "test__t2i_recall_1": 42.59818731117825,
    "test__t2i_recall_5": 72.50755287009063,
    "test__t2i_recall_10": 82.17522658610272,
    "test__t2i_rsum": 197.2809667673716,
    "test__t2i_medr": 2.0,
    "test__t2i_meanr": 7.169184290030212
}
[2026-03-19 12:39:20] [Eval] Report @step: 14.00 {
    "test__rsum": 396.8609865470852,
    "test__medr": 5.0,
    "test__meanr": 10.344170403587444,
    "test__n_fold_i2t_recall_1": 24.2152466367713,
    "test__n_fold_i2t_recall_5": 83.96860986547085,
    "test__n_fold_i2t_recall_10": 90.69506726457399,
    "test__n_fold_i2t_rsum": 198.87892376681614,
    "test__n_fold_i2t_medr": 3.0,
    "test__n_fold_i2t_meanr": 4.816143497757848,
    "test__n_fold_t2i_recall_1": 44.17040358744394,
    "test__n_fold_t2i_recall_5": 71.8609865470852,
    "test__n_fold_t2i_recall_10": 81.95067264573991,
    "test__n_fold_t2i_rsum": 197.98206278026908,
    "test__n_fold_t2i_medr": 2.0,
    "test__n_fold_t2i_meanr": 5.528026905829597,
    "test__i2t_recall_1": 24.2152466367713,
    "test__i2t_recall_5": 83.96860986547085,
    "test__i2t_recall_10": 90.69506726457399,
    "test__i2t_rsum": 198.87892376681614,
    "test__i2t_medr": 3.0,
    "test__i2t_meanr": 4.816143497757848,
    "test__t2i_recall_1": 44.17040358744394,
    "test__t2i_recall_5": 71.8609865470852,
    "test__t2i_recall_10": 81.95067264573991,
    "test__t2i_rsum": 197.98206278026908,
    "test__t2i_medr": 2.0,
    "test__t2i_meanr": 5.528026905829597
}
[2026-03-19 12:39:27] [Eval] Report @step: 14.00 {
    "test__rsum": 334.8571428571429,
    "test__medr": 8.0,
    "test__meanr": 12.725714285714286,
    "test__n_fold_i2t_recall_1": 23.428571428571427,
    "test__n_fold_i2t_recall_5": 60.0,
    "test__n_fold_i2t_recall_10": 85.71428571428571,
    "test__n_fold_i2t_rsum": 169.14285714285714,
    "test__n_fold_i2t_medr": 4.0,
    "test__n_fold_i2t_meanr": 5.674285714285714,
    "test__n_fold_t2i_recall_1": 22.285714285714285,
    "test__n_fold_t2i_recall_5": 62.285714285714285,
    "test__n_fold_t2i_recall_10": 81.14285714285714,
    "test__n_fold_t2i_rsum": 165.71428571428572,
    "test__n_fold_t2i_medr": 4.0,
    "test__n_fold_t2i_meanr": 7.051428571428572,
    "test__i2t_recall_1": 23.428571428571427,
    "test__i2t_recall_5": 60.0,
    "test__i2t_recall_10": 85.71428571428571,
    "test__i2t_rsum": 169.14285714285714,
    "test__i2t_medr": 4.0,
    "test__i2t_meanr": 5.674285714285714,
    "test__t2i_recall_1": 22.285714285714285,
    "test__t2i_recall_5": 62.285714285714285,
    "test__t2i_recall_10": 81.14285714285714,
    "test__t2i_rsum": 165.71428571428572,
    "test__t2i_medr": 4.0,
    "test__t2i_meanr": 7.051428571428572
}
[2026-03-19 12:39:28] [Eval] Report @step: 14.00 {
    "test__rsum": 382.258064516129,
    "test__medr": 6.0,
    "test__meanr": 9.048387096774194,
    "test__n_fold_i2t_recall_1": 24.193548387096776,
    "test__n_fold_i2t_recall_5": 88.70967741935483,
    "test__n_fold_i2t_recall_10": 91.93548387096774,
    "test__n_fold_i2t_rsum": 204.83870967741936,
    "test__n_fold_i2t_medr": 2.0,
    "test__n_fold_i2t_meanr": 3.7096774193548385,
    "test__n_fold_t2i_recall_1": 17.741935483870968,
    "test__n_fold_t2i_recall_5": 72.58064516129032,
    "test__n_fold_t2i_recall_10": 87.09677419354838,
    "test__n_fold_t2i_rsum": 177.41935483870967,
    "test__n_fold_t2i_medr": 4.0,
    "test__n_fold_t2i_meanr": 5.338709677419355,
    "test__i2t_recall_1": 24.193548387096776,
    "test__i2t_recall_5": 88.70967741935483,
    "test__i2t_recall_10": 91.93548387096774,
    "test__i2t_rsum": 204.83870967741936,
    "test__i2t_medr": 2.0,
    "test__i2t_meanr": 3.7096774193548385,
    "test__t2i_recall_1": 17.741935483870968,
    "test__t2i_recall_5": 72.58064516129032,
    "test__t2i_recall_10": 87.09677419354838,
    "test__t2i_rsum": 177.41935483870967,
    "test__t2i_medr": 4.0,
    "test__t2i_meanr": 5.338709677419355
}
[2026-03-19 12:39:28] Round 15!
[2026-03-19 12:39:37] TEST:  Epoch: [15] image	Prec@1 37.778 (41.196)	Prec@5 95.556 (96.013)
[2026-03-19 12:39:37] TEST:  Epoch: [15] image	Prec@1 30.667 (32.931)	Prec@5 94.667 (93.656)
[2026-03-19 12:39:38] TEST:  Epoch: [15] image	Prec@1 60.484 (53.251)	Prec@5 98.387 (98.767)
[2026-03-19 12:39:38] TEST:  Epoch: [15] image	Prec@1 20.000 (20.000)	Prec@5 89.714 (89.714)
[2026-03-19 12:39:38] TEST:  Epoch: [15] image	Prec@1 56.452 (56.452)	Prec@5 74.194 (74.194)
[2026-03-19 12:39:38] TEST:  Epoch: [15] text	Prec@1 37.778 (41.196)	Prec@5 84.444 (85.050)
[2026-03-19 12:39:38] TEST:  Epoch: [15] text	Prec@1 30.667 (32.931)	Prec@5 96.000 (96.375)
[2026-03-19 12:39:39] TEST:  Epoch: [15] text	Prec@1 60.484 (53.251)	Prec@5 98.387 (98.767)
[2026-03-19 12:39:39] TEST:  Epoch: [15] text	Prec@1 20.000 (20.000)	Prec@5 76.000 (76.000)
[2026-03-19 12:39:39] TEST:  Epoch: [15] text	Prec@1 0.000 (0.000)	Prec@5 0.000 (0.000)
[2026-03-19 12:40:05] [Eval] Report @step: 15.00 {
    "test__rsum": 421.5946843853821,
    "test__medr": 4.0,
    "test__meanr": 10.069767441860465,
    "test__n_fold_i2t_recall_1": 47.840531561461795,
    "test__n_fold_i2t_recall_5": 80.06644518272425,
    "test__n_fold_i2t_recall_10": 88.03986710963456,
    "test__n_fold_i2t_rsum": 215.9468438538206,
    "test__n_fold_i2t_medr": 2.0,
    "test__n_fold_i2t_meanr": 5.511627906976744,
    "test__n_fold_t2i_recall_1": 38.205980066445186,
    "test__n_fold_t2i_recall_5": 75.74750830564784,
    "test__n_fold_t2i_recall_10": 91.69435215946844,
    "test__n_fold_t2i_rsum": 205.64784053156149,
    "test__n_fold_t2i_medr": 2.0,
    "test__n_fold_t2i_meanr": 4.558139534883721,
    "test__i2t_recall_1": 47.840531561461795,
    "test__i2t_recall_5": 80.06644518272425,
    "test__i2t_recall_10": 88.03986710963456,
    "test__i2t_rsum": 215.9468438538206,
    "test__i2t_medr": 2.0,
    "test__i2t_meanr": 5.511627906976744,
    "test__t2i_recall_1": 38.205980066445186,
    "test__t2i_recall_5": 75.74750830564784,
    "test__t2i_recall_10": 91.69435215946844,
    "test__t2i_rsum": 205.64784053156149,
    "test__t2i_medr": 2.0,
    "test__t2i_meanr": 4.558139534883721
}
[2026-03-19 12:40:32] [Eval] Report @step: 15.00 {
    "test__rsum": 401.20845921450154,
    "test__medr": 4.0,
    "test__meanr": 13.761329305135952,
    "test__n_fold_i2t_recall_1": 44.71299093655589,
    "test__n_fold_i2t_recall_5": 70.09063444108762,
    "test__n_fold_i2t_recall_10": 86.10271903323263,
    "test__n_fold_i2t_rsum": 200.90634441087613,
    "test__n_fold_i2t_medr": 2.0,
    "test__n_fold_i2t_meanr": 5.767371601208459,
    "test__n_fold_t2i_recall_1": 44.10876132930514,
    "test__n_fold_t2i_recall_5": 74.3202416918429,
    "test__n_fold_t2i_recall_10": 81.87311178247734,
    "test__n_fold_t2i_rsum": 200.3021148036254,
    "test__n_fold_t2i_medr": 2.0,
    "test__n_fold_t2i_meanr": 7.993957703927492,
    "test__i2t_recall_1": 44.71299093655589,
    "test__i2t_recall_5": 70.09063444108762,
    "test__i2t_recall_10": 86.10271903323263,
    "test__i2t_rsum": 200.90634441087613,
    "test__i2t_medr": 2.0,
    "test__i2t_meanr": 5.767371601208459,
    "test__t2i_recall_1": 44.10876132930514,
    "test__t2i_recall_5": 74.3202416918429,
    "test__t2i_recall_10": 81.87311178247734,
    "test__t2i_rsum": 200.3021148036254,
    "test__t2i_medr": 2.0,
    "test__t2i_meanr": 7.993957703927492
}
[2026-03-19 12:44:07] [Eval] Report @step: 15.00 {
    "test__rsum": 383.0717488789238,
    "test__medr": 5.0,
    "test__meanr": 11.217488789237668,
    "test__n_fold_i2t_recall_1": 24.327354260089685,
    "test__n_fold_i2t_recall_5": 76.12107623318386,
    "test__n_fold_i2t_recall_10": 89.46188340807174,
    "test__n_fold_i2t_rsum": 189.9103139013453,
    "test__n_fold_i2t_medr": 3.0,
    "test__n_fold_i2t_meanr": 5.358744394618834,
    "test__n_fold_t2i_recall_1": 39.7982062780269,
    "test__n_fold_t2i_recall_5": 72.19730941704036,
    "test__n_fold_t2i_recall_10": 81.16591928251121,
    "test__n_fold_t2i_rsum": 193.1614349775785,
    "test__n_fold_t2i_medr": 2.0,
    "test__n_fold_t2i_meanr": 5.858744394618834,
    "test__i2t_recall_1": 24.327354260089685,
    "test__i2t_recall_5": 76.12107623318386,
    "test__i2t_recall_10": 89.46188340807174,
    "test__i2t_rsum": 189.9103139013453,
    "test__i2t_medr": 3.0,
    "test__i2t_meanr": 5.358744394618834,
    "test__t2i_recall_1": 39.7982062780269,
    "test__t2i_recall_5": 72.19730941704036,
    "test__t2i_recall_10": 81.16591928251121,
    "test__t2i_rsum": 193.1614349775785,
    "test__t2i_medr": 2.0,
    "test__t2i_meanr": 5.858744394618834
}
[2026-03-19 12:44:14] [Eval] Report @step: 15.00 {
    "test__rsum": 340.0,
    "test__medr": 7.0,
    "test__meanr": 12.914285714285715,
    "test__n_fold_i2t_recall_1": 17.714285714285715,
    "test__n_fold_i2t_recall_5": 66.85714285714286,
    "test__n_fold_i2t_recall_10": 82.85714285714286,
    "test__n_fold_i2t_rsum": 167.42857142857144,
    "test__n_fold_i2t_medr": 4.0,
    "test__n_fold_i2t_meanr": 6.3028571428571425,
    "test__n_fold_t2i_recall_1": 28.0,
    "test__n_fold_t2i_recall_5": 65.14285714285714,
    "test__n_fold_t2i_recall_10": 79.42857142857143,
    "test__n_fold_t2i_rsum": 172.57142857142856,
    "test__n_fold_t2i_medr": 3.0,
    "test__n_fold_t2i_meanr": 6.611428571428571,
    "test__i2t_recall_1": 17.714285714285715,
    "test__i2t_recall_5": 66.85714285714286,
    "test__i2t_recall_10": 82.85714285714286,
    "test__i2t_rsum": 167.42857142857144,
    "test__i2t_medr": 4.0,
    "test__i2t_meanr": 6.3028571428571425,
    "test__t2i_recall_1": 28.0,
    "test__t2i_recall_5": 65.14285714285714,
    "test__t2i_recall_10": 79.42857142857143,
    "test__t2i_rsum": 172.57142857142856,
    "test__t2i_medr": 3.0,
    "test__t2i_meanr": 6.611428571428571
}
[2026-03-19 12:44:15] [Eval] Report @step: 15.00 {
    "test__rsum": 380.64516129032256,
    "test__medr": 7.0,
    "test__meanr": 9.435483870967742,
    "test__n_fold_i2t_recall_1": 25.806451612903224,
    "test__n_fold_i2t_recall_5": 85.48387096774194,
    "test__n_fold_i2t_recall_10": 90.3225806451613,
    "test__n_fold_i2t_rsum": 201.61290322580646,
    "test__n_fold_i2t_medr": 3.0,
    "test__n_fold_i2t_meanr": 3.9838709677419355,
    "test__n_fold_t2i_recall_1": 17.741935483870968,
    "test__n_fold_t2i_recall_5": 72.58064516129032,
    "test__n_fold_t2i_recall_10": 88.70967741935483,
    "test__n_fold_t2i_rsum": 179.0322580645161,
    "test__n_fold_t2i_medr": 4.0,
    "test__n_fold_t2i_meanr": 5.451612903225806,
    "test__i2t_recall_1": 25.806451612903224,
    "test__i2t_recall_5": 85.48387096774194,
    "test__i2t_recall_10": 90.3225806451613,
    "test__i2t_rsum": 201.61290322580646,
    "test__i2t_medr": 3.0,
    "test__i2t_meanr": 3.9838709677419355,
    "test__t2i_recall_1": 17.741935483870968,
    "test__t2i_recall_5": 72.58064516129032,
    "test__t2i_recall_10": 88.70967741935483,
    "test__t2i_rsum": 179.0322580645161,
    "test__t2i_medr": 4.0,
    "test__t2i_meanr": 5.451612903225806
}
[2026-03-19 12:44:15] Round 16!
[2026-03-19 12:44:24] TEST:  Epoch: [16] image	Prec@1 37.778 (41.196)	Prec@5 95.556 (96.013)
[2026-03-19 12:44:24] TEST:  Epoch: [16] image	Prec@1 30.667 (32.931)	Prec@5 94.667 (93.656)
[2026-03-19 12:44:25] TEST:  Epoch: [16] image	Prec@1 60.484 (53.251)	Prec@5 98.387 (98.767)
[2026-03-19 12:44:25] TEST:  Epoch: [16] image	Prec@1 20.000 (20.000)	Prec@5 89.714 (89.714)
[2026-03-19 12:44:25] TEST:  Epoch: [16] image	Prec@1 56.452 (56.452)	Prec@5 74.194 (74.194)
[2026-03-19 12:44:25] TEST:  Epoch: [16] text	Prec@1 37.778 (41.196)	Prec@5 84.444 (85.382)
[2026-03-19 12:44:25] TEST:  Epoch: [16] text	Prec@1 30.667 (32.931)	Prec@5 96.000 (96.375)
[2026-03-19 12:44:26] TEST:  Epoch: [16] text	Prec@1 60.484 (53.251)	Prec@5 98.387 (98.767)
[2026-03-19 12:44:26] TEST:  Epoch: [16] text	Prec@1 20.000 (20.000)	Prec@5 76.000 (76.000)
[2026-03-19 12:44:26] TEST:  Epoch: [16] text	Prec@1 0.000 (0.000)	Prec@5 0.000 (0.000)
[2026-03-19 12:44:52] [Eval] Report @step: 16.00 {
    "test__rsum": 415.61461794019937,
    "test__medr": 5.0,
    "test__meanr": 11.215946843853821,
    "test__n_fold_i2t_recall_1": 44.51827242524917,
    "test__n_fold_i2t_recall_5": 78.07308970099668,
    "test__n_fold_i2t_recall_10": 86.04651162790698,
    "test__n_fold_i2t_rsum": 208.63787375415285,
    "test__n_fold_i2t_medr": 2.0,
    "test__n_fold_i2t_meanr": 5.847176079734219,
    "test__n_fold_t2i_recall_1": 39.53488372093023,
    "test__n_fold_t2i_recall_5": 74.4186046511628,
    "test__n_fold_t2i_recall_10": 93.02325581395348,
    "test__n_fold_t2i_rsum": 206.97674418604652,
    "test__n_fold_t2i_medr": 3.0,
    "test__n_fold_t2i_meanr": 5.368770764119601,
    "test__i2t_recall_1": 44.51827242524917,
    "test__i2t_recall_5": 78.07308970099668,
    "test__i2t_recall_10": 86.04651162790698,
    "test__i2t_rsum": 208.63787375415285,
    "test__i2t_medr": 2.0,
    "test__i2t_meanr": 5.847176079734219,
    "test__t2i_recall_1": 39.53488372093023,
    "test__t2i_recall_5": 74.4186046511628,
    "test__t2i_recall_10": 93.02325581395348,
    "test__t2i_rsum": 206.97674418604652,
    "test__t2i_medr": 3.0,
    "test__t2i_meanr": 5.368770764119601
}
[2026-03-19 12:45:20] [Eval] Report @step: 16.00 {
    "test__rsum": 390.6344410876133,
    "test__medr": 4.0,
    "test__meanr": 15.271903323262839,
    "test__n_fold_i2t_recall_1": 45.61933534743203,
    "test__n_fold_i2t_recall_5": 66.46525679758308,
    "test__n_fold_i2t_recall_10": 79.75830815709969,
    "test__n_fold_i2t_rsum": 191.8429003021148,
    "test__n_fold_i2t_medr": 2.0,
    "test__n_fold_i2t_meanr": 6.6797583081570995,
    "test__n_fold_t2i_recall_1": 42.29607250755287,
    "test__n_fold_t2i_recall_5": 74.92447129909365,
    "test__n_fold_t2i_recall_10": 81.57099697885197,
    "test__n_fold_t2i_rsum": 198.7915407854985,
    "test__n_fold_t2i_medr": 2.0,
    "test__n_fold_t2i_meanr": 8.59214501510574,
    "test__i2t_recall_1": 45.61933534743203,
    "test__i2t_recall_5": 66.46525679758308,
    "test__i2t_recall_10": 79.75830815709969,
    "test__i2t_rsum": 191.8429003021148,
    "test__i2t_medr": 2.0,
    "test__i2t_meanr": 6.6797583081570995,
    "test__t2i_recall_1": 42.29607250755287,
    "test__t2i_recall_5": 74.92447129909365,
    "test__t2i_recall_10": 81.57099697885197,
    "test__t2i_rsum": 198.7915407854985,
    "test__t2i_medr": 2.0,
    "test__t2i_meanr": 8.59214501510574
}
[2026-03-19 12:49:55] [Eval] Report @step: 16.00 {
    "test__rsum": 369.84304932735427,
    "test__medr": 4.0,
    "test__meanr": 11.986547085201794,
    "test__n_fold_i2t_recall_1": 25.56053811659193,
    "test__n_fold_i2t_recall_5": 76.68161434977578,
    "test__n_fold_i2t_recall_10": 87.78026905829596,
    "test__n_fold_i2t_rsum": 190.02242152466368,
    "test__n_fold_i2t_medr": 2.0,
    "test__n_fold_i2t_meanr": 5.553811659192825,
    "test__n_fold_t2i_recall_1": 28.923766816143498,
    "test__n_fold_t2i_recall_5": 71.74887892376681,
    "test__n_fold_t2i_recall_10": 79.14798206278027,
    "test__n_fold_t2i_rsum": 179.82062780269058,
    "test__n_fold_t2i_medr": 2.0,
    "test__n_fold_t2i_meanr": 6.432735426008969,
    "test__i2t_recall_1": 25.56053811659193,
    "test__i2t_recall_5": 76.68161434977578,
    "test__i2t_recall_10": 87.78026905829596,
    "test__i2t_rsum": 190.02242152466368,
    "test__i2t_medr": 2.0,
    "test__i2t_meanr": 5.553811659192825,
    "test__t2i_recall_1": 28.923766816143498,
    "test__t2i_recall_5": 71.74887892376681,
    "test__t2i_recall_10": 79.14798206278027,
    "test__t2i_rsum": 179.82062780269058,
    "test__t2i_medr": 2.0,
    "test__t2i_meanr": 6.432735426008969
}
[2026-03-19 12:50:01] [Eval] Report @step: 16.00 {
    "test__rsum": 349.1428571428571,
    "test__medr": 6.0,
    "test__meanr": 12.708571428571428,
    "test__n_fold_i2t_recall_1": 21.714285714285715,
    "test__n_fold_i2t_recall_5": 65.71428571428571,
    "test__n_fold_i2t_recall_10": 81.71428571428571,
    "test__n_fold_i2t_rsum": 169.1428571428571,
    "test__n_fold_i2t_medr": 3.0,
    "test__n_fold_i2t_meanr": 6.417142857142857,
    "test__n_fold_t2i_recall_1": 29.714285714285715,
    "test__n_fold_t2i_recall_5": 69.14285714285714,
    "test__n_fold_t2i_recall_10": 81.14285714285714,
    "test__n_fold_t2i_rsum": 180.0,
    "test__n_fold_t2i_medr": 3.0,
    "test__n_fold_t2i_meanr": 6.291428571428572,
    "test__i2t_recall_1": 21.714285714285715,
    "test__i2t_recall_5": 65.71428571428571,
    "test__i2t_recall_10": 81.71428571428571,
    "test__i2t_rsum": 169.1428571428571,
    "test__i2t_medr": 3.0,
    "test__i2t_meanr": 6.417142857142857,
    "test__t2i_recall_1": 29.714285714285715,
    "test__t2i_recall_5": 69.14285714285714,
    "test__t2i_recall_10": 81.14285714285714,
    "test__t2i_rsum": 180.0,
    "test__t2i_medr": 3.0,
    "test__t2i_meanr": 6.291428571428572
}
[2026-03-19 12:50:03] [Eval] Report @step: 16.00 {
    "test__rsum": 382.2580645161291,
    "test__medr": 6.0,
    "test__meanr": 9.225806451612904,
    "test__n_fold_i2t_recall_1": 27.419354838709676,
    "test__n_fold_i2t_recall_5": 75.80645161290323,
    "test__n_fold_i2t_recall_10": 91.93548387096774,
    "test__n_fold_i2t_rsum": 195.16129032258067,
    "test__n_fold_i2t_medr": 3.0,
    "test__n_fold_i2t_meanr": 4.064516129032258,
    "test__n_fold_t2i_recall_1": 17.741935483870968,
    "test__n_fold_t2i_recall_5": 79.03225806451613,
    "test__n_fold_t2i_recall_10": 90.3225806451613,
    "test__n_fold_t2i_rsum": 187.0967741935484,
    "test__n_fold_t2i_medr": 3.0,
    "test__n_fold_t2i_meanr": 5.161290322580645,
    "test__i2t_recall_1": 27.419354838709676,
    "test__i2t_recall_5": 75.80645161290323,
    "test__i2t_recall_10": 91.93548387096774,
    "test__i2t_rsum": 195.16129032258067,
    "test__i2t_medr": 3.0,
    "test__i2t_meanr": 4.064516129032258,
    "test__t2i_recall_1": 17.741935483870968,
    "test__t2i_recall_5": 79.03225806451613,
    "test__t2i_recall_10": 90.3225806451613,
    "test__t2i_rsum": 187.0967741935484,
    "test__t2i_medr": 3.0,
    "test__t2i_meanr": 5.161290322580645
}
[2026-03-19 12:50:03] Round 17!
[2026-03-19 12:50:11] TEST:  Epoch: [17] image	Prec@1 37.778 (41.196)	Prec@5 95.556 (96.013)
[2026-03-19 12:50:12] TEST:  Epoch: [17] image	Prec@1 30.667 (32.931)	Prec@5 94.667 (93.656)
[2026-03-19 12:50:12] TEST:  Epoch: [17] image	Prec@1 60.484 (53.251)	Prec@5 98.387 (98.767)
[2026-03-19 12:50:12] TEST:  Epoch: [17] image	Prec@1 20.000 (20.000)	Prec@5 89.714 (89.714)
[2026-03-19 12:50:12] TEST:  Epoch: [17] image	Prec@1 56.452 (56.452)	Prec@5 74.194 (74.194)
[2026-03-19 12:50:13] TEST:  Epoch: [17] text	Prec@1 37.778 (41.196)	Prec@5 84.444 (85.382)
[2026-03-19 12:50:13] TEST:  Epoch: [17] text	Prec@1 30.667 (32.931)	Prec@5 96.000 (96.375)
[2026-03-19 12:50:13] TEST:  Epoch: [17] text	Prec@1 60.484 (53.251)	Prec@5 98.387 (98.767)
[2026-03-19 12:50:13] TEST:  Epoch: [17] text	Prec@1 20.000 (20.000)	Prec@5 76.000 (76.000)
[2026-03-19 12:50:13] TEST:  Epoch: [17] text	Prec@1 0.000 (0.000)	Prec@5 0.000 (0.000)
[2026-03-19 12:50:40] [Eval] Report @step: 17.00 {
    "test__rsum": 415.9468438538206,
    "test__medr": 4.0,
    "test__meanr": 11.943521594684386,
    "test__n_fold_i2t_recall_1": 45.182724252491695,
    "test__n_fold_i2t_recall_5": 77.40863787375416,
    "test__n_fold_i2t_recall_10": 83.72093023255815,
    "test__n_fold_i2t_rsum": 206.312292358804,
    "test__n_fold_i2t_medr": 2.0,
    "test__n_fold_i2t_meanr": 6.142857142857143,
    "test__n_fold_t2i_recall_1": 42.524916943521596,
    "test__n_fold_t2i_recall_5": 74.75083056478405,
    "test__n_fold_t2i_recall_10": 92.35880398671097,
    "test__n_fold_t2i_rsum": 209.6345514950166,
    "test__n_fold_t2i_medr": 2.0,
    "test__n_fold_t2i_meanr": 5.8006644518272426,
    "test__i2t_recall_1": 45.182724252491695,
    "test__i2t_recall_5": 77.40863787375416,
    "test__i2t_recall_10": 83.72093023255815,
    "test__i2t_rsum": 206.312292358804,
    "test__i2t_medr": 2.0,
    "test__i2t_meanr": 6.142857142857143,
    "test__t2i_recall_1": 42.524916943521596,
    "test__t2i_recall_5": 74.75083056478405,
    "test__t2i_recall_10": 92.35880398671097,
    "test__t2i_rsum": 209.6345514950166,
    "test__t2i_medr": 2.0,
    "test__t2i_meanr": 5.8006644518272426
}
[2026-03-19 12:51:07] [Eval] Report @step: 17.00 {
    "test__rsum": 383.6858006042296,
    "test__medr": 4.0,
    "test__meanr": 16.746223564954683,
    "test__n_fold_i2t_recall_1": 45.01510574018127,
    "test__n_fold_i2t_recall_5": 62.53776435045317,
    "test__n_fold_i2t_recall_10": 76.43504531722054,
    "test__n_fold_i2t_rsum": 183.98791540785498,
    "test__n_fold_i2t_medr": 2.0,
    "test__n_fold_i2t_meanr": 8.024169184290031,
    "test__n_fold_t2i_recall_1": 42.59818731117825,
    "test__n_fold_t2i_recall_5": 74.92447129909365,
    "test__n_fold_t2i_recall_10": 82.17522658610272,
    "test__n_fold_t2i_rsum": 199.6978851963746,
    "test__n_fold_t2i_medr": 2.0,
    "test__n_fold_t2i_meanr": 8.722054380664652,
    "test__i2t_recall_1": 45.01510574018127,
    "test__i2t_recall_5": 62.53776435045317,
    "test__i2t_recall_10": 76.43504531722054,
    "test__i2t_rsum": 183.98791540785498,
    "test__i2t_medr": 2.0,
    "test__i2t_meanr": 8.024169184290031,
    "test__t2i_recall_1": 42.59818731117825,
    "test__t2i_recall_5": 74.92447129909365,
    "test__t2i_recall_10": 82.17522658610272,
    "test__t2i_rsum": 199.6978851963746,
    "test__t2i_medr": 2.0,
    "test__t2i_meanr": 8.722054380664652
}
[2026-03-19 12:55:42] [Eval] Report @step: 17.00 {
    "test__rsum": 377.017937219731,
    "test__medr": 5.0,
    "test__meanr": 13.002242152466367,
    "test__n_fold_i2t_recall_1": 35.65022421524664,
    "test__n_fold_i2t_recall_5": 77.24215246636771,
    "test__n_fold_i2t_recall_10": 86.65919282511211,
    "test__n_fold_i2t_rsum": 199.55156950672648,
    "test__n_fold_i2t_medr": 2.0,
    "test__n_fold_i2t_meanr": 5.484304932735426,
    "test__n_fold_t2i_recall_1": 26.793721973094172,
    "test__n_fold_t2i_recall_5": 71.8609865470852,
    "test__n_fold_t2i_recall_10": 78.81165919282512,
    "test__n_fold_t2i_rsum": 177.4663677130045,
    "test__n_fold_t2i_medr": 3.0,
    "test__n_fold_t2i_meanr": 7.517937219730942,
    "test__i2t_recall_1": 35.65022421524664,
    "test__i2t_recall_5": 77.24215246636771,
    "test__i2t_recall_10": 86.65919282511211,
    "test__i2t_rsum": 199.55156950672648,
    "test__i2t_medr": 2.0,
    "test__i2t_meanr": 5.484304932735426,
    "test__t2i_recall_1": 26.793721973094172,
    "test__t2i_recall_5": 71.8609865470852,
    "test__t2i_recall_10": 78.81165919282512,
    "test__t2i_rsum": 177.4663677130045,
    "test__t2i_medr": 3.0,
    "test__t2i_meanr": 7.517937219730942
}
[2026-03-19 12:55:49] [Eval] Report @step: 17.00 {
    "test__rsum": 345.7142857142857,
    "test__medr": 6.0,
    "test__meanr": 13.165714285714285,
    "test__n_fold_i2t_recall_1": 18.857142857142858,
    "test__n_fold_i2t_recall_5": 69.14285714285714,
    "test__n_fold_i2t_recall_10": 81.71428571428571,
    "test__n_fold_i2t_rsum": 169.71428571428572,
    "test__n_fold_i2t_medr": 3.0,
    "test__n_fold_i2t_meanr": 7.1657142857142855,
    "test__n_fold_t2i_recall_1": 26.285714285714285,
    "test__n_fold_t2i_recall_5": 68.0,
    "test__n_fold_t2i_recall_10": 81.71428571428571,
    "test__n_fold_t2i_rsum": 176.0,
    "test__n_fold_t2i_medr": 3.0,
    "test__n_fold_t2i_meanr": 6.0,
    "test__i2t_recall_1": 18.857142857142858,
    "test__i2t_recall_5": 69.14285714285714,
    "test__i2t_recall_10": 81.71428571428571,
    "test__i2t_rsum": 169.71428571428572,
    "test__i2t_medr": 3.0,
    "test__i2t_meanr": 7.1657142857142855,
    "test__t2i_recall_1": 26.285714285714285,
    "test__t2i_recall_5": 68.0,
    "test__t2i_recall_10": 81.71428571428571,
    "test__t2i_rsum": 176.0,
    "test__t2i_medr": 3.0,
    "test__t2i_meanr": 6.0
}
[2026-03-19 12:55:50] [Eval] Report @step: 17.00 {
    "test__rsum": 385.48387096774195,
    "test__medr": 6.0,
    "test__meanr": 9.580645161290324,
    "test__n_fold_i2t_recall_1": 32.25806451612903,
    "test__n_fold_i2t_recall_5": 69.35483870967742,
    "test__n_fold_i2t_recall_10": 91.93548387096774,
    "test__n_fold_i2t_rsum": 193.5483870967742,
    "test__n_fold_i2t_medr": 3.0,
    "test__n_fold_i2t_meanr": 4.564516129032258,
    "test__n_fold_t2i_recall_1": 19.35483870967742,
    "test__n_fold_t2i_recall_5": 83.87096774193549,
    "test__n_fold_t2i_recall_10": 88.70967741935483,
    "test__n_fold_t2i_rsum": 191.93548387096774,
    "test__n_fold_t2i_medr": 3.0,
    "test__n_fold_t2i_meanr": 5.016129032258065,
    "test__i2t_recall_1": 32.25806451612903,
    "test__i2t_recall_5": 69.35483870967742,
    "test__i2t_recall_10": 91.93548387096774,
    "test__i2t_rsum": 193.5483870967742,
    "test__i2t_medr": 3.0,
    "test__i2t_meanr": 4.564516129032258,
    "test__t2i_recall_1": 19.35483870967742,
    "test__t2i_recall_5": 83.87096774193549,
    "test__t2i_recall_10": 88.70967741935483,
    "test__t2i_rsum": 191.93548387096774,
    "test__t2i_medr": 3.0,
    "test__t2i_meanr": 5.016129032258065
}
[2026-03-19 12:55:50] Round 18!
[2026-03-19 12:55:59] TEST:  Epoch: [18] image	Prec@1 37.778 (41.196)	Prec@5 95.556 (96.013)
[2026-03-19 12:55:59] TEST:  Epoch: [18] image	Prec@1 30.667 (32.931)	Prec@5 94.667 (93.656)
[2026-03-19 12:56:00] TEST:  Epoch: [18] image	Prec@1 60.484 (53.251)	Prec@5 98.387 (98.767)
[2026-03-19 12:56:00] TEST:  Epoch: [18] image	Prec@1 20.000 (20.000)	Prec@5 89.714 (89.714)
[2026-03-19 12:56:00] TEST:  Epoch: [18] image	Prec@1 56.452 (56.452)	Prec@5 75.806 (75.806)
[2026-03-19 12:56:00] TEST:  Epoch: [18] text	Prec@1 37.778 (41.196)	Prec@5 84.444 (85.382)
[2026-03-19 12:56:01] TEST:  Epoch: [18] text	Prec@1 30.667 (32.931)	Prec@5 96.000 (96.375)
[2026-03-19 12:56:01] TEST:  Epoch: [18] text	Prec@1 60.484 (53.251)	Prec@5 98.387 (98.767)
[2026-03-19 12:56:01] TEST:  Epoch: [18] text	Prec@1 20.000 (20.000)	Prec@5 76.000 (76.000)
[2026-03-19 12:56:01] TEST:  Epoch: [18] text	Prec@1 0.000 (0.000)	Prec@5 0.000 (0.000)
[2026-03-19 12:56:27] [Eval] Report @step: 18.00 {
    "test__rsum": 419.2691029900332,
    "test__medr": 4.0,
    "test__meanr": 11.471760797342192,
    "test__n_fold_i2t_recall_1": 44.85049833887043,
    "test__n_fold_i2t_recall_5": 76.41196013289037,
    "test__n_fold_i2t_recall_10": 85.04983388704319,
    "test__n_fold_i2t_rsum": 206.31229235880397,
    "test__n_fold_i2t_medr": 2.0,
    "test__n_fold_i2t_meanr": 6.086378737541528,
    "test__n_fold_t2i_recall_1": 42.524916943521596,
    "test__n_fold_t2i_recall_5": 76.74418604651163,
    "test__n_fold_t2i_recall_10": 93.68770764119601,
    "test__n_fold_t2i_rsum": 212.95681063122925,
    "test__n_fold_t2i_medr": 2.0,
    "test__n_fold_t2i_meanr": 5.385382059800665,
    "test__i2t_recall_1": 44.85049833887043,
    "test__i2t_recall_5": 76.41196013289037,
    "test__i2t_recall_10": 85.04983388704319,
    "test__i2t_rsum": 206.31229235880397,
    "test__i2t_medr": 2.0,
    "test__i2t_meanr": 6.086378737541528,
    "test__t2i_recall_1": 42.524916943521596,
    "test__t2i_recall_5": 76.74418604651163,
    "test__t2i_recall_10": 93.68770764119601,
    "test__t2i_rsum": 212.95681063122925,
    "test__t2i_medr": 2.0,
    "test__t2i_meanr": 5.385382059800665
}
[2026-03-19 12:56:54] [Eval] Report @step: 18.00 {
    "test__rsum": 380.36253776435046,
    "test__medr": 4.0,
    "test__meanr": 17.58308157099698,
    "test__n_fold_i2t_recall_1": 41.99395770392749,
    "test__n_fold_i2t_recall_5": 61.631419939577036,
    "test__n_fold_i2t_recall_10": 74.92447129909365,
    "test__n_fold_i2t_rsum": 178.54984894259817,
    "test__n_fold_i2t_medr": 2.0,
    "test__n_fold_i2t_meanr": 8.891238670694865,
    "test__n_fold_t2i_recall_1": 46.52567975830816,
    "test__n_fold_t2i_recall_5": 73.1117824773414,
    "test__n_fold_t2i_recall_10": 82.17522658610272,
    "test__n_fold_t2i_rsum": 201.81268882175226,
    "test__n_fold_t2i_medr": 2.0,
    "test__n_fold_t2i_meanr": 8.691842900302115,
    "test__i2t_recall_1": 41.99395770392749,
    "test__i2t_recall_5": 61.631419939577036,
    "test__i2t_recall_10": 74.92447129909365,
    "test__i2t_rsum": 178.54984894259817,
    "test__i2t_medr": 2.0,
    "test__i2t_meanr": 8.891238670694865,
    "test__t2i_recall_1": 46.52567975830816,
    "test__t2i_recall_5": 73.1117824773414,
    "test__t2i_recall_10": 82.17522658610272,
    "test__t2i_rsum": 201.81268882175226,
    "test__t2i_medr": 2.0,
    "test__t2i_meanr": 8.691842900302115
}
[2026-03-19 13:01:30] [Eval] Report @step: 18.00 {
    "test__rsum": 386.43497757847535,
    "test__medr": 5.0,
    "test__meanr": 13.004484304932735,
    "test__n_fold_i2t_recall_1": 43.04932735426009,
    "test__n_fold_i2t_recall_5": 76.5695067264574,
    "test__n_fold_i2t_recall_10": 88.78923766816143,
    "test__n_fold_i2t_rsum": 208.40807174887894,
    "test__n_fold_i2t_medr": 2.0,
    "test__n_fold_i2t_meanr": 5.020179372197309,
    "test__n_fold_t2i_recall_1": 25.56053811659193,
    "test__n_fold_t2i_recall_5": 72.75784753363229,
    "test__n_fold_t2i_recall_10": 79.7085201793722,
    "test__n_fold_t2i_rsum": 178.02690582959642,
    "test__n_fold_t2i_medr": 3.0,
    "test__n_fold_t2i_meanr": 7.984304932735426,
    "test__i2t_recall_1": 43.04932735426009,
    "test__i2t_recall_5": 76.5695067264574,
    "test__i2t_recall_10": 88.78923766816143,
    "test__i2t_rsum": 208.40807174887894,
    "test__i2t_medr": 2.0,
    "test__i2t_meanr": 5.020179372197309,
    "test__t2i_recall_1": 25.56053811659193,
    "test__t2i_recall_5": 72.75784753363229,
    "test__t2i_recall_10": 79.7085201793722,
    "test__t2i_rsum": 178.02690582959642,
    "test__t2i_medr": 3.0,
    "test__t2i_meanr": 7.984304932735426
}
[2026-03-19 13:01:36] [Eval] Report @step: 18.00 {
    "test__rsum": 349.1428571428571,
    "test__medr": 7.0,
    "test__meanr": 13.411428571428571,
    "test__n_fold_i2t_recall_1": 16.571428571428573,
    "test__n_fold_i2t_recall_5": 69.71428571428571,
    "test__n_fold_i2t_recall_10": 81.14285714285714,
    "test__n_fold_i2t_rsum": 167.42857142857142,
    "test__n_fold_i2t_medr": 4.0,
    "test__n_fold_i2t_meanr": 8.085714285714285,
    "test__n_fold_t2i_recall_1": 29.714285714285715,
    "test__n_fold_t2i_recall_5": 67.42857142857143,
    "test__n_fold_t2i_recall_10": 84.57142857142857,
    "test__n_fold_t2i_rsum": 181.71428571428572,
    "test__n_fold_t2i_medr": 3.0,
    "test__n_fold_t2i_meanr": 5.325714285714286,
    "test__i2t_recall_1": 16.571428571428573,
    "test__i2t_recall_5": 69.71428571428571,
    "test__i2t_recall_10": 81.14285714285714,
    "test__i2t_rsum": 167.42857142857142,
    "test__i2t_medr": 4.0,
    "test__i2t_meanr": 8.085714285714285,
    "test__t2i_recall_1": 29.714285714285715,
    "test__t2i_recall_5": 67.42857142857143,
    "test__t2i_recall_10": 84.57142857142857,
    "test__t2i_rsum": 181.71428571428572,
    "test__t2i_medr": 3.0,
    "test__t2i_meanr": 5.325714285714286
}
[2026-03-19 13:01:38] [Eval] Report @step: 18.00 {
    "test__rsum": 375.8064516129032,
    "test__medr": 8.0,
    "test__meanr": 11.258064516129032,
    "test__n_fold_i2t_recall_1": 32.25806451612903,
    "test__n_fold_i2t_recall_5": 50.0,
    "test__n_fold_i2t_recall_10": 90.3225806451613,
    "test__n_fold_i2t_rsum": 172.5806451612903,
    "test__n_fold_i2t_medr": 5.0,
    "test__n_fold_i2t_meanr": 5.967741935483871,
    "test__n_fold_t2i_recall_1": 29.032258064516128,
    "test__n_fold_t2i_recall_5": 87.09677419354838,
    "test__n_fold_t2i_recall_10": 87.09677419354838,
    "test__n_fold_t2i_rsum": 203.2258064516129,
    "test__n_fold_t2i_medr": 3.0,
    "test__n_fold_t2i_meanr": 5.290322580645161,
    "test__i2t_recall_1": 32.25806451612903,
    "test__i2t_recall_5": 50.0,
    "test__i2t_recall_10": 90.3225806451613,
    "test__i2t_rsum": 172.5806451612903,
    "test__i2t_medr": 5.0,
    "test__i2t_meanr": 5.967741935483871,
    "test__t2i_recall_1": 29.032258064516128,
    "test__t2i_recall_5": 87.09677419354838,
    "test__t2i_recall_10": 87.09677419354838,
    "test__t2i_rsum": 203.2258064516129,
    "test__t2i_medr": 3.0,
    "test__t2i_meanr": 5.290322580645161
}
[2026-03-19 13:01:38] Round 19!
[2026-03-19 13:01:46] TEST:  Epoch: [19] image	Prec@1 37.778 (41.196)	Prec@5 95.556 (96.013)
[2026-03-19 13:01:47] TEST:  Epoch: [19] image	Prec@1 30.667 (32.931)	Prec@5 94.667 (93.656)
[2026-03-19 13:01:47] TEST:  Epoch: [19] image	Prec@1 60.484 (53.251)	Prec@5 98.387 (98.767)
[2026-03-19 13:01:47] TEST:  Epoch: [19] image	Prec@1 20.000 (20.000)	Prec@5 89.714 (89.714)
[2026-03-19 13:01:47] TEST:  Epoch: [19] image	Prec@1 56.452 (56.452)	Prec@5 80.645 (80.645)
[2026-03-19 13:01:48] TEST:  Epoch: [19] text	Prec@1 37.778 (41.196)	Prec@5 84.444 (85.382)
[2026-03-19 13:01:48] TEST:  Epoch: [19] text	Prec@1 30.667 (32.931)	Prec@5 96.000 (96.375)
[2026-03-19 13:01:48] TEST:  Epoch: [19] text	Prec@1 60.484 (53.251)	Prec@5 98.387 (98.767)
[2026-03-19 13:01:49] TEST:  Epoch: [19] text	Prec@1 20.000 (20.000)	Prec@5 81.714 (81.714)
[2026-03-19 13:01:49] TEST:  Epoch: [19] text	Prec@1 0.000 (0.000)	Prec@5 0.000 (0.000)
[2026-03-19 13:02:12] [Eval] Report @step: 19.00 {
    "test__rsum": 428.90365448504986,
    "test__medr": 4.0,
    "test__meanr": 11.461794019933555,
    "test__n_fold_i2t_recall_1": 48.50498338870432,
    "test__n_fold_i2t_recall_5": 76.0797342192691,
    "test__n_fold_i2t_recall_10": 84.38538205980066,
    "test__n_fold_i2t_rsum": 208.9700996677741,
    "test__n_fold_i2t_medr": 2.0,
    "test__n_fold_i2t_meanr": 6.4186046511627906,
    "test__n_fold_t2i_recall_1": 44.85049833887043,
    "test__n_fold_t2i_recall_5": 80.73089700996678,
    "test__n_fold_t2i_recall_10": 94.35215946843854,
    "test__n_fold_t2i_rsum": 219.93355481727576,
    "test__n_fold_t2i_medr": 2.0,
    "test__n_fold_t2i_meanr": 5.043189368770764,
    "test__i2t_recall_1": 48.50498338870432,
    "test__i2t_recall_5": 76.0797342192691,
    "test__i2t_recall_10": 84.38538205980066,
    "test__i2t_rsum": 208.9700996677741,
    "test__i2t_medr": 2.0,
    "test__i2t_meanr": 6.4186046511627906,
    "test__t2i_recall_1": 44.85049833887043,
    "test__t2i_recall_5": 80.73089700996678,
    "test__t2i_recall_10": 94.35215946843854,
    "test__t2i_rsum": 219.93355481727576,
    "test__t2i_medr": 2.0,
    "test__t2i_meanr": 5.043189368770764
}
[2026-03-19 13:02:38] [Eval] Report @step: 19.00 {
    "test__rsum": 383.0815709969788,
    "test__medr": 5.0,
    "test__meanr": 15.915407854984894,
    "test__n_fold_i2t_recall_1": 40.78549848942598,
    "test__n_fold_i2t_recall_5": 63.74622356495468,
    "test__n_fold_i2t_recall_10": 77.34138972809667,
    "test__n_fold_i2t_rsum": 181.87311178247734,
    "test__n_fold_i2t_medr": 3.0,
    "test__n_fold_i2t_meanr": 8.105740181268882,
    "test__n_fold_t2i_recall_1": 47.43202416918429,
    "test__n_fold_t2i_recall_5": 70.39274924471299,
    "test__n_fold_t2i_recall_10": 83.38368580060423,
    "test__n_fold_t2i_rsum": 201.2084592145015,
    "test__n_fold_t2i_medr": 2.0,
    "test__n_fold_t2i_meanr": 7.809667673716012,
    "test__i2t_recall_1": 40.78549848942598,
    "test__i2t_recall_5": 63.74622356495468,
    "test__i2t_recall_10": 77.34138972809667,
    "test__i2t_rsum": 181.87311178247734,
    "test__i2t_medr": 3.0,
    "test__i2t_meanr": 8.105740181268882,
    "test__t2i_recall_1": 47.43202416918429,
    "test__t2i_recall_5": 70.39274924471299,
    "test__t2i_recall_10": 83.38368580060423,
    "test__t2i_rsum": 201.2084592145015,
    "test__t2i_medr": 2.0,
    "test__t2i_meanr": 7.809667673716012
}
[2026-03-19 13:07:18] [Eval] Report @step: 19.00 {
    "test__rsum": 394.17040358744396,
    "test__medr": 5.0,
    "test__meanr": 13.940582959641254,
    "test__n_fold_i2t_recall_1": 43.27354260089686,
    "test__n_fold_i2t_recall_5": 77.80269058295964,
    "test__n_fold_i2t_recall_10": 91.03139013452915,
    "test__n_fold_i2t_rsum": 212.10762331838566,
    "test__n_fold_i2t_medr": 2.0,
    "test__n_fold_i2t_meanr": 4.561659192825112,
    "test__n_fold_t2i_recall_1": 26.233183856502244,
    "test__n_fold_t2i_recall_5": 74.88789237668162,
    "test__n_fold_t2i_recall_10": 80.94170403587444,
    "test__n_fold_t2i_rsum": 182.0627802690583,
    "test__n_fold_t2i_medr": 3.0,
    "test__n_fold_t2i_meanr": 9.378923766816143,
    "test__i2t_recall_1": 43.27354260089686,
    "test__i2t_recall_5": 77.80269058295964,
    "test__i2t_recall_10": 91.03139013452915,
    "test__i2t_rsum": 212.10762331838566,
    "test__i2t_medr": 2.0,
    "test__i2t_meanr": 4.561659192825112,
    "test__t2i_recall_1": 26.233183856502244,
    "test__t2i_recall_5": 74.88789237668162,
    "test__t2i_recall_10": 80.94170403587444,
    "test__t2i_rsum": 182.0627802690583,
    "test__t2i_medr": 3.0,
    "test__t2i_meanr": 9.378923766816143
}
[2026-03-19 13:07:24] [Eval] Report @step: 19.00 {
    "test__rsum": 362.8571428571429,
    "test__medr": 6.0,
    "test__meanr": 13.205714285714286,
    "test__n_fold_i2t_recall_1": 18.857142857142858,
    "test__n_fold_i2t_recall_5": 68.57142857142857,
    "test__n_fold_i2t_recall_10": 84.0,
    "test__n_fold_i2t_rsum": 171.42857142857144,
    "test__n_fold_i2t_medr": 3.0,
    "test__n_fold_i2t_meanr": 7.902857142857143,
    "test__n_fold_t2i_recall_1": 33.142857142857146,
    "test__n_fold_t2i_recall_5": 70.28571428571429,
    "test__n_fold_t2i_recall_10": 88.0,
    "test__n_fold_t2i_rsum": 191.42857142857144,
    "test__n_fold_t2i_medr": 3.0,
    "test__n_fold_t2i_meanr": 5.3028571428571425,
    "test__i2t_recall_1": 18.857142857142858,
    "test__i2t_recall_5": 68.57142857142857,
    "test__i2t_recall_10": 84.0,
    "test__i2t_rsum": 171.42857142857144,
    "test__i2t_medr": 3.0,
    "test__i2t_meanr": 7.902857142857143,
    "test__t2i_recall_1": 33.142857142857146,
    "test__t2i_recall_5": 70.28571428571429,
    "test__t2i_recall_10": 88.0,
    "test__t2i_rsum": 191.42857142857144,
    "test__t2i_medr": 3.0,
    "test__t2i_meanr": 5.3028571428571425
}
[2026-03-19 13:07:26] [Eval] Report @step: 19.00 {
    "test__rsum": 422.58064516129036,
    "test__medr": 3.0,
    "test__meanr": 10.548387096774194,
    "test__n_fold_i2t_recall_1": 35.483870967741936,
    "test__n_fold_i2t_recall_5": 59.67741935483871,
    "test__n_fold_i2t_recall_10": 90.3225806451613,
    "test__n_fold_i2t_rsum": 185.48387096774195,
    "test__n_fold_i2t_medr": 2.0,
    "test__n_fold_i2t_meanr": 5.67741935483871,
    "test__n_fold_t2i_recall_1": 62.903225806451616,
    "test__n_fold_t2i_recall_5": 87.09677419354838,
    "test__n_fold_t2i_recall_10": 87.09677419354838,
    "test__n_fold_t2i_rsum": 237.09677419354838,
    "test__n_fold_t2i_medr": 1.0,
    "test__n_fold_t2i_meanr": 4.870967741935484,
    "test__i2t_recall_1": 35.483870967741936,
    "test__i2t_recall_5": 59.67741935483871,
    "test__i2t_recall_10": 90.3225806451613,
    "test__i2t_rsum": 185.48387096774195,
    "test__i2t_medr": 2.0,
    "test__i2t_meanr": 5.67741935483871,
    "test__t2i_recall_1": 62.903225806451616,
    "test__t2i_recall_5": 87.09677419354838,
    "test__t2i_recall_10": 87.09677419354838,
    "test__t2i_rsum": 237.09677419354838,
    "test__t2i_medr": 1.0,
    "test__t2i_meanr": 4.870967741935484
}
[2026-03-19 13:07:26] Round 20!
[2026-03-19 13:07:34] TEST:  Epoch: [20] image	Prec@1 37.778 (41.196)	Prec@5 95.556 (96.013)
[2026-03-19 13:07:35] TEST:  Epoch: [20] image	Prec@1 30.667 (32.931)	Prec@5 94.667 (93.656)
[2026-03-19 13:07:35] TEST:  Epoch: [20] image	Prec@1 60.484 (53.251)	Prec@5 98.387 (98.767)
[2026-03-19 13:07:35] TEST:  Epoch: [20] image	Prec@1 20.000 (20.000)	Prec@5 89.714 (89.714)
[2026-03-19 13:07:35] TEST:  Epoch: [20] image	Prec@1 56.452 (56.452)	Prec@5 87.097 (87.097)
[2026-03-19 13:07:36] TEST:  Epoch: [20] text	Prec@1 37.778 (41.196)	Prec@5 84.444 (85.382)
[2026-03-19 13:07:36] TEST:  Epoch: [20] text	Prec@1 42.667 (42.598)	Prec@5 96.000 (96.375)
[2026-03-19 13:07:36] TEST:  Epoch: [20] text	Prec@1 60.484 (53.251)	Prec@5 98.387 (98.767)
[2026-03-19 13:07:37] TEST:  Epoch: [20] text	Prec@1 20.000 (20.000)	Prec@5 85.714 (85.714)
[2026-03-19 13:07:37] TEST:  Epoch: [20] text	Prec@1 0.000 (0.000)	Prec@5 0.000 (0.000)
[2026-03-19 13:07:43] [Eval] Report @step: 20.00 {
    "test__rsum": 429.90033222591364,
    "test__medr": 3.0,
    "test__meanr": 11.159468438538205,
    "test__n_fold_i2t_recall_1": 50.498338870431894,
    "test__n_fold_i2t_recall_5": 75.41528239202658,
    "test__n_fold_i2t_recall_10": 84.71760797342192,
    "test__n_fold_i2t_rsum": 210.6312292358804,
    "test__n_fold_i2t_medr": 1.0,
    "test__n_fold_i2t_meanr": 6.20265780730897,
    "test__n_fold_t2i_recall_1": 43.85382059800664,
    "test__n_fold_t2i_recall_5": 80.73089700996678,
    "test__n_fold_t2i_recall_10": 94.6843853820598,
    "test__n_fold_t2i_rsum": 219.26910299003322,
    "test__n_fold_t2i_medr": 2.0,
    "test__n_fold_t2i_meanr": 4.956810631229236,
    "test__i2t_recall_1": 50.498338870431894,
    "test__i2t_recall_5": 75.41528239202658,
    "test__i2t_recall_10": 84.71760797342192,
    "test__i2t_rsum": 210.6312292358804,
    "test__i2t_medr": 1.0,
    "test__i2t_meanr": 6.20265780730897,
    "test__t2i_recall_1": 43.85382059800664,
    "test__t2i_recall_5": 80.73089700996678,
    "test__t2i_recall_10": 94.6843853820598,
    "test__t2i_rsum": 219.26910299003322,
    "test__t2i_medr": 2.0,
    "test__t2i_meanr": 4.956810631229236
}
[2026-03-19 13:07:50] [Eval] Report @step: 20.00 {
    "test__rsum": 382.1752265861027,
    "test__medr": 5.0,
    "test__meanr": 14.749244712990937,
    "test__n_fold_i2t_recall_1": 40.78549848942598,
    "test__n_fold_i2t_recall_5": 62.235649546827794,
    "test__n_fold_i2t_recall_10": 78.85196374622356,
    "test__n_fold_i2t_rsum": 181.87311178247734,
    "test__n_fold_i2t_medr": 3.0,
    "test__n_fold_i2t_meanr": 7.658610271903323,
    "test__n_fold_t2i_recall_1": 43.80664652567976,
    "test__n_fold_t2i_recall_5": 71.90332326283988,
    "test__n_fold_t2i_recall_10": 84.59214501510574,
    "test__n_fold_t2i_rsum": 200.3021148036254,
    "test__n_fold_t2i_medr": 2.0,
    "test__n_fold_t2i_meanr": 7.090634441087613,
    "test__i2t_recall_1": 40.78549848942598,
    "test__i2t_recall_5": 62.235649546827794,
    "test__i2t_recall_10": 78.85196374622356,
    "test__i2t_rsum": 181.87311178247734,
    "test__i2t_medr": 3.0,
    "test__i2t_meanr": 7.658610271903323,
    "test__t2i_recall_1": 43.80664652567976,
    "test__t2i_recall_5": 71.90332326283988,
    "test__t2i_recall_10": 84.59214501510574,
    "test__t2i_rsum": 200.3021148036254,
    "test__t2i_medr": 2.0,
    "test__t2i_meanr": 7.090634441087613
}
[2026-03-19 13:12:29] [Eval] Report @step: 20.00 {
    "test__rsum": 395.7399103139013,
    "test__medr": 5.0,
    "test__meanr": 15.464125560538116,
    "test__n_fold_i2t_recall_1": 45.51569506726457,
    "test__n_fold_i2t_recall_5": 75.33632286995515,
    "test__n_fold_i2t_recall_10": 90.13452914798206,
    "test__n_fold_i2t_rsum": 210.98654708520178,
    "test__n_fold_i2t_medr": 2.0,
    "test__n_fold_i2t_meanr": 4.695067264573991,
    "test__n_fold_t2i_recall_1": 30.381165919282513,
    "test__n_fold_t2i_recall_5": 74.2152466367713,
    "test__n_fold_t2i_recall_10": 80.15695067264573,
    "test__n_fold_t2i_rsum": 184.75336322869953,
    "test__n_fold_t2i_medr": 3.0,
    "test__n_fold_t2i_meanr": 10.769058295964125,
    "test__i2t_recall_1": 45.51569506726457,
    "test__i2t_recall_5": 75.33632286995515,
    "test__i2t_recall_10": 90.13452914798206,
    "test__i2t_rsum": 210.98654708520178,
    "test__i2t_medr": 2.0,
    "test__i2t_meanr": 4.695067264573991,
    "test__t2i_recall_1": 30.381165919282513,
    "test__t2i_recall_5": 74.2152466367713,
    "test__t2i_recall_10": 80.15695067264573,
    "test__t2i_rsum": 184.75336322869953,
    "test__t2i_medr": 3.0,
    "test__t2i_meanr": 10.769058295964125
}
[2026-03-19 13:12:35] [Eval] Report @step: 20.00 {
    "test__rsum": 360.0,
    "test__medr": 6.0,
    "test__meanr": 14.348571428571429,
    "test__n_fold_i2t_recall_1": 19.428571428571427,
    "test__n_fold_i2t_recall_5": 71.42857142857143,
    "test__n_fold_i2t_recall_10": 78.85714285714286,
    "test__n_fold_i2t_rsum": 169.71428571428572,
    "test__n_fold_i2t_medr": 4.0,
    "test__n_fold_i2t_meanr": 9.257142857142858,
    "test__n_fold_t2i_recall_1": 37.142857142857146,
    "test__n_fold_t2i_recall_5": 70.85714285714286,
    "test__n_fold_t2i_recall_10": 82.28571428571429,
    "test__n_fold_t2i_rsum": 190.28571428571428,
    "test__n_fold_t2i_medr": 2.0,
    "test__n_fold_t2i_meanr": 5.091428571428572,
    "test__i2t_recall_1": 19.428571428571427,
    "test__i2t_recall_5": 71.42857142857143,
    "test__i2t_recall_10": 78.85714285714286,
    "test__i2t_rsum": 169.71428571428572,
    "test__i2t_medr": 4.0,
    "test__i2t_meanr": 9.257142857142858,
    "test__t2i_recall_1": 37.142857142857146,
    "test__t2i_recall_5": 70.85714285714286,
    "test__t2i_recall_10": 82.28571428571429,
    "test__t2i_rsum": 190.28571428571428,
    "test__t2i_medr": 2.0,
    "test__t2i_meanr": 5.091428571428572
}
[2026-03-19 13:12:36] [Eval] Report @step: 20.00 {
    "test__rsum": 420.9677419354839,
    "test__medr": 4.0,
    "test__meanr": 10.483870967741936,
    "test__n_fold_i2t_recall_1": 30.64516129032258,
    "test__n_fold_i2t_recall_5": 59.67741935483871,
    "test__n_fold_i2t_recall_10": 90.3225806451613,
    "test__n_fold_i2t_rsum": 180.6451612903226,
    "test__n_fold_i2t_medr": 3.0,
    "test__n_fold_i2t_meanr": 5.903225806451613,
    "test__n_fold_t2i_recall_1": 66.12903225806451,
    "test__n_fold_t2i_recall_5": 87.09677419354838,
    "test__n_fold_t2i_recall_10": 87.09677419354838,
    "test__n_fold_t2i_rsum": 240.32258064516128,
    "test__n_fold_t2i_medr": 1.0,
    "test__n_fold_t2i_meanr": 4.580645161290322,
    "test__i2t_recall_1": 30.64516129032258,
    "test__i2t_recall_5": 59.67741935483871,
    "test__i2t_recall_10": 90.3225806451613,
    "test__i2t_rsum": 180.6451612903226,
    "test__i2t_medr": 3.0,
    "test__i2t_meanr": 5.903225806451613,
    "test__t2i_recall_1": 66.12903225806451,
    "test__t2i_recall_5": 87.09677419354838,
    "test__t2i_recall_10": 87.09677419354838,
    "test__t2i_rsum": 240.32258064516128,
    "test__t2i_medr": 1.0,
    "test__t2i_meanr": 4.580645161290322
}
