[2026-03-19 10:47:02] start creating model and partition datasets
[2026-03-19 10:47:02] Setting model 0
[2026-03-19 10:47:02] Setting model 1
[2026-03-19 10:47:03] Setting model 2
[2026-03-19 10:47:03] Setting model 3
[2026-03-19 10:47:03] Setting model 4
[2026-03-19 10:47:03] Setting model 0
[2026-03-19 10:47:03] Setting model 1
[2026-03-19 10:47:03] Setting model 2
[2026-03-19 10:47:03] Setting model 3
[2026-03-19 10:47:03] Setting model 4
[2026-03-19 10:47:04] Engine is created.
[2026-03-19 10:47:04] Munch({'dataloader': Munch({'batch_size': 256, 'eval_batch_size': 256, 'num_workers': 0, 'alpha': 0.1, 'partition': 'hetero'}), 'model': Munch({'embed_dim': 1024, 'clip_model': 'RN50', 'cnn_type': 'resnet18', 'word_dim': 512, 'cache_dir': '/data/mmdata/log/MMCLIP/', 'n_samples_inference': 1, 'eval_method': 'matmul', 'use_img_client': True, 'use_txt_client': True, 'use_mm_client': True, 'client': 0.1, 'momentum': 0.9, 'name': 'clip', 'use_pretrained_proj': False, 'img_client': 'image', 'txt_client': 'text'}), 'optimizer': Munch({'name': 'adamp', 'learning_rate': 0.0002, 'weight_decay': 0.0}), 'lr_scheduler': Munch({'name': 'cosine_annealing', 'T_max': 30}), 'criterion': Munch({'name': 'pcme', 'init_negative_scale': 15, 'init_shift': 15, 'num_samples': 7, 'vib_beta': 0, 'criterion__negative_sampling_ratio': -1}), 'train': Munch({'is_client': True, 'server_dataset': 'Coco', 'model_save_path': 'model_last_no_prob.pth', 'best_model_save_path': 'model_best_no_prob.pth', 'pretrain_epochs': 0, 'finetune_epochs': 2, 'finetune_lr_decay': 0.1, 'log_step': 1000, 'grad_clip': 2, 'val_epochs': 1, 'pretrain_val_epochs': 1, 'use_fp16': True, 'output_file': 'FedMMDP-Harmony_iapr_clip_1e-05_0.1_1x20_model_noprob.log'})})
[2026-03-19 10:47:04] start train
[2026-03-19 10:47:04] Train with half precision
[2026-03-19 10:47:04] Round 1!
[2026-03-19 10:47:04] Harmony enters stage1 at round 1.
[2026-03-19 10:47:04] Training Client 0!
[2026-03-19 10:47:04] Epoch: [1] image	Loss 3.5160 (3.5405)	Prec@1 0.000 (0.000)	Prec@5 0.000 (0.000)
[2026-03-19 10:47:04] TEST:  Epoch: [1] image	Prec@1 0.000 (0.000)	Prec@5 0.000 (0.000)
[2026-03-19 10:47:05] Training Client 1!
[2026-03-19 10:47:05] Epoch: [1] image	Loss 3.3268 (3.3268)	Prec@1 12.891 (12.891)	Prec@5 17.578 (17.578)
[2026-03-19 10:47:05] TEST:  Epoch: [1] image	Prec@1 15.436 (15.436)	Prec@5 24.497 (24.497)
[2026-03-19 10:47:05] Training Client 2!
[2026-03-19 10:47:05] Epoch: [1] image	Loss 3.3654 (3.3976)	Prec@1 0.000 (0.000)	Prec@5 1.562 (0.911)
[2026-03-19 10:47:06] TEST:  Epoch: [1] image	Prec@1 0.000 (0.000)	Prec@5 20.275 (21.171)
[2026-03-19 10:47:06] Training Client 3!
[2026-03-19 10:47:06] Epoch: [1] image	Loss 3.3396 (3.3562)	Prec@1 0.000 (0.000)	Prec@5 28.125 (28.516)
[2026-03-19 10:47:06] TEST:  Epoch: [1] image	Prec@1 0.000 (0.000)	Prec@5 42.675 (42.675)
[2026-03-19 10:47:07] Training Client 4!
[2026-03-19 10:47:07] Epoch: [1] image	Loss 3.3544 (3.3544)	Prec@1 0.000 (0.000)	Prec@5 24.219 (24.219)
[2026-03-19 10:47:07] TEST:  Epoch: [1] image	Prec@1 0.000 (0.000)	Prec@5 33.929 (33.929)
[2026-03-19 10:47:07] Training Client 5!
[2026-03-19 10:47:07] Epoch: [1] text	Loss 3.5674 (3.5674)	Prec@1 0.000 (0.000)	Prec@5 0.000 (0.000)
[2026-03-19 10:47:07] TEST:  Epoch: [1] text	Prec@1 0.000 (0.000)	Prec@5 0.000 (0.000)
[2026-03-19 10:47:07] Training Client 6!
[2026-03-19 10:47:08] Epoch: [1] text	Loss 3.2785 (3.2833)	Prec@1 11.719 (14.323)	Prec@5 35.938 (34.896)
[2026-03-19 10:47:08] TEST:  Epoch: [1] text	Prec@1 12.081 (12.081)	Prec@5 48.658 (48.658)
[2026-03-19 10:47:08] Training Client 7!
[2026-03-19 10:47:09] Epoch: [1] text	Loss 1.9617 (2.7938)	Prec@1 57.031 (37.132)	Prec@5 93.750 (63.143)
[2026-03-19 10:47:10] TEST:  Epoch: [1] text	Prec@1 54.296 (53.300)	Prec@5 96.220 (95.268)
[2026-03-19 10:47:10] Training Client 8!
[2026-03-19 10:47:10] Epoch: [1] text	Loss 3.3511 (3.3511)	Prec@1 0.000 (0.000)	Prec@5 25.781 (25.781)
[2026-03-19 10:47:10] TEST:  Epoch: [1] text	Prec@1 0.000 (0.000)	Prec@5 26.752 (26.752)
[2026-03-19 10:47:11] Training Client 9!
[2026-03-19 10:47:11] Epoch: [1] text	Loss 0.0000 (0.0000)	Prec@1 0.000 (0.000)	Prec@5 0.000 (0.000)
[2026-03-19 10:47:11] TEST:  Epoch: [1] text	Prec@1 0.000 (0.000)	Prec@5 12.500 (12.500)
[2026-03-19 10:47:11] Training Client 10!
[2026-03-19 10:47:11] Epoch 1
[2026-03-19 10:47:12] Training Client 11!
[2026-03-19 10:47:12] Epoch 1
[2026-03-19 10:47:13] Training Client 12!
[2026-03-19 10:47:13] Epoch 1
[2026-03-19 10:47:15] Training Client 13!
[2026-03-19 10:47:15] Epoch 1
[2026-03-19 10:47:15] Skip local epoch for client 3: train loader has no full batch
[2026-03-19 10:47:15] Training Client 14!
[2026-03-19 10:47:15] Epoch 1
[2026-03-19 10:47:15] Skip local epoch for client 4: train loader has no full batch
[2026-03-19 10:47:16] Harmony stage1 completed at round 1; benchmark encoders refreshed.
[2026-03-19 10:47:16] TEST:  Epoch: [1] image	Prec@1 0.000 (0.000)	Prec@5 0.000 (0.000)
[2026-03-19 10:47:16] TEST:  Epoch: [1] image	Prec@1 14.667 (13.293)	Prec@5 17.333 (16.918)
[2026-03-19 10:47:17] TEST:  Epoch: [1] image	Prec@1 0.000 (0.000)	Prec@5 2.419 (2.691)
[2026-03-19 10:47:17] TEST:  Epoch: [1] image	Prec@1 15.429 (15.429)	Prec@5 34.286 (34.286)
[2026-03-19 10:47:17] TEST:  Epoch: [1] image	Prec@1 0.000 (0.000)	Prec@5 1.613 (1.613)
[2026-03-19 10:47:18] TEST:  Epoch: [1] text	Prec@1 0.000 (0.000)	Prec@5 0.000 (0.000)
[2026-03-19 10:47:18] TEST:  Epoch: [1] text	Prec@1 16.000 (13.595)	Prec@5 48.000 (43.202)
[2026-03-19 10:47:19] TEST:  Epoch: [1] text	Prec@1 60.484 (53.251)	Prec@5 93.548 (91.480)
[2026-03-19 10:47:19] TEST:  Epoch: [1] text	Prec@1 0.000 (0.000)	Prec@5 21.714 (21.714)
[2026-03-19 10:47:19] TEST:  Epoch: [1] text	Prec@1 0.000 (0.000)	Prec@5 12.903 (12.903)
[2026-03-19 10:47:26] [Eval] Report @step: 1.00 {
    "test__rsum": 314.9501661129568,
    "test__medr": 8.0,
    "test__meanr": 13.900332225913623,
    "test__n_fold_i2t_recall_1": 17.60797342192691,
    "test__n_fold_i2t_recall_5": 73.75415282392026,
    "test__n_fold_i2t_recall_10": 93.35548172757476,
    "test__n_fold_i2t_rsum": 184.71760797342193,
    "test__n_fold_i2t_medr": 3.0,
    "test__n_fold_i2t_meanr": 4.262458471760797,
    "test__n_fold_t2i_recall_1": 17.940199335548172,
    "test__n_fold_t2i_recall_5": 53.15614617940199,
    "test__n_fold_t2i_recall_10": 59.136212624584715,
    "test__n_fold_t2i_rsum": 130.2325581395349,
    "test__n_fold_t2i_medr": 5.0,
    "test__n_fold_t2i_meanr": 9.637873754152825,
    "test__i2t_recall_1": 17.60797342192691,
    "test__i2t_recall_5": 73.75415282392026,
    "test__i2t_recall_10": 93.35548172757476,
    "test__i2t_rsum": 184.71760797342193,
    "test__i2t_medr": 3.0,
    "test__i2t_meanr": 4.262458471760797,
    "test__t2i_recall_1": 17.940199335548172,
    "test__t2i_recall_5": 53.15614617940199,
    "test__t2i_recall_10": 59.136212624584715,
    "test__t2i_rsum": 130.2325581395349,
    "test__t2i_medr": 5.0,
    "test__t2i_meanr": 9.637873754152825
}
[2026-03-19 10:47:34] [Eval] Report @step: 1.00 {
    "test__rsum": 290.3323262839879,
    "test__medr": 9.0,
    "test__meanr": 20.036253776435046,
    "test__n_fold_i2t_recall_1": 26.88821752265861,
    "test__n_fold_i2t_recall_5": 43.80664652567976,
    "test__n_fold_i2t_recall_10": 73.41389728096676,
    "test__n_fold_i2t_rsum": 144.10876132930514,
    "test__n_fold_i2t_medr": 6.0,
    "test__n_fold_i2t_meanr": 11.806646525679758,
    "test__n_fold_t2i_recall_1": 32.93051359516616,
    "test__n_fold_t2i_recall_5": 53.47432024169184,
    "test__n_fold_t2i_recall_10": 59.818731117824775,
    "test__n_fold_t2i_rsum": 146.2235649546828,
    "test__n_fold_t2i_medr": 3.0,
    "test__n_fold_t2i_meanr": 8.229607250755286,
    "test__i2t_recall_1": 26.88821752265861,
    "test__i2t_recall_5": 43.80664652567976,
    "test__i2t_recall_10": 73.41389728096676,
    "test__i2t_rsum": 144.10876132930514,
    "test__i2t_medr": 6.0,
    "test__i2t_meanr": 11.806646525679758,
    "test__t2i_recall_1": 32.93051359516616,
    "test__t2i_recall_5": 53.47432024169184,
    "test__t2i_recall_10": 59.818731117824775,
    "test__t2i_rsum": 146.2235649546828,
    "test__t2i_medr": 3.0,
    "test__t2i_meanr": 8.229607250755286
}
[2026-03-19 10:48:48] [Eval] Report @step: 1.00 {
    "test__rsum": 378.47533632286996,
    "test__medr": 4.0,
    "test__meanr": 10.532511210762332,
    "test__n_fold_i2t_recall_1": 53.25112107623318,
    "test__n_fold_i2t_recall_5": 65.02242152466367,
    "test__n_fold_i2t_recall_10": 73.76681614349776,
    "test__n_fold_i2t_rsum": 192.0403587443946,
    "test__n_fold_i2t_medr": 1.0,
    "test__n_fold_i2t_meanr": 5.92152466367713,
    "test__n_fold_t2i_recall_1": 6.053811659192825,
    "test__n_fold_t2i_recall_5": 88.11659192825113,
    "test__n_fold_t2i_recall_10": 92.26457399103138,
    "test__n_fold_t2i_rsum": 186.43497757847535,
    "test__n_fold_t2i_medr": 3.0,
    "test__n_fold_t2i_meanr": 4.610986547085202,
    "test__i2t_recall_1": 53.25112107623318,
    "test__i2t_recall_5": 65.02242152466367,
    "test__i2t_recall_10": 73.76681614349776,
    "test__i2t_rsum": 192.0403587443946,
    "test__i2t_medr": 1.0,
    "test__i2t_meanr": 5.92152466367713,
    "test__t2i_recall_1": 6.053811659192825,
    "test__t2i_recall_5": 88.11659192825113,
    "test__t2i_recall_10": 92.26457399103138,
    "test__t2i_rsum": 186.43497757847535,
    "test__t2i_medr": 3.0,
    "test__t2i_meanr": 4.610986547085202
}
[2026-03-19 10:48:49] [Eval] Report @step: 1.00 {
    "test__rsum": 372.57142857142856,
    "test__medr": 6.0,
    "test__meanr": 8.485714285714284,
    "test__n_fold_i2t_recall_1": 8.571428571428571,
    "test__n_fold_i2t_recall_5": 73.71428571428571,
    "test__n_fold_i2t_recall_10": 97.71428571428571,
    "test__n_fold_i2t_rsum": 180.0,
    "test__n_fold_i2t_medr": 4.0,
    "test__n_fold_i2t_meanr": 4.2057142857142855,
    "test__n_fold_t2i_recall_1": 32.57142857142857,
    "test__n_fold_t2i_recall_5": 70.85714285714286,
    "test__n_fold_t2i_recall_10": 89.14285714285714,
    "test__n_fold_t2i_rsum": 192.57142857142856,
    "test__n_fold_t2i_medr": 2.0,
    "test__n_fold_t2i_meanr": 4.279999999999999,
    "test__i2t_recall_1": 8.571428571428571,
    "test__i2t_recall_5": 73.71428571428571,
    "test__i2t_recall_10": 97.71428571428571,
    "test__i2t_rsum": 180.0,
    "test__i2t_medr": 4.0,
    "test__i2t_meanr": 4.2057142857142855,
    "test__t2i_recall_1": 32.57142857142857,
    "test__t2i_recall_5": 70.85714285714286,
    "test__t2i_recall_10": 89.14285714285714,
    "test__t2i_rsum": 192.57142857142856,
    "test__t2i_medr": 2.0,
    "test__t2i_meanr": 4.279999999999999
}
[2026-03-19 10:48:50] [Eval] Report @step: 1.00 {
    "test__rsum": 374.19354838709677,
    "test__medr": 3.0,
    "test__meanr": 9.82258064516129,
    "test__n_fold_i2t_recall_1": 51.61290322580645,
    "test__n_fold_i2t_recall_5": 69.35483870967742,
    "test__n_fold_i2t_recall_10": 74.19354838709677,
    "test__n_fold_i2t_rsum": 195.16129032258064,
    "test__n_fold_i2t_medr": 1.0,
    "test__n_fold_i2t_meanr": 5.870967741935484,
    "test__n_fold_t2i_recall_1": 8.064516129032258,
    "test__n_fold_t2i_recall_5": 77.41935483870968,
    "test__n_fold_t2i_recall_10": 93.54838709677419,
    "test__n_fold_t2i_rsum": 179.03225806451613,
    "test__n_fold_t2i_medr": 2.0,
    "test__n_fold_t2i_meanr": 3.9516129032258065,
    "test__i2t_recall_1": 51.61290322580645,
    "test__i2t_recall_5": 69.35483870967742,
    "test__i2t_recall_10": 74.19354838709677,
    "test__i2t_rsum": 195.16129032258064,
    "test__i2t_medr": 1.0,
    "test__i2t_meanr": 5.870967741935484,
    "test__t2i_recall_1": 8.064516129032258,
    "test__t2i_recall_5": 77.41935483870968,
    "test__t2i_recall_10": 93.54838709677419,
    "test__t2i_rsum": 179.03225806451613,
    "test__t2i_medr": 2.0,
    "test__t2i_meanr": 3.9516129032258065
}
[2026-03-19 10:48:57] [Eval] Report @step: 1.00 {
    "test__rsum": 314.9501661129568,
    "test__medr": 8.0,
    "test__meanr": 13.900332225913623,
    "test__n_fold_i2t_recall_1": 17.60797342192691,
    "test__n_fold_i2t_recall_5": 73.75415282392026,
    "test__n_fold_i2t_recall_10": 93.35548172757476,
    "test__n_fold_i2t_rsum": 184.71760797342193,
    "test__n_fold_i2t_medr": 3.0,
    "test__n_fold_i2t_meanr": 4.262458471760797,
    "test__n_fold_t2i_recall_1": 17.940199335548172,
    "test__n_fold_t2i_recall_5": 53.15614617940199,
    "test__n_fold_t2i_recall_10": 59.136212624584715,
    "test__n_fold_t2i_rsum": 130.2325581395349,
    "test__n_fold_t2i_medr": 5.0,
    "test__n_fold_t2i_meanr": 9.637873754152825,
    "test__i2t_recall_1": 17.60797342192691,
    "test__i2t_recall_5": 73.75415282392026,
    "test__i2t_recall_10": 93.35548172757476,
    "test__i2t_rsum": 184.71760797342193,
    "test__i2t_medr": 3.0,
    "test__i2t_meanr": 4.262458471760797,
    "test__t2i_recall_1": 17.940199335548172,
    "test__t2i_recall_5": 53.15614617940199,
    "test__t2i_recall_10": 59.136212624584715,
    "test__t2i_rsum": 130.2325581395349,
    "test__t2i_medr": 5.0,
    "test__t2i_meanr": 9.637873754152825
}
[2026-03-19 10:49:04] [Eval] Report @step: 1.00 {
    "test__rsum": 290.3323262839879,
    "test__medr": 9.0,
    "test__meanr": 20.036253776435046,
    "test__n_fold_i2t_recall_1": 26.88821752265861,
    "test__n_fold_i2t_recall_5": 43.80664652567976,
    "test__n_fold_i2t_recall_10": 73.41389728096676,
    "test__n_fold_i2t_rsum": 144.10876132930514,
    "test__n_fold_i2t_medr": 6.0,
    "test__n_fold_i2t_meanr": 11.806646525679758,
    "test__n_fold_t2i_recall_1": 32.93051359516616,
    "test__n_fold_t2i_recall_5": 53.47432024169184,
    "test__n_fold_t2i_recall_10": 59.818731117824775,
    "test__n_fold_t2i_rsum": 146.2235649546828,
    "test__n_fold_t2i_medr": 3.0,
    "test__n_fold_t2i_meanr": 8.229607250755286,
    "test__i2t_recall_1": 26.88821752265861,
    "test__i2t_recall_5": 43.80664652567976,
    "test__i2t_recall_10": 73.41389728096676,
    "test__i2t_rsum": 144.10876132930514,
    "test__i2t_medr": 6.0,
    "test__i2t_meanr": 11.806646525679758,
    "test__t2i_recall_1": 32.93051359516616,
    "test__t2i_recall_5": 53.47432024169184,
    "test__t2i_recall_10": 59.818731117824775,
    "test__t2i_rsum": 146.2235649546828,
    "test__t2i_medr": 3.0,
    "test__t2i_meanr": 8.229607250755286
}
[2026-03-19 10:50:22] [Eval] Report @step: 1.00 {
    "test__rsum": 378.47533632286996,
    "test__medr": 4.0,
    "test__meanr": 10.532511210762332,
    "test__n_fold_i2t_recall_1": 53.25112107623318,
    "test__n_fold_i2t_recall_5": 65.02242152466367,
    "test__n_fold_i2t_recall_10": 73.76681614349776,
    "test__n_fold_i2t_rsum": 192.0403587443946,
    "test__n_fold_i2t_medr": 1.0,
    "test__n_fold_i2t_meanr": 5.92152466367713,
    "test__n_fold_t2i_recall_1": 6.053811659192825,
    "test__n_fold_t2i_recall_5": 88.11659192825113,
    "test__n_fold_t2i_recall_10": 92.26457399103138,
    "test__n_fold_t2i_rsum": 186.43497757847535,
    "test__n_fold_t2i_medr": 3.0,
    "test__n_fold_t2i_meanr": 4.610986547085202,
    "test__i2t_recall_1": 53.25112107623318,
    "test__i2t_recall_5": 65.02242152466367,
    "test__i2t_recall_10": 73.76681614349776,
    "test__i2t_rsum": 192.0403587443946,
    "test__i2t_medr": 1.0,
    "test__i2t_meanr": 5.92152466367713,
    "test__t2i_recall_1": 6.053811659192825,
    "test__t2i_recall_5": 88.11659192825113,
    "test__t2i_recall_10": 92.26457399103138,
    "test__t2i_rsum": 186.43497757847535,
    "test__t2i_medr": 3.0,
    "test__t2i_meanr": 4.610986547085202
}
[2026-03-19 10:50:23] [Eval] Report @step: 1.00 {
    "test__rsum": 372.57142857142856,
    "test__medr": 6.0,
    "test__meanr": 8.485714285714284,
    "test__n_fold_i2t_recall_1": 8.571428571428571,
    "test__n_fold_i2t_recall_5": 73.71428571428571,
    "test__n_fold_i2t_recall_10": 97.71428571428571,
    "test__n_fold_i2t_rsum": 180.0,
    "test__n_fold_i2t_medr": 4.0,
    "test__n_fold_i2t_meanr": 4.2057142857142855,
    "test__n_fold_t2i_recall_1": 32.57142857142857,
    "test__n_fold_t2i_recall_5": 70.85714285714286,
    "test__n_fold_t2i_recall_10": 89.14285714285714,
    "test__n_fold_t2i_rsum": 192.57142857142856,
    "test__n_fold_t2i_medr": 2.0,
    "test__n_fold_t2i_meanr": 4.279999999999999,
    "test__i2t_recall_1": 8.571428571428571,
    "test__i2t_recall_5": 73.71428571428571,
    "test__i2t_recall_10": 97.71428571428571,
    "test__i2t_rsum": 180.0,
    "test__i2t_medr": 4.0,
    "test__i2t_meanr": 4.2057142857142855,
    "test__t2i_recall_1": 32.57142857142857,
    "test__t2i_recall_5": 70.85714285714286,
    "test__t2i_recall_10": 89.14285714285714,
    "test__t2i_rsum": 192.57142857142856,
    "test__t2i_medr": 2.0,
    "test__t2i_meanr": 4.279999999999999
}
[2026-03-19 10:50:24] [Eval] Report @step: 1.00 {
    "test__rsum": 374.19354838709677,
    "test__medr": 3.0,
    "test__meanr": 9.82258064516129,
    "test__n_fold_i2t_recall_1": 51.61290322580645,
    "test__n_fold_i2t_recall_5": 69.35483870967742,
    "test__n_fold_i2t_recall_10": 74.19354838709677,
    "test__n_fold_i2t_rsum": 195.16129032258064,
    "test__n_fold_i2t_medr": 1.0,
    "test__n_fold_i2t_meanr": 5.870967741935484,
    "test__n_fold_t2i_recall_1": 8.064516129032258,
    "test__n_fold_t2i_recall_5": 77.41935483870968,
    "test__n_fold_t2i_recall_10": 93.54838709677419,
    "test__n_fold_t2i_rsum": 179.03225806451613,
    "test__n_fold_t2i_medr": 2.0,
    "test__n_fold_t2i_meanr": 3.9516129032258065,
    "test__i2t_recall_1": 51.61290322580645,
    "test__i2t_recall_5": 69.35483870967742,
    "test__i2t_recall_10": 74.19354838709677,
    "test__i2t_rsum": 195.16129032258064,
    "test__i2t_medr": 1.0,
    "test__i2t_meanr": 5.870967741935484,
    "test__t2i_recall_1": 8.064516129032258,
    "test__t2i_recall_5": 77.41935483870968,
    "test__t2i_recall_10": 93.54838709677419,
    "test__t2i_rsum": 179.03225806451613,
    "test__t2i_medr": 2.0,
    "test__t2i_meanr": 3.9516129032258065
}
[2026-03-19 10:50:31] [Eval] Report @step: 1.00 {
    "test__rsum": 314.9501661129568,
    "test__medr": 8.0,
    "test__meanr": 13.900332225913623,
    "test__n_fold_i2t_recall_1": 17.60797342192691,
    "test__n_fold_i2t_recall_5": 73.75415282392026,
    "test__n_fold_i2t_recall_10": 93.35548172757476,
    "test__n_fold_i2t_rsum": 184.71760797342193,
    "test__n_fold_i2t_medr": 3.0,
    "test__n_fold_i2t_meanr": 4.262458471760797,
    "test__n_fold_t2i_recall_1": 17.940199335548172,
    "test__n_fold_t2i_recall_5": 53.15614617940199,
    "test__n_fold_t2i_recall_10": 59.136212624584715,
    "test__n_fold_t2i_rsum": 130.2325581395349,
    "test__n_fold_t2i_medr": 5.0,
    "test__n_fold_t2i_meanr": 9.637873754152825,
    "test__i2t_recall_1": 17.60797342192691,
    "test__i2t_recall_5": 73.75415282392026,
    "test__i2t_recall_10": 93.35548172757476,
    "test__i2t_rsum": 184.71760797342193,
    "test__i2t_medr": 3.0,
    "test__i2t_meanr": 4.262458471760797,
    "test__t2i_recall_1": 17.940199335548172,
    "test__t2i_recall_5": 53.15614617940199,
    "test__t2i_recall_10": 59.136212624584715,
    "test__t2i_rsum": 130.2325581395349,
    "test__t2i_medr": 5.0,
    "test__t2i_meanr": 9.637873754152825
}
[2026-03-19 10:50:39] [Eval] Report @step: 1.00 {
    "test__rsum": 290.3323262839879,
    "test__medr": 9.0,
    "test__meanr": 20.036253776435046,
    "test__n_fold_i2t_recall_1": 26.88821752265861,
    "test__n_fold_i2t_recall_5": 43.80664652567976,
    "test__n_fold_i2t_recall_10": 73.41389728096676,
    "test__n_fold_i2t_rsum": 144.10876132930514,
    "test__n_fold_i2t_medr": 6.0,
    "test__n_fold_i2t_meanr": 11.806646525679758,
    "test__n_fold_t2i_recall_1": 32.93051359516616,
    "test__n_fold_t2i_recall_5": 53.47432024169184,
    "test__n_fold_t2i_recall_10": 59.818731117824775,
    "test__n_fold_t2i_rsum": 146.2235649546828,
    "test__n_fold_t2i_medr": 3.0,
    "test__n_fold_t2i_meanr": 8.229607250755286,
    "test__i2t_recall_1": 26.88821752265861,
    "test__i2t_recall_5": 43.80664652567976,
    "test__i2t_recall_10": 73.41389728096676,
    "test__i2t_rsum": 144.10876132930514,
    "test__i2t_medr": 6.0,
    "test__i2t_meanr": 11.806646525679758,
    "test__t2i_recall_1": 32.93051359516616,
    "test__t2i_recall_5": 53.47432024169184,
    "test__t2i_recall_10": 59.818731117824775,
    "test__t2i_rsum": 146.2235649546828,
    "test__t2i_medr": 3.0,
    "test__t2i_meanr": 8.229607250755286
}
[2026-03-19 10:51:54] [Eval] Report @step: 1.00 {
    "test__rsum": 378.47533632286996,
    "test__medr": 4.0,
    "test__meanr": 10.532511210762332,
    "test__n_fold_i2t_recall_1": 53.25112107623318,
    "test__n_fold_i2t_recall_5": 65.02242152466367,
    "test__n_fold_i2t_recall_10": 73.76681614349776,
    "test__n_fold_i2t_rsum": 192.0403587443946,
    "test__n_fold_i2t_medr": 1.0,
    "test__n_fold_i2t_meanr": 5.92152466367713,
    "test__n_fold_t2i_recall_1": 6.053811659192825,
    "test__n_fold_t2i_recall_5": 88.11659192825113,
    "test__n_fold_t2i_recall_10": 92.26457399103138,
    "test__n_fold_t2i_rsum": 186.43497757847535,
    "test__n_fold_t2i_medr": 3.0,
    "test__n_fold_t2i_meanr": 4.610986547085202,
    "test__i2t_recall_1": 53.25112107623318,
    "test__i2t_recall_5": 65.02242152466367,
    "test__i2t_recall_10": 73.76681614349776,
    "test__i2t_rsum": 192.0403587443946,
    "test__i2t_medr": 1.0,
    "test__i2t_meanr": 5.92152466367713,
    "test__t2i_recall_1": 6.053811659192825,
    "test__t2i_recall_5": 88.11659192825113,
    "test__t2i_recall_10": 92.26457399103138,
    "test__t2i_rsum": 186.43497757847535,
    "test__t2i_medr": 3.0,
    "test__t2i_meanr": 4.610986547085202
}
[2026-03-19 10:51:56] [Eval] Report @step: 1.00 {
    "test__rsum": 372.57142857142856,
    "test__medr": 6.0,
    "test__meanr": 8.485714285714284,
    "test__n_fold_i2t_recall_1": 8.571428571428571,
    "test__n_fold_i2t_recall_5": 73.71428571428571,
    "test__n_fold_i2t_recall_10": 97.71428571428571,
    "test__n_fold_i2t_rsum": 180.0,
    "test__n_fold_i2t_medr": 4.0,
    "test__n_fold_i2t_meanr": 4.2057142857142855,
    "test__n_fold_t2i_recall_1": 32.57142857142857,
    "test__n_fold_t2i_recall_5": 70.85714285714286,
    "test__n_fold_t2i_recall_10": 89.14285714285714,
    "test__n_fold_t2i_rsum": 192.57142857142856,
    "test__n_fold_t2i_medr": 2.0,
    "test__n_fold_t2i_meanr": 4.279999999999999,
    "test__i2t_recall_1": 8.571428571428571,
    "test__i2t_recall_5": 73.71428571428571,
    "test__i2t_recall_10": 97.71428571428571,
    "test__i2t_rsum": 180.0,
    "test__i2t_medr": 4.0,
    "test__i2t_meanr": 4.2057142857142855,
    "test__t2i_recall_1": 32.57142857142857,
    "test__t2i_recall_5": 70.85714285714286,
    "test__t2i_recall_10": 89.14285714285714,
    "test__t2i_rsum": 192.57142857142856,
    "test__t2i_medr": 2.0,
    "test__t2i_meanr": 4.279999999999999
}
[2026-03-19 10:51:56] [Eval] Report @step: 1.00 {
    "test__rsum": 374.19354838709677,
    "test__medr": 3.0,
    "test__meanr": 9.82258064516129,
    "test__n_fold_i2t_recall_1": 51.61290322580645,
    "test__n_fold_i2t_recall_5": 69.35483870967742,
    "test__n_fold_i2t_recall_10": 74.19354838709677,
    "test__n_fold_i2t_rsum": 195.16129032258064,
    "test__n_fold_i2t_medr": 1.0,
    "test__n_fold_i2t_meanr": 5.870967741935484,
    "test__n_fold_t2i_recall_1": 8.064516129032258,
    "test__n_fold_t2i_recall_5": 77.41935483870968,
    "test__n_fold_t2i_recall_10": 93.54838709677419,
    "test__n_fold_t2i_rsum": 179.03225806451613,
    "test__n_fold_t2i_medr": 2.0,
    "test__n_fold_t2i_meanr": 3.9516129032258065,
    "test__i2t_recall_1": 51.61290322580645,
    "test__i2t_recall_5": 69.35483870967742,
    "test__i2t_recall_10": 74.19354838709677,
    "test__i2t_rsum": 195.16129032258064,
    "test__i2t_medr": 1.0,
    "test__i2t_meanr": 5.870967741935484,
    "test__t2i_recall_1": 8.064516129032258,
    "test__t2i_recall_5": 77.41935483870968,
    "test__t2i_recall_10": 93.54838709677419,
    "test__t2i_rsum": 179.03225806451613,
    "test__t2i_medr": 2.0,
    "test__t2i_meanr": 3.9516129032258065
}
[2026-03-19 10:52:04] [Eval] Report @step: 1.00 {
    "test__rsum": 314.9501661129568,
    "test__medr": 8.0,
    "test__meanr": 13.900332225913623,
    "test__n_fold_i2t_recall_1": 17.60797342192691,
    "test__n_fold_i2t_recall_5": 73.75415282392026,
    "test__n_fold_i2t_recall_10": 93.35548172757476,
    "test__n_fold_i2t_rsum": 184.71760797342193,
    "test__n_fold_i2t_medr": 3.0,
    "test__n_fold_i2t_meanr": 4.262458471760797,
    "test__n_fold_t2i_recall_1": 17.940199335548172,
    "test__n_fold_t2i_recall_5": 53.15614617940199,
    "test__n_fold_t2i_recall_10": 59.136212624584715,
    "test__n_fold_t2i_rsum": 130.2325581395349,
    "test__n_fold_t2i_medr": 5.0,
    "test__n_fold_t2i_meanr": 9.637873754152825,
    "test__i2t_recall_1": 17.60797342192691,
    "test__i2t_recall_5": 73.75415282392026,
    "test__i2t_recall_10": 93.35548172757476,
    "test__i2t_rsum": 184.71760797342193,
    "test__i2t_medr": 3.0,
    "test__i2t_meanr": 4.262458471760797,
    "test__t2i_recall_1": 17.940199335548172,
    "test__t2i_recall_5": 53.15614617940199,
    "test__t2i_recall_10": 59.136212624584715,
    "test__t2i_rsum": 130.2325581395349,
    "test__t2i_medr": 5.0,
    "test__t2i_meanr": 9.637873754152825
}
[2026-03-19 10:52:11] [Eval] Report @step: 1.00 {
    "test__rsum": 290.3323262839879,
    "test__medr": 9.0,
    "test__meanr": 20.036253776435046,
    "test__n_fold_i2t_recall_1": 26.88821752265861,
    "test__n_fold_i2t_recall_5": 43.80664652567976,
    "test__n_fold_i2t_recall_10": 73.41389728096676,
    "test__n_fold_i2t_rsum": 144.10876132930514,
    "test__n_fold_i2t_medr": 6.0,
    "test__n_fold_i2t_meanr": 11.806646525679758,
    "test__n_fold_t2i_recall_1": 32.93051359516616,
    "test__n_fold_t2i_recall_5": 53.47432024169184,
    "test__n_fold_t2i_recall_10": 59.818731117824775,
    "test__n_fold_t2i_rsum": 146.2235649546828,
    "test__n_fold_t2i_medr": 3.0,
    "test__n_fold_t2i_meanr": 8.229607250755286,
    "test__i2t_recall_1": 26.88821752265861,
    "test__i2t_recall_5": 43.80664652567976,
    "test__i2t_recall_10": 73.41389728096676,
    "test__i2t_rsum": 144.10876132930514,
    "test__i2t_medr": 6.0,
    "test__i2t_meanr": 11.806646525679758,
    "test__t2i_recall_1": 32.93051359516616,
    "test__t2i_recall_5": 53.47432024169184,
    "test__t2i_recall_10": 59.818731117824775,
    "test__t2i_rsum": 146.2235649546828,
    "test__t2i_medr": 3.0,
    "test__t2i_meanr": 8.229607250755286
}
[2026-03-19 10:53:27] [Eval] Report @step: 1.00 {
    "test__rsum": 378.47533632286996,
    "test__medr": 4.0,
    "test__meanr": 10.532511210762332,
    "test__n_fold_i2t_recall_1": 53.25112107623318,
    "test__n_fold_i2t_recall_5": 65.02242152466367,
    "test__n_fold_i2t_recall_10": 73.76681614349776,
    "test__n_fold_i2t_rsum": 192.0403587443946,
    "test__n_fold_i2t_medr": 1.0,
    "test__n_fold_i2t_meanr": 5.92152466367713,
    "test__n_fold_t2i_recall_1": 6.053811659192825,
    "test__n_fold_t2i_recall_5": 88.11659192825113,
    "test__n_fold_t2i_recall_10": 92.26457399103138,
    "test__n_fold_t2i_rsum": 186.43497757847535,
    "test__n_fold_t2i_medr": 3.0,
    "test__n_fold_t2i_meanr": 4.610986547085202,
    "test__i2t_recall_1": 53.25112107623318,
    "test__i2t_recall_5": 65.02242152466367,
    "test__i2t_recall_10": 73.76681614349776,
    "test__i2t_rsum": 192.0403587443946,
    "test__i2t_medr": 1.0,
    "test__i2t_meanr": 5.92152466367713,
    "test__t2i_recall_1": 6.053811659192825,
    "test__t2i_recall_5": 88.11659192825113,
    "test__t2i_recall_10": 92.26457399103138,
    "test__t2i_rsum": 186.43497757847535,
    "test__t2i_medr": 3.0,
    "test__t2i_meanr": 4.610986547085202
}
[2026-03-19 10:53:29] [Eval] Report @step: 1.00 {
    "test__rsum": 372.57142857142856,
    "test__medr": 6.0,
    "test__meanr": 8.485714285714284,
    "test__n_fold_i2t_recall_1": 8.571428571428571,
    "test__n_fold_i2t_recall_5": 73.71428571428571,
    "test__n_fold_i2t_recall_10": 97.71428571428571,
    "test__n_fold_i2t_rsum": 180.0,
    "test__n_fold_i2t_medr": 4.0,
    "test__n_fold_i2t_meanr": 4.2057142857142855,
    "test__n_fold_t2i_recall_1": 32.57142857142857,
    "test__n_fold_t2i_recall_5": 70.85714285714286,
    "test__n_fold_t2i_recall_10": 89.14285714285714,
    "test__n_fold_t2i_rsum": 192.57142857142856,
    "test__n_fold_t2i_medr": 2.0,
    "test__n_fold_t2i_meanr": 4.279999999999999,
    "test__i2t_recall_1": 8.571428571428571,
    "test__i2t_recall_5": 73.71428571428571,
    "test__i2t_recall_10": 97.71428571428571,
    "test__i2t_rsum": 180.0,
    "test__i2t_medr": 4.0,
    "test__i2t_meanr": 4.2057142857142855,
    "test__t2i_recall_1": 32.57142857142857,
    "test__t2i_recall_5": 70.85714285714286,
    "test__t2i_recall_10": 89.14285714285714,
    "test__t2i_rsum": 192.57142857142856,
    "test__t2i_medr": 2.0,
    "test__t2i_meanr": 4.279999999999999
}
[2026-03-19 10:53:30] [Eval] Report @step: 1.00 {
    "test__rsum": 374.19354838709677,
    "test__medr": 3.0,
    "test__meanr": 9.82258064516129,
    "test__n_fold_i2t_recall_1": 51.61290322580645,
    "test__n_fold_i2t_recall_5": 69.35483870967742,
    "test__n_fold_i2t_recall_10": 74.19354838709677,
    "test__n_fold_i2t_rsum": 195.16129032258064,
    "test__n_fold_i2t_medr": 1.0,
    "test__n_fold_i2t_meanr": 5.870967741935484,
    "test__n_fold_t2i_recall_1": 8.064516129032258,
    "test__n_fold_t2i_recall_5": 77.41935483870968,
    "test__n_fold_t2i_recall_10": 93.54838709677419,
    "test__n_fold_t2i_rsum": 179.03225806451613,
    "test__n_fold_t2i_medr": 2.0,
    "test__n_fold_t2i_meanr": 3.9516129032258065,
    "test__i2t_recall_1": 51.61290322580645,
    "test__i2t_recall_5": 69.35483870967742,
    "test__i2t_recall_10": 74.19354838709677,
    "test__i2t_rsum": 195.16129032258064,
    "test__i2t_medr": 1.0,
    "test__i2t_meanr": 5.870967741935484,
    "test__t2i_recall_1": 8.064516129032258,
    "test__t2i_recall_5": 77.41935483870968,
    "test__t2i_recall_10": 93.54838709677419,
    "test__t2i_rsum": 179.03225806451613,
    "test__t2i_medr": 2.0,
    "test__t2i_meanr": 3.9516129032258065
}
[2026-03-19 10:53:37] [Eval] Report @step: 1.00 {
    "test__rsum": 314.9501661129568,
    "test__medr": 8.0,
    "test__meanr": 13.900332225913623,
    "test__n_fold_i2t_recall_1": 17.60797342192691,
    "test__n_fold_i2t_recall_5": 73.75415282392026,
    "test__n_fold_i2t_recall_10": 93.35548172757476,
    "test__n_fold_i2t_rsum": 184.71760797342193,
    "test__n_fold_i2t_medr": 3.0,
    "test__n_fold_i2t_meanr": 4.262458471760797,
    "test__n_fold_t2i_recall_1": 17.940199335548172,
    "test__n_fold_t2i_recall_5": 53.15614617940199,
    "test__n_fold_t2i_recall_10": 59.136212624584715,
    "test__n_fold_t2i_rsum": 130.2325581395349,
    "test__n_fold_t2i_medr": 5.0,
    "test__n_fold_t2i_meanr": 9.637873754152825,
    "test__i2t_recall_1": 17.60797342192691,
    "test__i2t_recall_5": 73.75415282392026,
    "test__i2t_recall_10": 93.35548172757476,
    "test__i2t_rsum": 184.71760797342193,
    "test__i2t_medr": 3.0,
    "test__i2t_meanr": 4.262458471760797,
    "test__t2i_recall_1": 17.940199335548172,
    "test__t2i_recall_5": 53.15614617940199,
    "test__t2i_recall_10": 59.136212624584715,
    "test__t2i_rsum": 130.2325581395349,
    "test__t2i_medr": 5.0,
    "test__t2i_meanr": 9.637873754152825
}
[2026-03-19 10:53:44] [Eval] Report @step: 1.00 {
    "test__rsum": 290.3323262839879,
    "test__medr": 9.0,
    "test__meanr": 20.036253776435046,
    "test__n_fold_i2t_recall_1": 26.88821752265861,
    "test__n_fold_i2t_recall_5": 43.80664652567976,
    "test__n_fold_i2t_recall_10": 73.41389728096676,
    "test__n_fold_i2t_rsum": 144.10876132930514,
    "test__n_fold_i2t_medr": 6.0,
    "test__n_fold_i2t_meanr": 11.806646525679758,
    "test__n_fold_t2i_recall_1": 32.93051359516616,
    "test__n_fold_t2i_recall_5": 53.47432024169184,
    "test__n_fold_t2i_recall_10": 59.818731117824775,
    "test__n_fold_t2i_rsum": 146.2235649546828,
    "test__n_fold_t2i_medr": 3.0,
    "test__n_fold_t2i_meanr": 8.229607250755286,
    "test__i2t_recall_1": 26.88821752265861,
    "test__i2t_recall_5": 43.80664652567976,
    "test__i2t_recall_10": 73.41389728096676,
    "test__i2t_rsum": 144.10876132930514,
    "test__i2t_medr": 6.0,
    "test__i2t_meanr": 11.806646525679758,
    "test__t2i_recall_1": 32.93051359516616,
    "test__t2i_recall_5": 53.47432024169184,
    "test__t2i_recall_10": 59.818731117824775,
    "test__t2i_rsum": 146.2235649546828,
    "test__t2i_medr": 3.0,
    "test__t2i_meanr": 8.229607250755286
}
[2026-03-19 10:55:00] [Eval] Report @step: 1.00 {
    "test__rsum": 378.47533632286996,
    "test__medr": 4.0,
    "test__meanr": 10.532511210762332,
    "test__n_fold_i2t_recall_1": 53.25112107623318,
    "test__n_fold_i2t_recall_5": 65.02242152466367,
    "test__n_fold_i2t_recall_10": 73.76681614349776,
    "test__n_fold_i2t_rsum": 192.0403587443946,
    "test__n_fold_i2t_medr": 1.0,
    "test__n_fold_i2t_meanr": 5.92152466367713,
    "test__n_fold_t2i_recall_1": 6.053811659192825,
    "test__n_fold_t2i_recall_5": 88.11659192825113,
    "test__n_fold_t2i_recall_10": 92.26457399103138,
    "test__n_fold_t2i_rsum": 186.43497757847535,
    "test__n_fold_t2i_medr": 3.0,
    "test__n_fold_t2i_meanr": 4.610986547085202,
    "test__i2t_recall_1": 53.25112107623318,
    "test__i2t_recall_5": 65.02242152466367,
    "test__i2t_recall_10": 73.76681614349776,
    "test__i2t_rsum": 192.0403587443946,
    "test__i2t_medr": 1.0,
    "test__i2t_meanr": 5.92152466367713,
    "test__t2i_recall_1": 6.053811659192825,
    "test__t2i_recall_5": 88.11659192825113,
    "test__t2i_recall_10": 92.26457399103138,
    "test__t2i_rsum": 186.43497757847535,
    "test__t2i_medr": 3.0,
    "test__t2i_meanr": 4.610986547085202
}
[2026-03-19 10:55:02] [Eval] Report @step: 1.00 {
    "test__rsum": 372.57142857142856,
    "test__medr": 6.0,
    "test__meanr": 8.485714285714284,
    "test__n_fold_i2t_recall_1": 8.571428571428571,
    "test__n_fold_i2t_recall_5": 73.71428571428571,
    "test__n_fold_i2t_recall_10": 97.71428571428571,
    "test__n_fold_i2t_rsum": 180.0,
    "test__n_fold_i2t_medr": 4.0,
    "test__n_fold_i2t_meanr": 4.2057142857142855,
    "test__n_fold_t2i_recall_1": 32.57142857142857,
    "test__n_fold_t2i_recall_5": 70.85714285714286,
    "test__n_fold_t2i_recall_10": 89.14285714285714,
    "test__n_fold_t2i_rsum": 192.57142857142856,
    "test__n_fold_t2i_medr": 2.0,
    "test__n_fold_t2i_meanr": 4.279999999999999,
    "test__i2t_recall_1": 8.571428571428571,
    "test__i2t_recall_5": 73.71428571428571,
    "test__i2t_recall_10": 97.71428571428571,
    "test__i2t_rsum": 180.0,
    "test__i2t_medr": 4.0,
    "test__i2t_meanr": 4.2057142857142855,
    "test__t2i_recall_1": 32.57142857142857,
    "test__t2i_recall_5": 70.85714285714286,
    "test__t2i_recall_10": 89.14285714285714,
    "test__t2i_rsum": 192.57142857142856,
    "test__t2i_medr": 2.0,
    "test__t2i_meanr": 4.279999999999999
}
[2026-03-19 10:55:03] [Eval] Report @step: 1.00 {
    "test__rsum": 374.19354838709677,
    "test__medr": 3.0,
    "test__meanr": 9.82258064516129,
    "test__n_fold_i2t_recall_1": 51.61290322580645,
    "test__n_fold_i2t_recall_5": 69.35483870967742,
    "test__n_fold_i2t_recall_10": 74.19354838709677,
    "test__n_fold_i2t_rsum": 195.16129032258064,
    "test__n_fold_i2t_medr": 1.0,
    "test__n_fold_i2t_meanr": 5.870967741935484,
    "test__n_fold_t2i_recall_1": 8.064516129032258,
    "test__n_fold_t2i_recall_5": 77.41935483870968,
    "test__n_fold_t2i_recall_10": 93.54838709677419,
    "test__n_fold_t2i_rsum": 179.03225806451613,
    "test__n_fold_t2i_medr": 2.0,
    "test__n_fold_t2i_meanr": 3.9516129032258065,
    "test__i2t_recall_1": 51.61290322580645,
    "test__i2t_recall_5": 69.35483870967742,
    "test__i2t_recall_10": 74.19354838709677,
    "test__i2t_rsum": 195.16129032258064,
    "test__i2t_medr": 1.0,
    "test__i2t_meanr": 5.870967741935484,
    "test__t2i_recall_1": 8.064516129032258,
    "test__t2i_recall_5": 77.41935483870968,
    "test__t2i_recall_10": 93.54838709677419,
    "test__t2i_rsum": 179.03225806451613,
    "test__t2i_medr": 2.0,
    "test__t2i_meanr": 3.9516129032258065
}
[2026-03-19 10:55:03] Round 2!
[2026-03-19 10:55:03] Harmony enters stage1 at round 2.
[2026-03-19 10:55:03] Training Client 0!
[2026-03-19 10:55:03] Epoch: [2] image	Loss 3.3701 (3.4437)	Prec@1 0.000 (0.000)	Prec@5 33.203 (11.068)
[2026-03-19 10:55:03] TEST:  Epoch: [2] image	Prec@1 0.000 (0.000)	Prec@5 71.111 (66.777)
[2026-03-19 10:55:04] Training Client 1!
[2026-03-19 10:55:04] Epoch: [2] image	Loss 3.3440 (3.3440)	Prec@1 12.500 (12.500)	Prec@5 16.016 (16.016)
[2026-03-19 10:55:04] TEST:  Epoch: [2] image	Prec@1 16.000 (13.595)	Prec@5 48.000 (42.296)
[2026-03-19 10:55:04] Training Client 2!
[2026-03-19 10:55:04] Epoch: [2] image	Loss 3.2403 (3.3410)	Prec@1 0.000 (0.000)	Prec@5 67.969 (38.672)
[2026-03-19 10:55:05] TEST:  Epoch: [2] image	Prec@1 60.484 (53.251)	Prec@5 72.581 (64.686)
[2026-03-19 10:55:05] Training Client 3!
[2026-03-19 10:55:05] Epoch: [2] image	Loss 3.2347 (3.2607)	Prec@1 14.062 (15.755)	Prec@5 53.906 (48.438)
[2026-03-19 10:55:06] TEST:  Epoch: [2] image	Prec@1 20.571 (20.571)	Prec@5 54.286 (54.286)
[2026-03-19 10:55:06] Training Client 4!
[2026-03-19 10:55:06] Epoch: [2] image	Loss 3.3994 (3.3994)	Prec@1 0.000 (0.000)	Prec@5 1.562 (1.562)
[2026-03-19 10:55:06] TEST:  Epoch: [2] image	Prec@1 0.000 (0.000)	Prec@5 54.839 (54.839)
[2026-03-19 10:55:06] Training Client 5!
[2026-03-19 10:55:06] Epoch: [2] text	Loss 3.6370 (3.6370)	Prec@1 0.000 (0.000)	Prec@5 0.000 (0.000)
[2026-03-19 10:55:06] TEST:  Epoch: [2] text	Prec@1 0.000 (0.000)	Prec@5 0.000 (0.000)
[2026-03-19 10:55:07] Training Client 6!
[2026-03-19 10:55:07] Epoch: [2] text	Loss 3.1508 (3.2206)	Prec@1 17.969 (14.193)	Prec@5 75.000 (53.776)
[2026-03-19 10:55:07] TEST:  Epoch: [2] text	Prec@1 16.000 (13.595)	Prec@5 78.667 (76.133)
[2026-03-19 10:55:07] Training Client 7!
[2026-03-19 10:55:09] Epoch: [2] text	Loss 1.6216 (1.9003)	Prec@1 54.688 (53.585)	Prec@5 99.219 (97.243)
[2026-03-19 10:55:10] TEST:  Epoch: [2] text	Prec@1 60.484 (53.251)	Prec@5 98.387 (98.767)
[2026-03-19 10:55:10] Training Client 8!
[2026-03-19 10:55:10] Epoch: [2] text	Loss 3.3539 (3.3539)	Prec@1 0.000 (0.000)	Prec@5 27.344 (27.344)
[2026-03-19 10:55:10] TEST:  Epoch: [2] text	Prec@1 0.000 (0.000)	Prec@5 42.857 (42.857)
[2026-03-19 10:55:10] Training Client 9!
[2026-03-19 10:55:10] Epoch: [2] text	Loss 0.0000 (0.0000)	Prec@1 0.000 (0.000)	Prec@5 0.000 (0.000)
[2026-03-19 10:55:10] TEST:  Epoch: [2] text	Prec@1 0.000 (0.000)	Prec@5 12.903 (12.903)
[2026-03-19 10:55:10] Training Client 10!
[2026-03-19 10:55:10] Epoch 2
[2026-03-19 10:55:11] Training Client 11!
[2026-03-19 10:55:11] Epoch 2
[2026-03-19 10:55:13] Training Client 12!
[2026-03-19 10:55:13] Epoch 2
[2026-03-19 10:55:14] Training Client 13!
[2026-03-19 10:55:14] Epoch 2
[2026-03-19 10:55:14] Skip local epoch for client 3: train loader has no full batch
[2026-03-19 10:55:14] Training Client 14!
[2026-03-19 10:55:14] Epoch 2
[2026-03-19 10:55:14] Skip local epoch for client 4: train loader has no full batch
[2026-03-19 10:55:15] Harmony stage1 completed at round 2; benchmark encoders refreshed.
[2026-03-19 10:55:15] TEST:  Epoch: [2] image	Prec@1 0.000 (0.000)	Prec@5 37.778 (41.196)
[2026-03-19 10:55:15] TEST:  Epoch: [2] image	Prec@1 1.333 (4.834)	Prec@5 17.333 (16.314)
[2026-03-19 10:55:16] TEST:  Epoch: [2] image	Prec@1 0.000 (0.000)	Prec@5 60.484 (53.251)
[2026-03-19 10:55:16] TEST:  Epoch: [2] image	Prec@1 20.571 (20.571)	Prec@5 54.286 (54.286)
[2026-03-19 10:55:16] TEST:  Epoch: [2] image	Prec@1 0.000 (0.000)	Prec@5 0.000 (0.000)
[2026-03-19 10:55:16] TEST:  Epoch: [2] text	Prec@1 0.000 (0.000)	Prec@5 0.000 (0.000)
[2026-03-19 10:55:16] TEST:  Epoch: [2] text	Prec@1 16.000 (13.595)	Prec@5 77.333 (73.414)
[2026-03-19 10:55:17] TEST:  Epoch: [2] text	Prec@1 60.484 (53.251)	Prec@5 98.387 (98.767)
[2026-03-19 10:55:17] TEST:  Epoch: [2] text	Prec@1 0.000 (0.000)	Prec@5 26.857 (26.857)
[2026-03-19 10:55:17] TEST:  Epoch: [2] text	Prec@1 0.000 (0.000)	Prec@5 0.000 (0.000)
[2026-03-19 10:55:24] [Eval] Report @step: 2.00 {
    "test__rsum": 227.90697674418607,
    "test__medr": 12.0,
    "test__meanr": 28.518272425249172,
    "test__n_fold_i2t_recall_1": 5.3156146179401995,
    "test__n_fold_i2t_recall_5": 54.817275747508305,
    "test__n_fold_i2t_recall_10": 58.80398671096346,
    "test__n_fold_i2t_rsum": 118.93687707641196,
    "test__n_fold_i2t_medr": 4.0,
    "test__n_fold_i2t_meanr": 14.066445182724253,
    "test__n_fold_t2i_recall_1": 17.940199335548172,
    "test__n_fold_t2i_recall_5": 32.22591362126246,
    "test__n_fold_t2i_recall_10": 58.80398671096346,
    "test__n_fold_t2i_rsum": 108.9700996677741,
    "test__n_fold_t2i_medr": 8.0,
    "test__n_fold_t2i_meanr": 14.451827242524917,
    "test__i2t_recall_1": 5.3156146179401995,
    "test__i2t_recall_5": 54.817275747508305,
    "test__i2t_recall_10": 58.80398671096346,
    "test__i2t_rsum": 118.93687707641196,
    "test__i2t_medr": 4.0,
    "test__i2t_meanr": 14.066445182724253,
    "test__t2i_recall_1": 17.940199335548172,
    "test__t2i_recall_5": 32.22591362126246,
    "test__t2i_recall_10": 58.80398671096346,
    "test__t2i_rsum": 108.9700996677741,
    "test__t2i_medr": 8.0,
    "test__t2i_meanr": 14.451827242524917
}
[2026-03-19 10:55:31] [Eval] Report @step: 2.00 {
    "test__rsum": 311.48036253776434,
    "test__medr": 19.0,
    "test__meanr": 17.646525679758305,
    "test__n_fold_i2t_recall_1": 16.61631419939577,
    "test__n_fold_i2t_recall_5": 40.483383685800604,
    "test__n_fold_i2t_recall_10": 44.10876132930514,
    "test__n_fold_i2t_rsum": 101.20845921450152,
    "test__n_fold_i2t_medr": 17.0,
    "test__n_fold_i2t_meanr": 12.731117824773413,
    "test__n_fold_t2i_recall_1": 32.93051359516616,
    "test__n_fold_t2i_recall_5": 83.68580060422961,
    "test__n_fold_t2i_recall_10": 93.65558912386707,
    "test__n_fold_t2i_rsum": 210.27190332326285,
    "test__n_fold_t2i_medr": 2.0,
    "test__n_fold_t2i_meanr": 4.915407854984894,
    "test__i2t_recall_1": 16.61631419939577,
    "test__i2t_recall_5": 40.483383685800604,
    "test__i2t_recall_10": 44.10876132930514,
    "test__i2t_rsum": 101.20845921450152,
    "test__i2t_medr": 17.0,
    "test__i2t_meanr": 12.731117824773413,
    "test__t2i_recall_1": 32.93051359516616,
    "test__t2i_recall_5": 83.68580060422961,
    "test__t2i_recall_10": 93.65558912386707,
    "test__t2i_rsum": 210.27190332326285,
    "test__t2i_medr": 2.0,
    "test__t2i_meanr": 4.915407854984894
}
[2026-03-19 10:56:49] [Eval] Report @step: 2.00 {
    "test__rsum": 422.7578475336323,
    "test__medr": 2.0,
    "test__meanr": 9.845291479820627,
    "test__n_fold_i2t_recall_1": 53.25112107623318,
    "test__n_fold_i2t_recall_5": 74.55156950672645,
    "test__n_fold_i2t_recall_10": 82.51121076233184,
    "test__n_fold_i2t_rsum": 210.31390134529147,
    "test__n_fold_i2t_medr": 1.0,
    "test__n_fold_i2t_meanr": 5.936098654708521,
    "test__n_fold_t2i_recall_1": 51.90582959641256,
    "test__n_fold_t2i_recall_5": 68.49775784753363,
    "test__n_fold_t2i_recall_10": 92.04035874439462,
    "test__n_fold_t2i_rsum": 212.44394618834082,
    "test__n_fold_t2i_medr": 1.0,
    "test__n_fold_t2i_meanr": 3.9091928251121075,
    "test__i2t_recall_1": 53.25112107623318,
    "test__i2t_recall_5": 74.55156950672645,
    "test__i2t_recall_10": 82.51121076233184,
    "test__i2t_rsum": 210.31390134529147,
    "test__i2t_medr": 1.0,
    "test__i2t_meanr": 5.936098654708521,
    "test__t2i_recall_1": 51.90582959641256,
    "test__t2i_recall_5": 68.49775784753363,
    "test__t2i_recall_10": 92.04035874439462,
    "test__t2i_rsum": 212.44394618834082,
    "test__t2i_medr": 1.0,
    "test__t2i_meanr": 3.9091928251121075
}
[2026-03-19 10:56:51] [Eval] Report @step: 2.00 {
    "test__rsum": 268.57142857142856,
    "test__medr": 14.0,
    "test__meanr": 24.262857142857143,
    "test__n_fold_i2t_recall_1": 8.571428571428571,
    "test__n_fold_i2t_recall_5": 69.14285714285714,
    "test__n_fold_i2t_recall_10": 69.14285714285714,
    "test__n_fold_i2t_rsum": 146.85714285714283,
    "test__n_fold_i2t_medr": 3.0,
    "test__n_fold_i2t_meanr": 10.131428571428572,
    "test__n_fold_t2i_recall_1": 27.428571428571427,
    "test__n_fold_t2i_recall_5": 45.142857142857146,
    "test__n_fold_t2i_recall_10": 49.142857142857146,
    "test__n_fold_t2i_rsum": 121.71428571428572,
    "test__n_fold_t2i_medr": 11.0,
    "test__n_fold_t2i_meanr": 14.131428571428572,
    "test__i2t_recall_1": 8.571428571428571,
    "test__i2t_recall_5": 69.14285714285714,
    "test__i2t_recall_10": 69.14285714285714,
    "test__i2t_rsum": 146.85714285714283,
    "test__i2t_medr": 3.0,
    "test__i2t_meanr": 10.131428571428572,
    "test__t2i_recall_1": 27.428571428571427,
    "test__t2i_recall_5": 45.142857142857146,
    "test__t2i_recall_10": 49.142857142857146,
    "test__t2i_rsum": 121.71428571428572,
    "test__t2i_medr": 11.0,
    "test__t2i_meanr": 14.131428571428572
}
[2026-03-19 10:56:52] [Eval] Report @step: 2.00 {
    "test__rsum": 330.64516129032256,
    "test__medr": 3.0,
    "test__meanr": 15.64516129032258,
    "test__n_fold_i2t_recall_1": 56.45161290322581,
    "test__n_fold_i2t_recall_5": 56.45161290322581,
    "test__n_fold_i2t_recall_10": 64.51612903225806,
    "test__n_fold_i2t_rsum": 177.4193548387097,
    "test__n_fold_i2t_medr": 1.0,
    "test__n_fold_i2t_meanr": 7.919354838709677,
    "test__n_fold_t2i_recall_1": 11.290322580645162,
    "test__n_fold_t2i_recall_5": 67.74193548387096,
    "test__n_fold_t2i_recall_10": 74.19354838709677,
    "test__n_fold_t2i_rsum": 153.2258064516129,
    "test__n_fold_t2i_medr": 2.0,
    "test__n_fold_t2i_meanr": 7.725806451612903,
    "test__i2t_recall_1": 56.45161290322581,
    "test__i2t_recall_5": 56.45161290322581,
    "test__i2t_recall_10": 64.51612903225806,
    "test__i2t_rsum": 177.4193548387097,
    "test__i2t_medr": 1.0,
    "test__i2t_meanr": 7.919354838709677,
    "test__t2i_recall_1": 11.290322580645162,
    "test__t2i_recall_5": 67.74193548387096,
    "test__t2i_recall_10": 74.19354838709677,
    "test__t2i_rsum": 153.2258064516129,
    "test__t2i_medr": 2.0,
    "test__t2i_meanr": 7.725806451612903
}
[2026-03-19 10:56:59] [Eval] Report @step: 2.00 {
    "test__rsum": 227.90697674418607,
    "test__medr": 12.0,
    "test__meanr": 28.518272425249172,
    "test__n_fold_i2t_recall_1": 5.3156146179401995,
    "test__n_fold_i2t_recall_5": 54.817275747508305,
    "test__n_fold_i2t_recall_10": 58.80398671096346,
    "test__n_fold_i2t_rsum": 118.93687707641196,
    "test__n_fold_i2t_medr": 4.0,
    "test__n_fold_i2t_meanr": 14.066445182724253,
    "test__n_fold_t2i_recall_1": 17.940199335548172,
    "test__n_fold_t2i_recall_5": 32.22591362126246,
    "test__n_fold_t2i_recall_10": 58.80398671096346,
    "test__n_fold_t2i_rsum": 108.9700996677741,
    "test__n_fold_t2i_medr": 8.0,
    "test__n_fold_t2i_meanr": 14.451827242524917,
    "test__i2t_recall_1": 5.3156146179401995,
    "test__i2t_recall_5": 54.817275747508305,
    "test__i2t_recall_10": 58.80398671096346,
    "test__i2t_rsum": 118.93687707641196,
    "test__i2t_medr": 4.0,
    "test__i2t_meanr": 14.066445182724253,
    "test__t2i_recall_1": 17.940199335548172,
    "test__t2i_recall_5": 32.22591362126246,
    "test__t2i_recall_10": 58.80398671096346,
    "test__t2i_rsum": 108.9700996677741,
    "test__t2i_medr": 8.0,
    "test__t2i_meanr": 14.451827242524917
}
[2026-03-19 10:57:07] [Eval] Report @step: 2.00 {
    "test__rsum": 311.48036253776434,
    "test__medr": 19.0,
    "test__meanr": 17.646525679758305,
    "test__n_fold_i2t_recall_1": 16.61631419939577,
    "test__n_fold_i2t_recall_5": 40.483383685800604,
    "test__n_fold_i2t_recall_10": 44.10876132930514,
    "test__n_fold_i2t_rsum": 101.20845921450152,
    "test__n_fold_i2t_medr": 17.0,
    "test__n_fold_i2t_meanr": 12.731117824773413,
    "test__n_fold_t2i_recall_1": 32.93051359516616,
    "test__n_fold_t2i_recall_5": 83.68580060422961,
    "test__n_fold_t2i_recall_10": 93.65558912386707,
    "test__n_fold_t2i_rsum": 210.27190332326285,
    "test__n_fold_t2i_medr": 2.0,
    "test__n_fold_t2i_meanr": 4.915407854984894,
    "test__i2t_recall_1": 16.61631419939577,
    "test__i2t_recall_5": 40.483383685800604,
    "test__i2t_recall_10": 44.10876132930514,
    "test__i2t_rsum": 101.20845921450152,
    "test__i2t_medr": 17.0,
    "test__i2t_meanr": 12.731117824773413,
    "test__t2i_recall_1": 32.93051359516616,
    "test__t2i_recall_5": 83.68580060422961,
    "test__t2i_recall_10": 93.65558912386707,
    "test__t2i_rsum": 210.27190332326285,
    "test__t2i_medr": 2.0,
    "test__t2i_meanr": 4.915407854984894
}
[2026-03-19 10:58:23] [Eval] Report @step: 2.00 {
    "test__rsum": 422.7578475336323,
    "test__medr": 2.0,
    "test__meanr": 9.845291479820627,
    "test__n_fold_i2t_recall_1": 53.25112107623318,
    "test__n_fold_i2t_recall_5": 74.55156950672645,
    "test__n_fold_i2t_recall_10": 82.51121076233184,
    "test__n_fold_i2t_rsum": 210.31390134529147,
    "test__n_fold_i2t_medr": 1.0,
    "test__n_fold_i2t_meanr": 5.936098654708521,
    "test__n_fold_t2i_recall_1": 51.90582959641256,
    "test__n_fold_t2i_recall_5": 68.49775784753363,
    "test__n_fold_t2i_recall_10": 92.04035874439462,
    "test__n_fold_t2i_rsum": 212.44394618834082,
    "test__n_fold_t2i_medr": 1.0,
    "test__n_fold_t2i_meanr": 3.9091928251121075,
    "test__i2t_recall_1": 53.25112107623318,
    "test__i2t_recall_5": 74.55156950672645,
    "test__i2t_recall_10": 82.51121076233184,
    "test__i2t_rsum": 210.31390134529147,
    "test__i2t_medr": 1.0,
    "test__i2t_meanr": 5.936098654708521,
    "test__t2i_recall_1": 51.90582959641256,
    "test__t2i_recall_5": 68.49775784753363,
    "test__t2i_recall_10": 92.04035874439462,
    "test__t2i_rsum": 212.44394618834082,
    "test__t2i_medr": 1.0,
    "test__t2i_meanr": 3.9091928251121075
}
[2026-03-19 10:58:25] [Eval] Report @step: 2.00 {
    "test__rsum": 268.57142857142856,
    "test__medr": 14.0,
    "test__meanr": 24.262857142857143,
    "test__n_fold_i2t_recall_1": 8.571428571428571,
    "test__n_fold_i2t_recall_5": 69.14285714285714,
    "test__n_fold_i2t_recall_10": 69.14285714285714,
    "test__n_fold_i2t_rsum": 146.85714285714283,
    "test__n_fold_i2t_medr": 3.0,
    "test__n_fold_i2t_meanr": 10.131428571428572,
    "test__n_fold_t2i_recall_1": 27.428571428571427,
    "test__n_fold_t2i_recall_5": 45.142857142857146,
    "test__n_fold_t2i_recall_10": 49.142857142857146,
    "test__n_fold_t2i_rsum": 121.71428571428572,
    "test__n_fold_t2i_medr": 11.0,
    "test__n_fold_t2i_meanr": 14.131428571428572,
    "test__i2t_recall_1": 8.571428571428571,
    "test__i2t_recall_5": 69.14285714285714,
    "test__i2t_recall_10": 69.14285714285714,
    "test__i2t_rsum": 146.85714285714283,
    "test__i2t_medr": 3.0,
    "test__i2t_meanr": 10.131428571428572,
    "test__t2i_recall_1": 27.428571428571427,
    "test__t2i_recall_5": 45.142857142857146,
    "test__t2i_recall_10": 49.142857142857146,
    "test__t2i_rsum": 121.71428571428572,
    "test__t2i_medr": 11.0,
    "test__t2i_meanr": 14.131428571428572
}
[2026-03-19 10:58:25] [Eval] Report @step: 2.00 {
    "test__rsum": 330.64516129032256,
    "test__medr": 3.0,
    "test__meanr": 15.64516129032258,
    "test__n_fold_i2t_recall_1": 56.45161290322581,
    "test__n_fold_i2t_recall_5": 56.45161290322581,
    "test__n_fold_i2t_recall_10": 64.51612903225806,
    "test__n_fold_i2t_rsum": 177.4193548387097,
    "test__n_fold_i2t_medr": 1.0,
    "test__n_fold_i2t_meanr": 7.919354838709677,
    "test__n_fold_t2i_recall_1": 11.290322580645162,
    "test__n_fold_t2i_recall_5": 67.74193548387096,
    "test__n_fold_t2i_recall_10": 74.19354838709677,
    "test__n_fold_t2i_rsum": 153.2258064516129,
    "test__n_fold_t2i_medr": 2.0,
    "test__n_fold_t2i_meanr": 7.725806451612903,
    "test__i2t_recall_1": 56.45161290322581,
    "test__i2t_recall_5": 56.45161290322581,
    "test__i2t_recall_10": 64.51612903225806,
    "test__i2t_rsum": 177.4193548387097,
    "test__i2t_medr": 1.0,
    "test__i2t_meanr": 7.919354838709677,
    "test__t2i_recall_1": 11.290322580645162,
    "test__t2i_recall_5": 67.74193548387096,
    "test__t2i_recall_10": 74.19354838709677,
    "test__t2i_rsum": 153.2258064516129,
    "test__t2i_medr": 2.0,
    "test__t2i_meanr": 7.725806451612903
}
[2026-03-19 10:58:33] [Eval] Report @step: 2.00 {
    "test__rsum": 227.90697674418607,
    "test__medr": 12.0,
    "test__meanr": 28.518272425249172,
    "test__n_fold_i2t_recall_1": 5.3156146179401995,
    "test__n_fold_i2t_recall_5": 54.817275747508305,
    "test__n_fold_i2t_recall_10": 58.80398671096346,
    "test__n_fold_i2t_rsum": 118.93687707641196,
    "test__n_fold_i2t_medr": 4.0,
    "test__n_fold_i2t_meanr": 14.066445182724253,
    "test__n_fold_t2i_recall_1": 17.940199335548172,
    "test__n_fold_t2i_recall_5": 32.22591362126246,
    "test__n_fold_t2i_recall_10": 58.80398671096346,
    "test__n_fold_t2i_rsum": 108.9700996677741,
    "test__n_fold_t2i_medr": 8.0,
    "test__n_fold_t2i_meanr": 14.451827242524917,
    "test__i2t_recall_1": 5.3156146179401995,
    "test__i2t_recall_5": 54.817275747508305,
    "test__i2t_recall_10": 58.80398671096346,
    "test__i2t_rsum": 118.93687707641196,
    "test__i2t_medr": 4.0,
    "test__i2t_meanr": 14.066445182724253,
    "test__t2i_recall_1": 17.940199335548172,
    "test__t2i_recall_5": 32.22591362126246,
    "test__t2i_recall_10": 58.80398671096346,
    "test__t2i_rsum": 108.9700996677741,
    "test__t2i_medr": 8.0,
    "test__t2i_meanr": 14.451827242524917
}
[2026-03-19 10:58:41] [Eval] Report @step: 2.00 {
    "test__rsum": 311.48036253776434,
    "test__medr": 19.0,
    "test__meanr": 17.646525679758305,
    "test__n_fold_i2t_recall_1": 16.61631419939577,
    "test__n_fold_i2t_recall_5": 40.483383685800604,
    "test__n_fold_i2t_recall_10": 44.10876132930514,
    "test__n_fold_i2t_rsum": 101.20845921450152,
    "test__n_fold_i2t_medr": 17.0,
    "test__n_fold_i2t_meanr": 12.731117824773413,
    "test__n_fold_t2i_recall_1": 32.93051359516616,
    "test__n_fold_t2i_recall_5": 83.68580060422961,
    "test__n_fold_t2i_recall_10": 93.65558912386707,
    "test__n_fold_t2i_rsum": 210.27190332326285,
    "test__n_fold_t2i_medr": 2.0,
    "test__n_fold_t2i_meanr": 4.915407854984894,
    "test__i2t_recall_1": 16.61631419939577,
    "test__i2t_recall_5": 40.483383685800604,
    "test__i2t_recall_10": 44.10876132930514,
    "test__i2t_rsum": 101.20845921450152,
    "test__i2t_medr": 17.0,
    "test__i2t_meanr": 12.731117824773413,
    "test__t2i_recall_1": 32.93051359516616,
    "test__t2i_recall_5": 83.68580060422961,
    "test__t2i_recall_10": 93.65558912386707,
    "test__t2i_rsum": 210.27190332326285,
    "test__t2i_medr": 2.0,
    "test__t2i_meanr": 4.915407854984894
}
[2026-03-19 10:59:58] [Eval] Report @step: 2.00 {
    "test__rsum": 422.7578475336323,
    "test__medr": 2.0,
    "test__meanr": 9.845291479820627,
    "test__n_fold_i2t_recall_1": 53.25112107623318,
    "test__n_fold_i2t_recall_5": 74.55156950672645,
    "test__n_fold_i2t_recall_10": 82.51121076233184,
    "test__n_fold_i2t_rsum": 210.31390134529147,
    "test__n_fold_i2t_medr": 1.0,
    "test__n_fold_i2t_meanr": 5.936098654708521,
    "test__n_fold_t2i_recall_1": 51.90582959641256,
    "test__n_fold_t2i_recall_5": 68.49775784753363,
    "test__n_fold_t2i_recall_10": 92.04035874439462,
    "test__n_fold_t2i_rsum": 212.44394618834082,
    "test__n_fold_t2i_medr": 1.0,
    "test__n_fold_t2i_meanr": 3.9091928251121075,
    "test__i2t_recall_1": 53.25112107623318,
    "test__i2t_recall_5": 74.55156950672645,
    "test__i2t_recall_10": 82.51121076233184,
    "test__i2t_rsum": 210.31390134529147,
    "test__i2t_medr": 1.0,
    "test__i2t_meanr": 5.936098654708521,
    "test__t2i_recall_1": 51.90582959641256,
    "test__t2i_recall_5": 68.49775784753363,
    "test__t2i_recall_10": 92.04035874439462,
    "test__t2i_rsum": 212.44394618834082,
    "test__t2i_medr": 1.0,
    "test__t2i_meanr": 3.9091928251121075
}
[2026-03-19 11:00:00] [Eval] Report @step: 2.00 {
    "test__rsum": 268.57142857142856,
    "test__medr": 14.0,
    "test__meanr": 24.262857142857143,
    "test__n_fold_i2t_recall_1": 8.571428571428571,
    "test__n_fold_i2t_recall_5": 69.14285714285714,
    "test__n_fold_i2t_recall_10": 69.14285714285714,
    "test__n_fold_i2t_rsum": 146.85714285714283,
    "test__n_fold_i2t_medr": 3.0,
    "test__n_fold_i2t_meanr": 10.131428571428572,
    "test__n_fold_t2i_recall_1": 27.428571428571427,
    "test__n_fold_t2i_recall_5": 45.142857142857146,
    "test__n_fold_t2i_recall_10": 49.142857142857146,
    "test__n_fold_t2i_rsum": 121.71428571428572,
    "test__n_fold_t2i_medr": 11.0,
    "test__n_fold_t2i_meanr": 14.131428571428572,
    "test__i2t_recall_1": 8.571428571428571,
    "test__i2t_recall_5": 69.14285714285714,
    "test__i2t_recall_10": 69.14285714285714,
    "test__i2t_rsum": 146.85714285714283,
    "test__i2t_medr": 3.0,
    "test__i2t_meanr": 10.131428571428572,
    "test__t2i_recall_1": 27.428571428571427,
    "test__t2i_recall_5": 45.142857142857146,
    "test__t2i_recall_10": 49.142857142857146,
    "test__t2i_rsum": 121.71428571428572,
    "test__t2i_medr": 11.0,
    "test__t2i_meanr": 14.131428571428572
}
[2026-03-19 11:00:00] [Eval] Report @step: 2.00 {
    "test__rsum": 330.64516129032256,
    "test__medr": 3.0,
    "test__meanr": 15.64516129032258,
    "test__n_fold_i2t_recall_1": 56.45161290322581,
    "test__n_fold_i2t_recall_5": 56.45161290322581,
    "test__n_fold_i2t_recall_10": 64.51612903225806,
    "test__n_fold_i2t_rsum": 177.4193548387097,
    "test__n_fold_i2t_medr": 1.0,
    "test__n_fold_i2t_meanr": 7.919354838709677,
    "test__n_fold_t2i_recall_1": 11.290322580645162,
    "test__n_fold_t2i_recall_5": 67.74193548387096,
    "test__n_fold_t2i_recall_10": 74.19354838709677,
    "test__n_fold_t2i_rsum": 153.2258064516129,
    "test__n_fold_t2i_medr": 2.0,
    "test__n_fold_t2i_meanr": 7.725806451612903,
    "test__i2t_recall_1": 56.45161290322581,
    "test__i2t_recall_5": 56.45161290322581,
    "test__i2t_recall_10": 64.51612903225806,
    "test__i2t_rsum": 177.4193548387097,
    "test__i2t_medr": 1.0,
    "test__i2t_meanr": 7.919354838709677,
    "test__t2i_recall_1": 11.290322580645162,
    "test__t2i_recall_5": 67.74193548387096,
    "test__t2i_recall_10": 74.19354838709677,
    "test__t2i_rsum": 153.2258064516129,
    "test__t2i_medr": 2.0,
    "test__t2i_meanr": 7.725806451612903
}
[2026-03-19 11:00:07] [Eval] Report @step: 2.00 {
    "test__rsum": 227.90697674418607,
    "test__medr": 12.0,
    "test__meanr": 28.518272425249172,
    "test__n_fold_i2t_recall_1": 5.3156146179401995,
    "test__n_fold_i2t_recall_5": 54.817275747508305,
    "test__n_fold_i2t_recall_10": 58.80398671096346,
    "test__n_fold_i2t_rsum": 118.93687707641196,
    "test__n_fold_i2t_medr": 4.0,
    "test__n_fold_i2t_meanr": 14.066445182724253,
    "test__n_fold_t2i_recall_1": 17.940199335548172,
    "test__n_fold_t2i_recall_5": 32.22591362126246,
    "test__n_fold_t2i_recall_10": 58.80398671096346,
    "test__n_fold_t2i_rsum": 108.9700996677741,
    "test__n_fold_t2i_medr": 8.0,
    "test__n_fold_t2i_meanr": 14.451827242524917,
    "test__i2t_recall_1": 5.3156146179401995,
    "test__i2t_recall_5": 54.817275747508305,
    "test__i2t_recall_10": 58.80398671096346,
    "test__i2t_rsum": 118.93687707641196,
    "test__i2t_medr": 4.0,
    "test__i2t_meanr": 14.066445182724253,
    "test__t2i_recall_1": 17.940199335548172,
    "test__t2i_recall_5": 32.22591362126246,
    "test__t2i_recall_10": 58.80398671096346,
    "test__t2i_rsum": 108.9700996677741,
    "test__t2i_medr": 8.0,
    "test__t2i_meanr": 14.451827242524917
}
[2026-03-19 11:00:15] [Eval] Report @step: 2.00 {
    "test__rsum": 311.48036253776434,
    "test__medr": 19.0,
    "test__meanr": 17.646525679758305,
    "test__n_fold_i2t_recall_1": 16.61631419939577,
    "test__n_fold_i2t_recall_5": 40.483383685800604,
    "test__n_fold_i2t_recall_10": 44.10876132930514,
    "test__n_fold_i2t_rsum": 101.20845921450152,
    "test__n_fold_i2t_medr": 17.0,
    "test__n_fold_i2t_meanr": 12.731117824773413,
    "test__n_fold_t2i_recall_1": 32.93051359516616,
    "test__n_fold_t2i_recall_5": 83.68580060422961,
    "test__n_fold_t2i_recall_10": 93.65558912386707,
    "test__n_fold_t2i_rsum": 210.27190332326285,
    "test__n_fold_t2i_medr": 2.0,
    "test__n_fold_t2i_meanr": 4.915407854984894,
    "test__i2t_recall_1": 16.61631419939577,
    "test__i2t_recall_5": 40.483383685800604,
    "test__i2t_recall_10": 44.10876132930514,
    "test__i2t_rsum": 101.20845921450152,
    "test__i2t_medr": 17.0,
    "test__i2t_meanr": 12.731117824773413,
    "test__t2i_recall_1": 32.93051359516616,
    "test__t2i_recall_5": 83.68580060422961,
    "test__t2i_recall_10": 93.65558912386707,
    "test__t2i_rsum": 210.27190332326285,
    "test__t2i_medr": 2.0,
    "test__t2i_meanr": 4.915407854984894
}
[2026-03-19 11:01:31] [Eval] Report @step: 2.00 {
    "test__rsum": 422.7578475336323,
    "test__medr": 2.0,
    "test__meanr": 9.845291479820627,
    "test__n_fold_i2t_recall_1": 53.25112107623318,
    "test__n_fold_i2t_recall_5": 74.55156950672645,
    "test__n_fold_i2t_recall_10": 82.51121076233184,
    "test__n_fold_i2t_rsum": 210.31390134529147,
    "test__n_fold_i2t_medr": 1.0,
    "test__n_fold_i2t_meanr": 5.936098654708521,
    "test__n_fold_t2i_recall_1": 51.90582959641256,
    "test__n_fold_t2i_recall_5": 68.49775784753363,
    "test__n_fold_t2i_recall_10": 92.04035874439462,
    "test__n_fold_t2i_rsum": 212.44394618834082,
    "test__n_fold_t2i_medr": 1.0,
    "test__n_fold_t2i_meanr": 3.9091928251121075,
    "test__i2t_recall_1": 53.25112107623318,
    "test__i2t_recall_5": 74.55156950672645,
    "test__i2t_recall_10": 82.51121076233184,
    "test__i2t_rsum": 210.31390134529147,
    "test__i2t_medr": 1.0,
    "test__i2t_meanr": 5.936098654708521,
    "test__t2i_recall_1": 51.90582959641256,
    "test__t2i_recall_5": 68.49775784753363,
    "test__t2i_recall_10": 92.04035874439462,
    "test__t2i_rsum": 212.44394618834082,
    "test__t2i_medr": 1.0,
    "test__t2i_meanr": 3.9091928251121075
}
[2026-03-19 11:01:33] [Eval] Report @step: 2.00 {
    "test__rsum": 268.57142857142856,
    "test__medr": 14.0,
    "test__meanr": 24.262857142857143,
    "test__n_fold_i2t_recall_1": 8.571428571428571,
    "test__n_fold_i2t_recall_5": 69.14285714285714,
    "test__n_fold_i2t_recall_10": 69.14285714285714,
    "test__n_fold_i2t_rsum": 146.85714285714283,
    "test__n_fold_i2t_medr": 3.0,
    "test__n_fold_i2t_meanr": 10.131428571428572,
    "test__n_fold_t2i_recall_1": 27.428571428571427,
    "test__n_fold_t2i_recall_5": 45.142857142857146,
    "test__n_fold_t2i_recall_10": 49.142857142857146,
    "test__n_fold_t2i_rsum": 121.71428571428572,
    "test__n_fold_t2i_medr": 11.0,
    "test__n_fold_t2i_meanr": 14.131428571428572,
    "test__i2t_recall_1": 8.571428571428571,
    "test__i2t_recall_5": 69.14285714285714,
    "test__i2t_recall_10": 69.14285714285714,
    "test__i2t_rsum": 146.85714285714283,
    "test__i2t_medr": 3.0,
    "test__i2t_meanr": 10.131428571428572,
    "test__t2i_recall_1": 27.428571428571427,
    "test__t2i_recall_5": 45.142857142857146,
    "test__t2i_recall_10": 49.142857142857146,
    "test__t2i_rsum": 121.71428571428572,
    "test__t2i_medr": 11.0,
    "test__t2i_meanr": 14.131428571428572
}
[2026-03-19 11:01:33] [Eval] Report @step: 2.00 {
    "test__rsum": 330.64516129032256,
    "test__medr": 3.0,
    "test__meanr": 15.64516129032258,
    "test__n_fold_i2t_recall_1": 56.45161290322581,
    "test__n_fold_i2t_recall_5": 56.45161290322581,
    "test__n_fold_i2t_recall_10": 64.51612903225806,
    "test__n_fold_i2t_rsum": 177.4193548387097,
    "test__n_fold_i2t_medr": 1.0,
    "test__n_fold_i2t_meanr": 7.919354838709677,
    "test__n_fold_t2i_recall_1": 11.290322580645162,
    "test__n_fold_t2i_recall_5": 67.74193548387096,
    "test__n_fold_t2i_recall_10": 74.19354838709677,
    "test__n_fold_t2i_rsum": 153.2258064516129,
    "test__n_fold_t2i_medr": 2.0,
    "test__n_fold_t2i_meanr": 7.725806451612903,
    "test__i2t_recall_1": 56.45161290322581,
    "test__i2t_recall_5": 56.45161290322581,
    "test__i2t_recall_10": 64.51612903225806,
    "test__i2t_rsum": 177.4193548387097,
    "test__i2t_medr": 1.0,
    "test__i2t_meanr": 7.919354838709677,
    "test__t2i_recall_1": 11.290322580645162,
    "test__t2i_recall_5": 67.74193548387096,
    "test__t2i_recall_10": 74.19354838709677,
    "test__t2i_rsum": 153.2258064516129,
    "test__t2i_medr": 2.0,
    "test__t2i_meanr": 7.725806451612903
}
[2026-03-19 11:01:41] [Eval] Report @step: 2.00 {
    "test__rsum": 227.90697674418607,
    "test__medr": 12.0,
    "test__meanr": 28.518272425249172,
    "test__n_fold_i2t_recall_1": 5.3156146179401995,
    "test__n_fold_i2t_recall_5": 54.817275747508305,
    "test__n_fold_i2t_recall_10": 58.80398671096346,
    "test__n_fold_i2t_rsum": 118.93687707641196,
    "test__n_fold_i2t_medr": 4.0,
    "test__n_fold_i2t_meanr": 14.066445182724253,
    "test__n_fold_t2i_recall_1": 17.940199335548172,
    "test__n_fold_t2i_recall_5": 32.22591362126246,
    "test__n_fold_t2i_recall_10": 58.80398671096346,
    "test__n_fold_t2i_rsum": 108.9700996677741,
    "test__n_fold_t2i_medr": 8.0,
    "test__n_fold_t2i_meanr": 14.451827242524917,
    "test__i2t_recall_1": 5.3156146179401995,
    "test__i2t_recall_5": 54.817275747508305,
    "test__i2t_recall_10": 58.80398671096346,
    "test__i2t_rsum": 118.93687707641196,
    "test__i2t_medr": 4.0,
    "test__i2t_meanr": 14.066445182724253,
    "test__t2i_recall_1": 17.940199335548172,
    "test__t2i_recall_5": 32.22591362126246,
    "test__t2i_recall_10": 58.80398671096346,
    "test__t2i_rsum": 108.9700996677741,
    "test__t2i_medr": 8.0,
    "test__t2i_meanr": 14.451827242524917
}
[2026-03-19 11:01:48] [Eval] Report @step: 2.00 {
    "test__rsum": 311.48036253776434,
    "test__medr": 19.0,
    "test__meanr": 17.646525679758305,
    "test__n_fold_i2t_recall_1": 16.61631419939577,
    "test__n_fold_i2t_recall_5": 40.483383685800604,
    "test__n_fold_i2t_recall_10": 44.10876132930514,
    "test__n_fold_i2t_rsum": 101.20845921450152,
    "test__n_fold_i2t_medr": 17.0,
    "test__n_fold_i2t_meanr": 12.731117824773413,
    "test__n_fold_t2i_recall_1": 32.93051359516616,
    "test__n_fold_t2i_recall_5": 83.68580060422961,
    "test__n_fold_t2i_recall_10": 93.65558912386707,
    "test__n_fold_t2i_rsum": 210.27190332326285,
    "test__n_fold_t2i_medr": 2.0,
    "test__n_fold_t2i_meanr": 4.915407854984894,
    "test__i2t_recall_1": 16.61631419939577,
    "test__i2t_recall_5": 40.483383685800604,
    "test__i2t_recall_10": 44.10876132930514,
    "test__i2t_rsum": 101.20845921450152,
    "test__i2t_medr": 17.0,
    "test__i2t_meanr": 12.731117824773413,
    "test__t2i_recall_1": 32.93051359516616,
    "test__t2i_recall_5": 83.68580060422961,
    "test__t2i_recall_10": 93.65558912386707,
    "test__t2i_rsum": 210.27190332326285,
    "test__t2i_medr": 2.0,
    "test__t2i_meanr": 4.915407854984894
}
[2026-03-19 11:03:04] [Eval] Report @step: 2.00 {
    "test__rsum": 422.7578475336323,
    "test__medr": 2.0,
    "test__meanr": 9.845291479820627,
    "test__n_fold_i2t_recall_1": 53.25112107623318,
    "test__n_fold_i2t_recall_5": 74.55156950672645,
    "test__n_fold_i2t_recall_10": 82.51121076233184,
    "test__n_fold_i2t_rsum": 210.31390134529147,
    "test__n_fold_i2t_medr": 1.0,
    "test__n_fold_i2t_meanr": 5.936098654708521,
    "test__n_fold_t2i_recall_1": 51.90582959641256,
    "test__n_fold_t2i_recall_5": 68.49775784753363,
    "test__n_fold_t2i_recall_10": 92.04035874439462,
    "test__n_fold_t2i_rsum": 212.44394618834082,
    "test__n_fold_t2i_medr": 1.0,
    "test__n_fold_t2i_meanr": 3.9091928251121075,
    "test__i2t_recall_1": 53.25112107623318,
    "test__i2t_recall_5": 74.55156950672645,
    "test__i2t_recall_10": 82.51121076233184,
    "test__i2t_rsum": 210.31390134529147,
    "test__i2t_medr": 1.0,
    "test__i2t_meanr": 5.936098654708521,
    "test__t2i_recall_1": 51.90582959641256,
    "test__t2i_recall_5": 68.49775784753363,
    "test__t2i_recall_10": 92.04035874439462,
    "test__t2i_rsum": 212.44394618834082,
    "test__t2i_medr": 1.0,
    "test__t2i_meanr": 3.9091928251121075
}
[2026-03-19 11:03:06] [Eval] Report @step: 2.00 {
    "test__rsum": 268.57142857142856,
    "test__medr": 14.0,
    "test__meanr": 24.262857142857143,
    "test__n_fold_i2t_recall_1": 8.571428571428571,
    "test__n_fold_i2t_recall_5": 69.14285714285714,
    "test__n_fold_i2t_recall_10": 69.14285714285714,
    "test__n_fold_i2t_rsum": 146.85714285714283,
    "test__n_fold_i2t_medr": 3.0,
    "test__n_fold_i2t_meanr": 10.131428571428572,
    "test__n_fold_t2i_recall_1": 27.428571428571427,
    "test__n_fold_t2i_recall_5": 45.142857142857146,
    "test__n_fold_t2i_recall_10": 49.142857142857146,
    "test__n_fold_t2i_rsum": 121.71428571428572,
    "test__n_fold_t2i_medr": 11.0,
    "test__n_fold_t2i_meanr": 14.131428571428572,
    "test__i2t_recall_1": 8.571428571428571,
    "test__i2t_recall_5": 69.14285714285714,
    "test__i2t_recall_10": 69.14285714285714,
    "test__i2t_rsum": 146.85714285714283,
    "test__i2t_medr": 3.0,
    "test__i2t_meanr": 10.131428571428572,
    "test__t2i_recall_1": 27.428571428571427,
    "test__t2i_recall_5": 45.142857142857146,
    "test__t2i_recall_10": 49.142857142857146,
    "test__t2i_rsum": 121.71428571428572,
    "test__t2i_medr": 11.0,
    "test__t2i_meanr": 14.131428571428572
}
[2026-03-19 11:03:06] [Eval] Report @step: 2.00 {
    "test__rsum": 330.64516129032256,
    "test__medr": 3.0,
    "test__meanr": 15.64516129032258,
    "test__n_fold_i2t_recall_1": 56.45161290322581,
    "test__n_fold_i2t_recall_5": 56.45161290322581,
    "test__n_fold_i2t_recall_10": 64.51612903225806,
    "test__n_fold_i2t_rsum": 177.4193548387097,
    "test__n_fold_i2t_medr": 1.0,
    "test__n_fold_i2t_meanr": 7.919354838709677,
    "test__n_fold_t2i_recall_1": 11.290322580645162,
    "test__n_fold_t2i_recall_5": 67.74193548387096,
    "test__n_fold_t2i_recall_10": 74.19354838709677,
    "test__n_fold_t2i_rsum": 153.2258064516129,
    "test__n_fold_t2i_medr": 2.0,
    "test__n_fold_t2i_meanr": 7.725806451612903,
    "test__i2t_recall_1": 56.45161290322581,
    "test__i2t_recall_5": 56.45161290322581,
    "test__i2t_recall_10": 64.51612903225806,
    "test__i2t_rsum": 177.4193548387097,
    "test__i2t_medr": 1.0,
    "test__i2t_meanr": 7.919354838709677,
    "test__t2i_recall_1": 11.290322580645162,
    "test__t2i_recall_5": 67.74193548387096,
    "test__t2i_recall_10": 74.19354838709677,
    "test__t2i_rsum": 153.2258064516129,
    "test__t2i_medr": 2.0,
    "test__t2i_meanr": 7.725806451612903
}
[2026-03-19 11:03:06] Round 3!
[2026-03-19 11:03:06] Harmony enters stage1 at round 3.
[2026-03-19 11:03:06] Training Client 0!
[2026-03-19 11:03:07] Epoch: [3] image	Loss 3.1481 (3.2546)	Prec@1 37.500 (12.500)	Prec@5 68.359 (48.698)
[2026-03-19 11:03:07] TEST:  Epoch: [3] image	Prec@1 37.778 (41.196)	Prec@5 71.111 (67.774)
[2026-03-19 11:03:07] Training Client 1!
[2026-03-19 11:03:07] Epoch: [3] image	Loss 3.3541 (3.3541)	Prec@1 5.469 (5.469)	Prec@5 14.844 (14.844)
[2026-03-19 11:03:07] TEST:  Epoch: [3] image	Prec@1 14.667 (13.293)	Prec@5 49.333 (44.109)
[2026-03-19 11:03:08] Training Client 2!
[2026-03-19 11:03:08] Epoch: [3] image	Loss 3.0330 (3.1626)	Prec@1 50.781 (32.812)	Prec@5 64.844 (59.245)
[2026-03-19 11:03:08] TEST:  Epoch: [3] image	Prec@1 60.484 (53.251)	Prec@5 72.581 (64.686)
[2026-03-19 11:03:09] Training Client 3!
[2026-03-19 11:03:09] Epoch: [3] image	Loss 3.0982 (3.1670)	Prec@1 19.141 (17.969)	Prec@5 57.812 (58.073)
[2026-03-19 11:03:09] TEST:  Epoch: [3] image	Prec@1 20.571 (20.571)	Prec@5 54.857 (54.857)
[2026-03-19 11:03:09] Training Client 4!
[2026-03-19 11:03:09] Epoch: [3] image	Loss 3.3941 (3.3941)	Prec@1 0.000 (0.000)	Prec@5 0.781 (0.781)
[2026-03-19 11:03:09] TEST:  Epoch: [3] image	Prec@1 0.000 (0.000)	Prec@5 56.452 (56.452)
[2026-03-19 11:03:09] Training Client 5!
[2026-03-19 11:03:10] Epoch: [3] text	Loss 3.6565 (3.6565)	Prec@1 0.000 (0.000)	Prec@5 0.000 (0.000)
[2026-03-19 11:03:10] TEST:  Epoch: [3] text	Prec@1 0.000 (0.000)	Prec@5 0.000 (0.000)
[2026-03-19 11:03:10] Training Client 6!
[2026-03-19 11:03:10] Epoch: [3] text	Loss 3.0150 (3.1021)	Prec@1 16.797 (14.323)	Prec@5 90.234 (77.734)
[2026-03-19 11:03:10] TEST:  Epoch: [3] text	Prec@1 32.000 (26.284)	Prec@5 94.667 (93.656)
[2026-03-19 11:03:10] Training Client 7!
[2026-03-19 11:03:12] Epoch: [3] text	Loss 1.6564 (1.6284)	Prec@1 47.266 (53.631)	Prec@5 98.828 (99.058)
[2026-03-19 11:03:13] TEST:  Epoch: [3] text	Prec@1 60.484 (53.251)	Prec@5 98.387 (98.767)
[2026-03-19 11:03:13] Training Client 8!
[2026-03-19 11:03:13] Epoch: [3] text	Loss 3.3645 (3.3645)	Prec@1 0.000 (0.000)	Prec@5 36.719 (36.719)
[2026-03-19 11:03:13] TEST:  Epoch: [3] text	Prec@1 0.000 (0.000)	Prec@5 30.286 (30.286)
[2026-03-19 11:03:13] Training Client 9!
[2026-03-19 11:03:13] Epoch: [3] text	Loss 0.0000 (0.0000)	Prec@1 0.000 (0.000)	Prec@5 0.000 (0.000)
[2026-03-19 11:03:13] TEST:  Epoch: [3] text	Prec@1 0.000 (0.000)	Prec@5 0.000 (0.000)
[2026-03-19 11:03:13] Training Client 10!
[2026-03-19 11:03:13] Epoch 3
[2026-03-19 11:03:14] Training Client 11!
[2026-03-19 11:03:14] Epoch 3
[2026-03-19 11:03:15] Training Client 12!
[2026-03-19 11:03:15] Epoch 3
[2026-03-19 11:03:17] Training Client 13!
[2026-03-19 11:03:17] Epoch 3
[2026-03-19 11:03:17] Skip local epoch for client 3: train loader has no full batch
[2026-03-19 11:03:17] Training Client 14!
[2026-03-19 11:03:17] Epoch 3
[2026-03-19 11:03:17] Skip local epoch for client 4: train loader has no full batch
[2026-03-19 11:03:17] Harmony stage1 completed at round 3; benchmark encoders refreshed.
[2026-03-19 11:03:17] TEST:  Epoch: [3] image	Prec@1 26.667 (32.226)	Prec@5 51.111 (46.179)
[2026-03-19 11:03:18] TEST:  Epoch: [3] image	Prec@1 0.000 (0.000)	Prec@5 44.000 (39.577)
[2026-03-19 11:03:18] TEST:  Epoch: [3] image	Prec@1 60.484 (53.251)	Prec@5 60.484 (53.251)
[2026-03-19 11:03:18] TEST:  Epoch: [3] image	Prec@1 20.571 (20.571)	Prec@5 54.286 (54.286)
[2026-03-19 11:03:18] TEST:  Epoch: [3] image	Prec@1 0.000 (0.000)	Prec@5 27.419 (27.419)
[2026-03-19 11:03:19] TEST:  Epoch: [3] text	Prec@1 0.000 (0.000)	Prec@5 0.000 (0.000)
[2026-03-19 11:03:19] TEST:  Epoch: [3] text	Prec@1 13.333 (12.991)	Prec@5 77.333 (73.414)
[2026-03-19 11:03:19] TEST:  Epoch: [3] text	Prec@1 60.484 (53.251)	Prec@5 98.387 (98.767)
[2026-03-19 11:03:20] TEST:  Epoch: [3] text	Prec@1 0.000 (0.000)	Prec@5 21.143 (21.143)
[2026-03-19 11:03:20] TEST:  Epoch: [3] text	Prec@1 0.000 (0.000)	Prec@5 0.000 (0.000)
[2026-03-19 11:03:27] [Eval] Report @step: 3.00 {
    "test__rsum": 265.4485049833887,
    "test__medr": 9.0,
    "test__meanr": 22.348837209302324,
    "test__n_fold_i2t_recall_1": 26.578073089700997,
    "test__n_fold_i2t_recall_5": 56.81063122923588,
    "test__n_fold_i2t_recall_10": 58.80398671096346,
    "test__n_fold_i2t_rsum": 142.19269102990035,
    "test__n_fold_i2t_medr": 4.0,
    "test__n_fold_i2t_meanr": 12.362126245847175,
    "test__n_fold_t2i_recall_1": 13.289036544850498,
    "test__n_fold_t2i_recall_5": 51.16279069767442,
    "test__n_fold_t2i_recall_10": 58.80398671096346,
    "test__n_fold_t2i_rsum": 123.25581395348837,
    "test__n_fold_t2i_medr": 5.0,
    "test__n_fold_t2i_meanr": 9.986710963455149,
    "test__i2t_recall_1": 26.578073089700997,
    "test__i2t_recall_5": 56.81063122923588,
    "test__i2t_recall_10": 58.80398671096346,
    "test__i2t_rsum": 142.19269102990035,
    "test__i2t_medr": 4.0,
    "test__i2t_meanr": 12.362126245847175,
    "test__t2i_recall_1": 13.289036544850498,
    "test__t2i_recall_5": 51.16279069767442,
    "test__t2i_recall_10": 58.80398671096346,
    "test__t2i_rsum": 123.25581395348837,
    "test__t2i_medr": 5.0,
    "test__t2i_meanr": 9.986710963455149
}
[2026-03-19 11:03:34] [Eval] Report @step: 3.00 {
    "test__rsum": 319.03323262839876,
    "test__medr": 15.0,
    "test__meanr": 16.404833836858003,
    "test__n_fold_i2t_recall_1": 26.88821752265861,
    "test__n_fold_i2t_recall_5": 40.483383685800604,
    "test__n_fold_i2t_recall_10": 44.10876132930514,
    "test__n_fold_i2t_rsum": 111.48036253776435,
    "test__n_fold_i2t_medr": 12.0,
    "test__n_fold_i2t_meanr": 11.41691842900302,
    "test__n_fold_t2i_recall_1": 20.241691842900302,
    "test__n_fold_t2i_recall_5": 93.65558912386707,
    "test__n_fold_t2i_recall_10": 93.65558912386707,
    "test__n_fold_t2i_rsum": 207.55287009063443,
    "test__n_fold_t2i_medr": 3.0,
    "test__n_fold_t2i_meanr": 4.9879154078549846,
    "test__i2t_recall_1": 26.88821752265861,
    "test__i2t_recall_5": 40.483383685800604,
    "test__i2t_recall_10": 44.10876132930514,
    "test__i2t_rsum": 111.48036253776435,
    "test__i2t_medr": 12.0,
    "test__i2t_meanr": 11.41691842900302,
    "test__t2i_recall_1": 20.241691842900302,
    "test__t2i_recall_5": 93.65558912386707,
    "test__t2i_recall_10": 93.65558912386707,
    "test__t2i_rsum": 207.55287009063443,
    "test__t2i_medr": 3.0,
    "test__t2i_meanr": 4.9879154078549846
}
[2026-03-19 11:04:50] [Eval] Report @step: 3.00 {
    "test__rsum": 420.067264573991,
    "test__medr": 2.0,
    "test__meanr": 12.195067264573991,
    "test__n_fold_i2t_recall_1": 53.25112107623318,
    "test__n_fold_i2t_recall_5": 59.08071748878924,
    "test__n_fold_i2t_recall_10": 79.82062780269058,
    "test__n_fold_i2t_rsum": 192.152466367713,
    "test__n_fold_i2t_medr": 1.0,
    "test__n_fold_i2t_meanr": 7.922645739910314,
    "test__n_fold_t2i_recall_1": 53.25112107623318,
    "test__n_fold_t2i_recall_5": 83.18385650224215,
    "test__n_fold_t2i_recall_10": 91.4798206278027,
    "test__n_fold_t2i_rsum": 227.91479820627802,
    "test__n_fold_t2i_medr": 1.0,
    "test__n_fold_t2i_meanr": 4.272421524663677,
    "test__i2t_recall_1": 53.25112107623318,
    "test__i2t_recall_5": 59.08071748878924,
    "test__i2t_recall_10": 79.82062780269058,
    "test__i2t_rsum": 192.152466367713,
    "test__i2t_medr": 1.0,
    "test__i2t_meanr": 7.922645739910314,
    "test__t2i_recall_1": 53.25112107623318,
    "test__t2i_recall_5": 83.18385650224215,
    "test__t2i_recall_10": 91.4798206278027,
    "test__t2i_rsum": 227.91479820627802,
    "test__t2i_medr": 1.0,
    "test__t2i_meanr": 4.272421524663677
}
[2026-03-19 11:04:52] [Eval] Report @step: 3.00 {
    "test__rsum": 286.8571428571429,
    "test__medr": 11.0,
    "test__meanr": 25.845714285714287,
    "test__n_fold_i2t_recall_1": 8.0,
    "test__n_fold_i2t_recall_5": 68.0,
    "test__n_fold_i2t_recall_10": 69.14285714285714,
    "test__n_fold_i2t_rsum": 145.14285714285714,
    "test__n_fold_i2t_medr": 4.0,
    "test__n_fold_i2t_meanr": 10.428571428571429,
    "test__n_fold_t2i_recall_1": 28.0,
    "test__n_fold_t2i_recall_5": 44.57142857142857,
    "test__n_fold_t2i_recall_10": 69.14285714285714,
    "test__n_fold_t2i_rsum": 141.71428571428572,
    "test__n_fold_t2i_medr": 7.0,
    "test__n_fold_t2i_meanr": 15.417142857142856,
    "test__i2t_recall_1": 8.0,
    "test__i2t_recall_5": 68.0,
    "test__i2t_recall_10": 69.14285714285714,
    "test__i2t_rsum": 145.14285714285714,
    "test__i2t_medr": 4.0,
    "test__i2t_meanr": 10.428571428571429,
    "test__t2i_recall_1": 28.0,
    "test__t2i_recall_5": 44.57142857142857,
    "test__t2i_recall_10": 69.14285714285714,
    "test__t2i_rsum": 141.71428571428572,
    "test__t2i_medr": 7.0,
    "test__t2i_meanr": 15.417142857142856
}
[2026-03-19 11:04:52] [Eval] Report @step: 3.00 {
    "test__rsum": 319.35483870967744,
    "test__medr": 3.0,
    "test__meanr": 13.548387096774194,
    "test__n_fold_i2t_recall_1": 56.45161290322581,
    "test__n_fold_i2t_recall_5": 56.45161290322581,
    "test__n_fold_i2t_recall_10": 66.12903225806451,
    "test__n_fold_i2t_rsum": 179.03225806451613,
    "test__n_fold_i2t_medr": 1.0,
    "test__n_fold_i2t_meanr": 7.0,
    "test__n_fold_t2i_recall_1": 8.064516129032258,
    "test__n_fold_t2i_recall_5": 64.51612903225806,
    "test__n_fold_t2i_recall_10": 67.74193548387096,
    "test__n_fold_t2i_rsum": 140.32258064516128,
    "test__n_fold_t2i_medr": 2.0,
    "test__n_fold_t2i_meanr": 6.548387096774194,
    "test__i2t_recall_1": 56.45161290322581,
    "test__i2t_recall_5": 56.45161290322581,
    "test__i2t_recall_10": 66.12903225806451,
    "test__i2t_rsum": 179.03225806451613,
    "test__i2t_medr": 1.0,
    "test__i2t_meanr": 7.0,
    "test__t2i_recall_1": 8.064516129032258,
    "test__t2i_recall_5": 64.51612903225806,
    "test__t2i_recall_10": 67.74193548387096,
    "test__t2i_rsum": 140.32258064516128,
    "test__t2i_medr": 2.0,
    "test__t2i_meanr": 6.548387096774194
}
[2026-03-19 11:04:59] [Eval] Report @step: 3.00 {
    "test__rsum": 265.4485049833887,
    "test__medr": 9.0,
    "test__meanr": 22.348837209302324,
    "test__n_fold_i2t_recall_1": 26.578073089700997,
    "test__n_fold_i2t_recall_5": 56.81063122923588,
    "test__n_fold_i2t_recall_10": 58.80398671096346,
    "test__n_fold_i2t_rsum": 142.19269102990035,
    "test__n_fold_i2t_medr": 4.0,
    "test__n_fold_i2t_meanr": 12.362126245847175,
    "test__n_fold_t2i_recall_1": 13.289036544850498,
    "test__n_fold_t2i_recall_5": 51.16279069767442,
    "test__n_fold_t2i_recall_10": 58.80398671096346,
    "test__n_fold_t2i_rsum": 123.25581395348837,
    "test__n_fold_t2i_medr": 5.0,
    "test__n_fold_t2i_meanr": 9.986710963455149,
    "test__i2t_recall_1": 26.578073089700997,
    "test__i2t_recall_5": 56.81063122923588,
    "test__i2t_recall_10": 58.80398671096346,
    "test__i2t_rsum": 142.19269102990035,
    "test__i2t_medr": 4.0,
    "test__i2t_meanr": 12.362126245847175,
    "test__t2i_recall_1": 13.289036544850498,
    "test__t2i_recall_5": 51.16279069767442,
    "test__t2i_recall_10": 58.80398671096346,
    "test__t2i_rsum": 123.25581395348837,
    "test__t2i_medr": 5.0,
    "test__t2i_meanr": 9.986710963455149
}
[2026-03-19 11:05:07] [Eval] Report @step: 3.00 {
    "test__rsum": 319.03323262839876,
    "test__medr": 15.0,
    "test__meanr": 16.404833836858003,
    "test__n_fold_i2t_recall_1": 26.88821752265861,
    "test__n_fold_i2t_recall_5": 40.483383685800604,
    "test__n_fold_i2t_recall_10": 44.10876132930514,
    "test__n_fold_i2t_rsum": 111.48036253776435,
    "test__n_fold_i2t_medr": 12.0,
    "test__n_fold_i2t_meanr": 11.41691842900302,
    "test__n_fold_t2i_recall_1": 20.241691842900302,
    "test__n_fold_t2i_recall_5": 93.65558912386707,
    "test__n_fold_t2i_recall_10": 93.65558912386707,
    "test__n_fold_t2i_rsum": 207.55287009063443,
    "test__n_fold_t2i_medr": 3.0,
    "test__n_fold_t2i_meanr": 4.9879154078549846,
    "test__i2t_recall_1": 26.88821752265861,
    "test__i2t_recall_5": 40.483383685800604,
    "test__i2t_recall_10": 44.10876132930514,
    "test__i2t_rsum": 111.48036253776435,
    "test__i2t_medr": 12.0,
    "test__i2t_meanr": 11.41691842900302,
    "test__t2i_recall_1": 20.241691842900302,
    "test__t2i_recall_5": 93.65558912386707,
    "test__t2i_recall_10": 93.65558912386707,
    "test__t2i_rsum": 207.55287009063443,
    "test__t2i_medr": 3.0,
    "test__t2i_meanr": 4.9879154078549846
}
[2026-03-19 11:06:22] [Eval] Report @step: 3.00 {
    "test__rsum": 420.067264573991,
    "test__medr": 2.0,
    "test__meanr": 12.195067264573991,
    "test__n_fold_i2t_recall_1": 53.25112107623318,
    "test__n_fold_i2t_recall_5": 59.08071748878924,
    "test__n_fold_i2t_recall_10": 79.82062780269058,
    "test__n_fold_i2t_rsum": 192.152466367713,
    "test__n_fold_i2t_medr": 1.0,
    "test__n_fold_i2t_meanr": 7.922645739910314,
    "test__n_fold_t2i_recall_1": 53.25112107623318,
    "test__n_fold_t2i_recall_5": 83.18385650224215,
    "test__n_fold_t2i_recall_10": 91.4798206278027,
    "test__n_fold_t2i_rsum": 227.91479820627802,
    "test__n_fold_t2i_medr": 1.0,
    "test__n_fold_t2i_meanr": 4.272421524663677,
    "test__i2t_recall_1": 53.25112107623318,
    "test__i2t_recall_5": 59.08071748878924,
    "test__i2t_recall_10": 79.82062780269058,
    "test__i2t_rsum": 192.152466367713,
    "test__i2t_medr": 1.0,
    "test__i2t_meanr": 7.922645739910314,
    "test__t2i_recall_1": 53.25112107623318,
    "test__t2i_recall_5": 83.18385650224215,
    "test__t2i_recall_10": 91.4798206278027,
    "test__t2i_rsum": 227.91479820627802,
    "test__t2i_medr": 1.0,
    "test__t2i_meanr": 4.272421524663677
}
[2026-03-19 11:06:24] [Eval] Report @step: 3.00 {
    "test__rsum": 286.8571428571429,
    "test__medr": 11.0,
    "test__meanr": 25.845714285714287,
    "test__n_fold_i2t_recall_1": 8.0,
    "test__n_fold_i2t_recall_5": 68.0,
    "test__n_fold_i2t_recall_10": 69.14285714285714,
    "test__n_fold_i2t_rsum": 145.14285714285714,
    "test__n_fold_i2t_medr": 4.0,
    "test__n_fold_i2t_meanr": 10.428571428571429,
    "test__n_fold_t2i_recall_1": 28.0,
    "test__n_fold_t2i_recall_5": 44.57142857142857,
    "test__n_fold_t2i_recall_10": 69.14285714285714,
    "test__n_fold_t2i_rsum": 141.71428571428572,
    "test__n_fold_t2i_medr": 7.0,
    "test__n_fold_t2i_meanr": 15.417142857142856,
    "test__i2t_recall_1": 8.0,
    "test__i2t_recall_5": 68.0,
    "test__i2t_recall_10": 69.14285714285714,
    "test__i2t_rsum": 145.14285714285714,
    "test__i2t_medr": 4.0,
    "test__i2t_meanr": 10.428571428571429,
    "test__t2i_recall_1": 28.0,
    "test__t2i_recall_5": 44.57142857142857,
    "test__t2i_recall_10": 69.14285714285714,
    "test__t2i_rsum": 141.71428571428572,
    "test__t2i_medr": 7.0,
    "test__t2i_meanr": 15.417142857142856
}
[2026-03-19 11:06:24] [Eval] Report @step: 3.00 {
    "test__rsum": 319.35483870967744,
    "test__medr": 3.0,
    "test__meanr": 13.548387096774194,
    "test__n_fold_i2t_recall_1": 56.45161290322581,
    "test__n_fold_i2t_recall_5": 56.45161290322581,
    "test__n_fold_i2t_recall_10": 66.12903225806451,
    "test__n_fold_i2t_rsum": 179.03225806451613,
    "test__n_fold_i2t_medr": 1.0,
    "test__n_fold_i2t_meanr": 7.0,
    "test__n_fold_t2i_recall_1": 8.064516129032258,
    "test__n_fold_t2i_recall_5": 64.51612903225806,
    "test__n_fold_t2i_recall_10": 67.74193548387096,
    "test__n_fold_t2i_rsum": 140.32258064516128,
    "test__n_fold_t2i_medr": 2.0,
    "test__n_fold_t2i_meanr": 6.548387096774194,
    "test__i2t_recall_1": 56.45161290322581,
    "test__i2t_recall_5": 56.45161290322581,
    "test__i2t_recall_10": 66.12903225806451,
    "test__i2t_rsum": 179.03225806451613,
    "test__i2t_medr": 1.0,
    "test__i2t_meanr": 7.0,
    "test__t2i_recall_1": 8.064516129032258,
    "test__t2i_recall_5": 64.51612903225806,
    "test__t2i_recall_10": 67.74193548387096,
    "test__t2i_rsum": 140.32258064516128,
    "test__t2i_medr": 2.0,
    "test__t2i_meanr": 6.548387096774194
}
[2026-03-19 11:06:32] [Eval] Report @step: 3.00 {
    "test__rsum": 265.4485049833887,
    "test__medr": 9.0,
    "test__meanr": 22.348837209302324,
    "test__n_fold_i2t_recall_1": 26.578073089700997,
    "test__n_fold_i2t_recall_5": 56.81063122923588,
    "test__n_fold_i2t_recall_10": 58.80398671096346,
    "test__n_fold_i2t_rsum": 142.19269102990035,
    "test__n_fold_i2t_medr": 4.0,
    "test__n_fold_i2t_meanr": 12.362126245847175,
    "test__n_fold_t2i_recall_1": 13.289036544850498,
    "test__n_fold_t2i_recall_5": 51.16279069767442,
    "test__n_fold_t2i_recall_10": 58.80398671096346,
    "test__n_fold_t2i_rsum": 123.25581395348837,
    "test__n_fold_t2i_medr": 5.0,
    "test__n_fold_t2i_meanr": 9.986710963455149,
    "test__i2t_recall_1": 26.578073089700997,
    "test__i2t_recall_5": 56.81063122923588,
    "test__i2t_recall_10": 58.80398671096346,
    "test__i2t_rsum": 142.19269102990035,
    "test__i2t_medr": 4.0,
    "test__i2t_meanr": 12.362126245847175,
    "test__t2i_recall_1": 13.289036544850498,
    "test__t2i_recall_5": 51.16279069767442,
    "test__t2i_recall_10": 58.80398671096346,
    "test__t2i_rsum": 123.25581395348837,
    "test__t2i_medr": 5.0,
    "test__t2i_meanr": 9.986710963455149
}
[2026-03-19 11:06:39] [Eval] Report @step: 3.00 {
    "test__rsum": 319.03323262839876,
    "test__medr": 15.0,
    "test__meanr": 16.404833836858003,
    "test__n_fold_i2t_recall_1": 26.88821752265861,
    "test__n_fold_i2t_recall_5": 40.483383685800604,
    "test__n_fold_i2t_recall_10": 44.10876132930514,
    "test__n_fold_i2t_rsum": 111.48036253776435,
    "test__n_fold_i2t_medr": 12.0,
    "test__n_fold_i2t_meanr": 11.41691842900302,
    "test__n_fold_t2i_recall_1": 20.241691842900302,
    "test__n_fold_t2i_recall_5": 93.65558912386707,
    "test__n_fold_t2i_recall_10": 93.65558912386707,
    "test__n_fold_t2i_rsum": 207.55287009063443,
    "test__n_fold_t2i_medr": 3.0,
    "test__n_fold_t2i_meanr": 4.9879154078549846,
    "test__i2t_recall_1": 26.88821752265861,
    "test__i2t_recall_5": 40.483383685800604,
    "test__i2t_recall_10": 44.10876132930514,
    "test__i2t_rsum": 111.48036253776435,
    "test__i2t_medr": 12.0,
    "test__i2t_meanr": 11.41691842900302,
    "test__t2i_recall_1": 20.241691842900302,
    "test__t2i_recall_5": 93.65558912386707,
    "test__t2i_recall_10": 93.65558912386707,
    "test__t2i_rsum": 207.55287009063443,
    "test__t2i_medr": 3.0,
    "test__t2i_meanr": 4.9879154078549846
}
[2026-03-19 11:07:57] [Eval] Report @step: 3.00 {
    "test__rsum": 420.067264573991,
    "test__medr": 2.0,
    "test__meanr": 12.195067264573991,
    "test__n_fold_i2t_recall_1": 53.25112107623318,
    "test__n_fold_i2t_recall_5": 59.08071748878924,
    "test__n_fold_i2t_recall_10": 79.82062780269058,
    "test__n_fold_i2t_rsum": 192.152466367713,
    "test__n_fold_i2t_medr": 1.0,
    "test__n_fold_i2t_meanr": 7.922645739910314,
    "test__n_fold_t2i_recall_1": 53.25112107623318,
    "test__n_fold_t2i_recall_5": 83.18385650224215,
    "test__n_fold_t2i_recall_10": 91.4798206278027,
    "test__n_fold_t2i_rsum": 227.91479820627802,
    "test__n_fold_t2i_medr": 1.0,
    "test__n_fold_t2i_meanr": 4.272421524663677,
    "test__i2t_recall_1": 53.25112107623318,
    "test__i2t_recall_5": 59.08071748878924,
    "test__i2t_recall_10": 79.82062780269058,
    "test__i2t_rsum": 192.152466367713,
    "test__i2t_medr": 1.0,
    "test__i2t_meanr": 7.922645739910314,
    "test__t2i_recall_1": 53.25112107623318,
    "test__t2i_recall_5": 83.18385650224215,
    "test__t2i_recall_10": 91.4798206278027,
    "test__t2i_rsum": 227.91479820627802,
    "test__t2i_medr": 1.0,
    "test__t2i_meanr": 4.272421524663677
}
[2026-03-19 11:07:58] [Eval] Report @step: 3.00 {
    "test__rsum": 286.8571428571429,
    "test__medr": 11.0,
    "test__meanr": 25.845714285714287,
    "test__n_fold_i2t_recall_1": 8.0,
    "test__n_fold_i2t_recall_5": 68.0,
    "test__n_fold_i2t_recall_10": 69.14285714285714,
    "test__n_fold_i2t_rsum": 145.14285714285714,
    "test__n_fold_i2t_medr": 4.0,
    "test__n_fold_i2t_meanr": 10.428571428571429,
    "test__n_fold_t2i_recall_1": 28.0,
    "test__n_fold_t2i_recall_5": 44.57142857142857,
    "test__n_fold_t2i_recall_10": 69.14285714285714,
    "test__n_fold_t2i_rsum": 141.71428571428572,
    "test__n_fold_t2i_medr": 7.0,
    "test__n_fold_t2i_meanr": 15.417142857142856,
    "test__i2t_recall_1": 8.0,
    "test__i2t_recall_5": 68.0,
    "test__i2t_recall_10": 69.14285714285714,
    "test__i2t_rsum": 145.14285714285714,
    "test__i2t_medr": 4.0,
    "test__i2t_meanr": 10.428571428571429,
    "test__t2i_recall_1": 28.0,
    "test__t2i_recall_5": 44.57142857142857,
    "test__t2i_recall_10": 69.14285714285714,
    "test__t2i_rsum": 141.71428571428572,
    "test__t2i_medr": 7.0,
    "test__t2i_meanr": 15.417142857142856
}
[2026-03-19 11:07:59] [Eval] Report @step: 3.00 {
    "test__rsum": 319.35483870967744,
    "test__medr": 3.0,
    "test__meanr": 13.548387096774194,
    "test__n_fold_i2t_recall_1": 56.45161290322581,
    "test__n_fold_i2t_recall_5": 56.45161290322581,
    "test__n_fold_i2t_recall_10": 66.12903225806451,
    "test__n_fold_i2t_rsum": 179.03225806451613,
    "test__n_fold_i2t_medr": 1.0,
    "test__n_fold_i2t_meanr": 7.0,
    "test__n_fold_t2i_recall_1": 8.064516129032258,
    "test__n_fold_t2i_recall_5": 64.51612903225806,
    "test__n_fold_t2i_recall_10": 67.74193548387096,
    "test__n_fold_t2i_rsum": 140.32258064516128,
    "test__n_fold_t2i_medr": 2.0,
    "test__n_fold_t2i_meanr": 6.548387096774194,
    "test__i2t_recall_1": 56.45161290322581,
    "test__i2t_recall_5": 56.45161290322581,
    "test__i2t_recall_10": 66.12903225806451,
    "test__i2t_rsum": 179.03225806451613,
    "test__i2t_medr": 1.0,
    "test__i2t_meanr": 7.0,
    "test__t2i_recall_1": 8.064516129032258,
    "test__t2i_recall_5": 64.51612903225806,
    "test__t2i_recall_10": 67.74193548387096,
    "test__t2i_rsum": 140.32258064516128,
    "test__t2i_medr": 2.0,
    "test__t2i_meanr": 6.548387096774194
}
[2026-03-19 11:08:06] [Eval] Report @step: 3.00 {
    "test__rsum": 265.4485049833887,
    "test__medr": 9.0,
    "test__meanr": 22.348837209302324,
    "test__n_fold_i2t_recall_1": 26.578073089700997,
    "test__n_fold_i2t_recall_5": 56.81063122923588,
    "test__n_fold_i2t_recall_10": 58.80398671096346,
    "test__n_fold_i2t_rsum": 142.19269102990035,
    "test__n_fold_i2t_medr": 4.0,
    "test__n_fold_i2t_meanr": 12.362126245847175,
    "test__n_fold_t2i_recall_1": 13.289036544850498,
    "test__n_fold_t2i_recall_5": 51.16279069767442,
    "test__n_fold_t2i_recall_10": 58.80398671096346,
    "test__n_fold_t2i_rsum": 123.25581395348837,
    "test__n_fold_t2i_medr": 5.0,
    "test__n_fold_t2i_meanr": 9.986710963455149,
    "test__i2t_recall_1": 26.578073089700997,
    "test__i2t_recall_5": 56.81063122923588,
    "test__i2t_recall_10": 58.80398671096346,
    "test__i2t_rsum": 142.19269102990035,
    "test__i2t_medr": 4.0,
    "test__i2t_meanr": 12.362126245847175,
    "test__t2i_recall_1": 13.289036544850498,
    "test__t2i_recall_5": 51.16279069767442,
    "test__t2i_recall_10": 58.80398671096346,
    "test__t2i_rsum": 123.25581395348837,
    "test__t2i_medr": 5.0,
    "test__t2i_meanr": 9.986710963455149
}
[2026-03-19 11:08:13] [Eval] Report @step: 3.00 {
    "test__rsum": 319.03323262839876,
    "test__medr": 15.0,
    "test__meanr": 16.404833836858003,
    "test__n_fold_i2t_recall_1": 26.88821752265861,
    "test__n_fold_i2t_recall_5": 40.483383685800604,
    "test__n_fold_i2t_recall_10": 44.10876132930514,
    "test__n_fold_i2t_rsum": 111.48036253776435,
    "test__n_fold_i2t_medr": 12.0,
    "test__n_fold_i2t_meanr": 11.41691842900302,
    "test__n_fold_t2i_recall_1": 20.241691842900302,
    "test__n_fold_t2i_recall_5": 93.65558912386707,
    "test__n_fold_t2i_recall_10": 93.65558912386707,
    "test__n_fold_t2i_rsum": 207.55287009063443,
    "test__n_fold_t2i_medr": 3.0,
    "test__n_fold_t2i_meanr": 4.9879154078549846,
    "test__i2t_recall_1": 26.88821752265861,
    "test__i2t_recall_5": 40.483383685800604,
    "test__i2t_recall_10": 44.10876132930514,
    "test__i2t_rsum": 111.48036253776435,
    "test__i2t_medr": 12.0,
    "test__i2t_meanr": 11.41691842900302,
    "test__t2i_recall_1": 20.241691842900302,
    "test__t2i_recall_5": 93.65558912386707,
    "test__t2i_recall_10": 93.65558912386707,
    "test__t2i_rsum": 207.55287009063443,
    "test__t2i_medr": 3.0,
    "test__t2i_meanr": 4.9879154078549846
}
[2026-03-19 11:09:29] [Eval] Report @step: 3.00 {
    "test__rsum": 420.067264573991,
    "test__medr": 2.0,
    "test__meanr": 12.195067264573991,
    "test__n_fold_i2t_recall_1": 53.25112107623318,
    "test__n_fold_i2t_recall_5": 59.08071748878924,
    "test__n_fold_i2t_recall_10": 79.82062780269058,
    "test__n_fold_i2t_rsum": 192.152466367713,
    "test__n_fold_i2t_medr": 1.0,
    "test__n_fold_i2t_meanr": 7.922645739910314,
    "test__n_fold_t2i_recall_1": 53.25112107623318,
    "test__n_fold_t2i_recall_5": 83.18385650224215,
    "test__n_fold_t2i_recall_10": 91.4798206278027,
    "test__n_fold_t2i_rsum": 227.91479820627802,
    "test__n_fold_t2i_medr": 1.0,
    "test__n_fold_t2i_meanr": 4.272421524663677,
    "test__i2t_recall_1": 53.25112107623318,
    "test__i2t_recall_5": 59.08071748878924,
    "test__i2t_recall_10": 79.82062780269058,
    "test__i2t_rsum": 192.152466367713,
    "test__i2t_medr": 1.0,
    "test__i2t_meanr": 7.922645739910314,
    "test__t2i_recall_1": 53.25112107623318,
    "test__t2i_recall_5": 83.18385650224215,
    "test__t2i_recall_10": 91.4798206278027,
    "test__t2i_rsum": 227.91479820627802,
    "test__t2i_medr": 1.0,
    "test__t2i_meanr": 4.272421524663677
}
[2026-03-19 11:09:31] [Eval] Report @step: 3.00 {
    "test__rsum": 286.8571428571429,
    "test__medr": 11.0,
    "test__meanr": 25.845714285714287,
    "test__n_fold_i2t_recall_1": 8.0,
    "test__n_fold_i2t_recall_5": 68.0,
    "test__n_fold_i2t_recall_10": 69.14285714285714,
    "test__n_fold_i2t_rsum": 145.14285714285714,
    "test__n_fold_i2t_medr": 4.0,
    "test__n_fold_i2t_meanr": 10.428571428571429,
    "test__n_fold_t2i_recall_1": 28.0,
    "test__n_fold_t2i_recall_5": 44.57142857142857,
    "test__n_fold_t2i_recall_10": 69.14285714285714,
    "test__n_fold_t2i_rsum": 141.71428571428572,
    "test__n_fold_t2i_medr": 7.0,
    "test__n_fold_t2i_meanr": 15.417142857142856,
    "test__i2t_recall_1": 8.0,
    "test__i2t_recall_5": 68.0,
    "test__i2t_recall_10": 69.14285714285714,
    "test__i2t_rsum": 145.14285714285714,
    "test__i2t_medr": 4.0,
    "test__i2t_meanr": 10.428571428571429,
    "test__t2i_recall_1": 28.0,
    "test__t2i_recall_5": 44.57142857142857,
    "test__t2i_recall_10": 69.14285714285714,
    "test__t2i_rsum": 141.71428571428572,
    "test__t2i_medr": 7.0,
    "test__t2i_meanr": 15.417142857142856
}
[2026-03-19 11:09:31] [Eval] Report @step: 3.00 {
    "test__rsum": 319.35483870967744,
    "test__medr": 3.0,
    "test__meanr": 13.548387096774194,
    "test__n_fold_i2t_recall_1": 56.45161290322581,
    "test__n_fold_i2t_recall_5": 56.45161290322581,
    "test__n_fold_i2t_recall_10": 66.12903225806451,
    "test__n_fold_i2t_rsum": 179.03225806451613,
    "test__n_fold_i2t_medr": 1.0,
    "test__n_fold_i2t_meanr": 7.0,
    "test__n_fold_t2i_recall_1": 8.064516129032258,
    "test__n_fold_t2i_recall_5": 64.51612903225806,
    "test__n_fold_t2i_recall_10": 67.74193548387096,
    "test__n_fold_t2i_rsum": 140.32258064516128,
    "test__n_fold_t2i_medr": 2.0,
    "test__n_fold_t2i_meanr": 6.548387096774194,
    "test__i2t_recall_1": 56.45161290322581,
    "test__i2t_recall_5": 56.45161290322581,
    "test__i2t_recall_10": 66.12903225806451,
    "test__i2t_rsum": 179.03225806451613,
    "test__i2t_medr": 1.0,
    "test__i2t_meanr": 7.0,
    "test__t2i_recall_1": 8.064516129032258,
    "test__t2i_recall_5": 64.51612903225806,
    "test__t2i_recall_10": 67.74193548387096,
    "test__t2i_rsum": 140.32258064516128,
    "test__t2i_medr": 2.0,
    "test__t2i_meanr": 6.548387096774194
}
[2026-03-19 11:09:38] [Eval] Report @step: 3.00 {
    "test__rsum": 265.4485049833887,
    "test__medr": 9.0,
    "test__meanr": 22.348837209302324,
    "test__n_fold_i2t_recall_1": 26.578073089700997,
    "test__n_fold_i2t_recall_5": 56.81063122923588,
    "test__n_fold_i2t_recall_10": 58.80398671096346,
    "test__n_fold_i2t_rsum": 142.19269102990035,
    "test__n_fold_i2t_medr": 4.0,
    "test__n_fold_i2t_meanr": 12.362126245847175,
    "test__n_fold_t2i_recall_1": 13.289036544850498,
    "test__n_fold_t2i_recall_5": 51.16279069767442,
    "test__n_fold_t2i_recall_10": 58.80398671096346,
    "test__n_fold_t2i_rsum": 123.25581395348837,
    "test__n_fold_t2i_medr": 5.0,
    "test__n_fold_t2i_meanr": 9.986710963455149,
    "test__i2t_recall_1": 26.578073089700997,
    "test__i2t_recall_5": 56.81063122923588,
    "test__i2t_recall_10": 58.80398671096346,
    "test__i2t_rsum": 142.19269102990035,
    "test__i2t_medr": 4.0,
    "test__i2t_meanr": 12.362126245847175,
    "test__t2i_recall_1": 13.289036544850498,
    "test__t2i_recall_5": 51.16279069767442,
    "test__t2i_recall_10": 58.80398671096346,
    "test__t2i_rsum": 123.25581395348837,
    "test__t2i_medr": 5.0,
    "test__t2i_meanr": 9.986710963455149
}
[2026-03-19 11:09:46] [Eval] Report @step: 3.00 {
    "test__rsum": 319.03323262839876,
    "test__medr": 15.0,
    "test__meanr": 16.404833836858003,
    "test__n_fold_i2t_recall_1": 26.88821752265861,
    "test__n_fold_i2t_recall_5": 40.483383685800604,
    "test__n_fold_i2t_recall_10": 44.10876132930514,
    "test__n_fold_i2t_rsum": 111.48036253776435,
    "test__n_fold_i2t_medr": 12.0,
    "test__n_fold_i2t_meanr": 11.41691842900302,
    "test__n_fold_t2i_recall_1": 20.241691842900302,
    "test__n_fold_t2i_recall_5": 93.65558912386707,
    "test__n_fold_t2i_recall_10": 93.65558912386707,
    "test__n_fold_t2i_rsum": 207.55287009063443,
    "test__n_fold_t2i_medr": 3.0,
    "test__n_fold_t2i_meanr": 4.9879154078549846,
    "test__i2t_recall_1": 26.88821752265861,
    "test__i2t_recall_5": 40.483383685800604,
    "test__i2t_recall_10": 44.10876132930514,
    "test__i2t_rsum": 111.48036253776435,
    "test__i2t_medr": 12.0,
    "test__i2t_meanr": 11.41691842900302,
    "test__t2i_recall_1": 20.241691842900302,
    "test__t2i_recall_5": 93.65558912386707,
    "test__t2i_recall_10": 93.65558912386707,
    "test__t2i_rsum": 207.55287009063443,
    "test__t2i_medr": 3.0,
    "test__t2i_meanr": 4.9879154078549846
}
[2026-03-19 11:10:59] [Eval] Report @step: 3.00 {
    "test__rsum": 420.067264573991,
    "test__medr": 2.0,
    "test__meanr": 12.195067264573991,
    "test__n_fold_i2t_recall_1": 53.25112107623318,
    "test__n_fold_i2t_recall_5": 59.08071748878924,
    "test__n_fold_i2t_recall_10": 79.82062780269058,
    "test__n_fold_i2t_rsum": 192.152466367713,
    "test__n_fold_i2t_medr": 1.0,
    "test__n_fold_i2t_meanr": 7.922645739910314,
    "test__n_fold_t2i_recall_1": 53.25112107623318,
    "test__n_fold_t2i_recall_5": 83.18385650224215,
    "test__n_fold_t2i_recall_10": 91.4798206278027,
    "test__n_fold_t2i_rsum": 227.91479820627802,
    "test__n_fold_t2i_medr": 1.0,
    "test__n_fold_t2i_meanr": 4.272421524663677,
    "test__i2t_recall_1": 53.25112107623318,
    "test__i2t_recall_5": 59.08071748878924,
    "test__i2t_recall_10": 79.82062780269058,
    "test__i2t_rsum": 192.152466367713,
    "test__i2t_medr": 1.0,
    "test__i2t_meanr": 7.922645739910314,
    "test__t2i_recall_1": 53.25112107623318,
    "test__t2i_recall_5": 83.18385650224215,
    "test__t2i_recall_10": 91.4798206278027,
    "test__t2i_rsum": 227.91479820627802,
    "test__t2i_medr": 1.0,
    "test__t2i_meanr": 4.272421524663677
}
[2026-03-19 11:11:01] [Eval] Report @step: 3.00 {
    "test__rsum": 286.8571428571429,
    "test__medr": 11.0,
    "test__meanr": 25.845714285714287,
    "test__n_fold_i2t_recall_1": 8.0,
    "test__n_fold_i2t_recall_5": 68.0,
    "test__n_fold_i2t_recall_10": 69.14285714285714,
    "test__n_fold_i2t_rsum": 145.14285714285714,
    "test__n_fold_i2t_medr": 4.0,
    "test__n_fold_i2t_meanr": 10.428571428571429,
    "test__n_fold_t2i_recall_1": 28.0,
    "test__n_fold_t2i_recall_5": 44.57142857142857,
    "test__n_fold_t2i_recall_10": 69.14285714285714,
    "test__n_fold_t2i_rsum": 141.71428571428572,
    "test__n_fold_t2i_medr": 7.0,
    "test__n_fold_t2i_meanr": 15.417142857142856,
    "test__i2t_recall_1": 8.0,
    "test__i2t_recall_5": 68.0,
    "test__i2t_recall_10": 69.14285714285714,
    "test__i2t_rsum": 145.14285714285714,
    "test__i2t_medr": 4.0,
    "test__i2t_meanr": 10.428571428571429,
    "test__t2i_recall_1": 28.0,
    "test__t2i_recall_5": 44.57142857142857,
    "test__t2i_recall_10": 69.14285714285714,
    "test__t2i_rsum": 141.71428571428572,
    "test__t2i_medr": 7.0,
    "test__t2i_meanr": 15.417142857142856
}
[2026-03-19 11:11:01] [Eval] Report @step: 3.00 {
    "test__rsum": 319.35483870967744,
    "test__medr": 3.0,
    "test__meanr": 13.548387096774194,
    "test__n_fold_i2t_recall_1": 56.45161290322581,
    "test__n_fold_i2t_recall_5": 56.45161290322581,
    "test__n_fold_i2t_recall_10": 66.12903225806451,
    "test__n_fold_i2t_rsum": 179.03225806451613,
    "test__n_fold_i2t_medr": 1.0,
    "test__n_fold_i2t_meanr": 7.0,
    "test__n_fold_t2i_recall_1": 8.064516129032258,
    "test__n_fold_t2i_recall_5": 64.51612903225806,
    "test__n_fold_t2i_recall_10": 67.74193548387096,
    "test__n_fold_t2i_rsum": 140.32258064516128,
    "test__n_fold_t2i_medr": 2.0,
    "test__n_fold_t2i_meanr": 6.548387096774194,
    "test__i2t_recall_1": 56.45161290322581,
    "test__i2t_recall_5": 56.45161290322581,
    "test__i2t_recall_10": 66.12903225806451,
    "test__i2t_rsum": 179.03225806451613,
    "test__i2t_medr": 1.0,
    "test__i2t_meanr": 7.0,
    "test__t2i_recall_1": 8.064516129032258,
    "test__t2i_recall_5": 64.51612903225806,
    "test__t2i_recall_10": 67.74193548387096,
    "test__t2i_rsum": 140.32258064516128,
    "test__t2i_medr": 2.0,
    "test__t2i_meanr": 6.548387096774194
}
[2026-03-19 11:11:01] Round 4!
[2026-03-19 11:11:02] Harmony enters stage1 at round 4.
[2026-03-19 11:11:02] Training Client 0!
[2026-03-19 11:11:02] Epoch: [4] image	Loss 2.9148 (3.0549)	Prec@1 41.406 (35.547)	Prec@5 69.531 (58.854)
[2026-03-19 11:11:02] TEST:  Epoch: [4] image	Prec@1 37.778 (41.196)	Prec@5 71.111 (67.774)
[2026-03-19 11:11:02] Training Client 1!
[2026-03-19 11:11:02] Epoch: [4] image	Loss 3.3401 (3.3401)	Prec@1 0.000 (0.000)	Prec@5 36.719 (36.719)
[2026-03-19 11:11:03] TEST:  Epoch: [4] image	Prec@1 8.000 (9.063)	Prec@5 48.000 (49.245)
[2026-03-19 11:11:03] Training Client 2!
[2026-03-19 11:11:03] Epoch: [4] image	Loss 2.7986 (2.9616)	Prec@1 53.125 (52.604)	Prec@5 63.281 (61.719)
[2026-03-19 11:11:04] TEST:  Epoch: [4] image	Prec@1 60.484 (53.251)	Prec@5 72.581 (64.686)
[2026-03-19 11:11:04] Training Client 3!
[2026-03-19 11:11:04] Epoch: [4] image	Loss 2.9834 (3.0612)	Prec@1 16.797 (17.969)	Prec@5 62.500 (59.115)
[2026-03-19 11:11:04] TEST:  Epoch: [4] image	Prec@1 20.571 (20.571)	Prec@5 81.714 (81.714)
[2026-03-19 11:11:04] Training Client 4!
[2026-03-19 11:11:04] Epoch: [4] image	Loss 3.3759 (3.3759)	Prec@1 0.000 (0.000)	Prec@5 36.328 (36.328)
[2026-03-19 11:11:05] TEST:  Epoch: [4] image	Prec@1 0.000 (0.000)	Prec@5 56.452 (56.452)
[2026-03-19 11:11:05] Training Client 5!
[2026-03-19 11:11:05] Epoch: [4] text	Loss 3.6619 (3.6619)	Prec@1 0.000 (0.000)	Prec@5 0.000 (0.000)
[2026-03-19 11:11:05] TEST:  Epoch: [4] text	Prec@1 0.000 (0.000)	Prec@5 0.000 (0.000)
[2026-03-19 11:11:05] Training Client 6!
[2026-03-19 11:11:05] Epoch: [4] text	Loss 2.8690 (2.9662)	Prec@1 31.250 (22.526)	Prec@5 92.969 (85.807)
[2026-03-19 11:11:06] TEST:  Epoch: [4] text	Prec@1 30.667 (32.931)	Prec@5 94.667 (93.656)
[2026-03-19 11:11:06] Training Client 7!
[2026-03-19 11:11:07] Epoch: [4] text	Loss 1.4806 (1.5277)	Prec@1 54.297 (53.768)	Prec@5 98.438 (99.081)
[2026-03-19 11:11:08] TEST:  Epoch: [4] text	Prec@1 60.484 (53.251)	Prec@5 98.387 (98.767)
[2026-03-19 11:11:08] Training Client 8!
[2026-03-19 11:11:08] Epoch: [4] text	Loss 3.3472 (3.3472)	Prec@1 0.000 (0.000)	Prec@5 27.344 (27.344)
[2026-03-19 11:11:08] TEST:  Epoch: [4] text	Prec@1 0.000 (0.000)	Prec@5 28.000 (28.000)
[2026-03-19 11:11:08] Training Client 9!
[2026-03-19 11:11:08] Epoch: [4] text	Loss 0.0000 (0.0000)	Prec@1 0.000 (0.000)	Prec@5 0.000 (0.000)
[2026-03-19 11:11:08] TEST:  Epoch: [4] text	Prec@1 0.000 (0.000)	Prec@5 0.000 (0.000)
[2026-03-19 11:11:09] Training Client 10!
[2026-03-19 11:11:09] Epoch 4
[2026-03-19 11:11:09] Training Client 11!
[2026-03-19 11:11:09] Epoch 4
[2026-03-19 11:11:11] Training Client 12!
[2026-03-19 11:11:11] Epoch 4
[2026-03-19 11:11:12] Training Client 13!
[2026-03-19 11:11:12] Epoch 4
[2026-03-19 11:11:12] Skip local epoch for client 3: train loader has no full batch
[2026-03-19 11:11:12] Training Client 14!
[2026-03-19 11:11:12] Epoch 4
[2026-03-19 11:11:12] Skip local epoch for client 4: train loader has no full batch
[2026-03-19 11:11:13] Harmony stage1 completed at round 4; benchmark encoders refreshed.
[2026-03-19 11:11:13] TEST:  Epoch: [4] image	Prec@1 37.778 (41.196)	Prec@5 71.111 (67.774)
[2026-03-19 11:11:13] TEST:  Epoch: [4] image	Prec@1 0.000 (0.000)	Prec@5 48.000 (49.245)
[2026-03-19 11:11:14] TEST:  Epoch: [4] image	Prec@1 60.484 (53.251)	Prec@5 72.581 (64.686)
[2026-03-19 11:11:14] TEST:  Epoch: [4] image	Prec@1 20.571 (20.571)	Prec@5 54.286 (54.286)
[2026-03-19 11:11:14] TEST:  Epoch: [4] image	Prec@1 0.000 (0.000)	Prec@5 56.452 (56.452)
[2026-03-19 11:11:14] TEST:  Epoch: [4] text	Prec@1 0.000 (0.000)	Prec@5 0.000 (0.000)
[2026-03-19 11:11:15] TEST:  Epoch: [4] text	Prec@1 38.667 (34.743)	Prec@5 94.667 (93.656)
[2026-03-19 11:11:15] TEST:  Epoch: [4] text	Prec@1 60.484 (53.251)	Prec@5 98.387 (98.767)
[2026-03-19 11:11:15] TEST:  Epoch: [4] text	Prec@1 0.000 (0.000)	Prec@5 17.143 (17.143)
[2026-03-19 11:11:15] TEST:  Epoch: [4] text	Prec@1 0.000 (0.000)	Prec@5 0.000 (0.000)
[2026-03-19 11:11:23] [Eval] Report @step: 4.00 {
    "test__rsum": 243.85382059800662,
    "test__medr": 11.0,
    "test__meanr": 14.14950166112957,
    "test__n_fold_i2t_recall_1": 7.641196013289036,
    "test__n_fold_i2t_recall_5": 54.817275747508305,
    "test__n_fold_i2t_recall_10": 73.08970099667773,
    "test__n_fold_i2t_rsum": 135.54817275747507,
    "test__n_fold_i2t_medr": 4.0,
    "test__n_fold_i2t_meanr": 6.362126245847176,
    "test__n_fold_t2i_recall_1": 12.624584717607974,
    "test__n_fold_t2i_recall_5": 36.87707641196013,
    "test__n_fold_t2i_recall_10": 58.80398671096346,
    "test__n_fold_t2i_rsum": 108.30564784053156,
    "test__n_fold_t2i_medr": 7.0,
    "test__n_fold_t2i_meanr": 7.787375415282392,
    "test__i2t_recall_1": 7.641196013289036,
    "test__i2t_recall_5": 54.817275747508305,
    "test__i2t_recall_10": 73.08970099667773,
    "test__i2t_rsum": 135.54817275747507,
    "test__i2t_medr": 4.0,
    "test__i2t_meanr": 6.362126245847176,
    "test__t2i_recall_1": 12.624584717607974,
    "test__t2i_recall_5": 36.87707641196013,
    "test__t2i_recall_10": 58.80398671096346,
    "test__t2i_rsum": 108.30564784053156,
    "test__t2i_medr": 7.0,
    "test__t2i_meanr": 7.787375415282392
}
[2026-03-19 11:11:30] [Eval] Report @step: 4.00 {
    "test__rsum": 439.27492447129913,
    "test__medr": 5.0,
    "test__meanr": 9.580060422960724,
    "test__n_fold_i2t_recall_1": 26.88821752265861,
    "test__n_fold_i2t_recall_5": 93.95770392749245,
    "test__n_fold_i2t_recall_10": 97.2809667673716,
    "test__n_fold_i2t_rsum": 218.12688821752266,
    "test__n_fold_i2t_medr": 3.0,
    "test__n_fold_i2t_meanr": 5.401812688821752,
    "test__n_fold_t2i_recall_1": 33.8368580060423,
    "test__n_fold_t2i_recall_5": 93.65558912386707,
    "test__n_fold_t2i_recall_10": 93.65558912386707,
    "test__n_fold_t2i_rsum": 221.14803625377647,
    "test__n_fold_t2i_medr": 2.0,
    "test__n_fold_t2i_meanr": 4.1782477341389725,
    "test__i2t_recall_1": 26.88821752265861,
    "test__i2t_recall_5": 93.95770392749245,
    "test__i2t_recall_10": 97.2809667673716,
    "test__i2t_rsum": 218.12688821752266,
    "test__i2t_medr": 3.0,
    "test__i2t_meanr": 5.401812688821752,
    "test__t2i_recall_1": 33.8368580060423,
    "test__t2i_recall_5": 93.65558912386707,
    "test__t2i_recall_10": 93.65558912386707,
    "test__t2i_rsum": 221.14803625377647,
    "test__t2i_medr": 2.0,
    "test__t2i_meanr": 4.1782477341389725
}
[2026-03-19 11:12:44] [Eval] Report @step: 4.00 {
    "test__rsum": 443.0493273542601,
    "test__medr": 2.0,
    "test__meanr": 10.952914798206278,
    "test__n_fold_i2t_recall_1": 53.139013452914796,
    "test__n_fold_i2t_recall_5": 79.82062780269058,
    "test__n_fold_i2t_recall_10": 83.74439461883408,
    "test__n_fold_i2t_rsum": 216.70403587443946,
    "test__n_fold_i2t_medr": 1.0,
    "test__n_fold_i2t_meanr": 5.713004484304933,
    "test__n_fold_t2i_recall_1": 53.25112107623318,
    "test__n_fold_t2i_recall_5": 80.60538116591928,
    "test__n_fold_t2i_recall_10": 92.48878923766816,
    "test__n_fold_t2i_rsum": 226.34529147982062,
    "test__n_fold_t2i_medr": 1.0,
    "test__n_fold_t2i_meanr": 5.239910313901345,
    "test__i2t_recall_1": 53.139013452914796,
    "test__i2t_recall_5": 79.82062780269058,
    "test__i2t_recall_10": 83.74439461883408,
    "test__i2t_rsum": 216.70403587443946,
    "test__i2t_medr": 1.0,
    "test__i2t_meanr": 5.713004484304933,
    "test__t2i_recall_1": 53.25112107623318,
    "test__t2i_recall_5": 80.60538116591928,
    "test__t2i_recall_10": 92.48878923766816,
    "test__t2i_rsum": 226.34529147982062,
    "test__t2i_medr": 1.0,
    "test__t2i_meanr": 5.239910313901345
}
[2026-03-19 11:12:45] [Eval] Report @step: 4.00 {
    "test__rsum": 288.57142857142856,
    "test__medr": 9.0,
    "test__meanr": 27.10857142857143,
    "test__n_fold_i2t_recall_1": 8.0,
    "test__n_fold_i2t_recall_5": 55.42857142857143,
    "test__n_fold_i2t_recall_10": 69.14285714285714,
    "test__n_fold_i2t_rsum": 132.57142857142856,
    "test__n_fold_i2t_medr": 5.0,
    "test__n_fold_i2t_meanr": 13.474285714285715,
    "test__n_fold_t2i_recall_1": 26.857142857142858,
    "test__n_fold_t2i_recall_5": 60.0,
    "test__n_fold_t2i_recall_10": 69.14285714285714,
    "test__n_fold_t2i_rsum": 156.0,
    "test__n_fold_t2i_medr": 4.0,
    "test__n_fold_t2i_meanr": 13.634285714285713,
    "test__i2t_recall_1": 8.0,
    "test__i2t_recall_5": 55.42857142857143,
    "test__i2t_recall_10": 69.14285714285714,
    "test__i2t_rsum": 132.57142857142856,
    "test__i2t_medr": 5.0,
    "test__i2t_meanr": 13.474285714285715,
    "test__t2i_recall_1": 26.857142857142858,
    "test__t2i_recall_5": 60.0,
    "test__t2i_recall_10": 69.14285714285714,
    "test__t2i_rsum": 156.0,
    "test__t2i_medr": 4.0,
    "test__t2i_meanr": 13.634285714285713
}
[2026-03-19 11:12:46] [Eval] Report @step: 4.00 {
    "test__rsum": 327.41935483870964,
    "test__medr": 3.0,
    "test__meanr": 14.370967741935484,
    "test__n_fold_i2t_recall_1": 56.45161290322581,
    "test__n_fold_i2t_recall_5": 64.51612903225806,
    "test__n_fold_i2t_recall_10": 66.12903225806451,
    "test__n_fold_i2t_rsum": 187.09677419354838,
    "test__n_fold_i2t_medr": 1.0,
    "test__n_fold_i2t_meanr": 6.774193548387097,
    "test__n_fold_t2i_recall_1": 8.064516129032258,
    "test__n_fold_t2i_recall_5": 64.51612903225806,
    "test__n_fold_t2i_recall_10": 67.74193548387096,
    "test__n_fold_t2i_rsum": 140.32258064516128,
    "test__n_fold_t2i_medr": 2.0,
    "test__n_fold_t2i_meanr": 7.596774193548387,
    "test__i2t_recall_1": 56.45161290322581,
    "test__i2t_recall_5": 64.51612903225806,
    "test__i2t_recall_10": 66.12903225806451,
    "test__i2t_rsum": 187.09677419354838,
    "test__i2t_medr": 1.0,
    "test__i2t_meanr": 6.774193548387097,
    "test__t2i_recall_1": 8.064516129032258,
    "test__t2i_recall_5": 64.51612903225806,
    "test__t2i_recall_10": 67.74193548387096,
    "test__t2i_rsum": 140.32258064516128,
    "test__t2i_medr": 2.0,
    "test__t2i_meanr": 7.596774193548387
}
[2026-03-19 11:12:53] [Eval] Report @step: 4.00 {
    "test__rsum": 243.85382059800662,
    "test__medr": 11.0,
    "test__meanr": 14.14950166112957,
    "test__n_fold_i2t_recall_1": 7.641196013289036,
    "test__n_fold_i2t_recall_5": 54.817275747508305,
    "test__n_fold_i2t_recall_10": 73.08970099667773,
    "test__n_fold_i2t_rsum": 135.54817275747507,
    "test__n_fold_i2t_medr": 4.0,
    "test__n_fold_i2t_meanr": 6.362126245847176,
    "test__n_fold_t2i_recall_1": 12.624584717607974,
    "test__n_fold_t2i_recall_5": 36.87707641196013,
    "test__n_fold_t2i_recall_10": 58.80398671096346,
    "test__n_fold_t2i_rsum": 108.30564784053156,
    "test__n_fold_t2i_medr": 7.0,
    "test__n_fold_t2i_meanr": 7.787375415282392,
    "test__i2t_recall_1": 7.641196013289036,
    "test__i2t_recall_5": 54.817275747508305,
    "test__i2t_recall_10": 73.08970099667773,
    "test__i2t_rsum": 135.54817275747507,
    "test__i2t_medr": 4.0,
    "test__i2t_meanr": 6.362126245847176,
    "test__t2i_recall_1": 12.624584717607974,
    "test__t2i_recall_5": 36.87707641196013,
    "test__t2i_recall_10": 58.80398671096346,
    "test__t2i_rsum": 108.30564784053156,
    "test__t2i_medr": 7.0,
    "test__t2i_meanr": 7.787375415282392
}
[2026-03-19 11:13:00] [Eval] Report @step: 4.00 {
    "test__rsum": 439.27492447129913,
    "test__medr": 5.0,
    "test__meanr": 9.580060422960724,
    "test__n_fold_i2t_recall_1": 26.88821752265861,
    "test__n_fold_i2t_recall_5": 93.95770392749245,
    "test__n_fold_i2t_recall_10": 97.2809667673716,
    "test__n_fold_i2t_rsum": 218.12688821752266,
    "test__n_fold_i2t_medr": 3.0,
    "test__n_fold_i2t_meanr": 5.401812688821752,
    "test__n_fold_t2i_recall_1": 33.8368580060423,
    "test__n_fold_t2i_recall_5": 93.65558912386707,
    "test__n_fold_t2i_recall_10": 93.65558912386707,
    "test__n_fold_t2i_rsum": 221.14803625377647,
    "test__n_fold_t2i_medr": 2.0,
    "test__n_fold_t2i_meanr": 4.1782477341389725,
    "test__i2t_recall_1": 26.88821752265861,
    "test__i2t_recall_5": 93.95770392749245,
    "test__i2t_recall_10": 97.2809667673716,
    "test__i2t_rsum": 218.12688821752266,
    "test__i2t_medr": 3.0,
    "test__i2t_meanr": 5.401812688821752,
    "test__t2i_recall_1": 33.8368580060423,
    "test__t2i_recall_5": 93.65558912386707,
    "test__t2i_recall_10": 93.65558912386707,
    "test__t2i_rsum": 221.14803625377647,
    "test__t2i_medr": 2.0,
    "test__t2i_meanr": 4.1782477341389725
}
[2026-03-19 11:14:16] [Eval] Report @step: 4.00 {
    "test__rsum": 443.0493273542601,
    "test__medr": 2.0,
    "test__meanr": 10.952914798206278,
    "test__n_fold_i2t_recall_1": 53.139013452914796,
    "test__n_fold_i2t_recall_5": 79.82062780269058,
    "test__n_fold_i2t_recall_10": 83.74439461883408,
    "test__n_fold_i2t_rsum": 216.70403587443946,
    "test__n_fold_i2t_medr": 1.0,
    "test__n_fold_i2t_meanr": 5.713004484304933,
    "test__n_fold_t2i_recall_1": 53.25112107623318,
    "test__n_fold_t2i_recall_5": 80.60538116591928,
    "test__n_fold_t2i_recall_10": 92.48878923766816,
    "test__n_fold_t2i_rsum": 226.34529147982062,
    "test__n_fold_t2i_medr": 1.0,
    "test__n_fold_t2i_meanr": 5.239910313901345,
    "test__i2t_recall_1": 53.139013452914796,
    "test__i2t_recall_5": 79.82062780269058,
    "test__i2t_recall_10": 83.74439461883408,
    "test__i2t_rsum": 216.70403587443946,
    "test__i2t_medr": 1.0,
    "test__i2t_meanr": 5.713004484304933,
    "test__t2i_recall_1": 53.25112107623318,
    "test__t2i_recall_5": 80.60538116591928,
    "test__t2i_recall_10": 92.48878923766816,
    "test__t2i_rsum": 226.34529147982062,
    "test__t2i_medr": 1.0,
    "test__t2i_meanr": 5.239910313901345
}
[2026-03-19 11:14:18] [Eval] Report @step: 4.00 {
    "test__rsum": 288.57142857142856,
    "test__medr": 9.0,
    "test__meanr": 27.10857142857143,
    "test__n_fold_i2t_recall_1": 8.0,
    "test__n_fold_i2t_recall_5": 55.42857142857143,
    "test__n_fold_i2t_recall_10": 69.14285714285714,
    "test__n_fold_i2t_rsum": 132.57142857142856,
    "test__n_fold_i2t_medr": 5.0,
    "test__n_fold_i2t_meanr": 13.474285714285715,
    "test__n_fold_t2i_recall_1": 26.857142857142858,
    "test__n_fold_t2i_recall_5": 60.0,
    "test__n_fold_t2i_recall_10": 69.14285714285714,
    "test__n_fold_t2i_rsum": 156.0,
    "test__n_fold_t2i_medr": 4.0,
    "test__n_fold_t2i_meanr": 13.634285714285713,
    "test__i2t_recall_1": 8.0,
    "test__i2t_recall_5": 55.42857142857143,
    "test__i2t_recall_10": 69.14285714285714,
    "test__i2t_rsum": 132.57142857142856,
    "test__i2t_medr": 5.0,
    "test__i2t_meanr": 13.474285714285715,
    "test__t2i_recall_1": 26.857142857142858,
    "test__t2i_recall_5": 60.0,
    "test__t2i_recall_10": 69.14285714285714,
    "test__t2i_rsum": 156.0,
    "test__t2i_medr": 4.0,
    "test__t2i_meanr": 13.634285714285713
}
[2026-03-19 11:14:19] [Eval] Report @step: 4.00 {
    "test__rsum": 327.41935483870964,
    "test__medr": 3.0,
    "test__meanr": 14.370967741935484,
    "test__n_fold_i2t_recall_1": 56.45161290322581,
    "test__n_fold_i2t_recall_5": 64.51612903225806,
    "test__n_fold_i2t_recall_10": 66.12903225806451,
    "test__n_fold_i2t_rsum": 187.09677419354838,
    "test__n_fold_i2t_medr": 1.0,
    "test__n_fold_i2t_meanr": 6.774193548387097,
    "test__n_fold_t2i_recall_1": 8.064516129032258,
    "test__n_fold_t2i_recall_5": 64.51612903225806,
    "test__n_fold_t2i_recall_10": 67.74193548387096,
    "test__n_fold_t2i_rsum": 140.32258064516128,
    "test__n_fold_t2i_medr": 2.0,
    "test__n_fold_t2i_meanr": 7.596774193548387,
    "test__i2t_recall_1": 56.45161290322581,
    "test__i2t_recall_5": 64.51612903225806,
    "test__i2t_recall_10": 66.12903225806451,
    "test__i2t_rsum": 187.09677419354838,
    "test__i2t_medr": 1.0,
    "test__i2t_meanr": 6.774193548387097,
    "test__t2i_recall_1": 8.064516129032258,
    "test__t2i_recall_5": 64.51612903225806,
    "test__t2i_recall_10": 67.74193548387096,
    "test__t2i_rsum": 140.32258064516128,
    "test__t2i_medr": 2.0,
    "test__t2i_meanr": 7.596774193548387
}
[2026-03-19 11:14:26] [Eval] Report @step: 4.00 {
    "test__rsum": 243.85382059800662,
    "test__medr": 11.0,
    "test__meanr": 14.14950166112957,
    "test__n_fold_i2t_recall_1": 7.641196013289036,
    "test__n_fold_i2t_recall_5": 54.817275747508305,
    "test__n_fold_i2t_recall_10": 73.08970099667773,
    "test__n_fold_i2t_rsum": 135.54817275747507,
    "test__n_fold_i2t_medr": 4.0,
    "test__n_fold_i2t_meanr": 6.362126245847176,
    "test__n_fold_t2i_recall_1": 12.624584717607974,
    "test__n_fold_t2i_recall_5": 36.87707641196013,
    "test__n_fold_t2i_recall_10": 58.80398671096346,
    "test__n_fold_t2i_rsum": 108.30564784053156,
    "test__n_fold_t2i_medr": 7.0,
    "test__n_fold_t2i_meanr": 7.787375415282392,
    "test__i2t_recall_1": 7.641196013289036,
    "test__i2t_recall_5": 54.817275747508305,
    "test__i2t_recall_10": 73.08970099667773,
    "test__i2t_rsum": 135.54817275747507,
    "test__i2t_medr": 4.0,
    "test__i2t_meanr": 6.362126245847176,
    "test__t2i_recall_1": 12.624584717607974,
    "test__t2i_recall_5": 36.87707641196013,
    "test__t2i_recall_10": 58.80398671096346,
    "test__t2i_rsum": 108.30564784053156,
    "test__t2i_medr": 7.0,
    "test__t2i_meanr": 7.787375415282392
}
[2026-03-19 11:14:33] [Eval] Report @step: 4.00 {
    "test__rsum": 439.27492447129913,
    "test__medr": 5.0,
    "test__meanr": 9.580060422960724,
    "test__n_fold_i2t_recall_1": 26.88821752265861,
    "test__n_fold_i2t_recall_5": 93.95770392749245,
    "test__n_fold_i2t_recall_10": 97.2809667673716,
    "test__n_fold_i2t_rsum": 218.12688821752266,
    "test__n_fold_i2t_medr": 3.0,
    "test__n_fold_i2t_meanr": 5.401812688821752,
    "test__n_fold_t2i_recall_1": 33.8368580060423,
    "test__n_fold_t2i_recall_5": 93.65558912386707,
    "test__n_fold_t2i_recall_10": 93.65558912386707,
    "test__n_fold_t2i_rsum": 221.14803625377647,
    "test__n_fold_t2i_medr": 2.0,
    "test__n_fold_t2i_meanr": 4.1782477341389725,
    "test__i2t_recall_1": 26.88821752265861,
    "test__i2t_recall_5": 93.95770392749245,
    "test__i2t_recall_10": 97.2809667673716,
    "test__i2t_rsum": 218.12688821752266,
    "test__i2t_medr": 3.0,
    "test__i2t_meanr": 5.401812688821752,
    "test__t2i_recall_1": 33.8368580060423,
    "test__t2i_recall_5": 93.65558912386707,
    "test__t2i_recall_10": 93.65558912386707,
    "test__t2i_rsum": 221.14803625377647,
    "test__t2i_medr": 2.0,
    "test__t2i_meanr": 4.1782477341389725
}
[2026-03-19 11:21:25] [Eval] Report @step: 4.00 {
    "test__rsum": 443.0493273542601,
    "test__medr": 2.0,
    "test__meanr": 10.952914798206278,
    "test__n_fold_i2t_recall_1": 53.139013452914796,
    "test__n_fold_i2t_recall_5": 79.82062780269058,
    "test__n_fold_i2t_recall_10": 83.74439461883408,
    "test__n_fold_i2t_rsum": 216.70403587443946,
    "test__n_fold_i2t_medr": 1.0,
    "test__n_fold_i2t_meanr": 5.713004484304933,
    "test__n_fold_t2i_recall_1": 53.25112107623318,
    "test__n_fold_t2i_recall_5": 80.60538116591928,
    "test__n_fold_t2i_recall_10": 92.48878923766816,
    "test__n_fold_t2i_rsum": 226.34529147982062,
    "test__n_fold_t2i_medr": 1.0,
    "test__n_fold_t2i_meanr": 5.239910313901345,
    "test__i2t_recall_1": 53.139013452914796,
    "test__i2t_recall_5": 79.82062780269058,
    "test__i2t_recall_10": 83.74439461883408,
    "test__i2t_rsum": 216.70403587443946,
    "test__i2t_medr": 1.0,
    "test__i2t_meanr": 5.713004484304933,
    "test__t2i_recall_1": 53.25112107623318,
    "test__t2i_recall_5": 80.60538116591928,
    "test__t2i_recall_10": 92.48878923766816,
    "test__t2i_rsum": 226.34529147982062,
    "test__t2i_medr": 1.0,
    "test__t2i_meanr": 5.239910313901345
}
[2026-03-19 11:21:38] [Eval] Report @step: 4.00 {
    "test__rsum": 288.57142857142856,
    "test__medr": 9.0,
    "test__meanr": 27.10857142857143,
    "test__n_fold_i2t_recall_1": 8.0,
    "test__n_fold_i2t_recall_5": 55.42857142857143,
    "test__n_fold_i2t_recall_10": 69.14285714285714,
    "test__n_fold_i2t_rsum": 132.57142857142856,
    "test__n_fold_i2t_medr": 5.0,
    "test__n_fold_i2t_meanr": 13.474285714285715,
    "test__n_fold_t2i_recall_1": 26.857142857142858,
    "test__n_fold_t2i_recall_5": 60.0,
    "test__n_fold_t2i_recall_10": 69.14285714285714,
    "test__n_fold_t2i_rsum": 156.0,
    "test__n_fold_t2i_medr": 4.0,
    "test__n_fold_t2i_meanr": 13.634285714285713,
    "test__i2t_recall_1": 8.0,
    "test__i2t_recall_5": 55.42857142857143,
    "test__i2t_recall_10": 69.14285714285714,
    "test__i2t_rsum": 132.57142857142856,
    "test__i2t_medr": 5.0,
    "test__i2t_meanr": 13.474285714285715,
    "test__t2i_recall_1": 26.857142857142858,
    "test__t2i_recall_5": 60.0,
    "test__t2i_recall_10": 69.14285714285714,
    "test__t2i_rsum": 156.0,
    "test__t2i_medr": 4.0,
    "test__t2i_meanr": 13.634285714285713
}
[2026-03-19 11:21:39] [Eval] Report @step: 4.00 {
    "test__rsum": 327.41935483870964,
    "test__medr": 3.0,
    "test__meanr": 14.370967741935484,
    "test__n_fold_i2t_recall_1": 56.45161290322581,
    "test__n_fold_i2t_recall_5": 64.51612903225806,
    "test__n_fold_i2t_recall_10": 66.12903225806451,
    "test__n_fold_i2t_rsum": 187.09677419354838,
    "test__n_fold_i2t_medr": 1.0,
    "test__n_fold_i2t_meanr": 6.774193548387097,
    "test__n_fold_t2i_recall_1": 8.064516129032258,
    "test__n_fold_t2i_recall_5": 64.51612903225806,
    "test__n_fold_t2i_recall_10": 67.74193548387096,
    "test__n_fold_t2i_rsum": 140.32258064516128,
    "test__n_fold_t2i_medr": 2.0,
    "test__n_fold_t2i_meanr": 7.596774193548387,
    "test__i2t_recall_1": 56.45161290322581,
    "test__i2t_recall_5": 64.51612903225806,
    "test__i2t_recall_10": 66.12903225806451,
    "test__i2t_rsum": 187.09677419354838,
    "test__i2t_medr": 1.0,
    "test__i2t_meanr": 6.774193548387097,
    "test__t2i_recall_1": 8.064516129032258,
    "test__t2i_recall_5": 64.51612903225806,
    "test__t2i_recall_10": 67.74193548387096,
    "test__t2i_rsum": 140.32258064516128,
    "test__t2i_medr": 2.0,
    "test__t2i_meanr": 7.596774193548387
}
[2026-03-19 11:22:45] [Eval] Report @step: 4.00 {
    "test__rsum": 243.85382059800662,
    "test__medr": 11.0,
    "test__meanr": 14.14950166112957,
    "test__n_fold_i2t_recall_1": 7.641196013289036,
    "test__n_fold_i2t_recall_5": 54.817275747508305,
    "test__n_fold_i2t_recall_10": 73.08970099667773,
    "test__n_fold_i2t_rsum": 135.54817275747507,
    "test__n_fold_i2t_medr": 4.0,
    "test__n_fold_i2t_meanr": 6.362126245847176,
    "test__n_fold_t2i_recall_1": 12.624584717607974,
    "test__n_fold_t2i_recall_5": 36.87707641196013,
    "test__n_fold_t2i_recall_10": 58.80398671096346,
    "test__n_fold_t2i_rsum": 108.30564784053156,
    "test__n_fold_t2i_medr": 7.0,
    "test__n_fold_t2i_meanr": 7.787375415282392,
    "test__i2t_recall_1": 7.641196013289036,
    "test__i2t_recall_5": 54.817275747508305,
    "test__i2t_recall_10": 73.08970099667773,
    "test__i2t_rsum": 135.54817275747507,
    "test__i2t_medr": 4.0,
    "test__i2t_meanr": 6.362126245847176,
    "test__t2i_recall_1": 12.624584717607974,
    "test__t2i_recall_5": 36.87707641196013,
    "test__t2i_recall_10": 58.80398671096346,
    "test__t2i_rsum": 108.30564784053156,
    "test__t2i_medr": 7.0,
    "test__t2i_meanr": 7.787375415282392
}
[2026-03-19 11:23:46] [Eval] Report @step: 4.00 {
    "test__rsum": 439.27492447129913,
    "test__medr": 5.0,
    "test__meanr": 9.580060422960724,
    "test__n_fold_i2t_recall_1": 26.88821752265861,
    "test__n_fold_i2t_recall_5": 93.95770392749245,
    "test__n_fold_i2t_recall_10": 97.2809667673716,
    "test__n_fold_i2t_rsum": 218.12688821752266,
    "test__n_fold_i2t_medr": 3.0,
    "test__n_fold_i2t_meanr": 5.401812688821752,
    "test__n_fold_t2i_recall_1": 33.8368580060423,
    "test__n_fold_t2i_recall_5": 93.65558912386707,
    "test__n_fold_t2i_recall_10": 93.65558912386707,
    "test__n_fold_t2i_rsum": 221.14803625377647,
    "test__n_fold_t2i_medr": 2.0,
    "test__n_fold_t2i_meanr": 4.1782477341389725,
    "test__i2t_recall_1": 26.88821752265861,
    "test__i2t_recall_5": 93.95770392749245,
    "test__i2t_recall_10": 97.2809667673716,
    "test__i2t_rsum": 218.12688821752266,
    "test__i2t_medr": 3.0,
    "test__i2t_meanr": 5.401812688821752,
    "test__t2i_recall_1": 33.8368580060423,
    "test__t2i_recall_5": 93.65558912386707,
    "test__t2i_recall_10": 93.65558912386707,
    "test__t2i_rsum": 221.14803625377647,
    "test__t2i_medr": 2.0,
    "test__t2i_meanr": 4.1782477341389725
}
[2026-03-19 11:35:01] [Eval] Report @step: 4.00 {
    "test__rsum": 443.0493273542601,
    "test__medr": 2.0,
    "test__meanr": 10.952914798206278,
    "test__n_fold_i2t_recall_1": 53.139013452914796,
    "test__n_fold_i2t_recall_5": 79.82062780269058,
    "test__n_fold_i2t_recall_10": 83.74439461883408,
    "test__n_fold_i2t_rsum": 216.70403587443946,
    "test__n_fold_i2t_medr": 1.0,
    "test__n_fold_i2t_meanr": 5.713004484304933,
    "test__n_fold_t2i_recall_1": 53.25112107623318,
    "test__n_fold_t2i_recall_5": 80.60538116591928,
    "test__n_fold_t2i_recall_10": 92.48878923766816,
    "test__n_fold_t2i_rsum": 226.34529147982062,
    "test__n_fold_t2i_medr": 1.0,
    "test__n_fold_t2i_meanr": 5.239910313901345,
    "test__i2t_recall_1": 53.139013452914796,
    "test__i2t_recall_5": 79.82062780269058,
    "test__i2t_recall_10": 83.74439461883408,
    "test__i2t_rsum": 216.70403587443946,
    "test__i2t_medr": 1.0,
    "test__i2t_meanr": 5.713004484304933,
    "test__t2i_recall_1": 53.25112107623318,
    "test__t2i_recall_5": 80.60538116591928,
    "test__t2i_recall_10": 92.48878923766816,
    "test__t2i_rsum": 226.34529147982062,
    "test__t2i_medr": 1.0,
    "test__t2i_meanr": 5.239910313901345
}
[2026-03-19 11:35:13] [Eval] Report @step: 4.00 {
    "test__rsum": 288.57142857142856,
    "test__medr": 9.0,
    "test__meanr": 27.10857142857143,
    "test__n_fold_i2t_recall_1": 8.0,
    "test__n_fold_i2t_recall_5": 55.42857142857143,
    "test__n_fold_i2t_recall_10": 69.14285714285714,
    "test__n_fold_i2t_rsum": 132.57142857142856,
    "test__n_fold_i2t_medr": 5.0,
    "test__n_fold_i2t_meanr": 13.474285714285715,
    "test__n_fold_t2i_recall_1": 26.857142857142858,
    "test__n_fold_t2i_recall_5": 60.0,
    "test__n_fold_t2i_recall_10": 69.14285714285714,
    "test__n_fold_t2i_rsum": 156.0,
    "test__n_fold_t2i_medr": 4.0,
    "test__n_fold_t2i_meanr": 13.634285714285713,
    "test__i2t_recall_1": 8.0,
    "test__i2t_recall_5": 55.42857142857143,
    "test__i2t_recall_10": 69.14285714285714,
    "test__i2t_rsum": 132.57142857142856,
    "test__i2t_medr": 5.0,
    "test__i2t_meanr": 13.474285714285715,
    "test__t2i_recall_1": 26.857142857142858,
    "test__t2i_recall_5": 60.0,
    "test__t2i_recall_10": 69.14285714285714,
    "test__t2i_rsum": 156.0,
    "test__t2i_medr": 4.0,
    "test__t2i_meanr": 13.634285714285713
}
[2026-03-19 11:35:18] [Eval] Report @step: 4.00 {
    "test__rsum": 327.41935483870964,
    "test__medr": 3.0,
    "test__meanr": 14.370967741935484,
    "test__n_fold_i2t_recall_1": 56.45161290322581,
    "test__n_fold_i2t_recall_5": 64.51612903225806,
    "test__n_fold_i2t_recall_10": 66.12903225806451,
    "test__n_fold_i2t_rsum": 187.09677419354838,
    "test__n_fold_i2t_medr": 1.0,
    "test__n_fold_i2t_meanr": 6.774193548387097,
    "test__n_fold_t2i_recall_1": 8.064516129032258,
    "test__n_fold_t2i_recall_5": 64.51612903225806,
    "test__n_fold_t2i_recall_10": 67.74193548387096,
    "test__n_fold_t2i_rsum": 140.32258064516128,
    "test__n_fold_t2i_medr": 2.0,
    "test__n_fold_t2i_meanr": 7.596774193548387,
    "test__i2t_recall_1": 56.45161290322581,
    "test__i2t_recall_5": 64.51612903225806,
    "test__i2t_recall_10": 66.12903225806451,
    "test__i2t_rsum": 187.09677419354838,
    "test__i2t_medr": 1.0,
    "test__i2t_meanr": 6.774193548387097,
    "test__t2i_recall_1": 8.064516129032258,
    "test__t2i_recall_5": 64.51612903225806,
    "test__t2i_recall_10": 67.74193548387096,
    "test__t2i_rsum": 140.32258064516128,
    "test__t2i_medr": 2.0,
    "test__t2i_meanr": 7.596774193548387
}
[2026-03-19 11:36:12] [Eval] Report @step: 4.00 {
    "test__rsum": 243.85382059800662,
    "test__medr": 11.0,
    "test__meanr": 14.14950166112957,
    "test__n_fold_i2t_recall_1": 7.641196013289036,
    "test__n_fold_i2t_recall_5": 54.817275747508305,
    "test__n_fold_i2t_recall_10": 73.08970099667773,
    "test__n_fold_i2t_rsum": 135.54817275747507,
    "test__n_fold_i2t_medr": 4.0,
    "test__n_fold_i2t_meanr": 6.362126245847176,
    "test__n_fold_t2i_recall_1": 12.624584717607974,
    "test__n_fold_t2i_recall_5": 36.87707641196013,
    "test__n_fold_t2i_recall_10": 58.80398671096346,
    "test__n_fold_t2i_rsum": 108.30564784053156,
    "test__n_fold_t2i_medr": 7.0,
    "test__n_fold_t2i_meanr": 7.787375415282392,
    "test__i2t_recall_1": 7.641196013289036,
    "test__i2t_recall_5": 54.817275747508305,
    "test__i2t_recall_10": 73.08970099667773,
    "test__i2t_rsum": 135.54817275747507,
    "test__i2t_medr": 4.0,
    "test__i2t_meanr": 6.362126245847176,
    "test__t2i_recall_1": 12.624584717607974,
    "test__t2i_recall_5": 36.87707641196013,
    "test__t2i_recall_10": 58.80398671096346,
    "test__t2i_rsum": 108.30564784053156,
    "test__t2i_medr": 7.0,
    "test__t2i_meanr": 7.787375415282392
}
[2026-03-19 11:37:15] [Eval] Report @step: 4.00 {
    "test__rsum": 439.27492447129913,
    "test__medr": 5.0,
    "test__meanr": 9.580060422960724,
    "test__n_fold_i2t_recall_1": 26.88821752265861,
    "test__n_fold_i2t_recall_5": 93.95770392749245,
    "test__n_fold_i2t_recall_10": 97.2809667673716,
    "test__n_fold_i2t_rsum": 218.12688821752266,
    "test__n_fold_i2t_medr": 3.0,
    "test__n_fold_i2t_meanr": 5.401812688821752,
    "test__n_fold_t2i_recall_1": 33.8368580060423,
    "test__n_fold_t2i_recall_5": 93.65558912386707,
    "test__n_fold_t2i_recall_10": 93.65558912386707,
    "test__n_fold_t2i_rsum": 221.14803625377647,
    "test__n_fold_t2i_medr": 2.0,
    "test__n_fold_t2i_meanr": 4.1782477341389725,
    "test__i2t_recall_1": 26.88821752265861,
    "test__i2t_recall_5": 93.95770392749245,
    "test__i2t_recall_10": 97.2809667673716,
    "test__i2t_rsum": 218.12688821752266,
    "test__i2t_medr": 3.0,
    "test__i2t_meanr": 5.401812688821752,
    "test__t2i_recall_1": 33.8368580060423,
    "test__t2i_recall_5": 93.65558912386707,
    "test__t2i_recall_10": 93.65558912386707,
    "test__t2i_rsum": 221.14803625377647,
    "test__t2i_medr": 2.0,
    "test__t2i_meanr": 4.1782477341389725
}
[2026-03-19 11:50:51] [Eval] Report @step: 4.00 {
    "test__rsum": 443.0493273542601,
    "test__medr": 2.0,
    "test__meanr": 10.952914798206278,
    "test__n_fold_i2t_recall_1": 53.139013452914796,
    "test__n_fold_i2t_recall_5": 79.82062780269058,
    "test__n_fold_i2t_recall_10": 83.74439461883408,
    "test__n_fold_i2t_rsum": 216.70403587443946,
    "test__n_fold_i2t_medr": 1.0,
    "test__n_fold_i2t_meanr": 5.713004484304933,
    "test__n_fold_t2i_recall_1": 53.25112107623318,
    "test__n_fold_t2i_recall_5": 80.60538116591928,
    "test__n_fold_t2i_recall_10": 92.48878923766816,
    "test__n_fold_t2i_rsum": 226.34529147982062,
    "test__n_fold_t2i_medr": 1.0,
    "test__n_fold_t2i_meanr": 5.239910313901345,
    "test__i2t_recall_1": 53.139013452914796,
    "test__i2t_recall_5": 79.82062780269058,
    "test__i2t_recall_10": 83.74439461883408,
    "test__i2t_rsum": 216.70403587443946,
    "test__i2t_medr": 1.0,
    "test__i2t_meanr": 5.713004484304933,
    "test__t2i_recall_1": 53.25112107623318,
    "test__t2i_recall_5": 80.60538116591928,
    "test__t2i_recall_10": 92.48878923766816,
    "test__t2i_rsum": 226.34529147982062,
    "test__t2i_medr": 1.0,
    "test__t2i_meanr": 5.239910313901345
}
[2026-03-19 11:51:15] [Eval] Report @step: 4.00 {
    "test__rsum": 288.57142857142856,
    "test__medr": 9.0,
    "test__meanr": 27.10857142857143,
    "test__n_fold_i2t_recall_1": 8.0,
    "test__n_fold_i2t_recall_5": 55.42857142857143,
    "test__n_fold_i2t_recall_10": 69.14285714285714,
    "test__n_fold_i2t_rsum": 132.57142857142856,
    "test__n_fold_i2t_medr": 5.0,
    "test__n_fold_i2t_meanr": 13.474285714285715,
    "test__n_fold_t2i_recall_1": 26.857142857142858,
    "test__n_fold_t2i_recall_5": 60.0,
    "test__n_fold_t2i_recall_10": 69.14285714285714,
    "test__n_fold_t2i_rsum": 156.0,
    "test__n_fold_t2i_medr": 4.0,
    "test__n_fold_t2i_meanr": 13.634285714285713,
    "test__i2t_recall_1": 8.0,
    "test__i2t_recall_5": 55.42857142857143,
    "test__i2t_recall_10": 69.14285714285714,
    "test__i2t_rsum": 132.57142857142856,
    "test__i2t_medr": 5.0,
    "test__i2t_meanr": 13.474285714285715,
    "test__t2i_recall_1": 26.857142857142858,
    "test__t2i_recall_5": 60.0,
    "test__t2i_recall_10": 69.14285714285714,
    "test__t2i_rsum": 156.0,
    "test__t2i_medr": 4.0,
    "test__t2i_meanr": 13.634285714285713
}
[2026-03-19 11:51:16] [Eval] Report @step: 4.00 {
    "test__rsum": 327.41935483870964,
    "test__medr": 3.0,
    "test__meanr": 14.370967741935484,
    "test__n_fold_i2t_recall_1": 56.45161290322581,
    "test__n_fold_i2t_recall_5": 64.51612903225806,
    "test__n_fold_i2t_recall_10": 66.12903225806451,
    "test__n_fold_i2t_rsum": 187.09677419354838,
    "test__n_fold_i2t_medr": 1.0,
    "test__n_fold_i2t_meanr": 6.774193548387097,
    "test__n_fold_t2i_recall_1": 8.064516129032258,
    "test__n_fold_t2i_recall_5": 64.51612903225806,
    "test__n_fold_t2i_recall_10": 67.74193548387096,
    "test__n_fold_t2i_rsum": 140.32258064516128,
    "test__n_fold_t2i_medr": 2.0,
    "test__n_fold_t2i_meanr": 7.596774193548387,
    "test__i2t_recall_1": 56.45161290322581,
    "test__i2t_recall_5": 64.51612903225806,
    "test__i2t_recall_10": 66.12903225806451,
    "test__i2t_rsum": 187.09677419354838,
    "test__i2t_medr": 1.0,
    "test__i2t_meanr": 6.774193548387097,
    "test__t2i_recall_1": 8.064516129032258,
    "test__t2i_recall_5": 64.51612903225806,
    "test__t2i_recall_10": 67.74193548387096,
    "test__t2i_rsum": 140.32258064516128,
    "test__t2i_medr": 2.0,
    "test__t2i_meanr": 7.596774193548387
}
[2026-03-19 11:51:16] Round 5!
[2026-03-19 11:51:16] Harmony enters stage1 at round 5.
[2026-03-19 11:51:16] Training Client 0!
[2026-03-19 11:51:16] Epoch: [5] image	Loss 2.7196 (2.8507)	Prec@1 36.719 (37.630)	Prec@5 72.656 (69.141)
[2026-03-19 11:51:16] TEST:  Epoch: [5] image	Prec@1 37.778 (41.196)	Prec@5 84.444 (85.382)
[2026-03-19 11:51:17] Training Client 1!
[2026-03-19 11:51:17] Epoch: [5] image	Loss 3.3186 (3.3186)	Prec@1 0.000 (0.000)	Prec@5 46.484 (46.484)
[2026-03-19 11:51:17] TEST:  Epoch: [5] image	Prec@1 1.333 (1.511)	Prec@5 48.000 (49.245)
[2026-03-19 11:51:17] Training Client 2!
[2026-03-19 11:51:17] Epoch: [5] image	Loss 2.5228 (2.7180)	Prec@1 54.297 (51.823)	Prec@5 71.484 (66.276)
[2026-03-19 11:51:18] TEST:  Epoch: [5] image	Prec@1 60.484 (53.251)	Prec@5 91.129 (85.650)
[2026-03-19 11:51:18] Training Client 3!
[2026-03-19 11:51:18] Epoch: [5] image	Loss 2.8388 (2.9318)	Prec@1 19.531 (17.969)	Prec@5 82.031 (72.656)
[2026-03-19 11:51:18] TEST:  Epoch: [5] image	Prec@1 13.143 (13.143)	Prec@5 90.857 (90.857)
[2026-03-19 11:51:18] Training Client 4!
[2026-03-19 11:51:18] Epoch: [5] image	Loss 3.3356 (3.3356)	Prec@1 0.000 (0.000)	Prec@5 61.328 (61.328)
[2026-03-19 11:51:19] TEST:  Epoch: [5] image	Prec@1 0.000 (0.000)	Prec@5 56.452 (56.452)
[2026-03-19 11:51:19] Training Client 5!
[2026-03-19 11:51:19] Epoch: [5] text	Loss 3.6641 (3.6641)	Prec@1 0.000 (0.000)	Prec@5 0.000 (0.000)
[2026-03-19 11:51:19] TEST:  Epoch: [5] text	Prec@1 0.000 (0.000)	Prec@5 0.000 (0.000)
[2026-03-19 11:51:19] Training Client 6!
[2026-03-19 11:51:19] Epoch: [5] text	Loss 2.7049 (2.8080)	Prec@1 29.297 (31.641)	Prec@5 93.359 (93.229)
[2026-03-19 11:51:20] TEST:  Epoch: [5] text	Prec@1 30.667 (32.931)	Prec@5 94.667 (93.656)
[2026-03-19 11:51:20] Training Client 7!
[2026-03-19 11:51:21] Epoch: [5] text	Loss 1.4389 (1.4677)	Prec@1 54.688 (54.274)	Prec@5 99.609 (99.104)
[2026-03-19 11:51:22] TEST:  Epoch: [5] text	Prec@1 60.484 (53.251)	Prec@5 98.387 (98.767)
[2026-03-19 11:51:22] Training Client 8!
[2026-03-19 11:51:22] Epoch: [5] text	Loss 3.3549 (3.3549)	Prec@1 0.000 (0.000)	Prec@5 21.875 (21.875)
[2026-03-19 11:51:22] TEST:  Epoch: [5] text	Prec@1 0.000 (0.000)	Prec@5 28.000 (28.000)
[2026-03-19 11:51:22] Training Client 9!
[2026-03-19 11:51:22] Epoch: [5] text	Loss 0.0000 (0.0000)	Prec@1 0.000 (0.000)	Prec@5 0.000 (0.000)
[2026-03-19 11:51:22] TEST:  Epoch: [5] text	Prec@1 0.000 (0.000)	Prec@5 0.000 (0.000)
[2026-03-19 11:51:22] Training Client 10!
[2026-03-19 11:51:22] Epoch 5
[2026-03-19 11:51:23] Training Client 11!
[2026-03-19 11:51:23] Epoch 5
[2026-03-19 11:51:25] Training Client 12!
[2026-03-19 11:51:25] Epoch 5
[2026-03-19 11:51:26] Training Client 13!
[2026-03-19 11:51:26] Epoch 5
[2026-03-19 11:51:26] Skip local epoch for client 3: train loader has no full batch
[2026-03-19 11:51:26] Training Client 14!
[2026-03-19 11:51:26] Epoch 5
[2026-03-19 11:51:26] Skip local epoch for client 4: train loader has no full batch
[2026-03-19 11:51:27] Harmony stage1 completed at round 5; benchmark encoders refreshed.
[2026-03-19 11:51:27] TEST:  Epoch: [5] image	Prec@1 37.778 (41.196)	Prec@5 71.111 (67.774)
[2026-03-19 11:51:27] TEST:  Epoch: [5] image	Prec@1 0.000 (0.000)	Prec@5 48.000 (49.245)
[2026-03-19 11:51:28] TEST:  Epoch: [5] image	Prec@1 60.484 (53.251)	Prec@5 72.581 (64.686)
[2026-03-19 11:51:28] TEST:  Epoch: [5] image	Prec@1 20.571 (20.571)	Prec@5 81.714 (81.714)
[2026-03-19 11:51:28] TEST:  Epoch: [5] image	Prec@1 0.000 (0.000)	Prec@5 56.452 (56.452)
[2026-03-19 11:51:28] TEST:  Epoch: [5] text	Prec@1 0.000 (0.000)	Prec@5 0.000 (0.000)
[2026-03-19 11:51:28] TEST:  Epoch: [5] text	Prec@1 30.667 (32.931)	Prec@5 94.667 (93.656)
[2026-03-19 11:51:29] TEST:  Epoch: [5] text	Prec@1 60.484 (53.251)	Prec@5 98.387 (98.767)
[2026-03-19 11:51:29] TEST:  Epoch: [5] text	Prec@1 0.000 (0.000)	Prec@5 27.429 (27.429)
[2026-03-19 11:51:29] TEST:  Epoch: [5] text	Prec@1 0.000 (0.000)	Prec@5 0.000 (0.000)
[2026-03-19 11:52:32] [Eval] Report @step: 5.00 {
    "test__rsum": 334.21926910299004,
    "test__medr": 8.0,
    "test__meanr": 10.624584717607974,
    "test__n_fold_i2t_recall_1": 9.30232558139535,
    "test__n_fold_i2t_recall_5": 60.46511627906977,
    "test__n_fold_i2t_recall_10": 96.01328903654485,
    "test__n_fold_i2t_rsum": 165.78073089700996,
    "test__n_fold_i2t_medr": 4.0,
    "test__n_fold_i2t_meanr": 4.730897009966777,
    "test__n_fold_t2i_recall_1": 17.27574750830565,
    "test__n_fold_t2i_recall_5": 51.16279069767442,
    "test__n_fold_t2i_recall_10": 100.0,
    "test__n_fold_t2i_rsum": 168.43853820598008,
    "test__n_fold_t2i_medr": 4.0,
    "test__n_fold_t2i_meanr": 5.893687707641196,
    "test__i2t_recall_1": 9.30232558139535,
    "test__i2t_recall_5": 60.46511627906977,
    "test__i2t_recall_10": 96.01328903654485,
    "test__i2t_rsum": 165.78073089700996,
    "test__i2t_medr": 4.0,
    "test__i2t_meanr": 4.730897009966777,
    "test__t2i_recall_1": 17.27574750830565,
    "test__t2i_recall_5": 51.16279069767442,
    "test__t2i_recall_10": 100.0,
    "test__t2i_rsum": 168.43853820598008,
    "test__t2i_medr": 4.0,
    "test__t2i_meanr": 5.893687707641196
}
[2026-03-19 11:53:51] [Eval] Report @step: 5.00 {
    "test__rsum": 352.8700906344411,
    "test__medr": 6.0,
    "test__meanr": 13.731117824773413,
    "test__n_fold_i2t_recall_1": 28.700906344410875,
    "test__n_fold_i2t_recall_5": 59.818731117824775,
    "test__n_fold_i2t_recall_10": 83.38368580060423,
    "test__n_fold_i2t_rsum": 171.90332326283988,
    "test__n_fold_i2t_medr": 3.0,
    "test__n_fold_i2t_meanr": 7.413897280966768,
    "test__n_fold_t2i_recall_1": 26.88821752265861,
    "test__n_fold_t2i_recall_5": 60.725075528700906,
    "test__n_fold_t2i_recall_10": 93.35347432024169,
    "test__n_fold_t2i_rsum": 180.9667673716012,
    "test__n_fold_t2i_medr": 3.0,
    "test__n_fold_t2i_meanr": 6.317220543806647,
    "test__i2t_recall_1": 28.700906344410875,
    "test__i2t_recall_5": 59.818731117824775,
    "test__i2t_recall_10": 83.38368580060423,
    "test__i2t_rsum": 171.90332326283988,
    "test__i2t_medr": 3.0,
    "test__i2t_meanr": 7.413897280966768,
    "test__t2i_recall_1": 26.88821752265861,
    "test__t2i_recall_5": 60.725075528700906,
    "test__t2i_recall_10": 93.35347432024169,
    "test__t2i_rsum": 180.9667673716012,
    "test__t2i_medr": 3.0,
    "test__t2i_meanr": 6.317220543806647
}
[2026-03-19 12:07:28] [Eval] Report @step: 5.00 {
    "test__rsum": 392.82511210762334,
    "test__medr": 5.0,
    "test__meanr": 15.301569506726457,
    "test__n_fold_i2t_recall_1": 16.591928251121075,
    "test__n_fold_i2t_recall_5": 85.08968609865471,
    "test__n_fold_i2t_recall_10": 87.33183856502242,
    "test__n_fold_i2t_rsum": 189.01345291479822,
    "test__n_fold_i2t_medr": 4.0,
    "test__n_fold_i2t_meanr": 8.917040358744394,
    "test__n_fold_t2i_recall_1": 53.25112107623318,
    "test__n_fold_t2i_recall_5": 70.96412556053812,
    "test__n_fold_t2i_recall_10": 79.5964125560538,
    "test__n_fold_t2i_rsum": 203.81165919282512,
    "test__n_fold_t2i_medr": 1.0,
    "test__n_fold_t2i_meanr": 6.384529147982063,
    "test__i2t_recall_1": 16.591928251121075,
    "test__i2t_recall_5": 85.08968609865471,
    "test__i2t_recall_10": 87.33183856502242,
    "test__i2t_rsum": 189.01345291479822,
    "test__i2t_medr": 4.0,
    "test__i2t_meanr": 8.917040358744394,
    "test__t2i_recall_1": 53.25112107623318,
    "test__t2i_recall_5": 70.96412556053812,
    "test__t2i_recall_10": 79.5964125560538,
    "test__t2i_rsum": 203.81165919282512,
    "test__t2i_medr": 1.0,
    "test__t2i_meanr": 6.384529147982063
}
[2026-03-19 12:07:57] [Eval] Report @step: 5.00 {
    "test__rsum": 325.7142857142857,
    "test__medr": 8.0,
    "test__meanr": 25.119999999999997,
    "test__n_fold_i2t_recall_1": 29.714285714285715,
    "test__n_fold_i2t_recall_5": 69.14285714285714,
    "test__n_fold_i2t_recall_10": 69.14285714285714,
    "test__n_fold_i2t_rsum": 168.0,
    "test__n_fold_i2t_medr": 5.0,
    "test__n_fold_i2t_meanr": 12.325714285714286,
    "test__n_fold_t2i_recall_1": 27.428571428571427,
    "test__n_fold_t2i_recall_5": 61.142857142857146,
    "test__n_fold_t2i_recall_10": 69.14285714285714,
    "test__n_fold_t2i_rsum": 157.71428571428572,
    "test__n_fold_t2i_medr": 3.0,
    "test__n_fold_t2i_meanr": 12.794285714285714,
    "test__i2t_recall_1": 29.714285714285715,
    "test__i2t_recall_5": 69.14285714285714,
    "test__i2t_recall_10": 69.14285714285714,
    "test__i2t_rsum": 168.0,
    "test__i2t_medr": 5.0,
    "test__i2t_meanr": 12.325714285714286,
    "test__t2i_recall_1": 27.428571428571427,
    "test__t2i_recall_5": 61.142857142857146,
    "test__t2i_recall_10": 69.14285714285714,
    "test__t2i_rsum": 157.71428571428572,
    "test__t2i_medr": 3.0,
    "test__t2i_meanr": 12.794285714285714
}
[2026-03-19 12:07:57] [Eval] Report @step: 5.00 {
    "test__rsum": 393.54838709677415,
    "test__medr": 2.0,
    "test__meanr": 13.67741935483871,
    "test__n_fold_i2t_recall_1": 56.45161290322581,
    "test__n_fold_i2t_recall_5": 64.51612903225806,
    "test__n_fold_i2t_recall_10": 66.12903225806451,
    "test__n_fold_i2t_rsum": 187.09677419354838,
    "test__n_fold_i2t_medr": 1.0,
    "test__n_fold_i2t_meanr": 7.161290322580645,
    "test__n_fold_t2i_recall_1": 58.064516129032256,
    "test__n_fold_t2i_recall_5": 64.51612903225806,
    "test__n_fold_t2i_recall_10": 83.87096774193549,
    "test__n_fold_t2i_rsum": 206.4516129032258,
    "test__n_fold_t2i_medr": 1.0,
    "test__n_fold_t2i_meanr": 6.516129032258065,
    "test__i2t_recall_1": 56.45161290322581,
    "test__i2t_recall_5": 64.51612903225806,
    "test__i2t_recall_10": 66.12903225806451,
    "test__i2t_rsum": 187.09677419354838,
    "test__i2t_medr": 1.0,
    "test__i2t_meanr": 7.161290322580645,
    "test__t2i_recall_1": 58.064516129032256,
    "test__t2i_recall_5": 64.51612903225806,
    "test__t2i_recall_10": 83.87096774193549,
    "test__t2i_rsum": 206.4516129032258,
    "test__t2i_medr": 1.0,
    "test__t2i_meanr": 6.516129032258065
}
[2026-03-19 12:09:26] [Eval] Report @step: 5.00 {
    "test__rsum": 334.21926910299004,
    "test__medr": 8.0,
    "test__meanr": 10.624584717607974,
    "test__n_fold_i2t_recall_1": 9.30232558139535,
    "test__n_fold_i2t_recall_5": 60.46511627906977,
    "test__n_fold_i2t_recall_10": 96.01328903654485,
    "test__n_fold_i2t_rsum": 165.78073089700996,
    "test__n_fold_i2t_medr": 4.0,
    "test__n_fold_i2t_meanr": 4.730897009966777,
    "test__n_fold_t2i_recall_1": 17.27574750830565,
    "test__n_fold_t2i_recall_5": 51.16279069767442,
    "test__n_fold_t2i_recall_10": 100.0,
    "test__n_fold_t2i_rsum": 168.43853820598008,
    "test__n_fold_t2i_medr": 4.0,
    "test__n_fold_t2i_meanr": 5.893687707641196,
    "test__i2t_recall_1": 9.30232558139535,
    "test__i2t_recall_5": 60.46511627906977,
    "test__i2t_recall_10": 96.01328903654485,
    "test__i2t_rsum": 165.78073089700996,
    "test__i2t_medr": 4.0,
    "test__i2t_meanr": 4.730897009966777,
    "test__t2i_recall_1": 17.27574750830565,
    "test__t2i_recall_5": 51.16279069767442,
    "test__t2i_recall_10": 100.0,
    "test__t2i_rsum": 168.43853820598008,
    "test__t2i_medr": 4.0,
    "test__t2i_meanr": 5.893687707641196
}
[2026-03-19 12:10:40] [Eval] Report @step: 5.00 {
    "test__rsum": 352.8700906344411,
    "test__medr": 6.0,
    "test__meanr": 13.731117824773413,
    "test__n_fold_i2t_recall_1": 28.700906344410875,
    "test__n_fold_i2t_recall_5": 59.818731117824775,
    "test__n_fold_i2t_recall_10": 83.38368580060423,
    "test__n_fold_i2t_rsum": 171.90332326283988,
    "test__n_fold_i2t_medr": 3.0,
    "test__n_fold_i2t_meanr": 7.413897280966768,
    "test__n_fold_t2i_recall_1": 26.88821752265861,
    "test__n_fold_t2i_recall_5": 60.725075528700906,
    "test__n_fold_t2i_recall_10": 93.35347432024169,
    "test__n_fold_t2i_rsum": 180.9667673716012,
    "test__n_fold_t2i_medr": 3.0,
    "test__n_fold_t2i_meanr": 6.317220543806647,
    "test__i2t_recall_1": 28.700906344410875,
    "test__i2t_recall_5": 59.818731117824775,
    "test__i2t_recall_10": 83.38368580060423,
    "test__i2t_rsum": 171.90332326283988,
    "test__i2t_medr": 3.0,
    "test__i2t_meanr": 7.413897280966768,
    "test__t2i_recall_1": 26.88821752265861,
    "test__t2i_recall_5": 60.725075528700906,
    "test__t2i_recall_10": 93.35347432024169,
    "test__t2i_rsum": 180.9667673716012,
    "test__t2i_medr": 3.0,
    "test__t2i_meanr": 6.317220543806647
}
[2026-03-19 12:23:11] [Eval] Report @step: 5.00 {
    "test__rsum": 392.82511210762334,
    "test__medr": 5.0,
    "test__meanr": 15.301569506726457,
    "test__n_fold_i2t_recall_1": 16.591928251121075,
    "test__n_fold_i2t_recall_5": 85.08968609865471,
    "test__n_fold_i2t_recall_10": 87.33183856502242,
    "test__n_fold_i2t_rsum": 189.01345291479822,
    "test__n_fold_i2t_medr": 4.0,
    "test__n_fold_i2t_meanr": 8.917040358744394,
    "test__n_fold_t2i_recall_1": 53.25112107623318,
    "test__n_fold_t2i_recall_5": 70.96412556053812,
    "test__n_fold_t2i_recall_10": 79.5964125560538,
    "test__n_fold_t2i_rsum": 203.81165919282512,
    "test__n_fold_t2i_medr": 1.0,
    "test__n_fold_t2i_meanr": 6.384529147982063,
    "test__i2t_recall_1": 16.591928251121075,
    "test__i2t_recall_5": 85.08968609865471,
    "test__i2t_recall_10": 87.33183856502242,
    "test__i2t_rsum": 189.01345291479822,
    "test__i2t_medr": 4.0,
    "test__i2t_meanr": 8.917040358744394,
    "test__t2i_recall_1": 53.25112107623318,
    "test__t2i_recall_5": 70.96412556053812,
    "test__t2i_recall_10": 79.5964125560538,
    "test__t2i_rsum": 203.81165919282512,
    "test__t2i_medr": 1.0,
    "test__t2i_meanr": 6.384529147982063
}
[2026-03-19 12:23:29] [Eval] Report @step: 5.00 {
    "test__rsum": 325.7142857142857,
    "test__medr": 8.0,
    "test__meanr": 25.119999999999997,
    "test__n_fold_i2t_recall_1": 29.714285714285715,
    "test__n_fold_i2t_recall_5": 69.14285714285714,
    "test__n_fold_i2t_recall_10": 69.14285714285714,
    "test__n_fold_i2t_rsum": 168.0,
    "test__n_fold_i2t_medr": 5.0,
    "test__n_fold_i2t_meanr": 12.325714285714286,
    "test__n_fold_t2i_recall_1": 27.428571428571427,
    "test__n_fold_t2i_recall_5": 61.142857142857146,
    "test__n_fold_t2i_recall_10": 69.14285714285714,
    "test__n_fold_t2i_rsum": 157.71428571428572,
    "test__n_fold_t2i_medr": 3.0,
    "test__n_fold_t2i_meanr": 12.794285714285714,
    "test__i2t_recall_1": 29.714285714285715,
    "test__i2t_recall_5": 69.14285714285714,
    "test__i2t_recall_10": 69.14285714285714,
    "test__i2t_rsum": 168.0,
    "test__i2t_medr": 5.0,
    "test__i2t_meanr": 12.325714285714286,
    "test__t2i_recall_1": 27.428571428571427,
    "test__t2i_recall_5": 61.142857142857146,
    "test__t2i_recall_10": 69.14285714285714,
    "test__t2i_rsum": 157.71428571428572,
    "test__t2i_medr": 3.0,
    "test__t2i_meanr": 12.794285714285714
}
[2026-03-19 12:23:29] [Eval] Report @step: 5.00 {
    "test__rsum": 393.54838709677415,
    "test__medr": 2.0,
    "test__meanr": 13.67741935483871,
    "test__n_fold_i2t_recall_1": 56.45161290322581,
    "test__n_fold_i2t_recall_5": 64.51612903225806,
    "test__n_fold_i2t_recall_10": 66.12903225806451,
    "test__n_fold_i2t_rsum": 187.09677419354838,
    "test__n_fold_i2t_medr": 1.0,
    "test__n_fold_i2t_meanr": 7.161290322580645,
    "test__n_fold_t2i_recall_1": 58.064516129032256,
    "test__n_fold_t2i_recall_5": 64.51612903225806,
    "test__n_fold_t2i_recall_10": 83.87096774193549,
    "test__n_fold_t2i_rsum": 206.4516129032258,
    "test__n_fold_t2i_medr": 1.0,
    "test__n_fold_t2i_meanr": 6.516129032258065,
    "test__i2t_recall_1": 56.45161290322581,
    "test__i2t_recall_5": 64.51612903225806,
    "test__i2t_recall_10": 66.12903225806451,
    "test__i2t_rsum": 187.09677419354838,
    "test__i2t_medr": 1.0,
    "test__i2t_meanr": 7.161290322580645,
    "test__t2i_recall_1": 58.064516129032256,
    "test__t2i_recall_5": 64.51612903225806,
    "test__t2i_recall_10": 83.87096774193549,
    "test__t2i_rsum": 206.4516129032258,
    "test__t2i_medr": 1.0,
    "test__t2i_meanr": 6.516129032258065
}
[2026-03-19 12:25:03] [Eval] Report @step: 5.00 {
    "test__rsum": 334.21926910299004,
    "test__medr": 8.0,
    "test__meanr": 10.624584717607974,
    "test__n_fold_i2t_recall_1": 9.30232558139535,
    "test__n_fold_i2t_recall_5": 60.46511627906977,
    "test__n_fold_i2t_recall_10": 96.01328903654485,
    "test__n_fold_i2t_rsum": 165.78073089700996,
    "test__n_fold_i2t_medr": 4.0,
    "test__n_fold_i2t_meanr": 4.730897009966777,
    "test__n_fold_t2i_recall_1": 17.27574750830565,
    "test__n_fold_t2i_recall_5": 51.16279069767442,
    "test__n_fold_t2i_recall_10": 100.0,
    "test__n_fold_t2i_rsum": 168.43853820598008,
    "test__n_fold_t2i_medr": 4.0,
    "test__n_fold_t2i_meanr": 5.893687707641196,
    "test__i2t_recall_1": 9.30232558139535,
    "test__i2t_recall_5": 60.46511627906977,
    "test__i2t_recall_10": 96.01328903654485,
    "test__i2t_rsum": 165.78073089700996,
    "test__i2t_medr": 4.0,
    "test__i2t_meanr": 4.730897009966777,
    "test__t2i_recall_1": 17.27574750830565,
    "test__t2i_recall_5": 51.16279069767442,
    "test__t2i_recall_10": 100.0,
    "test__t2i_rsum": 168.43853820598008,
    "test__t2i_medr": 4.0,
    "test__t2i_meanr": 5.893687707641196
}
[2026-03-19 12:26:16] [Eval] Report @step: 5.00 {
    "test__rsum": 352.8700906344411,
    "test__medr": 6.0,
    "test__meanr": 13.731117824773413,
    "test__n_fold_i2t_recall_1": 28.700906344410875,
    "test__n_fold_i2t_recall_5": 59.818731117824775,
    "test__n_fold_i2t_recall_10": 83.38368580060423,
    "test__n_fold_i2t_rsum": 171.90332326283988,
    "test__n_fold_i2t_medr": 3.0,
    "test__n_fold_i2t_meanr": 7.413897280966768,
    "test__n_fold_t2i_recall_1": 26.88821752265861,
    "test__n_fold_t2i_recall_5": 60.725075528700906,
    "test__n_fold_t2i_recall_10": 93.35347432024169,
    "test__n_fold_t2i_rsum": 180.9667673716012,
    "test__n_fold_t2i_medr": 3.0,
    "test__n_fold_t2i_meanr": 6.317220543806647,
    "test__i2t_recall_1": 28.700906344410875,
    "test__i2t_recall_5": 59.818731117824775,
    "test__i2t_recall_10": 83.38368580060423,
    "test__i2t_rsum": 171.90332326283988,
    "test__i2t_medr": 3.0,
    "test__i2t_meanr": 7.413897280966768,
    "test__t2i_recall_1": 26.88821752265861,
    "test__t2i_recall_5": 60.725075528700906,
    "test__t2i_recall_10": 93.35347432024169,
    "test__t2i_rsum": 180.9667673716012,
    "test__t2i_medr": 3.0,
    "test__t2i_meanr": 6.317220543806647
}
[2026-03-19 12:40:06] [Eval] Report @step: 5.00 {
    "test__rsum": 392.82511210762334,
    "test__medr": 5.0,
    "test__meanr": 15.301569506726457,
    "test__n_fold_i2t_recall_1": 16.591928251121075,
    "test__n_fold_i2t_recall_5": 85.08968609865471,
    "test__n_fold_i2t_recall_10": 87.33183856502242,
    "test__n_fold_i2t_rsum": 189.01345291479822,
    "test__n_fold_i2t_medr": 4.0,
    "test__n_fold_i2t_meanr": 8.917040358744394,
    "test__n_fold_t2i_recall_1": 53.25112107623318,
    "test__n_fold_t2i_recall_5": 70.96412556053812,
    "test__n_fold_t2i_recall_10": 79.5964125560538,
    "test__n_fold_t2i_rsum": 203.81165919282512,
    "test__n_fold_t2i_medr": 1.0,
    "test__n_fold_t2i_meanr": 6.384529147982063,
    "test__i2t_recall_1": 16.591928251121075,
    "test__i2t_recall_5": 85.08968609865471,
    "test__i2t_recall_10": 87.33183856502242,
    "test__i2t_rsum": 189.01345291479822,
    "test__i2t_medr": 4.0,
    "test__i2t_meanr": 8.917040358744394,
    "test__t2i_recall_1": 53.25112107623318,
    "test__t2i_recall_5": 70.96412556053812,
    "test__t2i_recall_10": 79.5964125560538,
    "test__t2i_rsum": 203.81165919282512,
    "test__t2i_medr": 1.0,
    "test__t2i_meanr": 6.384529147982063
}
[2026-03-19 12:40:23] [Eval] Report @step: 5.00 {
    "test__rsum": 325.7142857142857,
    "test__medr": 8.0,
    "test__meanr": 25.119999999999997,
    "test__n_fold_i2t_recall_1": 29.714285714285715,
    "test__n_fold_i2t_recall_5": 69.14285714285714,
    "test__n_fold_i2t_recall_10": 69.14285714285714,
    "test__n_fold_i2t_rsum": 168.0,
    "test__n_fold_i2t_medr": 5.0,
    "test__n_fold_i2t_meanr": 12.325714285714286,
    "test__n_fold_t2i_recall_1": 27.428571428571427,
    "test__n_fold_t2i_recall_5": 61.142857142857146,
    "test__n_fold_t2i_recall_10": 69.14285714285714,
    "test__n_fold_t2i_rsum": 157.71428571428572,
    "test__n_fold_t2i_medr": 3.0,
    "test__n_fold_t2i_meanr": 12.794285714285714,
    "test__i2t_recall_1": 29.714285714285715,
    "test__i2t_recall_5": 69.14285714285714,
    "test__i2t_recall_10": 69.14285714285714,
    "test__i2t_rsum": 168.0,
    "test__i2t_medr": 5.0,
    "test__i2t_meanr": 12.325714285714286,
    "test__t2i_recall_1": 27.428571428571427,
    "test__t2i_recall_5": 61.142857142857146,
    "test__t2i_recall_10": 69.14285714285714,
    "test__t2i_rsum": 157.71428571428572,
    "test__t2i_medr": 3.0,
    "test__t2i_meanr": 12.794285714285714
}
[2026-03-19 12:40:30] [Eval] Report @step: 5.00 {
    "test__rsum": 393.54838709677415,
    "test__medr": 2.0,
    "test__meanr": 13.67741935483871,
    "test__n_fold_i2t_recall_1": 56.45161290322581,
    "test__n_fold_i2t_recall_5": 64.51612903225806,
    "test__n_fold_i2t_recall_10": 66.12903225806451,
    "test__n_fold_i2t_rsum": 187.09677419354838,
    "test__n_fold_i2t_medr": 1.0,
    "test__n_fold_i2t_meanr": 7.161290322580645,
    "test__n_fold_t2i_recall_1": 58.064516129032256,
    "test__n_fold_t2i_recall_5": 64.51612903225806,
    "test__n_fold_t2i_recall_10": 83.87096774193549,
    "test__n_fold_t2i_rsum": 206.4516129032258,
    "test__n_fold_t2i_medr": 1.0,
    "test__n_fold_t2i_meanr": 6.516129032258065,
    "test__i2t_recall_1": 56.45161290322581,
    "test__i2t_recall_5": 64.51612903225806,
    "test__i2t_recall_10": 66.12903225806451,
    "test__i2t_rsum": 187.09677419354838,
    "test__i2t_medr": 1.0,
    "test__i2t_meanr": 7.161290322580645,
    "test__t2i_recall_1": 58.064516129032256,
    "test__t2i_recall_5": 64.51612903225806,
    "test__t2i_recall_10": 83.87096774193549,
    "test__t2i_rsum": 206.4516129032258,
    "test__t2i_medr": 1.0,
    "test__t2i_meanr": 6.516129032258065
}
[2026-03-19 12:41:40] [Eval] Report @step: 5.00 {
    "test__rsum": 334.21926910299004,
    "test__medr": 8.0,
    "test__meanr": 10.624584717607974,
    "test__n_fold_i2t_recall_1": 9.30232558139535,
    "test__n_fold_i2t_recall_5": 60.46511627906977,
    "test__n_fold_i2t_recall_10": 96.01328903654485,
    "test__n_fold_i2t_rsum": 165.78073089700996,
    "test__n_fold_i2t_medr": 4.0,
    "test__n_fold_i2t_meanr": 4.730897009966777,
    "test__n_fold_t2i_recall_1": 17.27574750830565,
    "test__n_fold_t2i_recall_5": 51.16279069767442,
    "test__n_fold_t2i_recall_10": 100.0,
    "test__n_fold_t2i_rsum": 168.43853820598008,
    "test__n_fold_t2i_medr": 4.0,
    "test__n_fold_t2i_meanr": 5.893687707641196,
    "test__i2t_recall_1": 9.30232558139535,
    "test__i2t_recall_5": 60.46511627906977,
    "test__i2t_recall_10": 96.01328903654485,
    "test__i2t_rsum": 165.78073089700996,
    "test__i2t_medr": 4.0,
    "test__i2t_meanr": 4.730897009966777,
    "test__t2i_recall_1": 17.27574750830565,
    "test__t2i_recall_5": 51.16279069767442,
    "test__t2i_recall_10": 100.0,
    "test__t2i_rsum": 168.43853820598008,
    "test__t2i_medr": 4.0,
    "test__t2i_meanr": 5.893687707641196
}
[2026-03-19 12:42:50] [Eval] Report @step: 5.00 {
    "test__rsum": 352.8700906344411,
    "test__medr": 6.0,
    "test__meanr": 13.731117824773413,
    "test__n_fold_i2t_recall_1": 28.700906344410875,
    "test__n_fold_i2t_recall_5": 59.818731117824775,
    "test__n_fold_i2t_recall_10": 83.38368580060423,
    "test__n_fold_i2t_rsum": 171.90332326283988,
    "test__n_fold_i2t_medr": 3.0,
    "test__n_fold_i2t_meanr": 7.413897280966768,
    "test__n_fold_t2i_recall_1": 26.88821752265861,
    "test__n_fold_t2i_recall_5": 60.725075528700906,
    "test__n_fold_t2i_recall_10": 93.35347432024169,
    "test__n_fold_t2i_rsum": 180.9667673716012,
    "test__n_fold_t2i_medr": 3.0,
    "test__n_fold_t2i_meanr": 6.317220543806647,
    "test__i2t_recall_1": 28.700906344410875,
    "test__i2t_recall_5": 59.818731117824775,
    "test__i2t_recall_10": 83.38368580060423,
    "test__i2t_rsum": 171.90332326283988,
    "test__i2t_medr": 3.0,
    "test__i2t_meanr": 7.413897280966768,
    "test__t2i_recall_1": 26.88821752265861,
    "test__t2i_recall_5": 60.725075528700906,
    "test__t2i_recall_10": 93.35347432024169,
    "test__t2i_rsum": 180.9667673716012,
    "test__t2i_medr": 3.0,
    "test__t2i_meanr": 6.317220543806647
}
[2026-03-19 12:56:50] [Eval] Report @step: 5.00 {
    "test__rsum": 392.82511210762334,
    "test__medr": 5.0,
    "test__meanr": 15.301569506726457,
    "test__n_fold_i2t_recall_1": 16.591928251121075,
    "test__n_fold_i2t_recall_5": 85.08968609865471,
    "test__n_fold_i2t_recall_10": 87.33183856502242,
    "test__n_fold_i2t_rsum": 189.01345291479822,
    "test__n_fold_i2t_medr": 4.0,
    "test__n_fold_i2t_meanr": 8.917040358744394,
    "test__n_fold_t2i_recall_1": 53.25112107623318,
    "test__n_fold_t2i_recall_5": 70.96412556053812,
    "test__n_fold_t2i_recall_10": 79.5964125560538,
    "test__n_fold_t2i_rsum": 203.81165919282512,
    "test__n_fold_t2i_medr": 1.0,
    "test__n_fold_t2i_meanr": 6.384529147982063,
    "test__i2t_recall_1": 16.591928251121075,
    "test__i2t_recall_5": 85.08968609865471,
    "test__i2t_recall_10": 87.33183856502242,
    "test__i2t_rsum": 189.01345291479822,
    "test__i2t_medr": 4.0,
    "test__i2t_meanr": 8.917040358744394,
    "test__t2i_recall_1": 53.25112107623318,
    "test__t2i_recall_5": 70.96412556053812,
    "test__t2i_recall_10": 79.5964125560538,
    "test__t2i_rsum": 203.81165919282512,
    "test__t2i_medr": 1.0,
    "test__t2i_meanr": 6.384529147982063
}
[2026-03-19 12:57:13] [Eval] Report @step: 5.00 {
    "test__rsum": 325.7142857142857,
    "test__medr": 8.0,
    "test__meanr": 25.119999999999997,
    "test__n_fold_i2t_recall_1": 29.714285714285715,
    "test__n_fold_i2t_recall_5": 69.14285714285714,
    "test__n_fold_i2t_recall_10": 69.14285714285714,
    "test__n_fold_i2t_rsum": 168.0,
    "test__n_fold_i2t_medr": 5.0,
    "test__n_fold_i2t_meanr": 12.325714285714286,
    "test__n_fold_t2i_recall_1": 27.428571428571427,
    "test__n_fold_t2i_recall_5": 61.142857142857146,
    "test__n_fold_t2i_recall_10": 69.14285714285714,
    "test__n_fold_t2i_rsum": 157.71428571428572,
    "test__n_fold_t2i_medr": 3.0,
    "test__n_fold_t2i_meanr": 12.794285714285714,
    "test__i2t_recall_1": 29.714285714285715,
    "test__i2t_recall_5": 69.14285714285714,
    "test__i2t_recall_10": 69.14285714285714,
    "test__i2t_rsum": 168.0,
    "test__i2t_medr": 5.0,
    "test__i2t_meanr": 12.325714285714286,
    "test__t2i_recall_1": 27.428571428571427,
    "test__t2i_recall_5": 61.142857142857146,
    "test__t2i_recall_10": 69.14285714285714,
    "test__t2i_rsum": 157.71428571428572,
    "test__t2i_medr": 3.0,
    "test__t2i_meanr": 12.794285714285714
}
[2026-03-19 12:57:14] [Eval] Report @step: 5.00 {
    "test__rsum": 393.54838709677415,
    "test__medr": 2.0,
    "test__meanr": 13.67741935483871,
    "test__n_fold_i2t_recall_1": 56.45161290322581,
    "test__n_fold_i2t_recall_5": 64.51612903225806,
    "test__n_fold_i2t_recall_10": 66.12903225806451,
    "test__n_fold_i2t_rsum": 187.09677419354838,
    "test__n_fold_i2t_medr": 1.0,
    "test__n_fold_i2t_meanr": 7.161290322580645,
    "test__n_fold_t2i_recall_1": 58.064516129032256,
    "test__n_fold_t2i_recall_5": 64.51612903225806,
    "test__n_fold_t2i_recall_10": 83.87096774193549,
    "test__n_fold_t2i_rsum": 206.4516129032258,
    "test__n_fold_t2i_medr": 1.0,
    "test__n_fold_t2i_meanr": 6.516129032258065,
    "test__i2t_recall_1": 56.45161290322581,
    "test__i2t_recall_5": 64.51612903225806,
    "test__i2t_recall_10": 66.12903225806451,
    "test__i2t_rsum": 187.09677419354838,
    "test__i2t_medr": 1.0,
    "test__i2t_meanr": 7.161290322580645,
    "test__t2i_recall_1": 58.064516129032256,
    "test__t2i_recall_5": 64.51612903225806,
    "test__t2i_recall_10": 83.87096774193549,
    "test__t2i_rsum": 206.4516129032258,
    "test__t2i_medr": 1.0,
    "test__t2i_meanr": 6.516129032258065
}
[2026-03-19 12:58:38] [Eval] Report @step: 5.00 {
    "test__rsum": 334.21926910299004,
    "test__medr": 8.0,
    "test__meanr": 10.624584717607974,
    "test__n_fold_i2t_recall_1": 9.30232558139535,
    "test__n_fold_i2t_recall_5": 60.46511627906977,
    "test__n_fold_i2t_recall_10": 96.01328903654485,
    "test__n_fold_i2t_rsum": 165.78073089700996,
    "test__n_fold_i2t_medr": 4.0,
    "test__n_fold_i2t_meanr": 4.730897009966777,
    "test__n_fold_t2i_recall_1": 17.27574750830565,
    "test__n_fold_t2i_recall_5": 51.16279069767442,
    "test__n_fold_t2i_recall_10": 100.0,
    "test__n_fold_t2i_rsum": 168.43853820598008,
    "test__n_fold_t2i_medr": 4.0,
    "test__n_fold_t2i_meanr": 5.893687707641196,
    "test__i2t_recall_1": 9.30232558139535,
    "test__i2t_recall_5": 60.46511627906977,
    "test__i2t_recall_10": 96.01328903654485,
    "test__i2t_rsum": 165.78073089700996,
    "test__i2t_medr": 4.0,
    "test__i2t_meanr": 4.730897009966777,
    "test__t2i_recall_1": 17.27574750830565,
    "test__t2i_recall_5": 51.16279069767442,
    "test__t2i_recall_10": 100.0,
    "test__t2i_rsum": 168.43853820598008,
    "test__t2i_medr": 4.0,
    "test__t2i_meanr": 5.893687707641196
}
[2026-03-19 12:59:46] [Eval] Report @step: 5.00 {
    "test__rsum": 352.8700906344411,
    "test__medr": 6.0,
    "test__meanr": 13.731117824773413,
    "test__n_fold_i2t_recall_1": 28.700906344410875,
    "test__n_fold_i2t_recall_5": 59.818731117824775,
    "test__n_fold_i2t_recall_10": 83.38368580060423,
    "test__n_fold_i2t_rsum": 171.90332326283988,
    "test__n_fold_i2t_medr": 3.0,
    "test__n_fold_i2t_meanr": 7.413897280966768,
    "test__n_fold_t2i_recall_1": 26.88821752265861,
    "test__n_fold_t2i_recall_5": 60.725075528700906,
    "test__n_fold_t2i_recall_10": 93.35347432024169,
    "test__n_fold_t2i_rsum": 180.9667673716012,
    "test__n_fold_t2i_medr": 3.0,
    "test__n_fold_t2i_meanr": 6.317220543806647,
    "test__i2t_recall_1": 28.700906344410875,
    "test__i2t_recall_5": 59.818731117824775,
    "test__i2t_recall_10": 83.38368580060423,
    "test__i2t_rsum": 171.90332326283988,
    "test__i2t_medr": 3.0,
    "test__i2t_meanr": 7.413897280966768,
    "test__t2i_recall_1": 26.88821752265861,
    "test__t2i_recall_5": 60.725075528700906,
    "test__t2i_recall_10": 93.35347432024169,
    "test__t2i_rsum": 180.9667673716012,
    "test__t2i_medr": 3.0,
    "test__t2i_meanr": 6.317220543806647
}
[2026-03-19 13:12:57] [Eval] Report @step: 5.00 {
    "test__rsum": 392.82511210762334,
    "test__medr": 5.0,
    "test__meanr": 15.301569506726457,
    "test__n_fold_i2t_recall_1": 16.591928251121075,
    "test__n_fold_i2t_recall_5": 85.08968609865471,
    "test__n_fold_i2t_recall_10": 87.33183856502242,
    "test__n_fold_i2t_rsum": 189.01345291479822,
    "test__n_fold_i2t_medr": 4.0,
    "test__n_fold_i2t_meanr": 8.917040358744394,
    "test__n_fold_t2i_recall_1": 53.25112107623318,
    "test__n_fold_t2i_recall_5": 70.96412556053812,
    "test__n_fold_t2i_recall_10": 79.5964125560538,
    "test__n_fold_t2i_rsum": 203.81165919282512,
    "test__n_fold_t2i_medr": 1.0,
    "test__n_fold_t2i_meanr": 6.384529147982063,
    "test__i2t_recall_1": 16.591928251121075,
    "test__i2t_recall_5": 85.08968609865471,
    "test__i2t_recall_10": 87.33183856502242,
    "test__i2t_rsum": 189.01345291479822,
    "test__i2t_medr": 4.0,
    "test__i2t_meanr": 8.917040358744394,
    "test__t2i_recall_1": 53.25112107623318,
    "test__t2i_recall_5": 70.96412556053812,
    "test__t2i_recall_10": 79.5964125560538,
    "test__t2i_rsum": 203.81165919282512,
    "test__t2i_medr": 1.0,
    "test__t2i_meanr": 6.384529147982063
}
[2026-03-19 13:13:14] [Eval] Report @step: 5.00 {
    "test__rsum": 325.7142857142857,
    "test__medr": 8.0,
    "test__meanr": 25.119999999999997,
    "test__n_fold_i2t_recall_1": 29.714285714285715,
    "test__n_fold_i2t_recall_5": 69.14285714285714,
    "test__n_fold_i2t_recall_10": 69.14285714285714,
    "test__n_fold_i2t_rsum": 168.0,
    "test__n_fold_i2t_medr": 5.0,
    "test__n_fold_i2t_meanr": 12.325714285714286,
    "test__n_fold_t2i_recall_1": 27.428571428571427,
    "test__n_fold_t2i_recall_5": 61.142857142857146,
    "test__n_fold_t2i_recall_10": 69.14285714285714,
    "test__n_fold_t2i_rsum": 157.71428571428572,
    "test__n_fold_t2i_medr": 3.0,
    "test__n_fold_t2i_meanr": 12.794285714285714,
    "test__i2t_recall_1": 29.714285714285715,
    "test__i2t_recall_5": 69.14285714285714,
    "test__i2t_recall_10": 69.14285714285714,
    "test__i2t_rsum": 168.0,
    "test__i2t_medr": 5.0,
    "test__i2t_meanr": 12.325714285714286,
    "test__t2i_recall_1": 27.428571428571427,
    "test__t2i_recall_5": 61.142857142857146,
    "test__t2i_recall_10": 69.14285714285714,
    "test__t2i_rsum": 157.71428571428572,
    "test__t2i_medr": 3.0,
    "test__t2i_meanr": 12.794285714285714
}
[2026-03-19 13:13:14] [Eval] Report @step: 5.00 {
    "test__rsum": 393.54838709677415,
    "test__medr": 2.0,
    "test__meanr": 13.67741935483871,
    "test__n_fold_i2t_recall_1": 56.45161290322581,
    "test__n_fold_i2t_recall_5": 64.51612903225806,
    "test__n_fold_i2t_recall_10": 66.12903225806451,
    "test__n_fold_i2t_rsum": 187.09677419354838,
    "test__n_fold_i2t_medr": 1.0,
    "test__n_fold_i2t_meanr": 7.161290322580645,
    "test__n_fold_t2i_recall_1": 58.064516129032256,
    "test__n_fold_t2i_recall_5": 64.51612903225806,
    "test__n_fold_t2i_recall_10": 83.87096774193549,
    "test__n_fold_t2i_rsum": 206.4516129032258,
    "test__n_fold_t2i_medr": 1.0,
    "test__n_fold_t2i_meanr": 6.516129032258065,
    "test__i2t_recall_1": 56.45161290322581,
    "test__i2t_recall_5": 64.51612903225806,
    "test__i2t_recall_10": 66.12903225806451,
    "test__i2t_rsum": 187.09677419354838,
    "test__i2t_medr": 1.0,
    "test__i2t_meanr": 7.161290322580645,
    "test__t2i_recall_1": 58.064516129032256,
    "test__t2i_recall_5": 64.51612903225806,
    "test__t2i_recall_10": 83.87096774193549,
    "test__t2i_rsum": 206.4516129032258,
    "test__t2i_medr": 1.0,
    "test__t2i_meanr": 6.516129032258065
}
[2026-03-19 13:13:15] Round 6!
[2026-03-19 13:13:15] Harmony enters stage1 at round 6.
[2026-03-19 13:13:15] Training Client 0!
[2026-03-19 13:13:15] Epoch: [6] image	Loss 2.5167 (2.6490)	Prec@1 38.672 (38.932)	Prec@5 81.250 (77.344)
[2026-03-19 13:13:15] TEST:  Epoch: [6] image	Prec@1 37.778 (41.196)	Prec@5 84.444 (85.382)
[2026-03-19 13:13:15] Training Client 1!
[2026-03-19 13:13:15] Epoch: [6] image	Loss 3.2903 (3.2903)	Prec@1 0.000 (0.000)	Prec@5 46.875 (46.875)
[2026-03-19 13:13:16] TEST:  Epoch: [6] image	Prec@1 5.333 (6.042)	Prec@5 48.000 (49.245)
[2026-03-19 13:13:16] Training Client 2!
[2026-03-19 13:13:16] Epoch: [6] image	Loss 2.3243 (2.4755)	Prec@1 51.953 (51.042)	Prec@5 87.109 (80.469)
[2026-03-19 13:13:17] TEST:  Epoch: [6] image	Prec@1 60.484 (53.251)	Prec@5 91.129 (85.650)
[2026-03-19 13:13:17] Training Client 3!
[2026-03-19 13:13:17] Epoch: [6] image	Loss 2.7258 (2.8015)	Prec@1 26.172 (20.833)	Prec@5 87.891 (85.677)
[2026-03-19 13:13:17] TEST:  Epoch: [6] image	Prec@1 20.000 (20.000)	Prec@5 91.429 (91.429)
[2026-03-19 13:13:17] Training Client 4!
[2026-03-19 13:13:17] Epoch: [6] image	Loss 3.2740 (3.2740)	Prec@1 0.000 (0.000)	Prec@5 60.547 (60.547)
[2026-03-19 13:13:17] TEST:  Epoch: [6] image	Prec@1 37.097 (37.097)	Prec@5 56.452 (56.452)
[2026-03-19 13:13:17] Training Client 5!
[2026-03-19 13:13:18] Epoch: [6] text	Loss 3.6208 (3.6208)	Prec@1 0.000 (0.000)	Prec@5 0.000 (0.000)
[2026-03-19 13:13:18] TEST:  Epoch: [6] text	Prec@1 0.000 (0.000)	Prec@5 0.000 (0.000)
[2026-03-19 13:13:18] Training Client 6!
[2026-03-19 13:13:18] Epoch: [6] text	Loss 2.5310 (2.6321)	Prec@1 33.984 (30.990)	Prec@5 93.359 (93.229)
[2026-03-19 13:13:18] TEST:  Epoch: [6] text	Prec@1 30.667 (32.931)	Prec@5 94.667 (93.656)
[2026-03-19 13:13:19] Training Client 7!
[2026-03-19 13:13:20] Epoch: [6] text	Loss 1.3923 (1.4401)	Prec@1 53.906 (53.883)	Prec@5 99.219 (99.081)
[2026-03-19 13:13:21] TEST:  Epoch: [6] text	Prec@1 60.484 (53.251)	Prec@5 98.387 (98.767)
[2026-03-19 13:13:21] Training Client 8!
[2026-03-19 13:13:21] Epoch: [6] text	Loss 3.3141 (3.3141)	Prec@1 0.000 (0.000)	Prec@5 40.625 (40.625)
[2026-03-19 13:13:21] TEST:  Epoch: [6] text	Prec@1 11.429 (11.429)	Prec@5 28.000 (28.000)
[2026-03-19 13:13:21] Training Client 9!
[2026-03-19 13:13:21] Epoch: [6] text	Loss 0.0000 (0.0000)	Prec@1 0.000 (0.000)	Prec@5 0.000 (0.000)
[2026-03-19 13:13:21] TEST:  Epoch: [6] text	Prec@1 0.000 (0.000)	Prec@5 0.000 (0.000)
[2026-03-19 13:13:21] Training Client 10!
[2026-03-19 13:13:21] Epoch 6
[2026-03-19 13:13:22] Training Client 11!
[2026-03-19 13:13:22] Epoch 6
[2026-03-19 13:13:24] Training Client 12!
[2026-03-19 13:13:24] Epoch 6
[2026-03-19 13:13:25] Training Client 13!
[2026-03-19 13:13:25] Epoch 6
[2026-03-19 13:13:25] Skip local epoch for client 3: train loader has no full batch
[2026-03-19 13:13:25] Training Client 14!
[2026-03-19 13:13:25] Epoch 6
[2026-03-19 13:13:25] Skip local epoch for client 4: train loader has no full batch
[2026-03-19 13:13:26] Harmony stage1 completed at round 6; benchmark encoders refreshed.
[2026-03-19 13:13:26] TEST:  Epoch: [6] image	Prec@1 37.778 (41.196)	Prec@5 84.444 (85.382)
[2026-03-19 13:13:26] TEST:  Epoch: [6] image	Prec@1 0.000 (0.000)	Prec@5 48.000 (49.245)
[2026-03-19 13:13:27] TEST:  Epoch: [6] image	Prec@1 60.484 (53.251)	Prec@5 91.129 (85.650)
[2026-03-19 13:13:27] TEST:  Epoch: [6] image	Prec@1 20.000 (20.000)	Prec@5 92.000 (92.000)
[2026-03-19 13:13:27] TEST:  Epoch: [6] image	Prec@1 0.000 (0.000)	Prec@5 56.452 (56.452)
[2026-03-19 13:13:27] TEST:  Epoch: [6] text	Prec@1 0.000 (0.000)	Prec@5 0.000 (0.000)
[2026-03-19 13:13:27] TEST:  Epoch: [6] text	Prec@1 30.667 (32.931)	Prec@5 94.667 (93.656)
[2026-03-19 13:13:28] TEST:  Epoch: [6] text	Prec@1 60.484 (53.251)	Prec@5 98.387 (98.767)
[2026-03-19 13:13:28] TEST:  Epoch: [6] text	Prec@1 0.000 (0.000)	Prec@5 28.000 (28.000)
[2026-03-19 13:13:28] TEST:  Epoch: [6] text	Prec@1 0.000 (0.000)	Prec@5 0.000 (0.000)
[2026-03-19 13:14:44] [Eval] Report @step: 6.00 {
    "test__rsum": 371.42857142857144,
    "test__medr": 8.0,
    "test__meanr": 7.700996677740864,
    "test__n_fold_i2t_recall_1": 22.92358803986711,
    "test__n_fold_i2t_recall_5": 87.37541528239203,
    "test__n_fold_i2t_recall_10": 96.01328903654485,
    "test__n_fold_i2t_rsum": 206.31229235880397,
    "test__n_fold_i2t_medr": 3.0,
    "test__n_fold_i2t_meanr": 3.142857142857143,
    "test__n_fold_t2i_recall_1": 5.980066445182724,
    "test__n_fold_t2i_recall_5": 59.136212624584715,
    "test__n_fold_t2i_recall_10": 100.0,
    "test__n_fold_t2i_rsum": 165.11627906976744,
    "test__n_fold_t2i_medr": 5.0,
    "test__n_fold_t2i_meanr": 4.558139534883721,
    "test__i2t_recall_1": 22.92358803986711,
    "test__i2t_recall_5": 87.37541528239203,
    "test__i2t_recall_10": 96.01328903654485,
    "test__i2t_rsum": 206.31229235880397,
    "test__i2t_medr": 3.0,
    "test__i2t_meanr": 3.142857142857143,
    "test__t2i_recall_1": 5.980066445182724,
    "test__t2i_recall_5": 59.136212624584715,
    "test__t2i_recall_10": 100.0,
    "test__t2i_rsum": 165.11627906976744,
    "test__t2i_medr": 5.0,
    "test__t2i_meanr": 4.558139534883721
}
[2026-03-19 13:16:08] [Eval] Report @step: 6.00 {
    "test__rsum": 337.1601208459214,
    "test__medr": 5.0,
    "test__meanr": 12.507552870090635,
    "test__n_fold_i2t_recall_1": 26.88821752265861,
    "test__n_fold_i2t_recall_5": 60.42296072507553,
    "test__n_fold_i2t_recall_10": 80.06042296072508,
    "test__n_fold_i2t_rsum": 167.3716012084592,
    "test__n_fold_i2t_medr": 3.0,
    "test__n_fold_i2t_meanr": 6.640483383685801,
    "test__n_fold_t2i_recall_1": 26.88821752265861,
    "test__n_fold_t2i_recall_5": 59.818731117824775,
    "test__n_fold_t2i_recall_10": 83.08157099697885,
    "test__n_fold_t2i_rsum": 169.78851963746223,
    "test__n_fold_t2i_medr": 2.0,
    "test__n_fold_t2i_meanr": 5.867069486404834,
    "test__i2t_recall_1": 26.88821752265861,
    "test__i2t_recall_5": 60.42296072507553,
    "test__i2t_recall_10": 80.06042296072508,
    "test__i2t_rsum": 167.3716012084592,
    "test__i2t_medr": 3.0,
    "test__i2t_meanr": 6.640483383685801,
    "test__t2i_recall_1": 26.88821752265861,
    "test__t2i_recall_5": 59.818731117824775,
    "test__t2i_recall_10": 83.08157099697885,
    "test__t2i_rsum": 169.78851963746223,
    "test__t2i_medr": 2.0,
    "test__t2i_meanr": 5.867069486404834
}
[2026-03-19 13:29:49] [Eval] Report @step: 6.00 {
    "test__rsum": 337.6681614349776,
    "test__medr": 8.0,
    "test__meanr": 17.38452914798206,
    "test__n_fold_i2t_recall_1": 15.919282511210762,
    "test__n_fold_i2t_recall_5": 38.34080717488789,
    "test__n_fold_i2t_recall_10": 81.16591928251121,
    "test__n_fold_i2t_rsum": 135.42600896860986,
    "test__n_fold_i2t_medr": 7.0,
    "test__n_fold_i2t_meanr": 10.834080717488789,
    "test__n_fold_t2i_recall_1": 53.25112107623318,
    "test__n_fold_t2i_recall_5": 70.2914798206278,
    "test__n_fold_t2i_recall_10": 78.69955156950672,
    "test__n_fold_t2i_rsum": 202.2421524663677,
    "test__n_fold_t2i_medr": 1.0,
    "test__n_fold_t2i_meanr": 6.550448430493273,
    "test__i2t_recall_1": 15.919282511210762,
    "test__i2t_recall_5": 38.34080717488789,
    "test__i2t_recall_10": 81.16591928251121,
    "test__i2t_rsum": 135.42600896860986,
    "test__i2t_medr": 7.0,
    "test__i2t_meanr": 10.834080717488789,
    "test__t2i_recall_1": 53.25112107623318,
    "test__t2i_recall_5": 70.2914798206278,
    "test__t2i_recall_10": 78.69955156950672,
    "test__t2i_rsum": 202.2421524663677,
    "test__t2i_medr": 1.0,
    "test__t2i_meanr": 6.550448430493273
}
[2026-03-19 13:30:08] [Eval] Report @step: 6.00 {
    "test__rsum": 297.71428571428567,
    "test__medr": 6.0,
    "test__meanr": 21.611428571428572,
    "test__n_fold_i2t_recall_1": 13.714285714285714,
    "test__n_fold_i2t_recall_5": 68.0,
    "test__n_fold_i2t_recall_10": 69.14285714285714,
    "test__n_fold_i2t_rsum": 150.85714285714283,
    "test__n_fold_i2t_medr": 3.0,
    "test__n_fold_i2t_meanr": 9.862857142857143,
    "test__n_fold_t2i_recall_1": 16.571428571428573,
    "test__n_fold_t2i_recall_5": 61.142857142857146,
    "test__n_fold_t2i_recall_10": 69.14285714285714,
    "test__n_fold_t2i_rsum": 146.85714285714286,
    "test__n_fold_t2i_medr": 3.0,
    "test__n_fold_t2i_meanr": 11.748571428571429,
    "test__i2t_recall_1": 13.714285714285714,
    "test__i2t_recall_5": 68.0,
    "test__i2t_recall_10": 69.14285714285714,
    "test__i2t_rsum": 150.85714285714283,
    "test__i2t_medr": 3.0,
    "test__i2t_meanr": 9.862857142857143,
    "test__t2i_recall_1": 16.571428571428573,
    "test__t2i_recall_5": 61.142857142857146,
    "test__t2i_recall_10": 69.14285714285714,
    "test__t2i_rsum": 146.85714285714286,
    "test__t2i_medr": 3.0,
    "test__t2i_meanr": 11.748571428571429
}
[2026-03-19 13:30:08] [Eval] Report @step: 6.00 {
    "test__rsum": 404.83870967741933,
    "test__medr": 2.0,
    "test__meanr": 12.161290322580644,
    "test__n_fold_i2t_recall_1": 56.45161290322581,
    "test__n_fold_i2t_recall_5": 64.51612903225806,
    "test__n_fold_i2t_recall_10": 77.41935483870968,
    "test__n_fold_i2t_rsum": 198.38709677419354,
    "test__n_fold_i2t_medr": 1.0,
    "test__n_fold_i2t_meanr": 6.096774193548387,
    "test__n_fold_t2i_recall_1": 56.45161290322581,
    "test__n_fold_t2i_recall_5": 66.12903225806451,
    "test__n_fold_t2i_recall_10": 83.87096774193549,
    "test__n_fold_t2i_rsum": 206.4516129032258,
    "test__n_fold_t2i_medr": 1.0,
    "test__n_fold_t2i_meanr": 6.064516129032258,
    "test__i2t_recall_1": 56.45161290322581,
    "test__i2t_recall_5": 64.51612903225806,
    "test__i2t_recall_10": 77.41935483870968,
    "test__i2t_rsum": 198.38709677419354,
    "test__i2t_medr": 1.0,
    "test__i2t_meanr": 6.096774193548387,
    "test__t2i_recall_1": 56.45161290322581,
    "test__t2i_recall_5": 66.12903225806451,
    "test__t2i_recall_10": 83.87096774193549,
    "test__t2i_rsum": 206.4516129032258,
    "test__t2i_medr": 1.0,
    "test__t2i_meanr": 6.064516129032258
}
[2026-03-19 13:31:13] [Eval] Report @step: 6.00 {
    "test__rsum": 371.42857142857144,
    "test__medr": 8.0,
    "test__meanr": 7.700996677740864,
    "test__n_fold_i2t_recall_1": 22.92358803986711,
    "test__n_fold_i2t_recall_5": 87.37541528239203,
    "test__n_fold_i2t_recall_10": 96.01328903654485,
    "test__n_fold_i2t_rsum": 206.31229235880397,
    "test__n_fold_i2t_medr": 3.0,
    "test__n_fold_i2t_meanr": 3.142857142857143,
    "test__n_fold_t2i_recall_1": 5.980066445182724,
    "test__n_fold_t2i_recall_5": 59.136212624584715,
    "test__n_fold_t2i_recall_10": 100.0,
    "test__n_fold_t2i_rsum": 165.11627906976744,
    "test__n_fold_t2i_medr": 5.0,
    "test__n_fold_t2i_meanr": 4.558139534883721,
    "test__i2t_recall_1": 22.92358803986711,
    "test__i2t_recall_5": 87.37541528239203,
    "test__i2t_recall_10": 96.01328903654485,
    "test__i2t_rsum": 206.31229235880397,
    "test__i2t_medr": 3.0,
    "test__i2t_meanr": 3.142857142857143,
    "test__t2i_recall_1": 5.980066445182724,
    "test__t2i_recall_5": 59.136212624584715,
    "test__t2i_recall_10": 100.0,
    "test__t2i_rsum": 165.11627906976744,
    "test__t2i_medr": 5.0,
    "test__t2i_meanr": 4.558139534883721
}
[2026-03-19 13:32:35] [Eval] Report @step: 6.00 {
    "test__rsum": 337.1601208459214,
    "test__medr": 5.0,
    "test__meanr": 12.507552870090635,
    "test__n_fold_i2t_recall_1": 26.88821752265861,
    "test__n_fold_i2t_recall_5": 60.42296072507553,
    "test__n_fold_i2t_recall_10": 80.06042296072508,
    "test__n_fold_i2t_rsum": 167.3716012084592,
    "test__n_fold_i2t_medr": 3.0,
    "test__n_fold_i2t_meanr": 6.640483383685801,
    "test__n_fold_t2i_recall_1": 26.88821752265861,
    "test__n_fold_t2i_recall_5": 59.818731117824775,
    "test__n_fold_t2i_recall_10": 83.08157099697885,
    "test__n_fold_t2i_rsum": 169.78851963746223,
    "test__n_fold_t2i_medr": 2.0,
    "test__n_fold_t2i_meanr": 5.867069486404834,
    "test__i2t_recall_1": 26.88821752265861,
    "test__i2t_recall_5": 60.42296072507553,
    "test__i2t_recall_10": 80.06042296072508,
    "test__i2t_rsum": 167.3716012084592,
    "test__i2t_medr": 3.0,
    "test__i2t_meanr": 6.640483383685801,
    "test__t2i_recall_1": 26.88821752265861,
    "test__t2i_recall_5": 59.818731117824775,
    "test__t2i_recall_10": 83.08157099697885,
    "test__t2i_rsum": 169.78851963746223,
    "test__t2i_medr": 2.0,
    "test__t2i_meanr": 5.867069486404834
}
[2026-03-19 13:45:48] [Eval] Report @step: 6.00 {
    "test__rsum": 337.6681614349776,
    "test__medr": 8.0,
    "test__meanr": 17.38452914798206,
    "test__n_fold_i2t_recall_1": 15.919282511210762,
    "test__n_fold_i2t_recall_5": 38.34080717488789,
    "test__n_fold_i2t_recall_10": 81.16591928251121,
    "test__n_fold_i2t_rsum": 135.42600896860986,
    "test__n_fold_i2t_medr": 7.0,
    "test__n_fold_i2t_meanr": 10.834080717488789,
    "test__n_fold_t2i_recall_1": 53.25112107623318,
    "test__n_fold_t2i_recall_5": 70.2914798206278,
    "test__n_fold_t2i_recall_10": 78.69955156950672,
    "test__n_fold_t2i_rsum": 202.2421524663677,
    "test__n_fold_t2i_medr": 1.0,
    "test__n_fold_t2i_meanr": 6.550448430493273,
    "test__i2t_recall_1": 15.919282511210762,
    "test__i2t_recall_5": 38.34080717488789,
    "test__i2t_recall_10": 81.16591928251121,
    "test__i2t_rsum": 135.42600896860986,
    "test__i2t_medr": 7.0,
    "test__i2t_meanr": 10.834080717488789,
    "test__t2i_recall_1": 53.25112107623318,
    "test__t2i_recall_5": 70.2914798206278,
    "test__t2i_recall_10": 78.69955156950672,
    "test__t2i_rsum": 202.2421524663677,
    "test__t2i_medr": 1.0,
    "test__t2i_meanr": 6.550448430493273
}
[2026-03-19 13:46:05] [Eval] Report @step: 6.00 {
    "test__rsum": 297.71428571428567,
    "test__medr": 6.0,
    "test__meanr": 21.611428571428572,
    "test__n_fold_i2t_recall_1": 13.714285714285714,
    "test__n_fold_i2t_recall_5": 68.0,
    "test__n_fold_i2t_recall_10": 69.14285714285714,
    "test__n_fold_i2t_rsum": 150.85714285714283,
    "test__n_fold_i2t_medr": 3.0,
    "test__n_fold_i2t_meanr": 9.862857142857143,
    "test__n_fold_t2i_recall_1": 16.571428571428573,
    "test__n_fold_t2i_recall_5": 61.142857142857146,
    "test__n_fold_t2i_recall_10": 69.14285714285714,
    "test__n_fold_t2i_rsum": 146.85714285714286,
    "test__n_fold_t2i_medr": 3.0,
    "test__n_fold_t2i_meanr": 11.748571428571429,
    "test__i2t_recall_1": 13.714285714285714,
    "test__i2t_recall_5": 68.0,
    "test__i2t_recall_10": 69.14285714285714,
    "test__i2t_rsum": 150.85714285714283,
    "test__i2t_medr": 3.0,
    "test__i2t_meanr": 9.862857142857143,
    "test__t2i_recall_1": 16.571428571428573,
    "test__t2i_recall_5": 61.142857142857146,
    "test__t2i_recall_10": 69.14285714285714,
    "test__t2i_rsum": 146.85714285714286,
    "test__t2i_medr": 3.0,
    "test__t2i_meanr": 11.748571428571429
}
[2026-03-19 13:46:13] [Eval] Report @step: 6.00 {
    "test__rsum": 404.83870967741933,
    "test__medr": 2.0,
    "test__meanr": 12.161290322580644,
    "test__n_fold_i2t_recall_1": 56.45161290322581,
    "test__n_fold_i2t_recall_5": 64.51612903225806,
    "test__n_fold_i2t_recall_10": 77.41935483870968,
    "test__n_fold_i2t_rsum": 198.38709677419354,
    "test__n_fold_i2t_medr": 1.0,
    "test__n_fold_i2t_meanr": 6.096774193548387,
    "test__n_fold_t2i_recall_1": 56.45161290322581,
    "test__n_fold_t2i_recall_5": 66.12903225806451,
    "test__n_fold_t2i_recall_10": 83.87096774193549,
    "test__n_fold_t2i_rsum": 206.4516129032258,
    "test__n_fold_t2i_medr": 1.0,
    "test__n_fold_t2i_meanr": 6.064516129032258,
    "test__i2t_recall_1": 56.45161290322581,
    "test__i2t_recall_5": 64.51612903225806,
    "test__i2t_recall_10": 77.41935483870968,
    "test__i2t_rsum": 198.38709677419354,
    "test__i2t_medr": 1.0,
    "test__i2t_meanr": 6.096774193548387,
    "test__t2i_recall_1": 56.45161290322581,
    "test__t2i_recall_5": 66.12903225806451,
    "test__t2i_recall_10": 83.87096774193549,
    "test__t2i_rsum": 206.4516129032258,
    "test__t2i_medr": 1.0,
    "test__t2i_meanr": 6.064516129032258
}
[2026-03-19 13:47:41] [Eval] Report @step: 6.00 {
    "test__rsum": 371.42857142857144,
    "test__medr": 8.0,
    "test__meanr": 7.700996677740864,
    "test__n_fold_i2t_recall_1": 22.92358803986711,
    "test__n_fold_i2t_recall_5": 87.37541528239203,
    "test__n_fold_i2t_recall_10": 96.01328903654485,
    "test__n_fold_i2t_rsum": 206.31229235880397,
    "test__n_fold_i2t_medr": 3.0,
    "test__n_fold_i2t_meanr": 3.142857142857143,
    "test__n_fold_t2i_recall_1": 5.980066445182724,
    "test__n_fold_t2i_recall_5": 59.136212624584715,
    "test__n_fold_t2i_recall_10": 100.0,
    "test__n_fold_t2i_rsum": 165.11627906976744,
    "test__n_fold_t2i_medr": 5.0,
    "test__n_fold_t2i_meanr": 4.558139534883721,
    "test__i2t_recall_1": 22.92358803986711,
    "test__i2t_recall_5": 87.37541528239203,
    "test__i2t_recall_10": 96.01328903654485,
    "test__i2t_rsum": 206.31229235880397,
    "test__i2t_medr": 3.0,
    "test__i2t_meanr": 3.142857142857143,
    "test__t2i_recall_1": 5.980066445182724,
    "test__t2i_recall_5": 59.136212624584715,
    "test__t2i_recall_10": 100.0,
    "test__t2i_rsum": 165.11627906976744,
    "test__t2i_medr": 5.0,
    "test__t2i_meanr": 4.558139534883721
}
[2026-03-19 13:49:10] [Eval] Report @step: 6.00 {
    "test__rsum": 337.1601208459214,
    "test__medr": 5.0,
    "test__meanr": 12.507552870090635,
    "test__n_fold_i2t_recall_1": 26.88821752265861,
    "test__n_fold_i2t_recall_5": 60.42296072507553,
    "test__n_fold_i2t_recall_10": 80.06042296072508,
    "test__n_fold_i2t_rsum": 167.3716012084592,
    "test__n_fold_i2t_medr": 3.0,
    "test__n_fold_i2t_meanr": 6.640483383685801,
    "test__n_fold_t2i_recall_1": 26.88821752265861,
    "test__n_fold_t2i_recall_5": 59.818731117824775,
    "test__n_fold_t2i_recall_10": 83.08157099697885,
    "test__n_fold_t2i_rsum": 169.78851963746223,
    "test__n_fold_t2i_medr": 2.0,
    "test__n_fold_t2i_meanr": 5.867069486404834,
    "test__i2t_recall_1": 26.88821752265861,
    "test__i2t_recall_5": 60.42296072507553,
    "test__i2t_recall_10": 80.06042296072508,
    "test__i2t_rsum": 167.3716012084592,
    "test__i2t_medr": 3.0,
    "test__i2t_meanr": 6.640483383685801,
    "test__t2i_recall_1": 26.88821752265861,
    "test__t2i_recall_5": 59.818731117824775,
    "test__t2i_recall_10": 83.08157099697885,
    "test__t2i_rsum": 169.78851963746223,
    "test__t2i_medr": 2.0,
    "test__t2i_meanr": 5.867069486404834
}
[2026-03-19 14:02:32] [Eval] Report @step: 6.00 {
    "test__rsum": 337.6681614349776,
    "test__medr": 8.0,
    "test__meanr": 17.38452914798206,
    "test__n_fold_i2t_recall_1": 15.919282511210762,
    "test__n_fold_i2t_recall_5": 38.34080717488789,
    "test__n_fold_i2t_recall_10": 81.16591928251121,
    "test__n_fold_i2t_rsum": 135.42600896860986,
    "test__n_fold_i2t_medr": 7.0,
    "test__n_fold_i2t_meanr": 10.834080717488789,
    "test__n_fold_t2i_recall_1": 53.25112107623318,
    "test__n_fold_t2i_recall_5": 70.2914798206278,
    "test__n_fold_t2i_recall_10": 78.69955156950672,
    "test__n_fold_t2i_rsum": 202.2421524663677,
    "test__n_fold_t2i_medr": 1.0,
    "test__n_fold_t2i_meanr": 6.550448430493273,
    "test__i2t_recall_1": 15.919282511210762,
    "test__i2t_recall_5": 38.34080717488789,
    "test__i2t_recall_10": 81.16591928251121,
    "test__i2t_rsum": 135.42600896860986,
    "test__i2t_medr": 7.0,
    "test__i2t_meanr": 10.834080717488789,
    "test__t2i_recall_1": 53.25112107623318,
    "test__t2i_recall_5": 70.2914798206278,
    "test__t2i_recall_10": 78.69955156950672,
    "test__t2i_rsum": 202.2421524663677,
    "test__t2i_medr": 1.0,
    "test__t2i_meanr": 6.550448430493273
}
[2026-03-19 14:02:55] [Eval] Report @step: 6.00 {
    "test__rsum": 297.71428571428567,
    "test__medr": 6.0,
    "test__meanr": 21.611428571428572,
    "test__n_fold_i2t_recall_1": 13.714285714285714,
    "test__n_fold_i2t_recall_5": 68.0,
    "test__n_fold_i2t_recall_10": 69.14285714285714,
    "test__n_fold_i2t_rsum": 150.85714285714283,
    "test__n_fold_i2t_medr": 3.0,
    "test__n_fold_i2t_meanr": 9.862857142857143,
    "test__n_fold_t2i_recall_1": 16.571428571428573,
    "test__n_fold_t2i_recall_5": 61.142857142857146,
    "test__n_fold_t2i_recall_10": 69.14285714285714,
    "test__n_fold_t2i_rsum": 146.85714285714286,
    "test__n_fold_t2i_medr": 3.0,
    "test__n_fold_t2i_meanr": 11.748571428571429,
    "test__i2t_recall_1": 13.714285714285714,
    "test__i2t_recall_5": 68.0,
    "test__i2t_recall_10": 69.14285714285714,
    "test__i2t_rsum": 150.85714285714283,
    "test__i2t_medr": 3.0,
    "test__i2t_meanr": 9.862857142857143,
    "test__t2i_recall_1": 16.571428571428573,
    "test__t2i_recall_5": 61.142857142857146,
    "test__t2i_recall_10": 69.14285714285714,
    "test__t2i_rsum": 146.85714285714286,
    "test__t2i_medr": 3.0,
    "test__t2i_meanr": 11.748571428571429
}
[2026-03-19 14:02:56] [Eval] Report @step: 6.00 {
    "test__rsum": 404.83870967741933,
    "test__medr": 2.0,
    "test__meanr": 12.161290322580644,
    "test__n_fold_i2t_recall_1": 56.45161290322581,
    "test__n_fold_i2t_recall_5": 64.51612903225806,
    "test__n_fold_i2t_recall_10": 77.41935483870968,
    "test__n_fold_i2t_rsum": 198.38709677419354,
    "test__n_fold_i2t_medr": 1.0,
    "test__n_fold_i2t_meanr": 6.096774193548387,
    "test__n_fold_t2i_recall_1": 56.45161290322581,
    "test__n_fold_t2i_recall_5": 66.12903225806451,
    "test__n_fold_t2i_recall_10": 83.87096774193549,
    "test__n_fold_t2i_rsum": 206.4516129032258,
    "test__n_fold_t2i_medr": 1.0,
    "test__n_fold_t2i_meanr": 6.064516129032258,
    "test__i2t_recall_1": 56.45161290322581,
    "test__i2t_recall_5": 64.51612903225806,
    "test__i2t_recall_10": 77.41935483870968,
    "test__i2t_rsum": 198.38709677419354,
    "test__i2t_medr": 1.0,
    "test__i2t_meanr": 6.096774193548387,
    "test__t2i_recall_1": 56.45161290322581,
    "test__t2i_recall_5": 66.12903225806451,
    "test__t2i_recall_10": 83.87096774193549,
    "test__t2i_rsum": 206.4516129032258,
    "test__t2i_medr": 1.0,
    "test__t2i_meanr": 6.064516129032258
}
[2026-03-19 14:04:14] [Eval] Report @step: 6.00 {
    "test__rsum": 371.42857142857144,
    "test__medr": 8.0,
    "test__meanr": 7.700996677740864,
    "test__n_fold_i2t_recall_1": 22.92358803986711,
    "test__n_fold_i2t_recall_5": 87.37541528239203,
    "test__n_fold_i2t_recall_10": 96.01328903654485,
    "test__n_fold_i2t_rsum": 206.31229235880397,
    "test__n_fold_i2t_medr": 3.0,
    "test__n_fold_i2t_meanr": 3.142857142857143,
    "test__n_fold_t2i_recall_1": 5.980066445182724,
    "test__n_fold_t2i_recall_5": 59.136212624584715,
    "test__n_fold_t2i_recall_10": 100.0,
    "test__n_fold_t2i_rsum": 165.11627906976744,
    "test__n_fold_t2i_medr": 5.0,
    "test__n_fold_t2i_meanr": 4.558139534883721,
    "test__i2t_recall_1": 22.92358803986711,
    "test__i2t_recall_5": 87.37541528239203,
    "test__i2t_recall_10": 96.01328903654485,
    "test__i2t_rsum": 206.31229235880397,
    "test__i2t_medr": 3.0,
    "test__i2t_meanr": 3.142857142857143,
    "test__t2i_recall_1": 5.980066445182724,
    "test__t2i_recall_5": 59.136212624584715,
    "test__t2i_recall_10": 100.0,
    "test__t2i_rsum": 165.11627906976744,
    "test__t2i_medr": 5.0,
    "test__t2i_meanr": 4.558139534883721
}
[2026-03-19 14:05:37] [Eval] Report @step: 6.00 {
    "test__rsum": 337.1601208459214,
    "test__medr": 5.0,
    "test__meanr": 12.507552870090635,
    "test__n_fold_i2t_recall_1": 26.88821752265861,
    "test__n_fold_i2t_recall_5": 60.42296072507553,
    "test__n_fold_i2t_recall_10": 80.06042296072508,
    "test__n_fold_i2t_rsum": 167.3716012084592,
    "test__n_fold_i2t_medr": 3.0,
    "test__n_fold_i2t_meanr": 6.640483383685801,
    "test__n_fold_t2i_recall_1": 26.88821752265861,
    "test__n_fold_t2i_recall_5": 59.818731117824775,
    "test__n_fold_t2i_recall_10": 83.08157099697885,
    "test__n_fold_t2i_rsum": 169.78851963746223,
    "test__n_fold_t2i_medr": 2.0,
    "test__n_fold_t2i_meanr": 5.867069486404834,
    "test__i2t_recall_1": 26.88821752265861,
    "test__i2t_recall_5": 60.42296072507553,
    "test__i2t_recall_10": 80.06042296072508,
    "test__i2t_rsum": 167.3716012084592,
    "test__i2t_medr": 3.0,
    "test__i2t_meanr": 6.640483383685801,
    "test__t2i_recall_1": 26.88821752265861,
    "test__t2i_recall_5": 59.818731117824775,
    "test__t2i_recall_10": 83.08157099697885,
    "test__t2i_rsum": 169.78851963746223,
    "test__t2i_medr": 2.0,
    "test__t2i_meanr": 5.867069486404834
}
[2026-03-19 14:18:46] [Eval] Report @step: 6.00 {
    "test__rsum": 337.6681614349776,
    "test__medr": 8.0,
    "test__meanr": 17.38452914798206,
    "test__n_fold_i2t_recall_1": 15.919282511210762,
    "test__n_fold_i2t_recall_5": 38.34080717488789,
    "test__n_fold_i2t_recall_10": 81.16591928251121,
    "test__n_fold_i2t_rsum": 135.42600896860986,
    "test__n_fold_i2t_medr": 7.0,
    "test__n_fold_i2t_meanr": 10.834080717488789,
    "test__n_fold_t2i_recall_1": 53.25112107623318,
    "test__n_fold_t2i_recall_5": 70.2914798206278,
    "test__n_fold_t2i_recall_10": 78.69955156950672,
    "test__n_fold_t2i_rsum": 202.2421524663677,
    "test__n_fold_t2i_medr": 1.0,
    "test__n_fold_t2i_meanr": 6.550448430493273,
    "test__i2t_recall_1": 15.919282511210762,
    "test__i2t_recall_5": 38.34080717488789,
    "test__i2t_recall_10": 81.16591928251121,
    "test__i2t_rsum": 135.42600896860986,
    "test__i2t_medr": 7.0,
    "test__i2t_meanr": 10.834080717488789,
    "test__t2i_recall_1": 53.25112107623318,
    "test__t2i_recall_5": 70.2914798206278,
    "test__t2i_recall_10": 78.69955156950672,
    "test__t2i_rsum": 202.2421524663677,
    "test__t2i_medr": 1.0,
    "test__t2i_meanr": 6.550448430493273
}
[2026-03-19 14:19:16] [Eval] Report @step: 6.00 {
    "test__rsum": 297.71428571428567,
    "test__medr": 6.0,
    "test__meanr": 21.611428571428572,
    "test__n_fold_i2t_recall_1": 13.714285714285714,
    "test__n_fold_i2t_recall_5": 68.0,
    "test__n_fold_i2t_recall_10": 69.14285714285714,
    "test__n_fold_i2t_rsum": 150.85714285714283,
    "test__n_fold_i2t_medr": 3.0,
    "test__n_fold_i2t_meanr": 9.862857142857143,
    "test__n_fold_t2i_recall_1": 16.571428571428573,
    "test__n_fold_t2i_recall_5": 61.142857142857146,
    "test__n_fold_t2i_recall_10": 69.14285714285714,
    "test__n_fold_t2i_rsum": 146.85714285714286,
    "test__n_fold_t2i_medr": 3.0,
    "test__n_fold_t2i_meanr": 11.748571428571429,
    "test__i2t_recall_1": 13.714285714285714,
    "test__i2t_recall_5": 68.0,
    "test__i2t_recall_10": 69.14285714285714,
    "test__i2t_rsum": 150.85714285714283,
    "test__i2t_medr": 3.0,
    "test__i2t_meanr": 9.862857142857143,
    "test__t2i_recall_1": 16.571428571428573,
    "test__t2i_recall_5": 61.142857142857146,
    "test__t2i_recall_10": 69.14285714285714,
    "test__t2i_rsum": 146.85714285714286,
    "test__t2i_medr": 3.0,
    "test__t2i_meanr": 11.748571428571429
}
[2026-03-19 14:19:17] [Eval] Report @step: 6.00 {
    "test__rsum": 404.83870967741933,
    "test__medr": 2.0,
    "test__meanr": 12.161290322580644,
    "test__n_fold_i2t_recall_1": 56.45161290322581,
    "test__n_fold_i2t_recall_5": 64.51612903225806,
    "test__n_fold_i2t_recall_10": 77.41935483870968,
    "test__n_fold_i2t_rsum": 198.38709677419354,
    "test__n_fold_i2t_medr": 1.0,
    "test__n_fold_i2t_meanr": 6.096774193548387,
    "test__n_fold_t2i_recall_1": 56.45161290322581,
    "test__n_fold_t2i_recall_5": 66.12903225806451,
    "test__n_fold_t2i_recall_10": 83.87096774193549,
    "test__n_fold_t2i_rsum": 206.4516129032258,
    "test__n_fold_t2i_medr": 1.0,
    "test__n_fold_t2i_meanr": 6.064516129032258,
    "test__i2t_recall_1": 56.45161290322581,
    "test__i2t_recall_5": 64.51612903225806,
    "test__i2t_recall_10": 77.41935483870968,
    "test__i2t_rsum": 198.38709677419354,
    "test__i2t_medr": 1.0,
    "test__i2t_meanr": 6.096774193548387,
    "test__t2i_recall_1": 56.45161290322581,
    "test__t2i_recall_5": 66.12903225806451,
    "test__t2i_recall_10": 83.87096774193549,
    "test__t2i_rsum": 206.4516129032258,
    "test__t2i_medr": 1.0,
    "test__t2i_meanr": 6.064516129032258
}
[2026-03-19 14:20:40] [Eval] Report @step: 6.00 {
    "test__rsum": 371.42857142857144,
    "test__medr": 8.0,
    "test__meanr": 7.700996677740864,
    "test__n_fold_i2t_recall_1": 22.92358803986711,
    "test__n_fold_i2t_recall_5": 87.37541528239203,
    "test__n_fold_i2t_recall_10": 96.01328903654485,
    "test__n_fold_i2t_rsum": 206.31229235880397,
    "test__n_fold_i2t_medr": 3.0,
    "test__n_fold_i2t_meanr": 3.142857142857143,
    "test__n_fold_t2i_recall_1": 5.980066445182724,
    "test__n_fold_t2i_recall_5": 59.136212624584715,
    "test__n_fold_t2i_recall_10": 100.0,
    "test__n_fold_t2i_rsum": 165.11627906976744,
    "test__n_fold_t2i_medr": 5.0,
    "test__n_fold_t2i_meanr": 4.558139534883721,
    "test__i2t_recall_1": 22.92358803986711,
    "test__i2t_recall_5": 87.37541528239203,
    "test__i2t_recall_10": 96.01328903654485,
    "test__i2t_rsum": 206.31229235880397,
    "test__i2t_medr": 3.0,
    "test__i2t_meanr": 3.142857142857143,
    "test__t2i_recall_1": 5.980066445182724,
    "test__t2i_recall_5": 59.136212624584715,
    "test__t2i_recall_10": 100.0,
    "test__t2i_rsum": 165.11627906976744,
    "test__t2i_medr": 5.0,
    "test__t2i_meanr": 4.558139534883721
}
[2026-03-19 14:21:46] [Eval] Report @step: 6.00 {
    "test__rsum": 337.1601208459214,
    "test__medr": 5.0,
    "test__meanr": 12.507552870090635,
    "test__n_fold_i2t_recall_1": 26.88821752265861,
    "test__n_fold_i2t_recall_5": 60.42296072507553,
    "test__n_fold_i2t_recall_10": 80.06042296072508,
    "test__n_fold_i2t_rsum": 167.3716012084592,
    "test__n_fold_i2t_medr": 3.0,
    "test__n_fold_i2t_meanr": 6.640483383685801,
    "test__n_fold_t2i_recall_1": 26.88821752265861,
    "test__n_fold_t2i_recall_5": 59.818731117824775,
    "test__n_fold_t2i_recall_10": 83.08157099697885,
    "test__n_fold_t2i_rsum": 169.78851963746223,
    "test__n_fold_t2i_medr": 2.0,
    "test__n_fold_t2i_meanr": 5.867069486404834,
    "test__i2t_recall_1": 26.88821752265861,
    "test__i2t_recall_5": 60.42296072507553,
    "test__i2t_recall_10": 80.06042296072508,
    "test__i2t_rsum": 167.3716012084592,
    "test__i2t_medr": 3.0,
    "test__i2t_meanr": 6.640483383685801,
    "test__t2i_recall_1": 26.88821752265861,
    "test__t2i_recall_5": 59.818731117824775,
    "test__t2i_recall_10": 83.08157099697885,
    "test__t2i_rsum": 169.78851963746223,
    "test__t2i_medr": 2.0,
    "test__t2i_meanr": 5.867069486404834
}
[2026-03-19 14:35:30] [Eval] Report @step: 6.00 {
    "test__rsum": 337.6681614349776,
    "test__medr": 8.0,
    "test__meanr": 17.38452914798206,
    "test__n_fold_i2t_recall_1": 15.919282511210762,
    "test__n_fold_i2t_recall_5": 38.34080717488789,
    "test__n_fold_i2t_recall_10": 81.16591928251121,
    "test__n_fold_i2t_rsum": 135.42600896860986,
    "test__n_fold_i2t_medr": 7.0,
    "test__n_fold_i2t_meanr": 10.834080717488789,
    "test__n_fold_t2i_recall_1": 53.25112107623318,
    "test__n_fold_t2i_recall_5": 70.2914798206278,
    "test__n_fold_t2i_recall_10": 78.69955156950672,
    "test__n_fold_t2i_rsum": 202.2421524663677,
    "test__n_fold_t2i_medr": 1.0,
    "test__n_fold_t2i_meanr": 6.550448430493273,
    "test__i2t_recall_1": 15.919282511210762,
    "test__i2t_recall_5": 38.34080717488789,
    "test__i2t_recall_10": 81.16591928251121,
    "test__i2t_rsum": 135.42600896860986,
    "test__i2t_medr": 7.0,
    "test__i2t_meanr": 10.834080717488789,
    "test__t2i_recall_1": 53.25112107623318,
    "test__t2i_recall_5": 70.2914798206278,
    "test__t2i_recall_10": 78.69955156950672,
    "test__t2i_rsum": 202.2421524663677,
    "test__t2i_medr": 1.0,
    "test__t2i_meanr": 6.550448430493273
}
[2026-03-19 14:36:00] [Eval] Report @step: 6.00 {
    "test__rsum": 297.71428571428567,
    "test__medr": 6.0,
    "test__meanr": 21.611428571428572,
    "test__n_fold_i2t_recall_1": 13.714285714285714,
    "test__n_fold_i2t_recall_5": 68.0,
    "test__n_fold_i2t_recall_10": 69.14285714285714,
    "test__n_fold_i2t_rsum": 150.85714285714283,
    "test__n_fold_i2t_medr": 3.0,
    "test__n_fold_i2t_meanr": 9.862857142857143,
    "test__n_fold_t2i_recall_1": 16.571428571428573,
    "test__n_fold_t2i_recall_5": 61.142857142857146,
    "test__n_fold_t2i_recall_10": 69.14285714285714,
    "test__n_fold_t2i_rsum": 146.85714285714286,
    "test__n_fold_t2i_medr": 3.0,
    "test__n_fold_t2i_meanr": 11.748571428571429,
    "test__i2t_recall_1": 13.714285714285714,
    "test__i2t_recall_5": 68.0,
    "test__i2t_recall_10": 69.14285714285714,
    "test__i2t_rsum": 150.85714285714283,
    "test__i2t_medr": 3.0,
    "test__i2t_meanr": 9.862857142857143,
    "test__t2i_recall_1": 16.571428571428573,
    "test__t2i_recall_5": 61.142857142857146,
    "test__t2i_recall_10": 69.14285714285714,
    "test__t2i_rsum": 146.85714285714286,
    "test__t2i_medr": 3.0,
    "test__t2i_meanr": 11.748571428571429
}
[2026-03-19 14:36:05] [Eval] Report @step: 6.00 {
    "test__rsum": 404.83870967741933,
    "test__medr": 2.0,
    "test__meanr": 12.161290322580644,
    "test__n_fold_i2t_recall_1": 56.45161290322581,
    "test__n_fold_i2t_recall_5": 64.51612903225806,
    "test__n_fold_i2t_recall_10": 77.41935483870968,
    "test__n_fold_i2t_rsum": 198.38709677419354,
    "test__n_fold_i2t_medr": 1.0,
    "test__n_fold_i2t_meanr": 6.096774193548387,
    "test__n_fold_t2i_recall_1": 56.45161290322581,
    "test__n_fold_t2i_recall_5": 66.12903225806451,
    "test__n_fold_t2i_recall_10": 83.87096774193549,
    "test__n_fold_t2i_rsum": 206.4516129032258,
    "test__n_fold_t2i_medr": 1.0,
    "test__n_fold_t2i_meanr": 6.064516129032258,
    "test__i2t_recall_1": 56.45161290322581,
    "test__i2t_recall_5": 64.51612903225806,
    "test__i2t_recall_10": 77.41935483870968,
    "test__i2t_rsum": 198.38709677419354,
    "test__i2t_medr": 1.0,
    "test__i2t_meanr": 6.096774193548387,
    "test__t2i_recall_1": 56.45161290322581,
    "test__t2i_recall_5": 66.12903225806451,
    "test__t2i_recall_10": 83.87096774193549,
    "test__t2i_rsum": 206.4516129032258,
    "test__t2i_medr": 1.0,
    "test__t2i_meanr": 6.064516129032258
}
[2026-03-19 14:36:06] Round 7!
[2026-03-19 14:36:06] Harmony enters stage1 at round 7.
[2026-03-19 14:36:06] Training Client 0!
[2026-03-19 14:36:06] Epoch: [7] image	Loss 2.3085 (2.4635)	Prec@1 42.969 (37.500)	Prec@5 90.625 (85.286)
[2026-03-19 14:36:06] TEST:  Epoch: [7] image	Prec@1 37.778 (41.196)	Prec@5 88.889 (88.372)
[2026-03-19 14:36:06] Training Client 1!
[2026-03-19 14:36:06] Epoch: [7] image	Loss 3.2466 (3.2466)	Prec@1 0.000 (0.000)	Prec@5 47.266 (47.266)
[2026-03-19 14:36:07] TEST:  Epoch: [7] image	Prec@1 13.333 (12.085)	Prec@5 50.667 (51.360)
[2026-03-19 14:36:07] Training Client 2!
[2026-03-19 14:36:07] Epoch: [7] image	Loss 2.1244 (2.2409)	Prec@1 51.562 (52.214)	Prec@5 92.969 (87.630)
[2026-03-19 14:36:08] TEST:  Epoch: [7] image	Prec@1 60.484 (53.251)	Prec@5 94.355 (92.040)
[2026-03-19 14:36:08] Training Client 3!
[2026-03-19 14:36:08] Epoch: [7] image	Loss 2.6201 (2.6683)	Prec@1 27.344 (28.125)	Prec@5 87.891 (89.714)
[2026-03-19 14:36:08] TEST:  Epoch: [7] image	Prec@1 20.000 (20.000)	Prec@5 89.143 (89.143)
[2026-03-19 14:36:08] Training Client 4!
[2026-03-19 14:36:08] Epoch: [7] image	Loss 3.1936 (3.1936)	Prec@1 0.000 (0.000)	Prec@5 60.156 (60.156)
[2026-03-19 14:36:08] TEST:  Epoch: [7] image	Prec@1 56.452 (56.452)	Prec@5 56.452 (56.452)
[2026-03-19 14:36:08] Training Client 5!
[2026-03-19 14:36:09] Epoch: [7] text	Loss 3.5766 (3.5766)	Prec@1 0.000 (0.000)	Prec@5 0.000 (0.000)
[2026-03-19 14:36:09] TEST:  Epoch: [7] text	Prec@1 0.000 (0.000)	Prec@5 0.000 (0.000)
[2026-03-19 14:36:09] Training Client 6!
[2026-03-19 14:36:09] Epoch: [7] text	Loss 2.3617 (2.4652)	Prec@1 34.375 (31.120)	Prec@5 93.359 (93.229)
[2026-03-19 14:36:09] TEST:  Epoch: [7] text	Prec@1 30.667 (32.931)	Prec@5 94.667 (93.656)
[2026-03-19 14:36:10] Training Client 7!
[2026-03-19 14:36:11] Epoch: [7] text	Loss 1.3451 (1.4096)	Prec@1 54.688 (53.929)	Prec@5 99.219 (99.127)
[2026-03-19 14:36:12] TEST:  Epoch: [7] text	Prec@1 60.484 (53.251)	Prec@5 98.387 (98.767)
[2026-03-19 14:36:12] Training Client 8!
[2026-03-19 14:36:12] Epoch: [7] text	Loss 3.2925 (3.2925)	Prec@1 0.000 (0.000)	Prec@5 42.969 (42.969)
[2026-03-19 14:36:12] TEST:  Epoch: [7] text	Prec@1 20.000 (20.000)	Prec@5 28.000 (28.000)
[2026-03-19 14:36:12] Training Client 9!
[2026-03-19 14:36:12] Epoch: [7] text	Loss 0.0000 (0.0000)	Prec@1 0.000 (0.000)	Prec@5 0.000 (0.000)
[2026-03-19 14:36:12] TEST:  Epoch: [7] text	Prec@1 0.000 (0.000)	Prec@5 0.000 (0.000)
[2026-03-19 14:36:12] Training Client 10!
[2026-03-19 14:36:12] Epoch 7
[2026-03-19 14:36:13] Training Client 11!
[2026-03-19 14:36:13] Epoch 7
[2026-03-19 14:36:15] Training Client 12!
[2026-03-19 14:36:15] Epoch 7
[2026-03-19 14:36:16] Training Client 13!
[2026-03-19 14:36:16] Epoch 7
[2026-03-19 14:36:16] Skip local epoch for client 3: train loader has no full batch
[2026-03-19 14:36:16] Training Client 14!
[2026-03-19 14:36:16] Epoch 7
[2026-03-19 14:36:16] Skip local epoch for client 4: train loader has no full batch
[2026-03-19 14:36:17] Harmony stage1 completed at round 7; benchmark encoders refreshed.
[2026-03-19 14:36:17] TEST:  Epoch: [7] image	Prec@1 37.778 (41.196)	Prec@5 84.444 (85.382)
[2026-03-19 14:36:17] TEST:  Epoch: [7] image	Prec@1 1.333 (1.511)	Prec@5 48.000 (49.245)
[2026-03-19 14:36:18] TEST:  Epoch: [7] image	Prec@1 60.484 (53.251)	Prec@5 92.742 (86.996)
[2026-03-19 14:36:18] TEST:  Epoch: [7] image	Prec@1 20.000 (20.000)	Prec@5 90.286 (90.286)
[2026-03-19 14:36:18] TEST:  Epoch: [7] image	Prec@1 56.452 (56.452)	Prec@5 56.452 (56.452)
[2026-03-19 14:36:18] TEST:  Epoch: [7] text	Prec@1 0.000 (0.000)	Prec@5 0.000 (0.000)
[2026-03-19 14:36:18] TEST:  Epoch: [7] text	Prec@1 30.667 (32.931)	Prec@5 94.667 (93.656)
[2026-03-19 14:36:19] TEST:  Epoch: [7] text	Prec@1 60.484 (53.251)	Prec@5 98.387 (98.767)
[2026-03-19 14:36:19] TEST:  Epoch: [7] text	Prec@1 18.857 (18.857)	Prec@5 28.000 (28.000)
[2026-03-19 14:36:19] TEST:  Epoch: [7] text	Prec@1 0.000 (0.000)	Prec@5 0.000 (0.000)
[2026-03-19 14:37:36] [Eval] Report @step: 7.00 {
    "test__rsum": 384.0531561461794,
    "test__medr": 7.0,
    "test__meanr": 7.760797342192691,
    "test__n_fold_i2t_recall_1": 26.578073089700997,
    "test__n_fold_i2t_recall_5": 85.38205980066445,
    "test__n_fold_i2t_recall_10": 91.69435215946844,
    "test__n_fold_i2t_rsum": 203.65448504983388,
    "test__n_fold_i2t_medr": 3.0,
    "test__n_fold_i2t_meanr": 3.644518272425249,
    "test__n_fold_t2i_recall_1": 4.983388704318937,
    "test__n_fold_t2i_recall_5": 75.41528239202658,
    "test__n_fold_t2i_recall_10": 100.0,
    "test__n_fold_t2i_rsum": 180.39867109634554,
    "test__n_fold_t2i_medr": 4.0,
    "test__n_fold_t2i_meanr": 4.116279069767442,
    "test__i2t_recall_1": 26.578073089700997,
    "test__i2t_recall_5": 85.38205980066445,
    "test__i2t_recall_10": 91.69435215946844,
    "test__i2t_rsum": 203.65448504983388,
    "test__i2t_medr": 3.0,
    "test__i2t_meanr": 3.644518272425249,
    "test__t2i_recall_1": 4.983388704318937,
    "test__t2i_recall_5": 75.41528239202658,
    "test__t2i_recall_10": 100.0,
    "test__t2i_rsum": 180.39867109634554,
    "test__t2i_medr": 4.0,
    "test__t2i_meanr": 4.116279069767442
}
[2026-03-19 14:38:57] [Eval] Report @step: 7.00 {
    "test__rsum": 358.6102719033232,
    "test__medr": 5.0,
    "test__meanr": 12.507552870090635,
    "test__n_fold_i2t_recall_1": 26.88821752265861,
    "test__n_fold_i2t_recall_5": 70.69486404833837,
    "test__n_fold_i2t_recall_10": 80.06042296072508,
    "test__n_fold_i2t_rsum": 177.64350453172204,
    "test__n_fold_i2t_medr": 3.0,
    "test__n_fold_i2t_meanr": 6.858006042296073,
    "test__n_fold_t2i_recall_1": 27.794561933534744,
    "test__n_fold_t2i_recall_5": 70.39274924471299,
    "test__n_fold_t2i_recall_10": 82.77945619335347,
    "test__n_fold_t2i_rsum": 180.9667673716012,
    "test__n_fold_t2i_medr": 2.0,
    "test__n_fold_t2i_meanr": 5.649546827794562,
    "test__i2t_recall_1": 26.88821752265861,
    "test__i2t_recall_5": 70.69486404833837,
    "test__i2t_recall_10": 80.06042296072508,
    "test__i2t_rsum": 177.64350453172204,
    "test__i2t_medr": 3.0,
    "test__i2t_meanr": 6.858006042296073,
    "test__t2i_recall_1": 27.794561933534744,
    "test__t2i_recall_5": 70.39274924471299,
    "test__t2i_recall_10": 82.77945619335347,
    "test__t2i_rsum": 180.9667673716012,
    "test__t2i_medr": 2.0,
    "test__t2i_meanr": 5.649546827794562
}
[2026-03-19 14:41:50] [Eval] Report @step: 7.00 {
    "test__rsum": 364.5739910313901,
    "test__medr": 5.0,
    "test__meanr": 16.205156950672645,
    "test__n_fold_i2t_recall_1": 22.19730941704036,
    "test__n_fold_i2t_recall_5": 62.89237668161435,
    "test__n_fold_i2t_recall_10": 80.04484304932735,
    "test__n_fold_i2t_rsum": 165.13452914798205,
    "test__n_fold_i2t_medr": 4.0,
    "test__n_fold_i2t_meanr": 9.147982062780269,
    "test__n_fold_t2i_recall_1": 53.25112107623318,
    "test__n_fold_t2i_recall_5": 69.17040358744394,
    "test__n_fold_t2i_recall_10": 77.01793721973094,
    "test__n_fold_t2i_rsum": 199.43946188340806,
    "test__n_fold_t2i_medr": 1.0,
    "test__n_fold_t2i_meanr": 7.057174887892376,
    "test__i2t_recall_1": 22.19730941704036,
    "test__i2t_recall_5": 62.89237668161435,
    "test__i2t_recall_10": 80.04484304932735,
    "test__i2t_rsum": 165.13452914798205,
    "test__i2t_medr": 4.0,
    "test__i2t_meanr": 9.147982062780269,
    "test__t2i_recall_1": 53.25112107623318,
    "test__t2i_recall_5": 69.17040358744394,
    "test__t2i_recall_10": 77.01793721973094,
    "test__t2i_rsum": 199.43946188340806,
    "test__t2i_medr": 1.0,
    "test__t2i_meanr": 7.057174887892376
}
[2026-03-19 14:41:52] [Eval] Report @step: 7.00 {
    "test__rsum": 282.2857142857143,
    "test__medr": 8.0,
    "test__meanr": 20.102857142857143,
    "test__n_fold_i2t_recall_1": 17.142857142857142,
    "test__n_fold_i2t_recall_5": 50.857142857142854,
    "test__n_fold_i2t_recall_10": 69.14285714285714,
    "test__n_fold_i2t_rsum": 137.14285714285714,
    "test__n_fold_i2t_medr": 5.0,
    "test__n_fold_i2t_meanr": 9.90857142857143,
    "test__n_fold_t2i_recall_1": 14.857142857142858,
    "test__n_fold_t2i_recall_5": 61.142857142857146,
    "test__n_fold_t2i_recall_10": 69.14285714285714,
    "test__n_fold_t2i_rsum": 145.14285714285714,
    "test__n_fold_t2i_medr": 3.0,
    "test__n_fold_t2i_meanr": 10.194285714285714,
    "test__i2t_recall_1": 17.142857142857142,
    "test__i2t_recall_5": 50.857142857142854,
    "test__i2t_recall_10": 69.14285714285714,
    "test__i2t_rsum": 137.14285714285714,
    "test__i2t_medr": 5.0,
    "test__i2t_meanr": 9.90857142857143,
    "test__t2i_recall_1": 14.857142857142858,
    "test__t2i_recall_5": 61.142857142857146,
    "test__t2i_recall_10": 69.14285714285714,
    "test__t2i_rsum": 145.14285714285714,
    "test__t2i_medr": 3.0,
    "test__t2i_meanr": 10.194285714285714
}
[2026-03-19 14:41:52] [Eval] Report @step: 7.00 {
    "test__rsum": 391.93548387096774,
    "test__medr": 2.0,
    "test__meanr": 11.629032258064516,
    "test__n_fold_i2t_recall_1": 56.45161290322581,
    "test__n_fold_i2t_recall_5": 64.51612903225806,
    "test__n_fold_i2t_recall_10": 69.35483870967742,
    "test__n_fold_i2t_rsum": 190.32258064516128,
    "test__n_fold_i2t_medr": 1.0,
    "test__n_fold_i2t_meanr": 5.741935483870968,
    "test__n_fold_t2i_recall_1": 53.225806451612904,
    "test__n_fold_t2i_recall_5": 64.51612903225806,
    "test__n_fold_t2i_recall_10": 83.87096774193549,
    "test__n_fold_t2i_rsum": 201.61290322580646,
    "test__n_fold_t2i_medr": 1.0,
    "test__n_fold_t2i_meanr": 5.887096774193548,
    "test__i2t_recall_1": 56.45161290322581,
    "test__i2t_recall_5": 64.51612903225806,
    "test__i2t_recall_10": 69.35483870967742,
    "test__i2t_rsum": 190.32258064516128,
    "test__i2t_medr": 1.0,
    "test__i2t_meanr": 5.741935483870968,
    "test__t2i_recall_1": 53.225806451612904,
    "test__t2i_recall_5": 64.51612903225806,
    "test__t2i_recall_10": 83.87096774193549,
    "test__t2i_rsum": 201.61290322580646,
    "test__t2i_medr": 1.0,
    "test__t2i_meanr": 5.887096774193548
}
[2026-03-19 14:41:59] [Eval] Report @step: 7.00 {
    "test__rsum": 384.0531561461794,
    "test__medr": 7.0,
    "test__meanr": 7.760797342192691,
    "test__n_fold_i2t_recall_1": 26.578073089700997,
    "test__n_fold_i2t_recall_5": 85.38205980066445,
    "test__n_fold_i2t_recall_10": 91.69435215946844,
    "test__n_fold_i2t_rsum": 203.65448504983388,
    "test__n_fold_i2t_medr": 3.0,
    "test__n_fold_i2t_meanr": 3.644518272425249,
    "test__n_fold_t2i_recall_1": 4.983388704318937,
    "test__n_fold_t2i_recall_5": 75.41528239202658,
    "test__n_fold_t2i_recall_10": 100.0,
    "test__n_fold_t2i_rsum": 180.39867109634554,
    "test__n_fold_t2i_medr": 4.0,
    "test__n_fold_t2i_meanr": 4.116279069767442,
    "test__i2t_recall_1": 26.578073089700997,
    "test__i2t_recall_5": 85.38205980066445,
    "test__i2t_recall_10": 91.69435215946844,
    "test__i2t_rsum": 203.65448504983388,
    "test__i2t_medr": 3.0,
    "test__i2t_meanr": 3.644518272425249,
    "test__t2i_recall_1": 4.983388704318937,
    "test__t2i_recall_5": 75.41528239202658,
    "test__t2i_recall_10": 100.0,
    "test__t2i_rsum": 180.39867109634554,
    "test__t2i_medr": 4.0,
    "test__t2i_meanr": 4.116279069767442
}
[2026-03-19 14:42:07] [Eval] Report @step: 7.00 {
    "test__rsum": 358.6102719033232,
    "test__medr": 5.0,
    "test__meanr": 12.507552870090635,
    "test__n_fold_i2t_recall_1": 26.88821752265861,
    "test__n_fold_i2t_recall_5": 70.69486404833837,
    "test__n_fold_i2t_recall_10": 80.06042296072508,
    "test__n_fold_i2t_rsum": 177.64350453172204,
    "test__n_fold_i2t_medr": 3.0,
    "test__n_fold_i2t_meanr": 6.858006042296073,
    "test__n_fold_t2i_recall_1": 27.794561933534744,
    "test__n_fold_t2i_recall_5": 70.39274924471299,
    "test__n_fold_t2i_recall_10": 82.77945619335347,
    "test__n_fold_t2i_rsum": 180.9667673716012,
    "test__n_fold_t2i_medr": 2.0,
    "test__n_fold_t2i_meanr": 5.649546827794562,
    "test__i2t_recall_1": 26.88821752265861,
    "test__i2t_recall_5": 70.69486404833837,
    "test__i2t_recall_10": 80.06042296072508,
    "test__i2t_rsum": 177.64350453172204,
    "test__i2t_medr": 3.0,
    "test__i2t_meanr": 6.858006042296073,
    "test__t2i_recall_1": 27.794561933534744,
    "test__t2i_recall_5": 70.39274924471299,
    "test__t2i_recall_10": 82.77945619335347,
    "test__t2i_rsum": 180.9667673716012,
    "test__t2i_medr": 2.0,
    "test__t2i_meanr": 5.649546827794562
}
[2026-03-19 14:43:21] [Eval] Report @step: 7.00 {
    "test__rsum": 364.5739910313901,
    "test__medr": 5.0,
    "test__meanr": 16.205156950672645,
    "test__n_fold_i2t_recall_1": 22.19730941704036,
    "test__n_fold_i2t_recall_5": 62.89237668161435,
    "test__n_fold_i2t_recall_10": 80.04484304932735,
    "test__n_fold_i2t_rsum": 165.13452914798205,
    "test__n_fold_i2t_medr": 4.0,
    "test__n_fold_i2t_meanr": 9.147982062780269,
    "test__n_fold_t2i_recall_1": 53.25112107623318,
    "test__n_fold_t2i_recall_5": 69.17040358744394,
    "test__n_fold_t2i_recall_10": 77.01793721973094,
    "test__n_fold_t2i_rsum": 199.43946188340806,
    "test__n_fold_t2i_medr": 1.0,
    "test__n_fold_t2i_meanr": 7.057174887892376,
    "test__i2t_recall_1": 22.19730941704036,
    "test__i2t_recall_5": 62.89237668161435,
    "test__i2t_recall_10": 80.04484304932735,
    "test__i2t_rsum": 165.13452914798205,
    "test__i2t_medr": 4.0,
    "test__i2t_meanr": 9.147982062780269,
    "test__t2i_recall_1": 53.25112107623318,
    "test__t2i_recall_5": 69.17040358744394,
    "test__t2i_recall_10": 77.01793721973094,
    "test__t2i_rsum": 199.43946188340806,
    "test__t2i_medr": 1.0,
    "test__t2i_meanr": 7.057174887892376
}
[2026-03-19 14:43:23] [Eval] Report @step: 7.00 {
    "test__rsum": 282.2857142857143,
    "test__medr": 8.0,
    "test__meanr": 20.102857142857143,
    "test__n_fold_i2t_recall_1": 17.142857142857142,
    "test__n_fold_i2t_recall_5": 50.857142857142854,
    "test__n_fold_i2t_recall_10": 69.14285714285714,
    "test__n_fold_i2t_rsum": 137.14285714285714,
    "test__n_fold_i2t_medr": 5.0,
    "test__n_fold_i2t_meanr": 9.90857142857143,
    "test__n_fold_t2i_recall_1": 14.857142857142858,
    "test__n_fold_t2i_recall_5": 61.142857142857146,
    "test__n_fold_t2i_recall_10": 69.14285714285714,
    "test__n_fold_t2i_rsum": 145.14285714285714,
    "test__n_fold_t2i_medr": 3.0,
    "test__n_fold_t2i_meanr": 10.194285714285714,
    "test__i2t_recall_1": 17.142857142857142,
    "test__i2t_recall_5": 50.857142857142854,
    "test__i2t_recall_10": 69.14285714285714,
    "test__i2t_rsum": 137.14285714285714,
    "test__i2t_medr": 5.0,
    "test__i2t_meanr": 9.90857142857143,
    "test__t2i_recall_1": 14.857142857142858,
    "test__t2i_recall_5": 61.142857142857146,
    "test__t2i_recall_10": 69.14285714285714,
    "test__t2i_rsum": 145.14285714285714,
    "test__t2i_medr": 3.0,
    "test__t2i_meanr": 10.194285714285714
}
[2026-03-19 14:43:23] [Eval] Report @step: 7.00 {
    "test__rsum": 391.93548387096774,
    "test__medr": 2.0,
    "test__meanr": 11.629032258064516,
    "test__n_fold_i2t_recall_1": 56.45161290322581,
    "test__n_fold_i2t_recall_5": 64.51612903225806,
    "test__n_fold_i2t_recall_10": 69.35483870967742,
    "test__n_fold_i2t_rsum": 190.32258064516128,
    "test__n_fold_i2t_medr": 1.0,
    "test__n_fold_i2t_meanr": 5.741935483870968,
    "test__n_fold_t2i_recall_1": 53.225806451612904,
    "test__n_fold_t2i_recall_5": 64.51612903225806,
    "test__n_fold_t2i_recall_10": 83.87096774193549,
    "test__n_fold_t2i_rsum": 201.61290322580646,
    "test__n_fold_t2i_medr": 1.0,
    "test__n_fold_t2i_meanr": 5.887096774193548,
    "test__i2t_recall_1": 56.45161290322581,
    "test__i2t_recall_5": 64.51612903225806,
    "test__i2t_recall_10": 69.35483870967742,
    "test__i2t_rsum": 190.32258064516128,
    "test__i2t_medr": 1.0,
    "test__i2t_meanr": 5.741935483870968,
    "test__t2i_recall_1": 53.225806451612904,
    "test__t2i_recall_5": 64.51612903225806,
    "test__t2i_recall_10": 83.87096774193549,
    "test__t2i_rsum": 201.61290322580646,
    "test__t2i_medr": 1.0,
    "test__t2i_meanr": 5.887096774193548
}
[2026-03-19 14:43:31] [Eval] Report @step: 7.00 {
    "test__rsum": 384.0531561461794,
    "test__medr": 7.0,
    "test__meanr": 7.760797342192691,
    "test__n_fold_i2t_recall_1": 26.578073089700997,
    "test__n_fold_i2t_recall_5": 85.38205980066445,
    "test__n_fold_i2t_recall_10": 91.69435215946844,
    "test__n_fold_i2t_rsum": 203.65448504983388,
    "test__n_fold_i2t_medr": 3.0,
    "test__n_fold_i2t_meanr": 3.644518272425249,
    "test__n_fold_t2i_recall_1": 4.983388704318937,
    "test__n_fold_t2i_recall_5": 75.41528239202658,
    "test__n_fold_t2i_recall_10": 100.0,
    "test__n_fold_t2i_rsum": 180.39867109634554,
    "test__n_fold_t2i_medr": 4.0,
    "test__n_fold_t2i_meanr": 4.116279069767442,
    "test__i2t_recall_1": 26.578073089700997,
    "test__i2t_recall_5": 85.38205980066445,
    "test__i2t_recall_10": 91.69435215946844,
    "test__i2t_rsum": 203.65448504983388,
    "test__i2t_medr": 3.0,
    "test__i2t_meanr": 3.644518272425249,
    "test__t2i_recall_1": 4.983388704318937,
    "test__t2i_recall_5": 75.41528239202658,
    "test__t2i_recall_10": 100.0,
    "test__t2i_rsum": 180.39867109634554,
    "test__t2i_medr": 4.0,
    "test__t2i_meanr": 4.116279069767442
}
[2026-03-19 14:43:38] [Eval] Report @step: 7.00 {
    "test__rsum": 358.6102719033232,
    "test__medr": 5.0,
    "test__meanr": 12.507552870090635,
    "test__n_fold_i2t_recall_1": 26.88821752265861,
    "test__n_fold_i2t_recall_5": 70.69486404833837,
    "test__n_fold_i2t_recall_10": 80.06042296072508,
    "test__n_fold_i2t_rsum": 177.64350453172204,
    "test__n_fold_i2t_medr": 3.0,
    "test__n_fold_i2t_meanr": 6.858006042296073,
    "test__n_fold_t2i_recall_1": 27.794561933534744,
    "test__n_fold_t2i_recall_5": 70.39274924471299,
    "test__n_fold_t2i_recall_10": 82.77945619335347,
    "test__n_fold_t2i_rsum": 180.9667673716012,
    "test__n_fold_t2i_medr": 2.0,
    "test__n_fold_t2i_meanr": 5.649546827794562,
    "test__i2t_recall_1": 26.88821752265861,
    "test__i2t_recall_5": 70.69486404833837,
    "test__i2t_recall_10": 80.06042296072508,
    "test__i2t_rsum": 177.64350453172204,
    "test__i2t_medr": 3.0,
    "test__i2t_meanr": 6.858006042296073,
    "test__t2i_recall_1": 27.794561933534744,
    "test__t2i_recall_5": 70.39274924471299,
    "test__t2i_recall_10": 82.77945619335347,
    "test__t2i_rsum": 180.9667673716012,
    "test__t2i_medr": 2.0,
    "test__t2i_meanr": 5.649546827794562
}
[2026-03-19 14:47:26] [Eval] Report @step: 7.00 {
    "test__rsum": 364.5739910313901,
    "test__medr": 5.0,
    "test__meanr": 16.205156950672645,
    "test__n_fold_i2t_recall_1": 22.19730941704036,
    "test__n_fold_i2t_recall_5": 62.89237668161435,
    "test__n_fold_i2t_recall_10": 80.04484304932735,
    "test__n_fold_i2t_rsum": 165.13452914798205,
    "test__n_fold_i2t_medr": 4.0,
    "test__n_fold_i2t_meanr": 9.147982062780269,
    "test__n_fold_t2i_recall_1": 53.25112107623318,
    "test__n_fold_t2i_recall_5": 69.17040358744394,
    "test__n_fold_t2i_recall_10": 77.01793721973094,
    "test__n_fold_t2i_rsum": 199.43946188340806,
    "test__n_fold_t2i_medr": 1.0,
    "test__n_fold_t2i_meanr": 7.057174887892376,
    "test__i2t_recall_1": 22.19730941704036,
    "test__i2t_recall_5": 62.89237668161435,
    "test__i2t_recall_10": 80.04484304932735,
    "test__i2t_rsum": 165.13452914798205,
    "test__i2t_medr": 4.0,
    "test__i2t_meanr": 9.147982062780269,
    "test__t2i_recall_1": 53.25112107623318,
    "test__t2i_recall_5": 69.17040358744394,
    "test__t2i_recall_10": 77.01793721973094,
    "test__t2i_rsum": 199.43946188340806,
    "test__t2i_medr": 1.0,
    "test__t2i_meanr": 7.057174887892376
}
[2026-03-19 14:47:28] [Eval] Report @step: 7.00 {
    "test__rsum": 282.2857142857143,
    "test__medr": 8.0,
    "test__meanr": 20.102857142857143,
    "test__n_fold_i2t_recall_1": 17.142857142857142,
    "test__n_fold_i2t_recall_5": 50.857142857142854,
    "test__n_fold_i2t_recall_10": 69.14285714285714,
    "test__n_fold_i2t_rsum": 137.14285714285714,
    "test__n_fold_i2t_medr": 5.0,
    "test__n_fold_i2t_meanr": 9.90857142857143,
    "test__n_fold_t2i_recall_1": 14.857142857142858,
    "test__n_fold_t2i_recall_5": 61.142857142857146,
    "test__n_fold_t2i_recall_10": 69.14285714285714,
    "test__n_fold_t2i_rsum": 145.14285714285714,
    "test__n_fold_t2i_medr": 3.0,
    "test__n_fold_t2i_meanr": 10.194285714285714,
    "test__i2t_recall_1": 17.142857142857142,
    "test__i2t_recall_5": 50.857142857142854,
    "test__i2t_recall_10": 69.14285714285714,
    "test__i2t_rsum": 137.14285714285714,
    "test__i2t_medr": 5.0,
    "test__i2t_meanr": 9.90857142857143,
    "test__t2i_recall_1": 14.857142857142858,
    "test__t2i_recall_5": 61.142857142857146,
    "test__t2i_recall_10": 69.14285714285714,
    "test__t2i_rsum": 145.14285714285714,
    "test__t2i_medr": 3.0,
    "test__t2i_meanr": 10.194285714285714
}
[2026-03-19 14:47:28] [Eval] Report @step: 7.00 {
    "test__rsum": 391.93548387096774,
    "test__medr": 2.0,
    "test__meanr": 11.629032258064516,
    "test__n_fold_i2t_recall_1": 56.45161290322581,
    "test__n_fold_i2t_recall_5": 64.51612903225806,
    "test__n_fold_i2t_recall_10": 69.35483870967742,
    "test__n_fold_i2t_rsum": 190.32258064516128,
    "test__n_fold_i2t_medr": 1.0,
    "test__n_fold_i2t_meanr": 5.741935483870968,
    "test__n_fold_t2i_recall_1": 53.225806451612904,
    "test__n_fold_t2i_recall_5": 64.51612903225806,
    "test__n_fold_t2i_recall_10": 83.87096774193549,
    "test__n_fold_t2i_rsum": 201.61290322580646,
    "test__n_fold_t2i_medr": 1.0,
    "test__n_fold_t2i_meanr": 5.887096774193548,
    "test__i2t_recall_1": 56.45161290322581,
    "test__i2t_recall_5": 64.51612903225806,
    "test__i2t_recall_10": 69.35483870967742,
    "test__i2t_rsum": 190.32258064516128,
    "test__i2t_medr": 1.0,
    "test__i2t_meanr": 5.741935483870968,
    "test__t2i_recall_1": 53.225806451612904,
    "test__t2i_recall_5": 64.51612903225806,
    "test__t2i_recall_10": 83.87096774193549,
    "test__t2i_rsum": 201.61290322580646,
    "test__t2i_medr": 1.0,
    "test__t2i_meanr": 5.887096774193548
}
[2026-03-19 14:47:35] [Eval] Report @step: 7.00 {
    "test__rsum": 384.0531561461794,
    "test__medr": 7.0,
    "test__meanr": 7.760797342192691,
    "test__n_fold_i2t_recall_1": 26.578073089700997,
    "test__n_fold_i2t_recall_5": 85.38205980066445,
    "test__n_fold_i2t_recall_10": 91.69435215946844,
    "test__n_fold_i2t_rsum": 203.65448504983388,
    "test__n_fold_i2t_medr": 3.0,
    "test__n_fold_i2t_meanr": 3.644518272425249,
    "test__n_fold_t2i_recall_1": 4.983388704318937,
    "test__n_fold_t2i_recall_5": 75.41528239202658,
    "test__n_fold_t2i_recall_10": 100.0,
    "test__n_fold_t2i_rsum": 180.39867109634554,
    "test__n_fold_t2i_medr": 4.0,
    "test__n_fold_t2i_meanr": 4.116279069767442,
    "test__i2t_recall_1": 26.578073089700997,
    "test__i2t_recall_5": 85.38205980066445,
    "test__i2t_recall_10": 91.69435215946844,
    "test__i2t_rsum": 203.65448504983388,
    "test__i2t_medr": 3.0,
    "test__i2t_meanr": 3.644518272425249,
    "test__t2i_recall_1": 4.983388704318937,
    "test__t2i_recall_5": 75.41528239202658,
    "test__t2i_recall_10": 100.0,
    "test__t2i_rsum": 180.39867109634554,
    "test__t2i_medr": 4.0,
    "test__t2i_meanr": 4.116279069767442
}
[2026-03-19 14:47:43] [Eval] Report @step: 7.00 {
    "test__rsum": 358.6102719033232,
    "test__medr": 5.0,
    "test__meanr": 12.507552870090635,
    "test__n_fold_i2t_recall_1": 26.88821752265861,
    "test__n_fold_i2t_recall_5": 70.69486404833837,
    "test__n_fold_i2t_recall_10": 80.06042296072508,
    "test__n_fold_i2t_rsum": 177.64350453172204,
    "test__n_fold_i2t_medr": 3.0,
    "test__n_fold_i2t_meanr": 6.858006042296073,
    "test__n_fold_t2i_recall_1": 27.794561933534744,
    "test__n_fold_t2i_recall_5": 70.39274924471299,
    "test__n_fold_t2i_recall_10": 82.77945619335347,
    "test__n_fold_t2i_rsum": 180.9667673716012,
    "test__n_fold_t2i_medr": 2.0,
    "test__n_fold_t2i_meanr": 5.649546827794562,
    "test__i2t_recall_1": 26.88821752265861,
    "test__i2t_recall_5": 70.69486404833837,
    "test__i2t_recall_10": 80.06042296072508,
    "test__i2t_rsum": 177.64350453172204,
    "test__i2t_medr": 3.0,
    "test__i2t_meanr": 6.858006042296073,
    "test__t2i_recall_1": 27.794561933534744,
    "test__t2i_recall_5": 70.39274924471299,
    "test__t2i_recall_10": 82.77945619335347,
    "test__t2i_rsum": 180.9667673716012,
    "test__t2i_medr": 2.0,
    "test__t2i_meanr": 5.649546827794562
}
[2026-03-19 14:53:28] [Eval] Report @step: 7.00 {
    "test__rsum": 364.5739910313901,
    "test__medr": 5.0,
    "test__meanr": 16.205156950672645,
    "test__n_fold_i2t_recall_1": 22.19730941704036,
    "test__n_fold_i2t_recall_5": 62.89237668161435,
    "test__n_fold_i2t_recall_10": 80.04484304932735,
    "test__n_fold_i2t_rsum": 165.13452914798205,
    "test__n_fold_i2t_medr": 4.0,
    "test__n_fold_i2t_meanr": 9.147982062780269,
    "test__n_fold_t2i_recall_1": 53.25112107623318,
    "test__n_fold_t2i_recall_5": 69.17040358744394,
    "test__n_fold_t2i_recall_10": 77.01793721973094,
    "test__n_fold_t2i_rsum": 199.43946188340806,
    "test__n_fold_t2i_medr": 1.0,
    "test__n_fold_t2i_meanr": 7.057174887892376,
    "test__i2t_recall_1": 22.19730941704036,
    "test__i2t_recall_5": 62.89237668161435,
    "test__i2t_recall_10": 80.04484304932735,
    "test__i2t_rsum": 165.13452914798205,
    "test__i2t_medr": 4.0,
    "test__i2t_meanr": 9.147982062780269,
    "test__t2i_recall_1": 53.25112107623318,
    "test__t2i_recall_5": 69.17040358744394,
    "test__t2i_recall_10": 77.01793721973094,
    "test__t2i_rsum": 199.43946188340806,
    "test__t2i_medr": 1.0,
    "test__t2i_meanr": 7.057174887892376
}
[2026-03-19 14:53:39] [Eval] Report @step: 7.00 {
    "test__rsum": 282.2857142857143,
    "test__medr": 8.0,
    "test__meanr": 20.102857142857143,
    "test__n_fold_i2t_recall_1": 17.142857142857142,
    "test__n_fold_i2t_recall_5": 50.857142857142854,
    "test__n_fold_i2t_recall_10": 69.14285714285714,
    "test__n_fold_i2t_rsum": 137.14285714285714,
    "test__n_fold_i2t_medr": 5.0,
    "test__n_fold_i2t_meanr": 9.90857142857143,
    "test__n_fold_t2i_recall_1": 14.857142857142858,
    "test__n_fold_t2i_recall_5": 61.142857142857146,
    "test__n_fold_t2i_recall_10": 69.14285714285714,
    "test__n_fold_t2i_rsum": 145.14285714285714,
    "test__n_fold_t2i_medr": 3.0,
    "test__n_fold_t2i_meanr": 10.194285714285714,
    "test__i2t_recall_1": 17.142857142857142,
    "test__i2t_recall_5": 50.857142857142854,
    "test__i2t_recall_10": 69.14285714285714,
    "test__i2t_rsum": 137.14285714285714,
    "test__i2t_medr": 5.0,
    "test__i2t_meanr": 9.90857142857143,
    "test__t2i_recall_1": 14.857142857142858,
    "test__t2i_recall_5": 61.142857142857146,
    "test__t2i_recall_10": 69.14285714285714,
    "test__t2i_rsum": 145.14285714285714,
    "test__t2i_medr": 3.0,
    "test__t2i_meanr": 10.194285714285714
}
[2026-03-19 14:53:40] [Eval] Report @step: 7.00 {
    "test__rsum": 391.93548387096774,
    "test__medr": 2.0,
    "test__meanr": 11.629032258064516,
    "test__n_fold_i2t_recall_1": 56.45161290322581,
    "test__n_fold_i2t_recall_5": 64.51612903225806,
    "test__n_fold_i2t_recall_10": 69.35483870967742,
    "test__n_fold_i2t_rsum": 190.32258064516128,
    "test__n_fold_i2t_medr": 1.0,
    "test__n_fold_i2t_meanr": 5.741935483870968,
    "test__n_fold_t2i_recall_1": 53.225806451612904,
    "test__n_fold_t2i_recall_5": 64.51612903225806,
    "test__n_fold_t2i_recall_10": 83.87096774193549,
    "test__n_fold_t2i_rsum": 201.61290322580646,
    "test__n_fold_t2i_medr": 1.0,
    "test__n_fold_t2i_meanr": 5.887096774193548,
    "test__i2t_recall_1": 56.45161290322581,
    "test__i2t_recall_5": 64.51612903225806,
    "test__i2t_recall_10": 69.35483870967742,
    "test__i2t_rsum": 190.32258064516128,
    "test__i2t_medr": 1.0,
    "test__i2t_meanr": 5.741935483870968,
    "test__t2i_recall_1": 53.225806451612904,
    "test__t2i_recall_5": 64.51612903225806,
    "test__t2i_recall_10": 83.87096774193549,
    "test__t2i_rsum": 201.61290322580646,
    "test__t2i_medr": 1.0,
    "test__t2i_meanr": 5.887096774193548
}
[2026-03-19 14:54:26] [Eval] Report @step: 7.00 {
    "test__rsum": 384.0531561461794,
    "test__medr": 7.0,
    "test__meanr": 7.760797342192691,
    "test__n_fold_i2t_recall_1": 26.578073089700997,
    "test__n_fold_i2t_recall_5": 85.38205980066445,
    "test__n_fold_i2t_recall_10": 91.69435215946844,
    "test__n_fold_i2t_rsum": 203.65448504983388,
    "test__n_fold_i2t_medr": 3.0,
    "test__n_fold_i2t_meanr": 3.644518272425249,
    "test__n_fold_t2i_recall_1": 4.983388704318937,
    "test__n_fold_t2i_recall_5": 75.41528239202658,
    "test__n_fold_t2i_recall_10": 100.0,
    "test__n_fold_t2i_rsum": 180.39867109634554,
    "test__n_fold_t2i_medr": 4.0,
    "test__n_fold_t2i_meanr": 4.116279069767442,
    "test__i2t_recall_1": 26.578073089700997,
    "test__i2t_recall_5": 85.38205980066445,
    "test__i2t_recall_10": 91.69435215946844,
    "test__i2t_rsum": 203.65448504983388,
    "test__i2t_medr": 3.0,
    "test__i2t_meanr": 3.644518272425249,
    "test__t2i_recall_1": 4.983388704318937,
    "test__t2i_recall_5": 75.41528239202658,
    "test__t2i_recall_10": 100.0,
    "test__t2i_rsum": 180.39867109634554,
    "test__t2i_medr": 4.0,
    "test__t2i_meanr": 4.116279069767442
}
[2026-03-19 14:55:10] [Eval] Report @step: 7.00 {
    "test__rsum": 358.6102719033232,
    "test__medr": 5.0,
    "test__meanr": 12.507552870090635,
    "test__n_fold_i2t_recall_1": 26.88821752265861,
    "test__n_fold_i2t_recall_5": 70.69486404833837,
    "test__n_fold_i2t_recall_10": 80.06042296072508,
    "test__n_fold_i2t_rsum": 177.64350453172204,
    "test__n_fold_i2t_medr": 3.0,
    "test__n_fold_i2t_meanr": 6.858006042296073,
    "test__n_fold_t2i_recall_1": 27.794561933534744,
    "test__n_fold_t2i_recall_5": 70.39274924471299,
    "test__n_fold_t2i_recall_10": 82.77945619335347,
    "test__n_fold_t2i_rsum": 180.9667673716012,
    "test__n_fold_t2i_medr": 2.0,
    "test__n_fold_t2i_meanr": 5.649546827794562,
    "test__i2t_recall_1": 26.88821752265861,
    "test__i2t_recall_5": 70.69486404833837,
    "test__i2t_recall_10": 80.06042296072508,
    "test__i2t_rsum": 177.64350453172204,
    "test__i2t_medr": 3.0,
    "test__i2t_meanr": 6.858006042296073,
    "test__t2i_recall_1": 27.794561933534744,
    "test__t2i_recall_5": 70.39274924471299,
    "test__t2i_recall_10": 82.77945619335347,
    "test__t2i_rsum": 180.9667673716012,
    "test__t2i_medr": 2.0,
    "test__t2i_meanr": 5.649546827794562
}
[2026-03-19 15:02:59] [Eval] Report @step: 7.00 {
    "test__rsum": 364.5739910313901,
    "test__medr": 5.0,
    "test__meanr": 16.205156950672645,
    "test__n_fold_i2t_recall_1": 22.19730941704036,
    "test__n_fold_i2t_recall_5": 62.89237668161435,
    "test__n_fold_i2t_recall_10": 80.04484304932735,
    "test__n_fold_i2t_rsum": 165.13452914798205,
    "test__n_fold_i2t_medr": 4.0,
    "test__n_fold_i2t_meanr": 9.147982062780269,
    "test__n_fold_t2i_recall_1": 53.25112107623318,
    "test__n_fold_t2i_recall_5": 69.17040358744394,
    "test__n_fold_t2i_recall_10": 77.01793721973094,
    "test__n_fold_t2i_rsum": 199.43946188340806,
    "test__n_fold_t2i_medr": 1.0,
    "test__n_fold_t2i_meanr": 7.057174887892376,
    "test__i2t_recall_1": 22.19730941704036,
    "test__i2t_recall_5": 62.89237668161435,
    "test__i2t_recall_10": 80.04484304932735,
    "test__i2t_rsum": 165.13452914798205,
    "test__i2t_medr": 4.0,
    "test__i2t_meanr": 9.147982062780269,
    "test__t2i_recall_1": 53.25112107623318,
    "test__t2i_recall_5": 69.17040358744394,
    "test__t2i_recall_10": 77.01793721973094,
    "test__t2i_rsum": 199.43946188340806,
    "test__t2i_medr": 1.0,
    "test__t2i_meanr": 7.057174887892376
}
[2026-03-19 15:03:08] [Eval] Report @step: 7.00 {
    "test__rsum": 282.2857142857143,
    "test__medr": 8.0,
    "test__meanr": 20.102857142857143,
    "test__n_fold_i2t_recall_1": 17.142857142857142,
    "test__n_fold_i2t_recall_5": 50.857142857142854,
    "test__n_fold_i2t_recall_10": 69.14285714285714,
    "test__n_fold_i2t_rsum": 137.14285714285714,
    "test__n_fold_i2t_medr": 5.0,
    "test__n_fold_i2t_meanr": 9.90857142857143,
    "test__n_fold_t2i_recall_1": 14.857142857142858,
    "test__n_fold_t2i_recall_5": 61.142857142857146,
    "test__n_fold_t2i_recall_10": 69.14285714285714,
    "test__n_fold_t2i_rsum": 145.14285714285714,
    "test__n_fold_t2i_medr": 3.0,
    "test__n_fold_t2i_meanr": 10.194285714285714,
    "test__i2t_recall_1": 17.142857142857142,
    "test__i2t_recall_5": 50.857142857142854,
    "test__i2t_recall_10": 69.14285714285714,
    "test__i2t_rsum": 137.14285714285714,
    "test__i2t_medr": 5.0,
    "test__i2t_meanr": 9.90857142857143,
    "test__t2i_recall_1": 14.857142857142858,
    "test__t2i_recall_5": 61.142857142857146,
    "test__t2i_recall_10": 69.14285714285714,
    "test__t2i_rsum": 145.14285714285714,
    "test__t2i_medr": 3.0,
    "test__t2i_meanr": 10.194285714285714
}
[2026-03-19 15:03:11] [Eval] Report @step: 7.00 {
    "test__rsum": 391.93548387096774,
    "test__medr": 2.0,
    "test__meanr": 11.629032258064516,
    "test__n_fold_i2t_recall_1": 56.45161290322581,
    "test__n_fold_i2t_recall_5": 64.51612903225806,
    "test__n_fold_i2t_recall_10": 69.35483870967742,
    "test__n_fold_i2t_rsum": 190.32258064516128,
    "test__n_fold_i2t_medr": 1.0,
    "test__n_fold_i2t_meanr": 5.741935483870968,
    "test__n_fold_t2i_recall_1": 53.225806451612904,
    "test__n_fold_t2i_recall_5": 64.51612903225806,
    "test__n_fold_t2i_recall_10": 83.87096774193549,
    "test__n_fold_t2i_rsum": 201.61290322580646,
    "test__n_fold_t2i_medr": 1.0,
    "test__n_fold_t2i_meanr": 5.887096774193548,
    "test__i2t_recall_1": 56.45161290322581,
    "test__i2t_recall_5": 64.51612903225806,
    "test__i2t_recall_10": 69.35483870967742,
    "test__i2t_rsum": 190.32258064516128,
    "test__i2t_medr": 1.0,
    "test__i2t_meanr": 5.741935483870968,
    "test__t2i_recall_1": 53.225806451612904,
    "test__t2i_recall_5": 64.51612903225806,
    "test__t2i_recall_10": 83.87096774193549,
    "test__t2i_rsum": 201.61290322580646,
    "test__t2i_medr": 1.0,
    "test__t2i_meanr": 5.887096774193548
}
[2026-03-19 15:03:11] Round 8!
[2026-03-19 15:03:11] Harmony enters stage1 at round 8.
[2026-03-19 15:03:11] Training Client 0!
[2026-03-19 15:03:11] Epoch: [8] image	Loss 2.1812 (2.2883)	Prec@1 39.062 (38.932)	Prec@5 90.234 (88.281)
[2026-03-19 15:03:11] TEST:  Epoch: [8] image	Prec@1 37.778 (41.196)	Prec@5 88.889 (88.372)
[2026-03-19 15:03:12] Training Client 1!
[2026-03-19 15:03:12] Epoch: [8] image	Loss 3.2228 (3.2228)	Prec@1 0.781 (0.781)	Prec@5 45.703 (45.703)
[2026-03-19 15:03:12] TEST:  Epoch: [8] image	Prec@1 16.000 (13.595)	Prec@5 78.667 (76.133)
[2026-03-19 15:03:12] Training Client 2!
[2026-03-19 15:03:12] Epoch: [8] image	Loss 2.0191 (2.0742)	Prec@1 51.562 (52.344)	Prec@5 94.531 (91.927)
[2026-03-19 15:03:13] TEST:  Epoch: [8] image	Prec@1 60.484 (53.251)	Prec@5 97.581 (95.516)
[2026-03-19 15:03:13] Training Client 3!
[2026-03-19 15:03:13] Epoch: [8] image	Loss 2.4483 (2.5485)	Prec@1 29.297 (27.995)	Prec@5 91.797 (88.672)
[2026-03-19 15:03:13] TEST:  Epoch: [8] image	Prec@1 20.000 (20.000)	Prec@5 89.714 (89.714)
[2026-03-19 15:03:13] Training Client 4!
[2026-03-19 15:03:14] Epoch: [8] image	Loss 3.0831 (3.0831)	Prec@1 61.719 (61.719)	Prec@5 62.500 (62.500)
[2026-03-19 15:03:14] TEST:  Epoch: [8] image	Prec@1 56.452 (56.452)	Prec@5 74.194 (74.194)
[2026-03-19 15:03:14] Training Client 5!
[2026-03-19 15:03:14] Epoch: [8] text	Loss 3.5184 (3.5184)	Prec@1 0.000 (0.000)	Prec@5 0.000 (0.000)
[2026-03-19 15:03:14] TEST:  Epoch: [8] text	Prec@1 0.000 (0.000)	Prec@5 0.000 (0.000)
[2026-03-19 15:03:14] Training Client 6!
[2026-03-19 15:03:14] Epoch: [8] text	Loss 2.2112 (2.3126)	Prec@1 29.297 (31.771)	Prec@5 95.703 (93.229)
[2026-03-19 15:03:15] TEST:  Epoch: [8] text	Prec@1 30.667 (32.931)	Prec@5 94.667 (93.656)
[2026-03-19 15:03:15] Training Client 7!
[2026-03-19 15:03:16] Epoch: [8] text	Loss 1.4307 (1.3955)	Prec@1 55.078 (53.814)	Prec@5 98.047 (99.127)
[2026-03-19 15:03:17] TEST:  Epoch: [8] text	Prec@1 60.484 (53.251)	Prec@5 98.387 (98.767)
[2026-03-19 15:03:17] Training Client 8!
[2026-03-19 15:03:17] Epoch: [8] text	Loss 3.2750 (3.2750)	Prec@1 26.953 (26.953)	Prec@5 38.672 (38.672)
[2026-03-19 15:03:17] TEST:  Epoch: [8] text	Prec@1 20.000 (20.000)	Prec@5 28.571 (28.571)
[2026-03-19 15:03:17] Training Client 9!
[2026-03-19 15:03:17] Epoch: [8] text	Loss 0.0000 (0.0000)	Prec@1 0.000 (0.000)	Prec@5 0.000 (0.000)
[2026-03-19 15:03:17] TEST:  Epoch: [8] text	Prec@1 0.000 (0.000)	Prec@5 0.000 (0.000)
[2026-03-19 15:03:17] Training Client 10!
[2026-03-19 15:03:17] Epoch 8
[2026-03-19 15:03:18] Training Client 11!
[2026-03-19 15:03:18] Epoch 8
[2026-03-19 15:03:20] Training Client 12!
[2026-03-19 15:03:20] Epoch 8
[2026-03-19 15:03:22] Training Client 13!
[2026-03-19 15:03:22] Epoch 8
[2026-03-19 15:03:22] Skip local epoch for client 3: train loader has no full batch
[2026-03-19 15:03:22] Training Client 14!
[2026-03-19 15:03:22] Epoch 8
[2026-03-19 15:03:22] Skip local epoch for client 4: train loader has no full batch
[2026-03-19 15:03:22] Harmony stage1 completed at round 8; benchmark encoders refreshed.
[2026-03-19 15:03:22] TEST:  Epoch: [8] image	Prec@1 37.778 (41.196)	Prec@5 88.889 (88.372)
[2026-03-19 15:03:22] TEST:  Epoch: [8] image	Prec@1 13.333 (12.085)	Prec@5 56.000 (57.704)
[2026-03-19 15:03:23] TEST:  Epoch: [8] image	Prec@1 60.484 (53.251)	Prec@5 95.968 (92.152)
[2026-03-19 15:03:23] TEST:  Epoch: [8] image	Prec@1 20.000 (20.000)	Prec@5 89.714 (89.714)
[2026-03-19 15:03:23] TEST:  Epoch: [8] image	Prec@1 56.452 (56.452)	Prec@5 58.065 (58.065)
[2026-03-19 15:03:24] TEST:  Epoch: [8] text	Prec@1 0.000 (0.000)	Prec@5 0.000 (0.000)
[2026-03-19 15:03:24] TEST:  Epoch: [8] text	Prec@1 30.667 (32.931)	Prec@5 94.667 (93.656)
[2026-03-19 15:03:24] TEST:  Epoch: [8] text	Prec@1 60.484 (53.251)	Prec@5 98.387 (98.767)
[2026-03-19 15:03:24] TEST:  Epoch: [8] text	Prec@1 20.000 (20.000)	Prec@5 28.000 (28.000)
[2026-03-19 15:03:25] TEST:  Epoch: [8] text	Prec@1 0.000 (0.000)	Prec@5 0.000 (0.000)
[2026-03-19 15:04:01] [Eval] Report @step: 8.00 {
    "test__rsum": 394.01993355481727,
    "test__medr": 8.0,
    "test__meanr": 8.09966777408638,
    "test__n_fold_i2t_recall_1": 26.578073089700997,
    "test__n_fold_i2t_recall_5": 85.38205980066445,
    "test__n_fold_i2t_recall_10": 85.38205980066445,
    "test__n_fold_i2t_rsum": 197.34219269102988,
    "test__n_fold_i2t_medr": 4.0,
    "test__n_fold_i2t_meanr": 4.574750830564784,
    "test__n_fold_t2i_recall_1": 3.9867109634551494,
    "test__n_fold_t2i_recall_5": 92.69102990033223,
    "test__n_fold_t2i_recall_10": 100.0,
    "test__n_fold_t2i_rsum": 196.6777408637874,
    "test__n_fold_t2i_medr": 4.0,
    "test__n_fold_t2i_meanr": 3.524916943521595,
    "test__i2t_recall_1": 26.578073089700997,
    "test__i2t_recall_5": 85.38205980066445,
    "test__i2t_recall_10": 85.38205980066445,
    "test__i2t_rsum": 197.34219269102988,
    "test__i2t_medr": 4.0,
    "test__i2t_meanr": 4.574750830564784,
    "test__t2i_recall_1": 3.9867109634551494,
    "test__t2i_recall_5": 92.69102990033223,
    "test__t2i_recall_10": 100.0,
    "test__t2i_rsum": 196.6777408637874,
    "test__t2i_medr": 4.0,
    "test__t2i_meanr": 3.524916943521595
}
[2026-03-19 15:04:48] [Eval] Report @step: 8.00 {
    "test__rsum": 364.35045317220545,
    "test__medr": 5.0,
    "test__meanr": 12.241691842900302,
    "test__n_fold_i2t_recall_1": 26.88821752265861,
    "test__n_fold_i2t_recall_5": 64.65256797583082,
    "test__n_fold_i2t_recall_10": 82.4773413897281,
    "test__n_fold_i2t_rsum": 174.01812688821752,
    "test__n_fold_i2t_medr": 3.0,
    "test__n_fold_i2t_meanr": 6.601208459214502,
    "test__n_fold_t2i_recall_1": 42.90030211480362,
    "test__n_fold_t2i_recall_5": 66.76737160120845,
    "test__n_fold_t2i_recall_10": 80.66465256797584,
    "test__n_fold_t2i_rsum": 190.33232628398792,
    "test__n_fold_t2i_medr": 2.0,
    "test__n_fold_t2i_meanr": 5.640483383685801,
    "test__i2t_recall_1": 26.88821752265861,
    "test__i2t_recall_5": 64.65256797583082,
    "test__i2t_recall_10": 82.4773413897281,
    "test__i2t_rsum": 174.01812688821752,
    "test__i2t_medr": 3.0,
    "test__i2t_meanr": 6.601208459214502,
    "test__t2i_recall_1": 42.90030211480362,
    "test__t2i_recall_5": 66.76737160120845,
    "test__t2i_recall_10": 80.66465256797584,
    "test__t2i_rsum": 190.33232628398792,
    "test__t2i_medr": 2.0,
    "test__t2i_meanr": 5.640483383685801
}
[2026-03-19 15:11:50] [Eval] Report @step: 8.00 {
    "test__rsum": 392.82511210762334,
    "test__medr": 5.0,
    "test__meanr": 12.25,
    "test__n_fold_i2t_recall_1": 20.96412556053812,
    "test__n_fold_i2t_recall_5": 79.82062780269058,
    "test__n_fold_i2t_recall_10": 85.98654708520179,
    "test__n_fold_i2t_rsum": 186.7713004484305,
    "test__n_fold_i2t_medr": 4.0,
    "test__n_fold_i2t_meanr": 5.468609865470852,
    "test__n_fold_t2i_recall_1": 53.25112107623318,
    "test__n_fold_t2i_recall_5": 73.20627802690584,
    "test__n_fold_t2i_recall_10": 79.5964125560538,
    "test__n_fold_t2i_rsum": 206.05381165919283,
    "test__n_fold_t2i_medr": 1.0,
    "test__n_fold_t2i_meanr": 6.781390134529148,
    "test__i2t_recall_1": 20.96412556053812,
    "test__i2t_recall_5": 79.82062780269058,
    "test__i2t_recall_10": 85.98654708520179,
    "test__i2t_rsum": 186.7713004484305,
    "test__i2t_medr": 4.0,
    "test__i2t_meanr": 5.468609865470852,
    "test__t2i_recall_1": 53.25112107623318,
    "test__t2i_recall_5": 73.20627802690584,
    "test__t2i_recall_10": 79.5964125560538,
    "test__t2i_rsum": 206.05381165919283,
    "test__t2i_medr": 1.0,
    "test__t2i_meanr": 6.781390134529148
}
[2026-03-19 15:12:01] [Eval] Report @step: 8.00 {
    "test__rsum": 270.8571428571429,
    "test__medr": 11.0,
    "test__meanr": 19.93142857142857,
    "test__n_fold_i2t_recall_1": 26.285714285714285,
    "test__n_fold_i2t_recall_5": 34.857142857142854,
    "test__n_fold_i2t_recall_10": 58.857142857142854,
    "test__n_fold_i2t_rsum": 120.0,
    "test__n_fold_i2t_medr": 8.0,
    "test__n_fold_i2t_meanr": 9.405714285714286,
    "test__n_fold_t2i_recall_1": 20.571428571428573,
    "test__n_fold_t2i_recall_5": 61.142857142857146,
    "test__n_fold_t2i_recall_10": 69.14285714285714,
    "test__n_fold_t2i_rsum": 150.85714285714286,
    "test__n_fold_t2i_medr": 3.0,
    "test__n_fold_t2i_meanr": 10.525714285714285,
    "test__i2t_recall_1": 26.285714285714285,
    "test__i2t_recall_5": 34.857142857142854,
    "test__i2t_recall_10": 58.857142857142854,
    "test__i2t_rsum": 120.0,
    "test__i2t_medr": 8.0,
    "test__i2t_meanr": 9.405714285714286,
    "test__t2i_recall_1": 20.571428571428573,
    "test__t2i_recall_5": 61.142857142857146,
    "test__t2i_recall_10": 69.14285714285714,
    "test__t2i_rsum": 150.85714285714286,
    "test__t2i_medr": 3.0,
    "test__t2i_meanr": 10.525714285714285
}
[2026-03-19 15:12:05] [Eval] Report @step: 8.00 {
    "test__rsum": 354.83870967741933,
    "test__medr": 3.0,
    "test__meanr": 11.951612903225808,
    "test__n_fold_i2t_recall_1": 56.45161290322581,
    "test__n_fold_i2t_recall_5": 59.67741935483871,
    "test__n_fold_i2t_recall_10": 66.12903225806451,
    "test__n_fold_i2t_rsum": 182.25806451612902,
    "test__n_fold_i2t_medr": 1.0,
    "test__n_fold_i2t_meanr": 6.048387096774194,
    "test__n_fold_t2i_recall_1": 25.806451612903224,
    "test__n_fold_t2i_recall_5": 64.51612903225806,
    "test__n_fold_t2i_recall_10": 82.25806451612904,
    "test__n_fold_t2i_rsum": 172.5806451612903,
    "test__n_fold_t2i_medr": 2.0,
    "test__n_fold_t2i_meanr": 5.903225806451613,
    "test__i2t_recall_1": 56.45161290322581,
    "test__i2t_recall_5": 59.67741935483871,
    "test__i2t_recall_10": 66.12903225806451,
    "test__i2t_rsum": 182.25806451612902,
    "test__i2t_medr": 1.0,
    "test__i2t_meanr": 6.048387096774194,
    "test__t2i_recall_1": 25.806451612903224,
    "test__t2i_recall_5": 64.51612903225806,
    "test__t2i_recall_10": 82.25806451612904,
    "test__t2i_rsum": 172.5806451612903,
    "test__t2i_medr": 2.0,
    "test__t2i_meanr": 5.903225806451613
}
[2026-03-19 15:12:42] [Eval] Report @step: 8.00 {
    "test__rsum": 394.01993355481727,
    "test__medr": 8.0,
    "test__meanr": 8.09966777408638,
    "test__n_fold_i2t_recall_1": 26.578073089700997,
    "test__n_fold_i2t_recall_5": 85.38205980066445,
    "test__n_fold_i2t_recall_10": 85.38205980066445,
    "test__n_fold_i2t_rsum": 197.34219269102988,
    "test__n_fold_i2t_medr": 4.0,
    "test__n_fold_i2t_meanr": 4.574750830564784,
    "test__n_fold_t2i_recall_1": 3.9867109634551494,
    "test__n_fold_t2i_recall_5": 92.69102990033223,
    "test__n_fold_t2i_recall_10": 100.0,
    "test__n_fold_t2i_rsum": 196.6777408637874,
    "test__n_fold_t2i_medr": 4.0,
    "test__n_fold_t2i_meanr": 3.524916943521595,
    "test__i2t_recall_1": 26.578073089700997,
    "test__i2t_recall_5": 85.38205980066445,
    "test__i2t_recall_10": 85.38205980066445,
    "test__i2t_rsum": 197.34219269102988,
    "test__i2t_medr": 4.0,
    "test__i2t_meanr": 4.574750830564784,
    "test__t2i_recall_1": 3.9867109634551494,
    "test__t2i_recall_5": 92.69102990033223,
    "test__t2i_recall_10": 100.0,
    "test__t2i_rsum": 196.6777408637874,
    "test__t2i_medr": 4.0,
    "test__t2i_meanr": 3.524916943521595
}
[2026-03-19 15:13:24] [Eval] Report @step: 8.00 {
    "test__rsum": 364.35045317220545,
    "test__medr": 5.0,
    "test__meanr": 12.241691842900302,
    "test__n_fold_i2t_recall_1": 26.88821752265861,
    "test__n_fold_i2t_recall_5": 64.65256797583082,
    "test__n_fold_i2t_recall_10": 82.4773413897281,
    "test__n_fold_i2t_rsum": 174.01812688821752,
    "test__n_fold_i2t_medr": 3.0,
    "test__n_fold_i2t_meanr": 6.601208459214502,
    "test__n_fold_t2i_recall_1": 42.90030211480362,
    "test__n_fold_t2i_recall_5": 66.76737160120845,
    "test__n_fold_t2i_recall_10": 80.66465256797584,
    "test__n_fold_t2i_rsum": 190.33232628398792,
    "test__n_fold_t2i_medr": 2.0,
    "test__n_fold_t2i_meanr": 5.640483383685801,
    "test__i2t_recall_1": 26.88821752265861,
    "test__i2t_recall_5": 64.65256797583082,
    "test__i2t_recall_10": 82.4773413897281,
    "test__i2t_rsum": 174.01812688821752,
    "test__i2t_medr": 3.0,
    "test__i2t_meanr": 6.601208459214502,
    "test__t2i_recall_1": 42.90030211480362,
    "test__t2i_recall_5": 66.76737160120845,
    "test__t2i_recall_10": 80.66465256797584,
    "test__t2i_rsum": 190.33232628398792,
    "test__t2i_medr": 2.0,
    "test__t2i_meanr": 5.640483383685801
}
[2026-03-19 15:20:17] [Eval] Report @step: 8.00 {
    "test__rsum": 392.82511210762334,
    "test__medr": 5.0,
    "test__meanr": 12.25,
    "test__n_fold_i2t_recall_1": 20.96412556053812,
    "test__n_fold_i2t_recall_5": 79.82062780269058,
    "test__n_fold_i2t_recall_10": 85.98654708520179,
    "test__n_fold_i2t_rsum": 186.7713004484305,
    "test__n_fold_i2t_medr": 4.0,
    "test__n_fold_i2t_meanr": 5.468609865470852,
    "test__n_fold_t2i_recall_1": 53.25112107623318,
    "test__n_fold_t2i_recall_5": 73.20627802690584,
    "test__n_fold_t2i_recall_10": 79.5964125560538,
    "test__n_fold_t2i_rsum": 206.05381165919283,
    "test__n_fold_t2i_medr": 1.0,
    "test__n_fold_t2i_meanr": 6.781390134529148,
    "test__i2t_recall_1": 20.96412556053812,
    "test__i2t_recall_5": 79.82062780269058,
    "test__i2t_recall_10": 85.98654708520179,
    "test__i2t_rsum": 186.7713004484305,
    "test__i2t_medr": 4.0,
    "test__i2t_meanr": 5.468609865470852,
    "test__t2i_recall_1": 53.25112107623318,
    "test__t2i_recall_5": 73.20627802690584,
    "test__t2i_recall_10": 79.5964125560538,
    "test__t2i_rsum": 206.05381165919283,
    "test__t2i_medr": 1.0,
    "test__t2i_meanr": 6.781390134529148
}
[2026-03-19 15:20:25] [Eval] Report @step: 8.00 {
    "test__rsum": 270.8571428571429,
    "test__medr": 11.0,
    "test__meanr": 19.93142857142857,
    "test__n_fold_i2t_recall_1": 26.285714285714285,
    "test__n_fold_i2t_recall_5": 34.857142857142854,
    "test__n_fold_i2t_recall_10": 58.857142857142854,
    "test__n_fold_i2t_rsum": 120.0,
    "test__n_fold_i2t_medr": 8.0,
    "test__n_fold_i2t_meanr": 9.405714285714286,
    "test__n_fold_t2i_recall_1": 20.571428571428573,
    "test__n_fold_t2i_recall_5": 61.142857142857146,
    "test__n_fold_t2i_recall_10": 69.14285714285714,
    "test__n_fold_t2i_rsum": 150.85714285714286,
    "test__n_fold_t2i_medr": 3.0,
    "test__n_fold_t2i_meanr": 10.525714285714285,
    "test__i2t_recall_1": 26.285714285714285,
    "test__i2t_recall_5": 34.857142857142854,
    "test__i2t_recall_10": 58.857142857142854,
    "test__i2t_rsum": 120.0,
    "test__i2t_medr": 8.0,
    "test__i2t_meanr": 9.405714285714286,
    "test__t2i_recall_1": 20.571428571428573,
    "test__t2i_recall_5": 61.142857142857146,
    "test__t2i_recall_10": 69.14285714285714,
    "test__t2i_rsum": 150.85714285714286,
    "test__t2i_medr": 3.0,
    "test__t2i_meanr": 10.525714285714285
}
[2026-03-19 15:20:28] [Eval] Report @step: 8.00 {
    "test__rsum": 354.83870967741933,
    "test__medr": 3.0,
    "test__meanr": 11.951612903225808,
    "test__n_fold_i2t_recall_1": 56.45161290322581,
    "test__n_fold_i2t_recall_5": 59.67741935483871,
    "test__n_fold_i2t_recall_10": 66.12903225806451,
    "test__n_fold_i2t_rsum": 182.25806451612902,
    "test__n_fold_i2t_medr": 1.0,
    "test__n_fold_i2t_meanr": 6.048387096774194,
    "test__n_fold_t2i_recall_1": 25.806451612903224,
    "test__n_fold_t2i_recall_5": 64.51612903225806,
    "test__n_fold_t2i_recall_10": 82.25806451612904,
    "test__n_fold_t2i_rsum": 172.5806451612903,
    "test__n_fold_t2i_medr": 2.0,
    "test__n_fold_t2i_meanr": 5.903225806451613,
    "test__i2t_recall_1": 56.45161290322581,
    "test__i2t_recall_5": 59.67741935483871,
    "test__i2t_recall_10": 66.12903225806451,
    "test__i2t_rsum": 182.25806451612902,
    "test__i2t_medr": 1.0,
    "test__i2t_meanr": 6.048387096774194,
    "test__t2i_recall_1": 25.806451612903224,
    "test__t2i_recall_5": 64.51612903225806,
    "test__t2i_recall_10": 82.25806451612904,
    "test__t2i_rsum": 172.5806451612903,
    "test__t2i_medr": 2.0,
    "test__t2i_meanr": 5.903225806451613
}
[2026-03-19 15:21:10] [Eval] Report @step: 8.00 {
    "test__rsum": 394.01993355481727,
    "test__medr": 8.0,
    "test__meanr": 8.09966777408638,
    "test__n_fold_i2t_recall_1": 26.578073089700997,
    "test__n_fold_i2t_recall_5": 85.38205980066445,
    "test__n_fold_i2t_recall_10": 85.38205980066445,
    "test__n_fold_i2t_rsum": 197.34219269102988,
    "test__n_fold_i2t_medr": 4.0,
    "test__n_fold_i2t_meanr": 4.574750830564784,
    "test__n_fold_t2i_recall_1": 3.9867109634551494,
    "test__n_fold_t2i_recall_5": 92.69102990033223,
    "test__n_fold_t2i_recall_10": 100.0,
    "test__n_fold_t2i_rsum": 196.6777408637874,
    "test__n_fold_t2i_medr": 4.0,
    "test__n_fold_t2i_meanr": 3.524916943521595,
    "test__i2t_recall_1": 26.578073089700997,
    "test__i2t_recall_5": 85.38205980066445,
    "test__i2t_recall_10": 85.38205980066445,
    "test__i2t_rsum": 197.34219269102988,
    "test__i2t_medr": 4.0,
    "test__i2t_meanr": 4.574750830564784,
    "test__t2i_recall_1": 3.9867109634551494,
    "test__t2i_recall_5": 92.69102990033223,
    "test__t2i_recall_10": 100.0,
    "test__t2i_rsum": 196.6777408637874,
    "test__t2i_medr": 4.0,
    "test__t2i_meanr": 3.524916943521595
}
[2026-03-19 15:21:46] [Eval] Report @step: 8.00 {
    "test__rsum": 364.35045317220545,
    "test__medr": 5.0,
    "test__meanr": 12.241691842900302,
    "test__n_fold_i2t_recall_1": 26.88821752265861,
    "test__n_fold_i2t_recall_5": 64.65256797583082,
    "test__n_fold_i2t_recall_10": 82.4773413897281,
    "test__n_fold_i2t_rsum": 174.01812688821752,
    "test__n_fold_i2t_medr": 3.0,
    "test__n_fold_i2t_meanr": 6.601208459214502,
    "test__n_fold_t2i_recall_1": 42.90030211480362,
    "test__n_fold_t2i_recall_5": 66.76737160120845,
    "test__n_fold_t2i_recall_10": 80.66465256797584,
    "test__n_fold_t2i_rsum": 190.33232628398792,
    "test__n_fold_t2i_medr": 2.0,
    "test__n_fold_t2i_meanr": 5.640483383685801,
    "test__i2t_recall_1": 26.88821752265861,
    "test__i2t_recall_5": 64.65256797583082,
    "test__i2t_recall_10": 82.4773413897281,
    "test__i2t_rsum": 174.01812688821752,
    "test__i2t_medr": 3.0,
    "test__i2t_meanr": 6.601208459214502,
    "test__t2i_recall_1": 42.90030211480362,
    "test__t2i_recall_5": 66.76737160120845,
    "test__t2i_recall_10": 80.66465256797584,
    "test__t2i_rsum": 190.33232628398792,
    "test__t2i_medr": 2.0,
    "test__t2i_meanr": 5.640483383685801
}
[2026-03-19 15:28:43] [Eval] Report @step: 8.00 {
    "test__rsum": 392.82511210762334,
    "test__medr": 5.0,
    "test__meanr": 12.25,
    "test__n_fold_i2t_recall_1": 20.96412556053812,
    "test__n_fold_i2t_recall_5": 79.82062780269058,
    "test__n_fold_i2t_recall_10": 85.98654708520179,
    "test__n_fold_i2t_rsum": 186.7713004484305,
    "test__n_fold_i2t_medr": 4.0,
    "test__n_fold_i2t_meanr": 5.468609865470852,
    "test__n_fold_t2i_recall_1": 53.25112107623318,
    "test__n_fold_t2i_recall_5": 73.20627802690584,
    "test__n_fold_t2i_recall_10": 79.5964125560538,
    "test__n_fold_t2i_rsum": 206.05381165919283,
    "test__n_fold_t2i_medr": 1.0,
    "test__n_fold_t2i_meanr": 6.781390134529148,
    "test__i2t_recall_1": 20.96412556053812,
    "test__i2t_recall_5": 79.82062780269058,
    "test__i2t_recall_10": 85.98654708520179,
    "test__i2t_rsum": 186.7713004484305,
    "test__i2t_medr": 4.0,
    "test__i2t_meanr": 5.468609865470852,
    "test__t2i_recall_1": 53.25112107623318,
    "test__t2i_recall_5": 73.20627802690584,
    "test__t2i_recall_10": 79.5964125560538,
    "test__t2i_rsum": 206.05381165919283,
    "test__t2i_medr": 1.0,
    "test__t2i_meanr": 6.781390134529148
}
[2026-03-19 15:28:52] [Eval] Report @step: 8.00 {
    "test__rsum": 270.8571428571429,
    "test__medr": 11.0,
    "test__meanr": 19.93142857142857,
    "test__n_fold_i2t_recall_1": 26.285714285714285,
    "test__n_fold_i2t_recall_5": 34.857142857142854,
    "test__n_fold_i2t_recall_10": 58.857142857142854,
    "test__n_fold_i2t_rsum": 120.0,
    "test__n_fold_i2t_medr": 8.0,
    "test__n_fold_i2t_meanr": 9.405714285714286,
    "test__n_fold_t2i_recall_1": 20.571428571428573,
    "test__n_fold_t2i_recall_5": 61.142857142857146,
    "test__n_fold_t2i_recall_10": 69.14285714285714,
    "test__n_fold_t2i_rsum": 150.85714285714286,
    "test__n_fold_t2i_medr": 3.0,
    "test__n_fold_t2i_meanr": 10.525714285714285,
    "test__i2t_recall_1": 26.285714285714285,
    "test__i2t_recall_5": 34.857142857142854,
    "test__i2t_recall_10": 58.857142857142854,
    "test__i2t_rsum": 120.0,
    "test__i2t_medr": 8.0,
    "test__i2t_meanr": 9.405714285714286,
    "test__t2i_recall_1": 20.571428571428573,
    "test__t2i_recall_5": 61.142857142857146,
    "test__t2i_recall_10": 69.14285714285714,
    "test__t2i_rsum": 150.85714285714286,
    "test__t2i_medr": 3.0,
    "test__t2i_meanr": 10.525714285714285
}
[2026-03-19 15:28:53] [Eval] Report @step: 8.00 {
    "test__rsum": 354.83870967741933,
    "test__medr": 3.0,
    "test__meanr": 11.951612903225808,
    "test__n_fold_i2t_recall_1": 56.45161290322581,
    "test__n_fold_i2t_recall_5": 59.67741935483871,
    "test__n_fold_i2t_recall_10": 66.12903225806451,
    "test__n_fold_i2t_rsum": 182.25806451612902,
    "test__n_fold_i2t_medr": 1.0,
    "test__n_fold_i2t_meanr": 6.048387096774194,
    "test__n_fold_t2i_recall_1": 25.806451612903224,
    "test__n_fold_t2i_recall_5": 64.51612903225806,
    "test__n_fold_t2i_recall_10": 82.25806451612904,
    "test__n_fold_t2i_rsum": 172.5806451612903,
    "test__n_fold_t2i_medr": 2.0,
    "test__n_fold_t2i_meanr": 5.903225806451613,
    "test__i2t_recall_1": 56.45161290322581,
    "test__i2t_recall_5": 59.67741935483871,
    "test__i2t_recall_10": 66.12903225806451,
    "test__i2t_rsum": 182.25806451612902,
    "test__i2t_medr": 1.0,
    "test__i2t_meanr": 6.048387096774194,
    "test__t2i_recall_1": 25.806451612903224,
    "test__t2i_recall_5": 64.51612903225806,
    "test__t2i_recall_10": 82.25806451612904,
    "test__t2i_rsum": 172.5806451612903,
    "test__t2i_medr": 2.0,
    "test__t2i_meanr": 5.903225806451613
}
[2026-03-19 15:29:34] [Eval] Report @step: 8.00 {
    "test__rsum": 394.01993355481727,
    "test__medr": 8.0,
    "test__meanr": 8.09966777408638,
    "test__n_fold_i2t_recall_1": 26.578073089700997,
    "test__n_fold_i2t_recall_5": 85.38205980066445,
    "test__n_fold_i2t_recall_10": 85.38205980066445,
    "test__n_fold_i2t_rsum": 197.34219269102988,
    "test__n_fold_i2t_medr": 4.0,
    "test__n_fold_i2t_meanr": 4.574750830564784,
    "test__n_fold_t2i_recall_1": 3.9867109634551494,
    "test__n_fold_t2i_recall_5": 92.69102990033223,
    "test__n_fold_t2i_recall_10": 100.0,
    "test__n_fold_t2i_rsum": 196.6777408637874,
    "test__n_fold_t2i_medr": 4.0,
    "test__n_fold_t2i_meanr": 3.524916943521595,
    "test__i2t_recall_1": 26.578073089700997,
    "test__i2t_recall_5": 85.38205980066445,
    "test__i2t_recall_10": 85.38205980066445,
    "test__i2t_rsum": 197.34219269102988,
    "test__i2t_medr": 4.0,
    "test__i2t_meanr": 4.574750830564784,
    "test__t2i_recall_1": 3.9867109634551494,
    "test__t2i_recall_5": 92.69102990033223,
    "test__t2i_recall_10": 100.0,
    "test__t2i_rsum": 196.6777408637874,
    "test__t2i_medr": 4.0,
    "test__t2i_meanr": 3.524916943521595
}
[2026-03-19 15:30:17] [Eval] Report @step: 8.00 {
    "test__rsum": 364.35045317220545,
    "test__medr": 5.0,
    "test__meanr": 12.241691842900302,
    "test__n_fold_i2t_recall_1": 26.88821752265861,
    "test__n_fold_i2t_recall_5": 64.65256797583082,
    "test__n_fold_i2t_recall_10": 82.4773413897281,
    "test__n_fold_i2t_rsum": 174.01812688821752,
    "test__n_fold_i2t_medr": 3.0,
    "test__n_fold_i2t_meanr": 6.601208459214502,
    "test__n_fold_t2i_recall_1": 42.90030211480362,
    "test__n_fold_t2i_recall_5": 66.76737160120845,
    "test__n_fold_t2i_recall_10": 80.66465256797584,
    "test__n_fold_t2i_rsum": 190.33232628398792,
    "test__n_fold_t2i_medr": 2.0,
    "test__n_fold_t2i_meanr": 5.640483383685801,
    "test__i2t_recall_1": 26.88821752265861,
    "test__i2t_recall_5": 64.65256797583082,
    "test__i2t_recall_10": 82.4773413897281,
    "test__i2t_rsum": 174.01812688821752,
    "test__i2t_medr": 3.0,
    "test__i2t_meanr": 6.601208459214502,
    "test__t2i_recall_1": 42.90030211480362,
    "test__t2i_recall_5": 66.76737160120845,
    "test__t2i_recall_10": 80.66465256797584,
    "test__t2i_rsum": 190.33232628398792,
    "test__t2i_medr": 2.0,
    "test__t2i_meanr": 5.640483383685801
}
[2026-03-19 15:37:12] [Eval] Report @step: 8.00 {
    "test__rsum": 392.82511210762334,
    "test__medr": 5.0,
    "test__meanr": 12.25,
    "test__n_fold_i2t_recall_1": 20.96412556053812,
    "test__n_fold_i2t_recall_5": 79.82062780269058,
    "test__n_fold_i2t_recall_10": 85.98654708520179,
    "test__n_fold_i2t_rsum": 186.7713004484305,
    "test__n_fold_i2t_medr": 4.0,
    "test__n_fold_i2t_meanr": 5.468609865470852,
    "test__n_fold_t2i_recall_1": 53.25112107623318,
    "test__n_fold_t2i_recall_5": 73.20627802690584,
    "test__n_fold_t2i_recall_10": 79.5964125560538,
    "test__n_fold_t2i_rsum": 206.05381165919283,
    "test__n_fold_t2i_medr": 1.0,
    "test__n_fold_t2i_meanr": 6.781390134529148,
    "test__i2t_recall_1": 20.96412556053812,
    "test__i2t_recall_5": 79.82062780269058,
    "test__i2t_recall_10": 85.98654708520179,
    "test__i2t_rsum": 186.7713004484305,
    "test__i2t_medr": 4.0,
    "test__i2t_meanr": 5.468609865470852,
    "test__t2i_recall_1": 53.25112107623318,
    "test__t2i_recall_5": 73.20627802690584,
    "test__t2i_recall_10": 79.5964125560538,
    "test__t2i_rsum": 206.05381165919283,
    "test__t2i_medr": 1.0,
    "test__t2i_meanr": 6.781390134529148
}
[2026-03-19 15:37:21] [Eval] Report @step: 8.00 {
    "test__rsum": 270.8571428571429,
    "test__medr": 11.0,
    "test__meanr": 19.93142857142857,
    "test__n_fold_i2t_recall_1": 26.285714285714285,
    "test__n_fold_i2t_recall_5": 34.857142857142854,
    "test__n_fold_i2t_recall_10": 58.857142857142854,
    "test__n_fold_i2t_rsum": 120.0,
    "test__n_fold_i2t_medr": 8.0,
    "test__n_fold_i2t_meanr": 9.405714285714286,
    "test__n_fold_t2i_recall_1": 20.571428571428573,
    "test__n_fold_t2i_recall_5": 61.142857142857146,
    "test__n_fold_t2i_recall_10": 69.14285714285714,
    "test__n_fold_t2i_rsum": 150.85714285714286,
    "test__n_fold_t2i_medr": 3.0,
    "test__n_fold_t2i_meanr": 10.525714285714285,
    "test__i2t_recall_1": 26.285714285714285,
    "test__i2t_recall_5": 34.857142857142854,
    "test__i2t_recall_10": 58.857142857142854,
    "test__i2t_rsum": 120.0,
    "test__i2t_medr": 8.0,
    "test__i2t_meanr": 9.405714285714286,
    "test__t2i_recall_1": 20.571428571428573,
    "test__t2i_recall_5": 61.142857142857146,
    "test__t2i_recall_10": 69.14285714285714,
    "test__t2i_rsum": 150.85714285714286,
    "test__t2i_medr": 3.0,
    "test__t2i_meanr": 10.525714285714285
}
[2026-03-19 15:37:23] [Eval] Report @step: 8.00 {
    "test__rsum": 354.83870967741933,
    "test__medr": 3.0,
    "test__meanr": 11.951612903225808,
    "test__n_fold_i2t_recall_1": 56.45161290322581,
    "test__n_fold_i2t_recall_5": 59.67741935483871,
    "test__n_fold_i2t_recall_10": 66.12903225806451,
    "test__n_fold_i2t_rsum": 182.25806451612902,
    "test__n_fold_i2t_medr": 1.0,
    "test__n_fold_i2t_meanr": 6.048387096774194,
    "test__n_fold_t2i_recall_1": 25.806451612903224,
    "test__n_fold_t2i_recall_5": 64.51612903225806,
    "test__n_fold_t2i_recall_10": 82.25806451612904,
    "test__n_fold_t2i_rsum": 172.5806451612903,
    "test__n_fold_t2i_medr": 2.0,
    "test__n_fold_t2i_meanr": 5.903225806451613,
    "test__i2t_recall_1": 56.45161290322581,
    "test__i2t_recall_5": 59.67741935483871,
    "test__i2t_recall_10": 66.12903225806451,
    "test__i2t_rsum": 182.25806451612902,
    "test__i2t_medr": 1.0,
    "test__i2t_meanr": 6.048387096774194,
    "test__t2i_recall_1": 25.806451612903224,
    "test__t2i_recall_5": 64.51612903225806,
    "test__t2i_recall_10": 82.25806451612904,
    "test__t2i_rsum": 172.5806451612903,
    "test__t2i_medr": 2.0,
    "test__t2i_meanr": 5.903225806451613
}
[2026-03-19 15:38:04] [Eval] Report @step: 8.00 {
    "test__rsum": 394.01993355481727,
    "test__medr": 8.0,
    "test__meanr": 8.09966777408638,
    "test__n_fold_i2t_recall_1": 26.578073089700997,
    "test__n_fold_i2t_recall_5": 85.38205980066445,
    "test__n_fold_i2t_recall_10": 85.38205980066445,
    "test__n_fold_i2t_rsum": 197.34219269102988,
    "test__n_fold_i2t_medr": 4.0,
    "test__n_fold_i2t_meanr": 4.574750830564784,
    "test__n_fold_t2i_recall_1": 3.9867109634551494,
    "test__n_fold_t2i_recall_5": 92.69102990033223,
    "test__n_fold_t2i_recall_10": 100.0,
    "test__n_fold_t2i_rsum": 196.6777408637874,
    "test__n_fold_t2i_medr": 4.0,
    "test__n_fold_t2i_meanr": 3.524916943521595,
    "test__i2t_recall_1": 26.578073089700997,
    "test__i2t_recall_5": 85.38205980066445,
    "test__i2t_recall_10": 85.38205980066445,
    "test__i2t_rsum": 197.34219269102988,
    "test__i2t_medr": 4.0,
    "test__i2t_meanr": 4.574750830564784,
    "test__t2i_recall_1": 3.9867109634551494,
    "test__t2i_recall_5": 92.69102990033223,
    "test__t2i_recall_10": 100.0,
    "test__t2i_rsum": 196.6777408637874,
    "test__t2i_medr": 4.0,
    "test__t2i_meanr": 3.524916943521595
}
[2026-03-19 15:38:45] [Eval] Report @step: 8.00 {
    "test__rsum": 364.35045317220545,
    "test__medr": 5.0,
    "test__meanr": 12.241691842900302,
    "test__n_fold_i2t_recall_1": 26.88821752265861,
    "test__n_fold_i2t_recall_5": 64.65256797583082,
    "test__n_fold_i2t_recall_10": 82.4773413897281,
    "test__n_fold_i2t_rsum": 174.01812688821752,
    "test__n_fold_i2t_medr": 3.0,
    "test__n_fold_i2t_meanr": 6.601208459214502,
    "test__n_fold_t2i_recall_1": 42.90030211480362,
    "test__n_fold_t2i_recall_5": 66.76737160120845,
    "test__n_fold_t2i_recall_10": 80.66465256797584,
    "test__n_fold_t2i_rsum": 190.33232628398792,
    "test__n_fold_t2i_medr": 2.0,
    "test__n_fold_t2i_meanr": 5.640483383685801,
    "test__i2t_recall_1": 26.88821752265861,
    "test__i2t_recall_5": 64.65256797583082,
    "test__i2t_recall_10": 82.4773413897281,
    "test__i2t_rsum": 174.01812688821752,
    "test__i2t_medr": 3.0,
    "test__i2t_meanr": 6.601208459214502,
    "test__t2i_recall_1": 42.90030211480362,
    "test__t2i_recall_5": 66.76737160120845,
    "test__t2i_recall_10": 80.66465256797584,
    "test__t2i_rsum": 190.33232628398792,
    "test__t2i_medr": 2.0,
    "test__t2i_meanr": 5.640483383685801
}
[2026-03-19 15:45:40] [Eval] Report @step: 8.00 {
    "test__rsum": 392.82511210762334,
    "test__medr": 5.0,
    "test__meanr": 12.25,
    "test__n_fold_i2t_recall_1": 20.96412556053812,
    "test__n_fold_i2t_recall_5": 79.82062780269058,
    "test__n_fold_i2t_recall_10": 85.98654708520179,
    "test__n_fold_i2t_rsum": 186.7713004484305,
    "test__n_fold_i2t_medr": 4.0,
    "test__n_fold_i2t_meanr": 5.468609865470852,
    "test__n_fold_t2i_recall_1": 53.25112107623318,
    "test__n_fold_t2i_recall_5": 73.20627802690584,
    "test__n_fold_t2i_recall_10": 79.5964125560538,
    "test__n_fold_t2i_rsum": 206.05381165919283,
    "test__n_fold_t2i_medr": 1.0,
    "test__n_fold_t2i_meanr": 6.781390134529148,
    "test__i2t_recall_1": 20.96412556053812,
    "test__i2t_recall_5": 79.82062780269058,
    "test__i2t_recall_10": 85.98654708520179,
    "test__i2t_rsum": 186.7713004484305,
    "test__i2t_medr": 4.0,
    "test__i2t_meanr": 5.468609865470852,
    "test__t2i_recall_1": 53.25112107623318,
    "test__t2i_recall_5": 73.20627802690584,
    "test__t2i_recall_10": 79.5964125560538,
    "test__t2i_rsum": 206.05381165919283,
    "test__t2i_medr": 1.0,
    "test__t2i_meanr": 6.781390134529148
}
[2026-03-19 15:45:48] [Eval] Report @step: 8.00 {
    "test__rsum": 270.8571428571429,
    "test__medr": 11.0,
    "test__meanr": 19.93142857142857,
    "test__n_fold_i2t_recall_1": 26.285714285714285,
    "test__n_fold_i2t_recall_5": 34.857142857142854,
    "test__n_fold_i2t_recall_10": 58.857142857142854,
    "test__n_fold_i2t_rsum": 120.0,
    "test__n_fold_i2t_medr": 8.0,
    "test__n_fold_i2t_meanr": 9.405714285714286,
    "test__n_fold_t2i_recall_1": 20.571428571428573,
    "test__n_fold_t2i_recall_5": 61.142857142857146,
    "test__n_fold_t2i_recall_10": 69.14285714285714,
    "test__n_fold_t2i_rsum": 150.85714285714286,
    "test__n_fold_t2i_medr": 3.0,
    "test__n_fold_t2i_meanr": 10.525714285714285,
    "test__i2t_recall_1": 26.285714285714285,
    "test__i2t_recall_5": 34.857142857142854,
    "test__i2t_recall_10": 58.857142857142854,
    "test__i2t_rsum": 120.0,
    "test__i2t_medr": 8.0,
    "test__i2t_meanr": 9.405714285714286,
    "test__t2i_recall_1": 20.571428571428573,
    "test__t2i_recall_5": 61.142857142857146,
    "test__t2i_recall_10": 69.14285714285714,
    "test__t2i_rsum": 150.85714285714286,
    "test__t2i_medr": 3.0,
    "test__t2i_meanr": 10.525714285714285
}
[2026-03-19 15:45:49] [Eval] Report @step: 8.00 {
    "test__rsum": 354.83870967741933,
    "test__medr": 3.0,
    "test__meanr": 11.951612903225808,
    "test__n_fold_i2t_recall_1": 56.45161290322581,
    "test__n_fold_i2t_recall_5": 59.67741935483871,
    "test__n_fold_i2t_recall_10": 66.12903225806451,
    "test__n_fold_i2t_rsum": 182.25806451612902,
    "test__n_fold_i2t_medr": 1.0,
    "test__n_fold_i2t_meanr": 6.048387096774194,
    "test__n_fold_t2i_recall_1": 25.806451612903224,
    "test__n_fold_t2i_recall_5": 64.51612903225806,
    "test__n_fold_t2i_recall_10": 82.25806451612904,
    "test__n_fold_t2i_rsum": 172.5806451612903,
    "test__n_fold_t2i_medr": 2.0,
    "test__n_fold_t2i_meanr": 5.903225806451613,
    "test__i2t_recall_1": 56.45161290322581,
    "test__i2t_recall_5": 59.67741935483871,
    "test__i2t_recall_10": 66.12903225806451,
    "test__i2t_rsum": 182.25806451612902,
    "test__i2t_medr": 1.0,
    "test__i2t_meanr": 6.048387096774194,
    "test__t2i_recall_1": 25.806451612903224,
    "test__t2i_recall_5": 64.51612903225806,
    "test__t2i_recall_10": 82.25806451612904,
    "test__t2i_rsum": 172.5806451612903,
    "test__t2i_medr": 2.0,
    "test__t2i_meanr": 5.903225806451613
}
[2026-03-19 15:45:49] Round 9!
[2026-03-19 15:45:49] Harmony enters stage1 at round 9.
[2026-03-19 15:45:49] Training Client 0!
[2026-03-19 15:45:49] Epoch: [9] image	Loss 2.1387 (2.1867)	Prec@1 35.156 (37.500)	Prec@5 90.234 (89.583)
[2026-03-19 15:45:50] TEST:  Epoch: [9] image	Prec@1 37.778 (41.196)	Prec@5 88.889 (88.704)
[2026-03-19 15:45:50] Training Client 1!
[2026-03-19 15:45:50] Epoch: [9] image	Loss 3.1753 (3.1753)	Prec@1 14.844 (14.844)	Prec@5 49.219 (49.219)
[2026-03-19 15:45:50] TEST:  Epoch: [9] image	Prec@1 16.000 (13.595)	Prec@5 78.667 (76.133)
[2026-03-19 15:45:50] Training Client 2!
[2026-03-19 15:45:50] Epoch: [9] image	Loss 1.9096 (1.9406)	Prec@1 52.734 (53.255)	Prec@5 99.219 (95.703)
[2026-03-19 15:45:51] TEST:  Epoch: [9] image	Prec@1 60.484 (53.251)	Prec@5 98.387 (98.767)
[2026-03-19 15:45:51] Training Client 3!
[2026-03-19 15:45:51] Epoch: [9] image	Loss 2.3903 (2.4420)	Prec@1 28.125 (27.995)	Prec@5 89.844 (90.234)
[2026-03-19 15:45:52] TEST:  Epoch: [9] image	Prec@1 20.000 (20.000)	Prec@5 89.714 (89.714)
[2026-03-19 15:45:52] Training Client 4!
[2026-03-19 15:45:52] Epoch: [9] image	Loss 2.9781 (2.9781)	Prec@1 63.281 (63.281)	Prec@5 64.062 (64.062)
[2026-03-19 15:45:52] TEST:  Epoch: [9] image	Prec@1 56.452 (56.452)	Prec@5 74.194 (74.194)
[2026-03-19 15:45:52] Training Client 5!
[2026-03-19 15:45:52] Epoch: [9] text	Loss 3.4499 (3.4499)	Prec@1 0.000 (0.000)	Prec@5 0.000 (0.000)
[2026-03-19 15:45:52] TEST:  Epoch: [9] text	Prec@1 0.000 (0.000)	Prec@5 0.000 (0.000)
[2026-03-19 15:45:52] Training Client 6!
[2026-03-19 15:45:53] Epoch: [9] text	Loss 2.1622 (2.1972)	Prec@1 29.297 (31.641)	Prec@5 92.188 (92.839)
[2026-03-19 15:45:53] TEST:  Epoch: [9] text	Prec@1 30.667 (32.931)	Prec@5 94.667 (93.656)
[2026-03-19 15:45:53] Training Client 7!
[2026-03-19 15:45:55] Epoch: [9] text	Loss 1.4337 (1.3905)	Prec@1 51.172 (53.447)	Prec@5 98.828 (99.058)
[2026-03-19 15:45:55] TEST:  Epoch: [9] text	Prec@1 60.484 (53.251)	Prec@5 98.387 (98.767)
[2026-03-19 15:45:55] Training Client 8!
[2026-03-19 15:45:55] Epoch: [9] text	Loss 3.2249 (3.2249)	Prec@1 27.344 (27.344)	Prec@5 38.672 (38.672)
[2026-03-19 15:45:56] TEST:  Epoch: [9] text	Prec@1 20.000 (20.000)	Prec@5 48.571 (48.571)
[2026-03-19 15:45:56] Training Client 9!
[2026-03-19 15:45:56] Epoch: [9] text	Loss 0.0000 (0.0000)	Prec@1 0.000 (0.000)	Prec@5 0.000 (0.000)
[2026-03-19 15:45:56] TEST:  Epoch: [9] text	Prec@1 0.000 (0.000)	Prec@5 0.000 (0.000)
[2026-03-19 15:45:56] Training Client 10!
[2026-03-19 15:45:56] Epoch 9
[2026-03-19 15:45:57] Training Client 11!
[2026-03-19 15:45:57] Epoch 9
[2026-03-19 15:45:58] Training Client 12!
[2026-03-19 15:45:58] Epoch 9
[2026-03-19 15:46:00] Training Client 13!
[2026-03-19 15:46:00] Epoch 9
[2026-03-19 15:46:00] Skip local epoch for client 3: train loader has no full batch
[2026-03-19 15:46:00] Training Client 14!
[2026-03-19 15:46:00] Epoch 9
[2026-03-19 15:46:00] Skip local epoch for client 4: train loader has no full batch
[2026-03-19 15:46:01] Harmony stage1 completed at round 9; benchmark encoders refreshed.
[2026-03-19 15:46:01] TEST:  Epoch: [9] image	Prec@1 37.778 (41.196)	Prec@5 88.889 (88.372)
[2026-03-19 15:46:01] TEST:  Epoch: [9] image	Prec@1 16.000 (13.595)	Prec@5 78.667 (76.133)
[2026-03-19 15:46:02] TEST:  Epoch: [9] image	Prec@1 60.484 (53.251)	Prec@5 98.387 (97.309)
[2026-03-19 15:46:02] TEST:  Epoch: [9] image	Prec@1 20.000 (20.000)	Prec@5 89.714 (89.714)
[2026-03-19 15:46:02] TEST:  Epoch: [9] image	Prec@1 56.452 (56.452)	Prec@5 74.194 (74.194)
[2026-03-19 15:46:02] TEST:  Epoch: [9] text	Prec@1 0.000 (0.000)	Prec@5 0.000 (0.000)
[2026-03-19 15:46:02] TEST:  Epoch: [9] text	Prec@1 30.667 (32.931)	Prec@5 94.667 (93.656)
[2026-03-19 15:46:03] TEST:  Epoch: [9] text	Prec@1 60.484 (53.251)	Prec@5 98.387 (98.767)
[2026-03-19 15:46:03] TEST:  Epoch: [9] text	Prec@1 20.000 (20.000)	Prec@5 32.000 (32.000)
[2026-03-19 15:46:03] TEST:  Epoch: [9] text	Prec@1 0.000 (0.000)	Prec@5 0.000 (0.000)
[2026-03-19 15:46:41] [Eval] Report @step: 9.00 {
    "test__rsum": 380.7308970099667,
    "test__medr": 8.0,
    "test__meanr": 9.584717607973422,
    "test__n_fold_i2t_recall_1": 26.578073089700997,
    "test__n_fold_i2t_recall_5": 85.38205980066445,
    "test__n_fold_i2t_recall_10": 85.38205980066445,
    "test__n_fold_i2t_rsum": 197.34219269102988,
    "test__n_fold_i2t_medr": 4.0,
    "test__n_fold_i2t_meanr": 5.647840531561462,
    "test__n_fold_t2i_recall_1": 3.9867109634551494,
    "test__n_fold_t2i_recall_5": 79.40199335548172,
    "test__n_fold_t2i_recall_10": 100.0,
    "test__n_fold_t2i_rsum": 183.38870431893687,
    "test__n_fold_t2i_medr": 4.0,
    "test__n_fold_t2i_meanr": 3.9368770764119603,
    "test__i2t_recall_1": 26.578073089700997,
    "test__i2t_recall_5": 85.38205980066445,
    "test__i2t_recall_10": 85.38205980066445,
    "test__i2t_rsum": 197.34219269102988,
    "test__i2t_medr": 4.0,
    "test__i2t_meanr": 5.647840531561462,
    "test__t2i_recall_1": 3.9867109634551494,
    "test__t2i_recall_5": 79.40199335548172,
    "test__t2i_recall_10": 100.0,
    "test__t2i_rsum": 183.38870431893687,
    "test__t2i_medr": 4.0,
    "test__t2i_meanr": 3.9368770764119603
}
[2026-03-19 15:47:21] [Eval] Report @step: 9.00 {
    "test__rsum": 372.20543806646526,
    "test__medr": 6.0,
    "test__meanr": 11.326283987915408,
    "test__n_fold_i2t_recall_1": 26.88821752265861,
    "test__n_fold_i2t_recall_5": 59.818731117824775,
    "test__n_fold_i2t_recall_10": 93.35347432024169,
    "test__n_fold_i2t_rsum": 180.06042296072508,
    "test__n_fold_i2t_medr": 3.0,
    "test__n_fold_i2t_meanr": 5.637462235649547,
    "test__n_fold_t2i_recall_1": 33.53474320241692,
    "test__n_fold_t2i_recall_5": 78.54984894259819,
    "test__n_fold_t2i_recall_10": 80.06042296072508,
    "test__n_fold_t2i_rsum": 192.14501510574019,
    "test__n_fold_t2i_medr": 3.0,
    "test__n_fold_t2i_meanr": 5.688821752265861,
    "test__i2t_recall_1": 26.88821752265861,
    "test__i2t_recall_5": 59.818731117824775,
    "test__i2t_recall_10": 93.35347432024169,
    "test__i2t_rsum": 180.06042296072508,
    "test__i2t_medr": 3.0,
    "test__i2t_meanr": 5.637462235649547,
    "test__t2i_recall_1": 33.53474320241692,
    "test__t2i_recall_5": 78.54984894259819,
    "test__t2i_recall_10": 80.06042296072508,
    "test__t2i_rsum": 192.14501510574019,
    "test__t2i_medr": 3.0,
    "test__t2i_meanr": 5.688821752265861
}
[2026-03-19 15:54:10] [Eval] Report @step: 9.00 {
    "test__rsum": 390.35874439461884,
    "test__medr": 3.0,
    "test__meanr": 12.828475336322871,
    "test__n_fold_i2t_recall_1": 20.96412556053812,
    "test__n_fold_i2t_recall_5": 79.37219730941705,
    "test__n_fold_i2t_recall_10": 82.51121076233184,
    "test__n_fold_i2t_rsum": 182.84753363228702,
    "test__n_fold_i2t_medr": 2.0,
    "test__n_fold_i2t_meanr": 5.786995515695067,
    "test__n_fold_t2i_recall_1": 53.47533632286996,
    "test__n_fold_t2i_recall_5": 74.2152466367713,
    "test__n_fold_t2i_recall_10": 79.82062780269058,
    "test__n_fold_t2i_rsum": 207.51121076233184,
    "test__n_fold_t2i_medr": 1.0,
    "test__n_fold_t2i_meanr": 7.041479820627803,
    "test__i2t_recall_1": 20.96412556053812,
    "test__i2t_recall_5": 79.37219730941705,
    "test__i2t_recall_10": 82.51121076233184,
    "test__i2t_rsum": 182.84753363228702,
    "test__i2t_medr": 2.0,
    "test__i2t_meanr": 5.786995515695067,
    "test__t2i_recall_1": 53.47533632286996,
    "test__t2i_recall_5": 74.2152466367713,
    "test__t2i_recall_10": 79.82062780269058,
    "test__t2i_rsum": 207.51121076233184,
    "test__t2i_medr": 1.0,
    "test__t2i_meanr": 7.041479820627803
}
[2026-03-19 15:54:19] [Eval] Report @step: 9.00 {
    "test__rsum": 300.0,
    "test__medr": 9.0,
    "test__meanr": 20.005714285714284,
    "test__n_fold_i2t_recall_1": 23.428571428571427,
    "test__n_fold_i2t_recall_5": 50.857142857142854,
    "test__n_fold_i2t_recall_10": 74.28571428571429,
    "test__n_fold_i2t_rsum": 148.57142857142856,
    "test__n_fold_i2t_medr": 5.0,
    "test__n_fold_i2t_meanr": 8.52,
    "test__n_fold_t2i_recall_1": 20.571428571428573,
    "test__n_fold_t2i_recall_5": 61.714285714285715,
    "test__n_fold_t2i_recall_10": 69.14285714285714,
    "test__n_fold_t2i_rsum": 151.42857142857144,
    "test__n_fold_t2i_medr": 4.0,
    "test__n_fold_t2i_meanr": 11.485714285714286,
    "test__i2t_recall_1": 23.428571428571427,
    "test__i2t_recall_5": 50.857142857142854,
    "test__i2t_recall_10": 74.28571428571429,
    "test__i2t_rsum": 148.57142857142856,
    "test__i2t_medr": 5.0,
    "test__i2t_meanr": 8.52,
    "test__t2i_recall_1": 20.571428571428573,
    "test__t2i_recall_5": 61.714285714285715,
    "test__t2i_recall_10": 69.14285714285714,
    "test__t2i_rsum": 151.42857142857144,
    "test__t2i_medr": 4.0,
    "test__t2i_meanr": 11.485714285714286
}
[2026-03-19 15:54:23] [Eval] Report @step: 9.00 {
    "test__rsum": 343.54838709677415,
    "test__medr": 3.0,
    "test__meanr": 12.338709677419356,
    "test__n_fold_i2t_recall_1": 56.45161290322581,
    "test__n_fold_i2t_recall_5": 64.51612903225806,
    "test__n_fold_i2t_recall_10": 66.12903225806451,
    "test__n_fold_i2t_rsum": 187.09677419354838,
    "test__n_fold_i2t_medr": 1.0,
    "test__n_fold_i2t_meanr": 6.67741935483871,
    "test__n_fold_t2i_recall_1": 8.064516129032258,
    "test__n_fold_t2i_recall_5": 64.51612903225806,
    "test__n_fold_t2i_recall_10": 83.87096774193549,
    "test__n_fold_t2i_rsum": 156.4516129032258,
    "test__n_fold_t2i_medr": 2.0,
    "test__n_fold_t2i_meanr": 5.661290322580645,
    "test__i2t_recall_1": 56.45161290322581,
    "test__i2t_recall_5": 64.51612903225806,
    "test__i2t_recall_10": 66.12903225806451,
    "test__i2t_rsum": 187.09677419354838,
    "test__i2t_medr": 1.0,
    "test__i2t_meanr": 6.67741935483871,
    "test__t2i_recall_1": 8.064516129032258,
    "test__t2i_recall_5": 64.51612903225806,
    "test__t2i_recall_10": 83.87096774193549,
    "test__t2i_rsum": 156.4516129032258,
    "test__t2i_medr": 2.0,
    "test__t2i_meanr": 5.661290322580645
}
[2026-03-19 15:55:03] [Eval] Report @step: 9.00 {
    "test__rsum": 380.7308970099667,
    "test__medr": 8.0,
    "test__meanr": 9.584717607973422,
    "test__n_fold_i2t_recall_1": 26.578073089700997,
    "test__n_fold_i2t_recall_5": 85.38205980066445,
    "test__n_fold_i2t_recall_10": 85.38205980066445,
    "test__n_fold_i2t_rsum": 197.34219269102988,
    "test__n_fold_i2t_medr": 4.0,
    "test__n_fold_i2t_meanr": 5.647840531561462,
    "test__n_fold_t2i_recall_1": 3.9867109634551494,
    "test__n_fold_t2i_recall_5": 79.40199335548172,
    "test__n_fold_t2i_recall_10": 100.0,
    "test__n_fold_t2i_rsum": 183.38870431893687,
    "test__n_fold_t2i_medr": 4.0,
    "test__n_fold_t2i_meanr": 3.9368770764119603,
    "test__i2t_recall_1": 26.578073089700997,
    "test__i2t_recall_5": 85.38205980066445,
    "test__i2t_recall_10": 85.38205980066445,
    "test__i2t_rsum": 197.34219269102988,
    "test__i2t_medr": 4.0,
    "test__i2t_meanr": 5.647840531561462,
    "test__t2i_recall_1": 3.9867109634551494,
    "test__t2i_recall_5": 79.40199335548172,
    "test__t2i_recall_10": 100.0,
    "test__t2i_rsum": 183.38870431893687,
    "test__t2i_medr": 4.0,
    "test__t2i_meanr": 3.9368770764119603
}
[2026-03-19 15:55:39] [Eval] Report @step: 9.00 {
    "test__rsum": 372.20543806646526,
    "test__medr": 6.0,
    "test__meanr": 11.326283987915408,
    "test__n_fold_i2t_recall_1": 26.88821752265861,
    "test__n_fold_i2t_recall_5": 59.818731117824775,
    "test__n_fold_i2t_recall_10": 93.35347432024169,
    "test__n_fold_i2t_rsum": 180.06042296072508,
    "test__n_fold_i2t_medr": 3.0,
    "test__n_fold_i2t_meanr": 5.637462235649547,
    "test__n_fold_t2i_recall_1": 33.53474320241692,
    "test__n_fold_t2i_recall_5": 78.54984894259819,
    "test__n_fold_t2i_recall_10": 80.06042296072508,
    "test__n_fold_t2i_rsum": 192.14501510574019,
    "test__n_fold_t2i_medr": 3.0,
    "test__n_fold_t2i_meanr": 5.688821752265861,
    "test__i2t_recall_1": 26.88821752265861,
    "test__i2t_recall_5": 59.818731117824775,
    "test__i2t_recall_10": 93.35347432024169,
    "test__i2t_rsum": 180.06042296072508,
    "test__i2t_medr": 3.0,
    "test__i2t_meanr": 5.637462235649547,
    "test__t2i_recall_1": 33.53474320241692,
    "test__t2i_recall_5": 78.54984894259819,
    "test__t2i_recall_10": 80.06042296072508,
    "test__t2i_rsum": 192.14501510574019,
    "test__t2i_medr": 3.0,
    "test__t2i_meanr": 5.688821752265861
}
[2026-03-19 16:02:14] [Eval] Report @step: 9.00 {
    "test__rsum": 390.35874439461884,
    "test__medr": 3.0,
    "test__meanr": 12.828475336322871,
    "test__n_fold_i2t_recall_1": 20.96412556053812,
    "test__n_fold_i2t_recall_5": 79.37219730941705,
    "test__n_fold_i2t_recall_10": 82.51121076233184,
    "test__n_fold_i2t_rsum": 182.84753363228702,
    "test__n_fold_i2t_medr": 2.0,
    "test__n_fold_i2t_meanr": 5.786995515695067,
    "test__n_fold_t2i_recall_1": 53.47533632286996,
    "test__n_fold_t2i_recall_5": 74.2152466367713,
    "test__n_fold_t2i_recall_10": 79.82062780269058,
    "test__n_fold_t2i_rsum": 207.51121076233184,
    "test__n_fold_t2i_medr": 1.0,
    "test__n_fold_t2i_meanr": 7.041479820627803,
    "test__i2t_recall_1": 20.96412556053812,
    "test__i2t_recall_5": 79.37219730941705,
    "test__i2t_recall_10": 82.51121076233184,
    "test__i2t_rsum": 182.84753363228702,
    "test__i2t_medr": 2.0,
    "test__i2t_meanr": 5.786995515695067,
    "test__t2i_recall_1": 53.47533632286996,
    "test__t2i_recall_5": 74.2152466367713,
    "test__t2i_recall_10": 79.82062780269058,
    "test__t2i_rsum": 207.51121076233184,
    "test__t2i_medr": 1.0,
    "test__t2i_meanr": 7.041479820627803
}
[2026-03-19 16:02:22] [Eval] Report @step: 9.00 {
    "test__rsum": 300.0,
    "test__medr": 9.0,
    "test__meanr": 20.005714285714284,
    "test__n_fold_i2t_recall_1": 23.428571428571427,
    "test__n_fold_i2t_recall_5": 50.857142857142854,
    "test__n_fold_i2t_recall_10": 74.28571428571429,
    "test__n_fold_i2t_rsum": 148.57142857142856,
    "test__n_fold_i2t_medr": 5.0,
    "test__n_fold_i2t_meanr": 8.52,
    "test__n_fold_t2i_recall_1": 20.571428571428573,
    "test__n_fold_t2i_recall_5": 61.714285714285715,
    "test__n_fold_t2i_recall_10": 69.14285714285714,
    "test__n_fold_t2i_rsum": 151.42857142857144,
    "test__n_fold_t2i_medr": 4.0,
    "test__n_fold_t2i_meanr": 11.485714285714286,
    "test__i2t_recall_1": 23.428571428571427,
    "test__i2t_recall_5": 50.857142857142854,
    "test__i2t_recall_10": 74.28571428571429,
    "test__i2t_rsum": 148.57142857142856,
    "test__i2t_medr": 5.0,
    "test__i2t_meanr": 8.52,
    "test__t2i_recall_1": 20.571428571428573,
    "test__t2i_recall_5": 61.714285714285715,
    "test__t2i_recall_10": 69.14285714285714,
    "test__t2i_rsum": 151.42857142857144,
    "test__t2i_medr": 4.0,
    "test__t2i_meanr": 11.485714285714286
}
[2026-03-19 16:02:24] [Eval] Report @step: 9.00 {
    "test__rsum": 343.54838709677415,
    "test__medr": 3.0,
    "test__meanr": 12.338709677419356,
    "test__n_fold_i2t_recall_1": 56.45161290322581,
    "test__n_fold_i2t_recall_5": 64.51612903225806,
    "test__n_fold_i2t_recall_10": 66.12903225806451,
    "test__n_fold_i2t_rsum": 187.09677419354838,
    "test__n_fold_i2t_medr": 1.0,
    "test__n_fold_i2t_meanr": 6.67741935483871,
    "test__n_fold_t2i_recall_1": 8.064516129032258,
    "test__n_fold_t2i_recall_5": 64.51612903225806,
    "test__n_fold_t2i_recall_10": 83.87096774193549,
    "test__n_fold_t2i_rsum": 156.4516129032258,
    "test__n_fold_t2i_medr": 2.0,
    "test__n_fold_t2i_meanr": 5.661290322580645,
    "test__i2t_recall_1": 56.45161290322581,
    "test__i2t_recall_5": 64.51612903225806,
    "test__i2t_recall_10": 66.12903225806451,
    "test__i2t_rsum": 187.09677419354838,
    "test__i2t_medr": 1.0,
    "test__i2t_meanr": 6.67741935483871,
    "test__t2i_recall_1": 8.064516129032258,
    "test__t2i_recall_5": 64.51612903225806,
    "test__t2i_recall_10": 83.87096774193549,
    "test__t2i_rsum": 156.4516129032258,
    "test__t2i_medr": 2.0,
    "test__t2i_meanr": 5.661290322580645
}
[2026-03-19 16:03:00] [Eval] Report @step: 9.00 {
    "test__rsum": 380.7308970099667,
    "test__medr": 8.0,
    "test__meanr": 9.584717607973422,
    "test__n_fold_i2t_recall_1": 26.578073089700997,
    "test__n_fold_i2t_recall_5": 85.38205980066445,
    "test__n_fold_i2t_recall_10": 85.38205980066445,
    "test__n_fold_i2t_rsum": 197.34219269102988,
    "test__n_fold_i2t_medr": 4.0,
    "test__n_fold_i2t_meanr": 5.647840531561462,
    "test__n_fold_t2i_recall_1": 3.9867109634551494,
    "test__n_fold_t2i_recall_5": 79.40199335548172,
    "test__n_fold_t2i_recall_10": 100.0,
    "test__n_fold_t2i_rsum": 183.38870431893687,
    "test__n_fold_t2i_medr": 4.0,
    "test__n_fold_t2i_meanr": 3.9368770764119603,
    "test__i2t_recall_1": 26.578073089700997,
    "test__i2t_recall_5": 85.38205980066445,
    "test__i2t_recall_10": 85.38205980066445,
    "test__i2t_rsum": 197.34219269102988,
    "test__i2t_medr": 4.0,
    "test__i2t_meanr": 5.647840531561462,
    "test__t2i_recall_1": 3.9867109634551494,
    "test__t2i_recall_5": 79.40199335548172,
    "test__t2i_recall_10": 100.0,
    "test__t2i_rsum": 183.38870431893687,
    "test__t2i_medr": 4.0,
    "test__t2i_meanr": 3.9368770764119603
}
[2026-03-19 16:03:39] [Eval] Report @step: 9.00 {
    "test__rsum": 372.20543806646526,
    "test__medr": 6.0,
    "test__meanr": 11.326283987915408,
    "test__n_fold_i2t_recall_1": 26.88821752265861,
    "test__n_fold_i2t_recall_5": 59.818731117824775,
    "test__n_fold_i2t_recall_10": 93.35347432024169,
    "test__n_fold_i2t_rsum": 180.06042296072508,
    "test__n_fold_i2t_medr": 3.0,
    "test__n_fold_i2t_meanr": 5.637462235649547,
    "test__n_fold_t2i_recall_1": 33.53474320241692,
    "test__n_fold_t2i_recall_5": 78.54984894259819,
    "test__n_fold_t2i_recall_10": 80.06042296072508,
    "test__n_fold_t2i_rsum": 192.14501510574019,
    "test__n_fold_t2i_medr": 3.0,
    "test__n_fold_t2i_meanr": 5.688821752265861,
    "test__i2t_recall_1": 26.88821752265861,
    "test__i2t_recall_5": 59.818731117824775,
    "test__i2t_recall_10": 93.35347432024169,
    "test__i2t_rsum": 180.06042296072508,
    "test__i2t_medr": 3.0,
    "test__i2t_meanr": 5.637462235649547,
    "test__t2i_recall_1": 33.53474320241692,
    "test__t2i_recall_5": 78.54984894259819,
    "test__t2i_recall_10": 80.06042296072508,
    "test__t2i_rsum": 192.14501510574019,
    "test__t2i_medr": 3.0,
    "test__t2i_meanr": 5.688821752265861
}
[2026-03-19 16:10:25] [Eval] Report @step: 9.00 {
    "test__rsum": 390.35874439461884,
    "test__medr": 3.0,
    "test__meanr": 12.828475336322871,
    "test__n_fold_i2t_recall_1": 20.96412556053812,
    "test__n_fold_i2t_recall_5": 79.37219730941705,
    "test__n_fold_i2t_recall_10": 82.51121076233184,
    "test__n_fold_i2t_rsum": 182.84753363228702,
    "test__n_fold_i2t_medr": 2.0,
    "test__n_fold_i2t_meanr": 5.786995515695067,
    "test__n_fold_t2i_recall_1": 53.47533632286996,
    "test__n_fold_t2i_recall_5": 74.2152466367713,
    "test__n_fold_t2i_recall_10": 79.82062780269058,
    "test__n_fold_t2i_rsum": 207.51121076233184,
    "test__n_fold_t2i_medr": 1.0,
    "test__n_fold_t2i_meanr": 7.041479820627803,
    "test__i2t_recall_1": 20.96412556053812,
    "test__i2t_recall_5": 79.37219730941705,
    "test__i2t_recall_10": 82.51121076233184,
    "test__i2t_rsum": 182.84753363228702,
    "test__i2t_medr": 2.0,
    "test__i2t_meanr": 5.786995515695067,
    "test__t2i_recall_1": 53.47533632286996,
    "test__t2i_recall_5": 74.2152466367713,
    "test__t2i_recall_10": 79.82062780269058,
    "test__t2i_rsum": 207.51121076233184,
    "test__t2i_medr": 1.0,
    "test__t2i_meanr": 7.041479820627803
}
[2026-03-19 16:10:35] [Eval] Report @step: 9.00 {
    "test__rsum": 300.0,
    "test__medr": 9.0,
    "test__meanr": 20.005714285714284,
    "test__n_fold_i2t_recall_1": 23.428571428571427,
    "test__n_fold_i2t_recall_5": 50.857142857142854,
    "test__n_fold_i2t_recall_10": 74.28571428571429,
    "test__n_fold_i2t_rsum": 148.57142857142856,
    "test__n_fold_i2t_medr": 5.0,
    "test__n_fold_i2t_meanr": 8.52,
    "test__n_fold_t2i_recall_1": 20.571428571428573,
    "test__n_fold_t2i_recall_5": 61.714285714285715,
    "test__n_fold_t2i_recall_10": 69.14285714285714,
    "test__n_fold_t2i_rsum": 151.42857142857144,
    "test__n_fold_t2i_medr": 4.0,
    "test__n_fold_t2i_meanr": 11.485714285714286,
    "test__i2t_recall_1": 23.428571428571427,
    "test__i2t_recall_5": 50.857142857142854,
    "test__i2t_recall_10": 74.28571428571429,
    "test__i2t_rsum": 148.57142857142856,
    "test__i2t_medr": 5.0,
    "test__i2t_meanr": 8.52,
    "test__t2i_recall_1": 20.571428571428573,
    "test__t2i_recall_5": 61.714285714285715,
    "test__t2i_recall_10": 69.14285714285714,
    "test__t2i_rsum": 151.42857142857144,
    "test__t2i_medr": 4.0,
    "test__t2i_meanr": 11.485714285714286
}
[2026-03-19 16:10:40] [Eval] Report @step: 9.00 {
    "test__rsum": 343.54838709677415,
    "test__medr": 3.0,
    "test__meanr": 12.338709677419356,
    "test__n_fold_i2t_recall_1": 56.45161290322581,
    "test__n_fold_i2t_recall_5": 64.51612903225806,
    "test__n_fold_i2t_recall_10": 66.12903225806451,
    "test__n_fold_i2t_rsum": 187.09677419354838,
    "test__n_fold_i2t_medr": 1.0,
    "test__n_fold_i2t_meanr": 6.67741935483871,
    "test__n_fold_t2i_recall_1": 8.064516129032258,
    "test__n_fold_t2i_recall_5": 64.51612903225806,
    "test__n_fold_t2i_recall_10": 83.87096774193549,
    "test__n_fold_t2i_rsum": 156.4516129032258,
    "test__n_fold_t2i_medr": 2.0,
    "test__n_fold_t2i_meanr": 5.661290322580645,
    "test__i2t_recall_1": 56.45161290322581,
    "test__i2t_recall_5": 64.51612903225806,
    "test__i2t_recall_10": 66.12903225806451,
    "test__i2t_rsum": 187.09677419354838,
    "test__i2t_medr": 1.0,
    "test__i2t_meanr": 6.67741935483871,
    "test__t2i_recall_1": 8.064516129032258,
    "test__t2i_recall_5": 64.51612903225806,
    "test__t2i_recall_10": 83.87096774193549,
    "test__t2i_rsum": 156.4516129032258,
    "test__t2i_medr": 2.0,
    "test__t2i_meanr": 5.661290322580645
}
[2026-03-19 16:11:21] [Eval] Report @step: 9.00 {
    "test__rsum": 380.7308970099667,
    "test__medr": 8.0,
    "test__meanr": 9.584717607973422,
    "test__n_fold_i2t_recall_1": 26.578073089700997,
    "test__n_fold_i2t_recall_5": 85.38205980066445,
    "test__n_fold_i2t_recall_10": 85.38205980066445,
    "test__n_fold_i2t_rsum": 197.34219269102988,
    "test__n_fold_i2t_medr": 4.0,
    "test__n_fold_i2t_meanr": 5.647840531561462,
    "test__n_fold_t2i_recall_1": 3.9867109634551494,
    "test__n_fold_t2i_recall_5": 79.40199335548172,
    "test__n_fold_t2i_recall_10": 100.0,
    "test__n_fold_t2i_rsum": 183.38870431893687,
    "test__n_fold_t2i_medr": 4.0,
    "test__n_fold_t2i_meanr": 3.9368770764119603,
    "test__i2t_recall_1": 26.578073089700997,
    "test__i2t_recall_5": 85.38205980066445,
    "test__i2t_recall_10": 85.38205980066445,
    "test__i2t_rsum": 197.34219269102988,
    "test__i2t_medr": 4.0,
    "test__i2t_meanr": 5.647840531561462,
    "test__t2i_recall_1": 3.9867109634551494,
    "test__t2i_recall_5": 79.40199335548172,
    "test__t2i_recall_10": 100.0,
    "test__t2i_rsum": 183.38870431893687,
    "test__t2i_medr": 4.0,
    "test__t2i_meanr": 3.9368770764119603
}
[2026-03-19 16:12:02] [Eval] Report @step: 9.00 {
    "test__rsum": 372.20543806646526,
    "test__medr": 6.0,
    "test__meanr": 11.326283987915408,
    "test__n_fold_i2t_recall_1": 26.88821752265861,
    "test__n_fold_i2t_recall_5": 59.818731117824775,
    "test__n_fold_i2t_recall_10": 93.35347432024169,
    "test__n_fold_i2t_rsum": 180.06042296072508,
    "test__n_fold_i2t_medr": 3.0,
    "test__n_fold_i2t_meanr": 5.637462235649547,
    "test__n_fold_t2i_recall_1": 33.53474320241692,
    "test__n_fold_t2i_recall_5": 78.54984894259819,
    "test__n_fold_t2i_recall_10": 80.06042296072508,
    "test__n_fold_t2i_rsum": 192.14501510574019,
    "test__n_fold_t2i_medr": 3.0,
    "test__n_fold_t2i_meanr": 5.688821752265861,
    "test__i2t_recall_1": 26.88821752265861,
    "test__i2t_recall_5": 59.818731117824775,
    "test__i2t_recall_10": 93.35347432024169,
    "test__i2t_rsum": 180.06042296072508,
    "test__i2t_medr": 3.0,
    "test__i2t_meanr": 5.637462235649547,
    "test__t2i_recall_1": 33.53474320241692,
    "test__t2i_recall_5": 78.54984894259819,
    "test__t2i_recall_10": 80.06042296072508,
    "test__t2i_rsum": 192.14501510574019,
    "test__t2i_medr": 3.0,
    "test__t2i_meanr": 5.688821752265861
}
[2026-03-19 16:18:42] [Eval] Report @step: 9.00 {
    "test__rsum": 390.35874439461884,
    "test__medr": 3.0,
    "test__meanr": 12.828475336322871,
    "test__n_fold_i2t_recall_1": 20.96412556053812,
    "test__n_fold_i2t_recall_5": 79.37219730941705,
    "test__n_fold_i2t_recall_10": 82.51121076233184,
    "test__n_fold_i2t_rsum": 182.84753363228702,
    "test__n_fold_i2t_medr": 2.0,
    "test__n_fold_i2t_meanr": 5.786995515695067,
    "test__n_fold_t2i_recall_1": 53.47533632286996,
    "test__n_fold_t2i_recall_5": 74.2152466367713,
    "test__n_fold_t2i_recall_10": 79.82062780269058,
    "test__n_fold_t2i_rsum": 207.51121076233184,
    "test__n_fold_t2i_medr": 1.0,
    "test__n_fold_t2i_meanr": 7.041479820627803,
    "test__i2t_recall_1": 20.96412556053812,
    "test__i2t_recall_5": 79.37219730941705,
    "test__i2t_recall_10": 82.51121076233184,
    "test__i2t_rsum": 182.84753363228702,
    "test__i2t_medr": 2.0,
    "test__i2t_meanr": 5.786995515695067,
    "test__t2i_recall_1": 53.47533632286996,
    "test__t2i_recall_5": 74.2152466367713,
    "test__t2i_recall_10": 79.82062780269058,
    "test__t2i_rsum": 207.51121076233184,
    "test__t2i_medr": 1.0,
    "test__t2i_meanr": 7.041479820627803
}
[2026-03-19 16:18:46] [Eval] Report @step: 9.00 {
    "test__rsum": 300.0,
    "test__medr": 9.0,
    "test__meanr": 20.005714285714284,
    "test__n_fold_i2t_recall_1": 23.428571428571427,
    "test__n_fold_i2t_recall_5": 50.857142857142854,
    "test__n_fold_i2t_recall_10": 74.28571428571429,
    "test__n_fold_i2t_rsum": 148.57142857142856,
    "test__n_fold_i2t_medr": 5.0,
    "test__n_fold_i2t_meanr": 8.52,
    "test__n_fold_t2i_recall_1": 20.571428571428573,
    "test__n_fold_t2i_recall_5": 61.714285714285715,
    "test__n_fold_t2i_recall_10": 69.14285714285714,
    "test__n_fold_t2i_rsum": 151.42857142857144,
    "test__n_fold_t2i_medr": 4.0,
    "test__n_fold_t2i_meanr": 11.485714285714286,
    "test__i2t_recall_1": 23.428571428571427,
    "test__i2t_recall_5": 50.857142857142854,
    "test__i2t_recall_10": 74.28571428571429,
    "test__i2t_rsum": 148.57142857142856,
    "test__i2t_medr": 5.0,
    "test__i2t_meanr": 8.52,
    "test__t2i_recall_1": 20.571428571428573,
    "test__t2i_recall_5": 61.714285714285715,
    "test__t2i_recall_10": 69.14285714285714,
    "test__t2i_rsum": 151.42857142857144,
    "test__t2i_medr": 4.0,
    "test__t2i_meanr": 11.485714285714286
}
[2026-03-19 16:18:50] [Eval] Report @step: 9.00 {
    "test__rsum": 343.54838709677415,
    "test__medr": 3.0,
    "test__meanr": 12.338709677419356,
    "test__n_fold_i2t_recall_1": 56.45161290322581,
    "test__n_fold_i2t_recall_5": 64.51612903225806,
    "test__n_fold_i2t_recall_10": 66.12903225806451,
    "test__n_fold_i2t_rsum": 187.09677419354838,
    "test__n_fold_i2t_medr": 1.0,
    "test__n_fold_i2t_meanr": 6.67741935483871,
    "test__n_fold_t2i_recall_1": 8.064516129032258,
    "test__n_fold_t2i_recall_5": 64.51612903225806,
    "test__n_fold_t2i_recall_10": 83.87096774193549,
    "test__n_fold_t2i_rsum": 156.4516129032258,
    "test__n_fold_t2i_medr": 2.0,
    "test__n_fold_t2i_meanr": 5.661290322580645,
    "test__i2t_recall_1": 56.45161290322581,
    "test__i2t_recall_5": 64.51612903225806,
    "test__i2t_recall_10": 66.12903225806451,
    "test__i2t_rsum": 187.09677419354838,
    "test__i2t_medr": 1.0,
    "test__i2t_meanr": 6.67741935483871,
    "test__t2i_recall_1": 8.064516129032258,
    "test__t2i_recall_5": 64.51612903225806,
    "test__t2i_recall_10": 83.87096774193549,
    "test__t2i_rsum": 156.4516129032258,
    "test__t2i_medr": 2.0,
    "test__t2i_meanr": 5.661290322580645
}
[2026-03-19 16:19:27] [Eval] Report @step: 9.00 {
    "test__rsum": 380.7308970099667,
    "test__medr": 8.0,
    "test__meanr": 9.584717607973422,
    "test__n_fold_i2t_recall_1": 26.578073089700997,
    "test__n_fold_i2t_recall_5": 85.38205980066445,
    "test__n_fold_i2t_recall_10": 85.38205980066445,
    "test__n_fold_i2t_rsum": 197.34219269102988,
    "test__n_fold_i2t_medr": 4.0,
    "test__n_fold_i2t_meanr": 5.647840531561462,
    "test__n_fold_t2i_recall_1": 3.9867109634551494,
    "test__n_fold_t2i_recall_5": 79.40199335548172,
    "test__n_fold_t2i_recall_10": 100.0,
    "test__n_fold_t2i_rsum": 183.38870431893687,
    "test__n_fold_t2i_medr": 4.0,
    "test__n_fold_t2i_meanr": 3.9368770764119603,
    "test__i2t_recall_1": 26.578073089700997,
    "test__i2t_recall_5": 85.38205980066445,
    "test__i2t_recall_10": 85.38205980066445,
    "test__i2t_rsum": 197.34219269102988,
    "test__i2t_medr": 4.0,
    "test__i2t_meanr": 5.647840531561462,
    "test__t2i_recall_1": 3.9867109634551494,
    "test__t2i_recall_5": 79.40199335548172,
    "test__t2i_recall_10": 100.0,
    "test__t2i_rsum": 183.38870431893687,
    "test__t2i_medr": 4.0,
    "test__t2i_meanr": 3.9368770764119603
}
[2026-03-19 16:20:08] [Eval] Report @step: 9.00 {
    "test__rsum": 372.20543806646526,
    "test__medr": 6.0,
    "test__meanr": 11.326283987915408,
    "test__n_fold_i2t_recall_1": 26.88821752265861,
    "test__n_fold_i2t_recall_5": 59.818731117824775,
    "test__n_fold_i2t_recall_10": 93.35347432024169,
    "test__n_fold_i2t_rsum": 180.06042296072508,
    "test__n_fold_i2t_medr": 3.0,
    "test__n_fold_i2t_meanr": 5.637462235649547,
    "test__n_fold_t2i_recall_1": 33.53474320241692,
    "test__n_fold_t2i_recall_5": 78.54984894259819,
    "test__n_fold_t2i_recall_10": 80.06042296072508,
    "test__n_fold_t2i_rsum": 192.14501510574019,
    "test__n_fold_t2i_medr": 3.0,
    "test__n_fold_t2i_meanr": 5.688821752265861,
    "test__i2t_recall_1": 26.88821752265861,
    "test__i2t_recall_5": 59.818731117824775,
    "test__i2t_recall_10": 93.35347432024169,
    "test__i2t_rsum": 180.06042296072508,
    "test__i2t_medr": 3.0,
    "test__i2t_meanr": 5.637462235649547,
    "test__t2i_recall_1": 33.53474320241692,
    "test__t2i_recall_5": 78.54984894259819,
    "test__t2i_recall_10": 80.06042296072508,
    "test__t2i_rsum": 192.14501510574019,
    "test__t2i_medr": 3.0,
    "test__t2i_meanr": 5.688821752265861
}
[2026-03-19 16:26:41] [Eval] Report @step: 9.00 {
    "test__rsum": 390.35874439461884,
    "test__medr": 3.0,
    "test__meanr": 12.828475336322871,
    "test__n_fold_i2t_recall_1": 20.96412556053812,
    "test__n_fold_i2t_recall_5": 79.37219730941705,
    "test__n_fold_i2t_recall_10": 82.51121076233184,
    "test__n_fold_i2t_rsum": 182.84753363228702,
    "test__n_fold_i2t_medr": 2.0,
    "test__n_fold_i2t_meanr": 5.786995515695067,
    "test__n_fold_t2i_recall_1": 53.47533632286996,
    "test__n_fold_t2i_recall_5": 74.2152466367713,
    "test__n_fold_t2i_recall_10": 79.82062780269058,
    "test__n_fold_t2i_rsum": 207.51121076233184,
    "test__n_fold_t2i_medr": 1.0,
    "test__n_fold_t2i_meanr": 7.041479820627803,
    "test__i2t_recall_1": 20.96412556053812,
    "test__i2t_recall_5": 79.37219730941705,
    "test__i2t_recall_10": 82.51121076233184,
    "test__i2t_rsum": 182.84753363228702,
    "test__i2t_medr": 2.0,
    "test__i2t_meanr": 5.786995515695067,
    "test__t2i_recall_1": 53.47533632286996,
    "test__t2i_recall_5": 74.2152466367713,
    "test__t2i_recall_10": 79.82062780269058,
    "test__t2i_rsum": 207.51121076233184,
    "test__t2i_medr": 1.0,
    "test__t2i_meanr": 7.041479820627803
}
[2026-03-19 16:26:51] [Eval] Report @step: 9.00 {
    "test__rsum": 300.0,
    "test__medr": 9.0,
    "test__meanr": 20.005714285714284,
    "test__n_fold_i2t_recall_1": 23.428571428571427,
    "test__n_fold_i2t_recall_5": 50.857142857142854,
    "test__n_fold_i2t_recall_10": 74.28571428571429,
    "test__n_fold_i2t_rsum": 148.57142857142856,
    "test__n_fold_i2t_medr": 5.0,
    "test__n_fold_i2t_meanr": 8.52,
    "test__n_fold_t2i_recall_1": 20.571428571428573,
    "test__n_fold_t2i_recall_5": 61.714285714285715,
    "test__n_fold_t2i_recall_10": 69.14285714285714,
    "test__n_fold_t2i_rsum": 151.42857142857144,
    "test__n_fold_t2i_medr": 4.0,
    "test__n_fold_t2i_meanr": 11.485714285714286,
    "test__i2t_recall_1": 23.428571428571427,
    "test__i2t_recall_5": 50.857142857142854,
    "test__i2t_recall_10": 74.28571428571429,
    "test__i2t_rsum": 148.57142857142856,
    "test__i2t_medr": 5.0,
    "test__i2t_meanr": 8.52,
    "test__t2i_recall_1": 20.571428571428573,
    "test__t2i_recall_5": 61.714285714285715,
    "test__t2i_recall_10": 69.14285714285714,
    "test__t2i_rsum": 151.42857142857144,
    "test__t2i_medr": 4.0,
    "test__t2i_meanr": 11.485714285714286
}
[2026-03-19 16:26:55] [Eval] Report @step: 9.00 {
    "test__rsum": 343.54838709677415,
    "test__medr": 3.0,
    "test__meanr": 12.338709677419356,
    "test__n_fold_i2t_recall_1": 56.45161290322581,
    "test__n_fold_i2t_recall_5": 64.51612903225806,
    "test__n_fold_i2t_recall_10": 66.12903225806451,
    "test__n_fold_i2t_rsum": 187.09677419354838,
    "test__n_fold_i2t_medr": 1.0,
    "test__n_fold_i2t_meanr": 6.67741935483871,
    "test__n_fold_t2i_recall_1": 8.064516129032258,
    "test__n_fold_t2i_recall_5": 64.51612903225806,
    "test__n_fold_t2i_recall_10": 83.87096774193549,
    "test__n_fold_t2i_rsum": 156.4516129032258,
    "test__n_fold_t2i_medr": 2.0,
    "test__n_fold_t2i_meanr": 5.661290322580645,
    "test__i2t_recall_1": 56.45161290322581,
    "test__i2t_recall_5": 64.51612903225806,
    "test__i2t_recall_10": 66.12903225806451,
    "test__i2t_rsum": 187.09677419354838,
    "test__i2t_medr": 1.0,
    "test__i2t_meanr": 6.67741935483871,
    "test__t2i_recall_1": 8.064516129032258,
    "test__t2i_recall_5": 64.51612903225806,
    "test__t2i_recall_10": 83.87096774193549,
    "test__t2i_rsum": 156.4516129032258,
    "test__t2i_medr": 2.0,
    "test__t2i_meanr": 5.661290322580645
}
[2026-03-19 16:26:56] Round 10!
[2026-03-19 16:26:56] Harmony enters stage1 at round 10.
[2026-03-19 16:26:56] Training Client 0!
[2026-03-19 16:26:56] Epoch: [10] image	Loss 2.0394 (2.0403)	Prec@1 38.281 (38.542)	Prec@5 93.359 (91.927)
[2026-03-19 16:26:56] TEST:  Epoch: [10] image	Prec@1 37.778 (41.196)	Prec@5 95.556 (96.013)
[2026-03-19 16:26:56] Training Client 1!
[2026-03-19 16:26:56] Epoch: [10] image	Loss 3.1194 (3.1194)	Prec@1 14.062 (14.062)	Prec@5 76.562 (76.562)
[2026-03-19 16:26:56] TEST:  Epoch: [10] image	Prec@1 13.333 (15.408)	Prec@5 78.667 (76.133)
[2026-03-19 16:26:57] Training Client 2!
[2026-03-19 16:26:57] Epoch: [10] image	Loss 1.9064 (1.9248)	Prec@1 50.391 (50.651)	Prec@5 99.219 (99.219)
[2026-03-19 16:26:57] TEST:  Epoch: [10] image	Prec@1 60.484 (53.251)	Prec@5 98.387 (98.767)
[2026-03-19 16:26:58] Training Client 3!
[2026-03-19 16:26:58] Epoch: [10] image	Loss 2.2648 (2.3489)	Prec@1 30.469 (28.125)	Prec@5 90.234 (90.495)
[2026-03-19 16:26:58] TEST:  Epoch: [10] image	Prec@1 20.000 (20.000)	Prec@5 89.714 (89.714)
[2026-03-19 16:26:58] Training Client 4!
[2026-03-19 16:26:58] Epoch: [10] image	Loss 2.8692 (2.8692)	Prec@1 61.719 (61.719)	Prec@5 82.031 (82.031)
[2026-03-19 16:26:58] TEST:  Epoch: [10] image	Prec@1 56.452 (56.452)	Prec@5 74.194 (74.194)
[2026-03-19 16:26:58] Training Client 5!
[2026-03-19 16:26:58] Epoch: [10] text	Loss 3.3814 (3.3814)	Prec@1 0.000 (0.000)	Prec@5 0.000 (0.000)
[2026-03-19 16:26:59] TEST:  Epoch: [10] text	Prec@1 0.000 (0.000)	Prec@5 46.667 (49.169)
[2026-03-19 16:26:59] Training Client 6!
[2026-03-19 16:26:59] Epoch: [10] text	Loss 2.0692 (2.0942)	Prec@1 30.469 (31.510)	Prec@5 92.188 (92.969)
[2026-03-19 16:26:59] TEST:  Epoch: [10] text	Prec@1 30.667 (32.931)	Prec@5 94.667 (93.656)
[2026-03-19 16:26:59] Training Client 7!
[2026-03-19 16:27:01] Epoch: [10] text	Loss 1.3404 (1.3777)	Prec@1 56.250 (53.883)	Prec@5 99.219 (99.035)
[2026-03-19 16:27:02] TEST:  Epoch: [10] text	Prec@1 60.484 (53.251)	Prec@5 98.387 (98.767)
[2026-03-19 16:27:02] Training Client 8!
[2026-03-19 16:27:02] Epoch: [10] text	Loss 3.1844 (3.1844)	Prec@1 26.953 (26.953)	Prec@5 46.094 (46.094)
[2026-03-19 16:27:02] TEST:  Epoch: [10] text	Prec@1 20.000 (20.000)	Prec@5 48.571 (48.571)
[2026-03-19 16:27:02] Training Client 9!
[2026-03-19 16:27:02] Epoch: [10] text	Loss 0.0000 (0.0000)	Prec@1 0.000 (0.000)	Prec@5 0.000 (0.000)
[2026-03-19 16:27:02] TEST:  Epoch: [10] text	Prec@1 0.000 (0.000)	Prec@5 0.000 (0.000)
[2026-03-19 16:27:02] Training Client 10!
[2026-03-19 16:27:02] Epoch 10
[2026-03-19 16:27:03] Training Client 11!
[2026-03-19 16:27:03] Epoch 10
[2026-03-19 16:27:05] Training Client 12!
[2026-03-19 16:27:05] Epoch 10
[2026-03-19 16:27:06] Training Client 13!
[2026-03-19 16:27:06] Epoch 10
[2026-03-19 16:27:06] Skip local epoch for client 3: train loader has no full batch
[2026-03-19 16:27:06] Training Client 14!
[2026-03-19 16:27:06] Epoch 10
[2026-03-19 16:27:06] Skip local epoch for client 4: train loader has no full batch
[2026-03-19 16:27:07] Harmony stage1 completed at round 10; benchmark encoders refreshed.
[2026-03-19 16:27:07] TEST:  Epoch: [10] image	Prec@1 37.778 (41.196)	Prec@5 88.889 (88.704)
[2026-03-19 16:27:07] TEST:  Epoch: [10] image	Prec@1 16.000 (13.595)	Prec@5 78.667 (76.133)
[2026-03-19 16:27:08] TEST:  Epoch: [10] image	Prec@1 60.484 (53.251)	Prec@5 98.387 (98.767)
[2026-03-19 16:27:08] TEST:  Epoch: [10] image	Prec@1 20.000 (20.000)	Prec@5 89.714 (89.714)
[2026-03-19 16:27:08] TEST:  Epoch: [10] image	Prec@1 56.452 (56.452)	Prec@5 74.194 (74.194)
[2026-03-19 16:27:08] TEST:  Epoch: [10] text	Prec@1 0.000 (0.000)	Prec@5 11.111 (15.282)
[2026-03-19 16:27:09] TEST:  Epoch: [10] text	Prec@1 30.667 (32.931)	Prec@5 94.667 (93.656)
[2026-03-19 16:27:09] TEST:  Epoch: [10] text	Prec@1 60.484 (53.251)	Prec@5 98.387 (98.767)
[2026-03-19 16:27:09] TEST:  Epoch: [10] text	Prec@1 20.000 (20.000)	Prec@5 48.571 (48.571)
[2026-03-19 16:27:09] TEST:  Epoch: [10] text	Prec@1 0.000 (0.000)	Prec@5 0.000 (0.000)
[2026-03-19 16:27:47] [Eval] Report @step: 10.00 {
    "test__rsum": 352.8239202657807,
    "test__medr": 9.0,
    "test__meanr": 11.136212624584719,
    "test__n_fold_i2t_recall_1": 26.578073089700997,
    "test__n_fold_i2t_recall_5": 63.45514950166113,
    "test__n_fold_i2t_recall_10": 85.71428571428571,
    "test__n_fold_i2t_rsum": 175.74750830564784,
    "test__n_fold_i2t_medr": 5.0,
    "test__n_fold_i2t_meanr": 6.910299003322259,
    "test__n_fold_t2i_recall_1": 3.9867109634551494,
    "test__n_fold_t2i_recall_5": 73.08970099667773,
    "test__n_fold_t2i_recall_10": 100.0,
    "test__n_fold_t2i_rsum": 177.07641196013287,
    "test__n_fold_t2i_medr": 4.0,
    "test__n_fold_t2i_meanr": 4.225913621262459,
    "test__i2t_recall_1": 26.578073089700997,
    "test__i2t_recall_5": 63.45514950166113,
    "test__i2t_recall_10": 85.71428571428571,
    "test__i2t_rsum": 175.74750830564784,
    "test__i2t_medr": 5.0,
    "test__i2t_meanr": 6.910299003322259,
    "test__t2i_recall_1": 3.9867109634551494,
    "test__t2i_recall_5": 73.08970099667773,
    "test__t2i_recall_10": 100.0,
    "test__t2i_rsum": 177.07641196013287,
    "test__t2i_medr": 4.0,
    "test__t2i_meanr": 4.225913621262459
}
[2026-03-19 16:28:21] [Eval] Report @step: 10.00 {
    "test__rsum": 374.32024169184285,
    "test__medr": 6.0,
    "test__meanr": 11.196374622356496,
    "test__n_fold_i2t_recall_1": 26.88821752265861,
    "test__n_fold_i2t_recall_5": 59.818731117824775,
    "test__n_fold_i2t_recall_10": 88.82175226586102,
    "test__n_fold_i2t_rsum": 175.5287009063444,
    "test__n_fold_i2t_medr": 3.0,
    "test__n_fold_i2t_meanr": 5.9154078549848945,
    "test__n_fold_t2i_recall_1": 38.972809667673715,
    "test__n_fold_t2i_recall_5": 79.45619335347432,
    "test__n_fold_t2i_recall_10": 80.36253776435045,
    "test__n_fold_t2i_rsum": 198.79154078549848,
    "test__n_fold_t2i_medr": 3.0,
    "test__n_fold_t2i_meanr": 5.280966767371601,
    "test__i2t_recall_1": 26.88821752265861,
    "test__i2t_recall_5": 59.818731117824775,
    "test__i2t_recall_10": 88.82175226586102,
    "test__i2t_rsum": 175.5287009063444,
    "test__i2t_medr": 3.0,
    "test__i2t_meanr": 5.9154078549848945,
    "test__t2i_recall_1": 38.972809667673715,
    "test__t2i_recall_5": 79.45619335347432,
    "test__t2i_recall_10": 80.36253776435045,
    "test__t2i_rsum": 198.79154078549848,
    "test__t2i_medr": 3.0,
    "test__t2i_meanr": 5.280966767371601
}
[2026-03-19 16:35:07] [Eval] Report @step: 10.00 {
    "test__rsum": 390.13452914798205,
    "test__medr": 3.0,
    "test__meanr": 13.288116591928251,
    "test__n_fold_i2t_recall_1": 20.96412556053812,
    "test__n_fold_i2t_recall_5": 79.37219730941705,
    "test__n_fold_i2t_recall_10": 82.0627802690583,
    "test__n_fold_i2t_rsum": 182.39910313901345,
    "test__n_fold_i2t_medr": 2.0,
    "test__n_fold_i2t_meanr": 5.959641255605381,
    "test__n_fold_t2i_recall_1": 53.47533632286996,
    "test__n_fold_t2i_recall_5": 74.2152466367713,
    "test__n_fold_t2i_recall_10": 80.04484304932735,
    "test__n_fold_t2i_rsum": 207.7354260089686,
    "test__n_fold_t2i_medr": 1.0,
    "test__n_fold_t2i_meanr": 7.32847533632287,
    "test__i2t_recall_1": 20.96412556053812,
    "test__i2t_recall_5": 79.37219730941705,
    "test__i2t_recall_10": 82.0627802690583,
    "test__i2t_rsum": 182.39910313901345,
    "test__i2t_medr": 2.0,
    "test__i2t_meanr": 5.959641255605381,
    "test__t2i_recall_1": 53.47533632286996,
    "test__t2i_recall_5": 74.2152466367713,
    "test__t2i_recall_10": 80.04484304932735,
    "test__t2i_rsum": 207.7354260089686,
    "test__t2i_medr": 1.0,
    "test__t2i_meanr": 7.32847533632287
}
[2026-03-19 16:35:17] [Eval] Report @step: 10.00 {
    "test__rsum": 290.2857142857143,
    "test__medr": 10.0,
    "test__meanr": 20.96,
    "test__n_fold_i2t_recall_1": 21.142857142857142,
    "test__n_fold_i2t_recall_5": 48.57142857142857,
    "test__n_fold_i2t_recall_10": 69.14285714285714,
    "test__n_fold_i2t_rsum": 138.85714285714283,
    "test__n_fold_i2t_medr": 6.0,
    "test__n_fold_i2t_meanr": 9.08,
    "test__n_fold_t2i_recall_1": 20.571428571428573,
    "test__n_fold_t2i_recall_5": 61.714285714285715,
    "test__n_fold_t2i_recall_10": 69.14285714285714,
    "test__n_fold_t2i_rsum": 151.42857142857144,
    "test__n_fold_t2i_medr": 4.0,
    "test__n_fold_t2i_meanr": 11.88,
    "test__i2t_recall_1": 21.142857142857142,
    "test__i2t_recall_5": 48.57142857142857,
    "test__i2t_recall_10": 69.14285714285714,
    "test__i2t_rsum": 138.85714285714283,
    "test__i2t_medr": 6.0,
    "test__i2t_meanr": 9.08,
    "test__t2i_recall_1": 20.571428571428573,
    "test__t2i_recall_5": 61.714285714285715,
    "test__t2i_recall_10": 69.14285714285714,
    "test__t2i_rsum": 151.42857142857144,
    "test__t2i_medr": 4.0,
    "test__t2i_meanr": 11.88
}
[2026-03-19 16:35:19] [Eval] Report @step: 10.00 {
    "test__rsum": 343.54838709677415,
    "test__medr": 3.0,
    "test__meanr": 11.82258064516129,
    "test__n_fold_i2t_recall_1": 56.45161290322581,
    "test__n_fold_i2t_recall_5": 64.51612903225806,
    "test__n_fold_i2t_recall_10": 66.12903225806451,
    "test__n_fold_i2t_rsum": 187.09677419354838,
    "test__n_fold_i2t_medr": 1.0,
    "test__n_fold_i2t_meanr": 6.354838709677419,
    "test__n_fold_t2i_recall_1": 8.064516129032258,
    "test__n_fold_t2i_recall_5": 64.51612903225806,
    "test__n_fold_t2i_recall_10": 83.87096774193549,
    "test__n_fold_t2i_rsum": 156.4516129032258,
    "test__n_fold_t2i_medr": 2.0,
    "test__n_fold_t2i_meanr": 5.467741935483871,
    "test__i2t_recall_1": 56.45161290322581,
    "test__i2t_recall_5": 64.51612903225806,
    "test__i2t_recall_10": 66.12903225806451,
    "test__i2t_rsum": 187.09677419354838,
    "test__i2t_medr": 1.0,
    "test__i2t_meanr": 6.354838709677419,
    "test__t2i_recall_1": 8.064516129032258,
    "test__t2i_recall_5": 64.51612903225806,
    "test__t2i_recall_10": 83.87096774193549,
    "test__t2i_rsum": 156.4516129032258,
    "test__t2i_medr": 2.0,
    "test__t2i_meanr": 5.467741935483871
}
[2026-03-19 16:35:56] [Eval] Report @step: 10.00 {
    "test__rsum": 352.8239202657807,
    "test__medr": 9.0,
    "test__meanr": 11.136212624584719,
    "test__n_fold_i2t_recall_1": 26.578073089700997,
    "test__n_fold_i2t_recall_5": 63.45514950166113,
    "test__n_fold_i2t_recall_10": 85.71428571428571,
    "test__n_fold_i2t_rsum": 175.74750830564784,
    "test__n_fold_i2t_medr": 5.0,
    "test__n_fold_i2t_meanr": 6.910299003322259,
    "test__n_fold_t2i_recall_1": 3.9867109634551494,
    "test__n_fold_t2i_recall_5": 73.08970099667773,
    "test__n_fold_t2i_recall_10": 100.0,
    "test__n_fold_t2i_rsum": 177.07641196013287,
    "test__n_fold_t2i_medr": 4.0,
    "test__n_fold_t2i_meanr": 4.225913621262459,
    "test__i2t_recall_1": 26.578073089700997,
    "test__i2t_recall_5": 63.45514950166113,
    "test__i2t_recall_10": 85.71428571428571,
    "test__i2t_rsum": 175.74750830564784,
    "test__i2t_medr": 5.0,
    "test__i2t_meanr": 6.910299003322259,
    "test__t2i_recall_1": 3.9867109634551494,
    "test__t2i_recall_5": 73.08970099667773,
    "test__t2i_recall_10": 100.0,
    "test__t2i_rsum": 177.07641196013287,
    "test__t2i_medr": 4.0,
    "test__t2i_meanr": 4.225913621262459
}
[2026-03-19 16:36:34] [Eval] Report @step: 10.00 {
    "test__rsum": 374.32024169184285,
    "test__medr": 6.0,
    "test__meanr": 11.196374622356496,
    "test__n_fold_i2t_recall_1": 26.88821752265861,
    "test__n_fold_i2t_recall_5": 59.818731117824775,
    "test__n_fold_i2t_recall_10": 88.82175226586102,
    "test__n_fold_i2t_rsum": 175.5287009063444,
    "test__n_fold_i2t_medr": 3.0,
    "test__n_fold_i2t_meanr": 5.9154078549848945,
    "test__n_fold_t2i_recall_1": 38.972809667673715,
    "test__n_fold_t2i_recall_5": 79.45619335347432,
    "test__n_fold_t2i_recall_10": 80.36253776435045,
    "test__n_fold_t2i_rsum": 198.79154078549848,
    "test__n_fold_t2i_medr": 3.0,
    "test__n_fold_t2i_meanr": 5.280966767371601,
    "test__i2t_recall_1": 26.88821752265861,
    "test__i2t_recall_5": 59.818731117824775,
    "test__i2t_recall_10": 88.82175226586102,
    "test__i2t_rsum": 175.5287009063444,
    "test__i2t_medr": 3.0,
    "test__i2t_meanr": 5.9154078549848945,
    "test__t2i_recall_1": 38.972809667673715,
    "test__t2i_recall_5": 79.45619335347432,
    "test__t2i_recall_10": 80.36253776435045,
    "test__t2i_rsum": 198.79154078549848,
    "test__t2i_medr": 3.0,
    "test__t2i_meanr": 5.280966767371601
}
[2026-03-19 16:43:09] [Eval] Report @step: 10.00 {
    "test__rsum": 390.13452914798205,
    "test__medr": 3.0,
    "test__meanr": 13.288116591928251,
    "test__n_fold_i2t_recall_1": 20.96412556053812,
    "test__n_fold_i2t_recall_5": 79.37219730941705,
    "test__n_fold_i2t_recall_10": 82.0627802690583,
    "test__n_fold_i2t_rsum": 182.39910313901345,
    "test__n_fold_i2t_medr": 2.0,
    "test__n_fold_i2t_meanr": 5.959641255605381,
    "test__n_fold_t2i_recall_1": 53.47533632286996,
    "test__n_fold_t2i_recall_5": 74.2152466367713,
    "test__n_fold_t2i_recall_10": 80.04484304932735,
    "test__n_fold_t2i_rsum": 207.7354260089686,
    "test__n_fold_t2i_medr": 1.0,
    "test__n_fold_t2i_meanr": 7.32847533632287,
    "test__i2t_recall_1": 20.96412556053812,
    "test__i2t_recall_5": 79.37219730941705,
    "test__i2t_recall_10": 82.0627802690583,
    "test__i2t_rsum": 182.39910313901345,
    "test__i2t_medr": 2.0,
    "test__i2t_meanr": 5.959641255605381,
    "test__t2i_recall_1": 53.47533632286996,
    "test__t2i_recall_5": 74.2152466367713,
    "test__t2i_recall_10": 80.04484304932735,
    "test__t2i_rsum": 207.7354260089686,
    "test__t2i_medr": 1.0,
    "test__t2i_meanr": 7.32847533632287
}
[2026-03-19 16:43:19] [Eval] Report @step: 10.00 {
    "test__rsum": 290.2857142857143,
    "test__medr": 10.0,
    "test__meanr": 20.96,
    "test__n_fold_i2t_recall_1": 21.142857142857142,
    "test__n_fold_i2t_recall_5": 48.57142857142857,
    "test__n_fold_i2t_recall_10": 69.14285714285714,
    "test__n_fold_i2t_rsum": 138.85714285714283,
    "test__n_fold_i2t_medr": 6.0,
    "test__n_fold_i2t_meanr": 9.08,
    "test__n_fold_t2i_recall_1": 20.571428571428573,
    "test__n_fold_t2i_recall_5": 61.714285714285715,
    "test__n_fold_t2i_recall_10": 69.14285714285714,
    "test__n_fold_t2i_rsum": 151.42857142857144,
    "test__n_fold_t2i_medr": 4.0,
    "test__n_fold_t2i_meanr": 11.88,
    "test__i2t_recall_1": 21.142857142857142,
    "test__i2t_recall_5": 48.57142857142857,
    "test__i2t_recall_10": 69.14285714285714,
    "test__i2t_rsum": 138.85714285714283,
    "test__i2t_medr": 6.0,
    "test__i2t_meanr": 9.08,
    "test__t2i_recall_1": 20.571428571428573,
    "test__t2i_recall_5": 61.714285714285715,
    "test__t2i_recall_10": 69.14285714285714,
    "test__t2i_rsum": 151.42857142857144,
    "test__t2i_medr": 4.0,
    "test__t2i_meanr": 11.88
}
[2026-03-19 16:43:19] [Eval] Report @step: 10.00 {
    "test__rsum": 343.54838709677415,
    "test__medr": 3.0,
    "test__meanr": 11.82258064516129,
    "test__n_fold_i2t_recall_1": 56.45161290322581,
    "test__n_fold_i2t_recall_5": 64.51612903225806,
    "test__n_fold_i2t_recall_10": 66.12903225806451,
    "test__n_fold_i2t_rsum": 187.09677419354838,
    "test__n_fold_i2t_medr": 1.0,
    "test__n_fold_i2t_meanr": 6.354838709677419,
    "test__n_fold_t2i_recall_1": 8.064516129032258,
    "test__n_fold_t2i_recall_5": 64.51612903225806,
    "test__n_fold_t2i_recall_10": 83.87096774193549,
    "test__n_fold_t2i_rsum": 156.4516129032258,
    "test__n_fold_t2i_medr": 2.0,
    "test__n_fold_t2i_meanr": 5.467741935483871,
    "test__i2t_recall_1": 56.45161290322581,
    "test__i2t_recall_5": 64.51612903225806,
    "test__i2t_recall_10": 66.12903225806451,
    "test__i2t_rsum": 187.09677419354838,
    "test__i2t_medr": 1.0,
    "test__i2t_meanr": 6.354838709677419,
    "test__t2i_recall_1": 8.064516129032258,
    "test__t2i_recall_5": 64.51612903225806,
    "test__t2i_recall_10": 83.87096774193549,
    "test__t2i_rsum": 156.4516129032258,
    "test__t2i_medr": 2.0,
    "test__t2i_meanr": 5.467741935483871
}
[2026-03-19 16:43:58] [Eval] Report @step: 10.00 {
    "test__rsum": 352.8239202657807,
    "test__medr": 9.0,
    "test__meanr": 11.136212624584719,
    "test__n_fold_i2t_recall_1": 26.578073089700997,
    "test__n_fold_i2t_recall_5": 63.45514950166113,
    "test__n_fold_i2t_recall_10": 85.71428571428571,
    "test__n_fold_i2t_rsum": 175.74750830564784,
    "test__n_fold_i2t_medr": 5.0,
    "test__n_fold_i2t_meanr": 6.910299003322259,
    "test__n_fold_t2i_recall_1": 3.9867109634551494,
    "test__n_fold_t2i_recall_5": 73.08970099667773,
    "test__n_fold_t2i_recall_10": 100.0,
    "test__n_fold_t2i_rsum": 177.07641196013287,
    "test__n_fold_t2i_medr": 4.0,
    "test__n_fold_t2i_meanr": 4.225913621262459,
    "test__i2t_recall_1": 26.578073089700997,
    "test__i2t_recall_5": 63.45514950166113,
    "test__i2t_recall_10": 85.71428571428571,
    "test__i2t_rsum": 175.74750830564784,
    "test__i2t_medr": 5.0,
    "test__i2t_meanr": 6.910299003322259,
    "test__t2i_recall_1": 3.9867109634551494,
    "test__t2i_recall_5": 73.08970099667773,
    "test__t2i_recall_10": 100.0,
    "test__t2i_rsum": 177.07641196013287,
    "test__t2i_medr": 4.0,
    "test__t2i_meanr": 4.225913621262459
}
[2026-03-19 16:44:37] [Eval] Report @step: 10.00 {
    "test__rsum": 374.32024169184285,
    "test__medr": 6.0,
    "test__meanr": 11.196374622356496,
    "test__n_fold_i2t_recall_1": 26.88821752265861,
    "test__n_fold_i2t_recall_5": 59.818731117824775,
    "test__n_fold_i2t_recall_10": 88.82175226586102,
    "test__n_fold_i2t_rsum": 175.5287009063444,
    "test__n_fold_i2t_medr": 3.0,
    "test__n_fold_i2t_meanr": 5.9154078549848945,
    "test__n_fold_t2i_recall_1": 38.972809667673715,
    "test__n_fold_t2i_recall_5": 79.45619335347432,
    "test__n_fold_t2i_recall_10": 80.36253776435045,
    "test__n_fold_t2i_rsum": 198.79154078549848,
    "test__n_fold_t2i_medr": 3.0,
    "test__n_fold_t2i_meanr": 5.280966767371601,
    "test__i2t_recall_1": 26.88821752265861,
    "test__i2t_recall_5": 59.818731117824775,
    "test__i2t_recall_10": 88.82175226586102,
    "test__i2t_rsum": 175.5287009063444,
    "test__i2t_medr": 3.0,
    "test__i2t_meanr": 5.9154078549848945,
    "test__t2i_recall_1": 38.972809667673715,
    "test__t2i_recall_5": 79.45619335347432,
    "test__t2i_recall_10": 80.36253776435045,
    "test__t2i_rsum": 198.79154078549848,
    "test__t2i_medr": 3.0,
    "test__t2i_meanr": 5.280966767371601
}
[2026-03-19 16:51:09] [Eval] Report @step: 10.00 {
    "test__rsum": 390.13452914798205,
    "test__medr": 3.0,
    "test__meanr": 13.288116591928251,
    "test__n_fold_i2t_recall_1": 20.96412556053812,
    "test__n_fold_i2t_recall_5": 79.37219730941705,
    "test__n_fold_i2t_recall_10": 82.0627802690583,
    "test__n_fold_i2t_rsum": 182.39910313901345,
    "test__n_fold_i2t_medr": 2.0,
    "test__n_fold_i2t_meanr": 5.959641255605381,
    "test__n_fold_t2i_recall_1": 53.47533632286996,
    "test__n_fold_t2i_recall_5": 74.2152466367713,
    "test__n_fold_t2i_recall_10": 80.04484304932735,
    "test__n_fold_t2i_rsum": 207.7354260089686,
    "test__n_fold_t2i_medr": 1.0,
    "test__n_fold_t2i_meanr": 7.32847533632287,
    "test__i2t_recall_1": 20.96412556053812,
    "test__i2t_recall_5": 79.37219730941705,
    "test__i2t_recall_10": 82.0627802690583,
    "test__i2t_rsum": 182.39910313901345,
    "test__i2t_medr": 2.0,
    "test__i2t_meanr": 5.959641255605381,
    "test__t2i_recall_1": 53.47533632286996,
    "test__t2i_recall_5": 74.2152466367713,
    "test__t2i_recall_10": 80.04484304932735,
    "test__t2i_rsum": 207.7354260089686,
    "test__t2i_medr": 1.0,
    "test__t2i_meanr": 7.32847533632287
}
[2026-03-19 16:51:18] [Eval] Report @step: 10.00 {
    "test__rsum": 290.2857142857143,
    "test__medr": 10.0,
    "test__meanr": 20.96,
    "test__n_fold_i2t_recall_1": 21.142857142857142,
    "test__n_fold_i2t_recall_5": 48.57142857142857,
    "test__n_fold_i2t_recall_10": 69.14285714285714,
    "test__n_fold_i2t_rsum": 138.85714285714283,
    "test__n_fold_i2t_medr": 6.0,
    "test__n_fold_i2t_meanr": 9.08,
    "test__n_fold_t2i_recall_1": 20.571428571428573,
    "test__n_fold_t2i_recall_5": 61.714285714285715,
    "test__n_fold_t2i_recall_10": 69.14285714285714,
    "test__n_fold_t2i_rsum": 151.42857142857144,
    "test__n_fold_t2i_medr": 4.0,
    "test__n_fold_t2i_meanr": 11.88,
    "test__i2t_recall_1": 21.142857142857142,
    "test__i2t_recall_5": 48.57142857142857,
    "test__i2t_recall_10": 69.14285714285714,
    "test__i2t_rsum": 138.85714285714283,
    "test__i2t_medr": 6.0,
    "test__i2t_meanr": 9.08,
    "test__t2i_recall_1": 20.571428571428573,
    "test__t2i_recall_5": 61.714285714285715,
    "test__t2i_recall_10": 69.14285714285714,
    "test__t2i_rsum": 151.42857142857144,
    "test__t2i_medr": 4.0,
    "test__t2i_meanr": 11.88
}
[2026-03-19 16:51:22] [Eval] Report @step: 10.00 {
    "test__rsum": 343.54838709677415,
    "test__medr": 3.0,
    "test__meanr": 11.82258064516129,
    "test__n_fold_i2t_recall_1": 56.45161290322581,
    "test__n_fold_i2t_recall_5": 64.51612903225806,
    "test__n_fold_i2t_recall_10": 66.12903225806451,
    "test__n_fold_i2t_rsum": 187.09677419354838,
    "test__n_fold_i2t_medr": 1.0,
    "test__n_fold_i2t_meanr": 6.354838709677419,
    "test__n_fold_t2i_recall_1": 8.064516129032258,
    "test__n_fold_t2i_recall_5": 64.51612903225806,
    "test__n_fold_t2i_recall_10": 83.87096774193549,
    "test__n_fold_t2i_rsum": 156.4516129032258,
    "test__n_fold_t2i_medr": 2.0,
    "test__n_fold_t2i_meanr": 5.467741935483871,
    "test__i2t_recall_1": 56.45161290322581,
    "test__i2t_recall_5": 64.51612903225806,
    "test__i2t_recall_10": 66.12903225806451,
    "test__i2t_rsum": 187.09677419354838,
    "test__i2t_medr": 1.0,
    "test__i2t_meanr": 6.354838709677419,
    "test__t2i_recall_1": 8.064516129032258,
    "test__t2i_recall_5": 64.51612903225806,
    "test__t2i_recall_10": 83.87096774193549,
    "test__t2i_rsum": 156.4516129032258,
    "test__t2i_medr": 2.0,
    "test__t2i_meanr": 5.467741935483871
}
[2026-03-19 16:52:01] [Eval] Report @step: 10.00 {
    "test__rsum": 352.8239202657807,
    "test__medr": 9.0,
    "test__meanr": 11.136212624584719,
    "test__n_fold_i2t_recall_1": 26.578073089700997,
    "test__n_fold_i2t_recall_5": 63.45514950166113,
    "test__n_fold_i2t_recall_10": 85.71428571428571,
    "test__n_fold_i2t_rsum": 175.74750830564784,
    "test__n_fold_i2t_medr": 5.0,
    "test__n_fold_i2t_meanr": 6.910299003322259,
    "test__n_fold_t2i_recall_1": 3.9867109634551494,
    "test__n_fold_t2i_recall_5": 73.08970099667773,
    "test__n_fold_t2i_recall_10": 100.0,
    "test__n_fold_t2i_rsum": 177.07641196013287,
    "test__n_fold_t2i_medr": 4.0,
    "test__n_fold_t2i_meanr": 4.225913621262459,
    "test__i2t_recall_1": 26.578073089700997,
    "test__i2t_recall_5": 63.45514950166113,
    "test__i2t_recall_10": 85.71428571428571,
    "test__i2t_rsum": 175.74750830564784,
    "test__i2t_medr": 5.0,
    "test__i2t_meanr": 6.910299003322259,
    "test__t2i_recall_1": 3.9867109634551494,
    "test__t2i_recall_5": 73.08970099667773,
    "test__t2i_recall_10": 100.0,
    "test__t2i_rsum": 177.07641196013287,
    "test__t2i_medr": 4.0,
    "test__t2i_meanr": 4.225913621262459
}
[2026-03-19 16:52:37] [Eval] Report @step: 10.00 {
    "test__rsum": 374.32024169184285,
    "test__medr": 6.0,
    "test__meanr": 11.196374622356496,
    "test__n_fold_i2t_recall_1": 26.88821752265861,
    "test__n_fold_i2t_recall_5": 59.818731117824775,
    "test__n_fold_i2t_recall_10": 88.82175226586102,
    "test__n_fold_i2t_rsum": 175.5287009063444,
    "test__n_fold_i2t_medr": 3.0,
    "test__n_fold_i2t_meanr": 5.9154078549848945,
    "test__n_fold_t2i_recall_1": 38.972809667673715,
    "test__n_fold_t2i_recall_5": 79.45619335347432,
    "test__n_fold_t2i_recall_10": 80.36253776435045,
    "test__n_fold_t2i_rsum": 198.79154078549848,
    "test__n_fold_t2i_medr": 3.0,
    "test__n_fold_t2i_meanr": 5.280966767371601,
    "test__i2t_recall_1": 26.88821752265861,
    "test__i2t_recall_5": 59.818731117824775,
    "test__i2t_recall_10": 88.82175226586102,
    "test__i2t_rsum": 175.5287009063444,
    "test__i2t_medr": 3.0,
    "test__i2t_meanr": 5.9154078549848945,
    "test__t2i_recall_1": 38.972809667673715,
    "test__t2i_recall_5": 79.45619335347432,
    "test__t2i_recall_10": 80.36253776435045,
    "test__t2i_rsum": 198.79154078549848,
    "test__t2i_medr": 3.0,
    "test__t2i_meanr": 5.280966767371601
}
[2026-03-19 16:58:58] [Eval] Report @step: 10.00 {
    "test__rsum": 390.13452914798205,
    "test__medr": 3.0,
    "test__meanr": 13.288116591928251,
    "test__n_fold_i2t_recall_1": 20.96412556053812,
    "test__n_fold_i2t_recall_5": 79.37219730941705,
    "test__n_fold_i2t_recall_10": 82.0627802690583,
    "test__n_fold_i2t_rsum": 182.39910313901345,
    "test__n_fold_i2t_medr": 2.0,
    "test__n_fold_i2t_meanr": 5.959641255605381,
    "test__n_fold_t2i_recall_1": 53.47533632286996,
    "test__n_fold_t2i_recall_5": 74.2152466367713,
    "test__n_fold_t2i_recall_10": 80.04484304932735,
    "test__n_fold_t2i_rsum": 207.7354260089686,
    "test__n_fold_t2i_medr": 1.0,
    "test__n_fold_t2i_meanr": 7.32847533632287,
    "test__i2t_recall_1": 20.96412556053812,
    "test__i2t_recall_5": 79.37219730941705,
    "test__i2t_recall_10": 82.0627802690583,
    "test__i2t_rsum": 182.39910313901345,
    "test__i2t_medr": 2.0,
    "test__i2t_meanr": 5.959641255605381,
    "test__t2i_recall_1": 53.47533632286996,
    "test__t2i_recall_5": 74.2152466367713,
    "test__t2i_recall_10": 80.04484304932735,
    "test__t2i_rsum": 207.7354260089686,
    "test__t2i_medr": 1.0,
    "test__t2i_meanr": 7.32847533632287
}
[2026-03-19 16:59:08] [Eval] Report @step: 10.00 {
    "test__rsum": 290.2857142857143,
    "test__medr": 10.0,
    "test__meanr": 20.96,
    "test__n_fold_i2t_recall_1": 21.142857142857142,
    "test__n_fold_i2t_recall_5": 48.57142857142857,
    "test__n_fold_i2t_recall_10": 69.14285714285714,
    "test__n_fold_i2t_rsum": 138.85714285714283,
    "test__n_fold_i2t_medr": 6.0,
    "test__n_fold_i2t_meanr": 9.08,
    "test__n_fold_t2i_recall_1": 20.571428571428573,
    "test__n_fold_t2i_recall_5": 61.714285714285715,
    "test__n_fold_t2i_recall_10": 69.14285714285714,
    "test__n_fold_t2i_rsum": 151.42857142857144,
    "test__n_fold_t2i_medr": 4.0,
    "test__n_fold_t2i_meanr": 11.88,
    "test__i2t_recall_1": 21.142857142857142,
    "test__i2t_recall_5": 48.57142857142857,
    "test__i2t_recall_10": 69.14285714285714,
    "test__i2t_rsum": 138.85714285714283,
    "test__i2t_medr": 6.0,
    "test__i2t_meanr": 9.08,
    "test__t2i_recall_1": 20.571428571428573,
    "test__t2i_recall_5": 61.714285714285715,
    "test__t2i_recall_10": 69.14285714285714,
    "test__t2i_rsum": 151.42857142857144,
    "test__t2i_medr": 4.0,
    "test__t2i_meanr": 11.88
}
[2026-03-19 16:59:11] [Eval] Report @step: 10.00 {
    "test__rsum": 343.54838709677415,
    "test__medr": 3.0,
    "test__meanr": 11.82258064516129,
    "test__n_fold_i2t_recall_1": 56.45161290322581,
    "test__n_fold_i2t_recall_5": 64.51612903225806,
    "test__n_fold_i2t_recall_10": 66.12903225806451,
    "test__n_fold_i2t_rsum": 187.09677419354838,
    "test__n_fold_i2t_medr": 1.0,
    "test__n_fold_i2t_meanr": 6.354838709677419,
    "test__n_fold_t2i_recall_1": 8.064516129032258,
    "test__n_fold_t2i_recall_5": 64.51612903225806,
    "test__n_fold_t2i_recall_10": 83.87096774193549,
    "test__n_fold_t2i_rsum": 156.4516129032258,
    "test__n_fold_t2i_medr": 2.0,
    "test__n_fold_t2i_meanr": 5.467741935483871,
    "test__i2t_recall_1": 56.45161290322581,
    "test__i2t_recall_5": 64.51612903225806,
    "test__i2t_recall_10": 66.12903225806451,
    "test__i2t_rsum": 187.09677419354838,
    "test__i2t_medr": 1.0,
    "test__i2t_meanr": 6.354838709677419,
    "test__t2i_recall_1": 8.064516129032258,
    "test__t2i_recall_5": 64.51612903225806,
    "test__t2i_recall_10": 83.87096774193549,
    "test__t2i_rsum": 156.4516129032258,
    "test__t2i_medr": 2.0,
    "test__t2i_meanr": 5.467741935483871
}
[2026-03-19 16:59:46] [Eval] Report @step: 10.00 {
    "test__rsum": 352.8239202657807,
    "test__medr": 9.0,
    "test__meanr": 11.136212624584719,
    "test__n_fold_i2t_recall_1": 26.578073089700997,
    "test__n_fold_i2t_recall_5": 63.45514950166113,
    "test__n_fold_i2t_recall_10": 85.71428571428571,
    "test__n_fold_i2t_rsum": 175.74750830564784,
    "test__n_fold_i2t_medr": 5.0,
    "test__n_fold_i2t_meanr": 6.910299003322259,
    "test__n_fold_t2i_recall_1": 3.9867109634551494,
    "test__n_fold_t2i_recall_5": 73.08970099667773,
    "test__n_fold_t2i_recall_10": 100.0,
    "test__n_fold_t2i_rsum": 177.07641196013287,
    "test__n_fold_t2i_medr": 4.0,
    "test__n_fold_t2i_meanr": 4.225913621262459,
    "test__i2t_recall_1": 26.578073089700997,
    "test__i2t_recall_5": 63.45514950166113,
    "test__i2t_recall_10": 85.71428571428571,
    "test__i2t_rsum": 175.74750830564784,
    "test__i2t_medr": 5.0,
    "test__i2t_meanr": 6.910299003322259,
    "test__t2i_recall_1": 3.9867109634551494,
    "test__t2i_recall_5": 73.08970099667773,
    "test__t2i_recall_10": 100.0,
    "test__t2i_rsum": 177.07641196013287,
    "test__t2i_medr": 4.0,
    "test__t2i_meanr": 4.225913621262459
}
[2026-03-19 17:00:23] [Eval] Report @step: 10.00 {
    "test__rsum": 374.32024169184285,
    "test__medr": 6.0,
    "test__meanr": 11.196374622356496,
    "test__n_fold_i2t_recall_1": 26.88821752265861,
    "test__n_fold_i2t_recall_5": 59.818731117824775,
    "test__n_fold_i2t_recall_10": 88.82175226586102,
    "test__n_fold_i2t_rsum": 175.5287009063444,
    "test__n_fold_i2t_medr": 3.0,
    "test__n_fold_i2t_meanr": 5.9154078549848945,
    "test__n_fold_t2i_recall_1": 38.972809667673715,
    "test__n_fold_t2i_recall_5": 79.45619335347432,
    "test__n_fold_t2i_recall_10": 80.36253776435045,
    "test__n_fold_t2i_rsum": 198.79154078549848,
    "test__n_fold_t2i_medr": 3.0,
    "test__n_fold_t2i_meanr": 5.280966767371601,
    "test__i2t_recall_1": 26.88821752265861,
    "test__i2t_recall_5": 59.818731117824775,
    "test__i2t_recall_10": 88.82175226586102,
    "test__i2t_rsum": 175.5287009063444,
    "test__i2t_medr": 3.0,
    "test__i2t_meanr": 5.9154078549848945,
    "test__t2i_recall_1": 38.972809667673715,
    "test__t2i_recall_5": 79.45619335347432,
    "test__t2i_recall_10": 80.36253776435045,
    "test__t2i_rsum": 198.79154078549848,
    "test__t2i_medr": 3.0,
    "test__t2i_meanr": 5.280966767371601
}
[2026-03-19 17:06:42] [Eval] Report @step: 10.00 {
    "test__rsum": 390.13452914798205,
    "test__medr": 3.0,
    "test__meanr": 13.288116591928251,
    "test__n_fold_i2t_recall_1": 20.96412556053812,
    "test__n_fold_i2t_recall_5": 79.37219730941705,
    "test__n_fold_i2t_recall_10": 82.0627802690583,
    "test__n_fold_i2t_rsum": 182.39910313901345,
    "test__n_fold_i2t_medr": 2.0,
    "test__n_fold_i2t_meanr": 5.959641255605381,
    "test__n_fold_t2i_recall_1": 53.47533632286996,
    "test__n_fold_t2i_recall_5": 74.2152466367713,
    "test__n_fold_t2i_recall_10": 80.04484304932735,
    "test__n_fold_t2i_rsum": 207.7354260089686,
    "test__n_fold_t2i_medr": 1.0,
    "test__n_fold_t2i_meanr": 7.32847533632287,
    "test__i2t_recall_1": 20.96412556053812,
    "test__i2t_recall_5": 79.37219730941705,
    "test__i2t_recall_10": 82.0627802690583,
    "test__i2t_rsum": 182.39910313901345,
    "test__i2t_medr": 2.0,
    "test__i2t_meanr": 5.959641255605381,
    "test__t2i_recall_1": 53.47533632286996,
    "test__t2i_recall_5": 74.2152466367713,
    "test__t2i_recall_10": 80.04484304932735,
    "test__t2i_rsum": 207.7354260089686,
    "test__t2i_medr": 1.0,
    "test__t2i_meanr": 7.32847533632287
}
[2026-03-19 17:06:52] [Eval] Report @step: 10.00 {
    "test__rsum": 290.2857142857143,
    "test__medr": 10.0,
    "test__meanr": 20.96,
    "test__n_fold_i2t_recall_1": 21.142857142857142,
    "test__n_fold_i2t_recall_5": 48.57142857142857,
    "test__n_fold_i2t_recall_10": 69.14285714285714,
    "test__n_fold_i2t_rsum": 138.85714285714283,
    "test__n_fold_i2t_medr": 6.0,
    "test__n_fold_i2t_meanr": 9.08,
    "test__n_fold_t2i_recall_1": 20.571428571428573,
    "test__n_fold_t2i_recall_5": 61.714285714285715,
    "test__n_fold_t2i_recall_10": 69.14285714285714,
    "test__n_fold_t2i_rsum": 151.42857142857144,
    "test__n_fold_t2i_medr": 4.0,
    "test__n_fold_t2i_meanr": 11.88,
    "test__i2t_recall_1": 21.142857142857142,
    "test__i2t_recall_5": 48.57142857142857,
    "test__i2t_recall_10": 69.14285714285714,
    "test__i2t_rsum": 138.85714285714283,
    "test__i2t_medr": 6.0,
    "test__i2t_meanr": 9.08,
    "test__t2i_recall_1": 20.571428571428573,
    "test__t2i_recall_5": 61.714285714285715,
    "test__t2i_recall_10": 69.14285714285714,
    "test__t2i_rsum": 151.42857142857144,
    "test__t2i_medr": 4.0,
    "test__t2i_meanr": 11.88
}
[2026-03-19 17:06:55] [Eval] Report @step: 10.00 {
    "test__rsum": 343.54838709677415,
    "test__medr": 3.0,
    "test__meanr": 11.82258064516129,
    "test__n_fold_i2t_recall_1": 56.45161290322581,
    "test__n_fold_i2t_recall_5": 64.51612903225806,
    "test__n_fold_i2t_recall_10": 66.12903225806451,
    "test__n_fold_i2t_rsum": 187.09677419354838,
    "test__n_fold_i2t_medr": 1.0,
    "test__n_fold_i2t_meanr": 6.354838709677419,
    "test__n_fold_t2i_recall_1": 8.064516129032258,
    "test__n_fold_t2i_recall_5": 64.51612903225806,
    "test__n_fold_t2i_recall_10": 83.87096774193549,
    "test__n_fold_t2i_rsum": 156.4516129032258,
    "test__n_fold_t2i_medr": 2.0,
    "test__n_fold_t2i_meanr": 5.467741935483871,
    "test__i2t_recall_1": 56.45161290322581,
    "test__i2t_recall_5": 64.51612903225806,
    "test__i2t_recall_10": 66.12903225806451,
    "test__i2t_rsum": 187.09677419354838,
    "test__i2t_medr": 1.0,
    "test__i2t_meanr": 6.354838709677419,
    "test__t2i_recall_1": 8.064516129032258,
    "test__t2i_recall_5": 64.51612903225806,
    "test__t2i_recall_10": 83.87096774193549,
    "test__t2i_rsum": 156.4516129032258,
    "test__t2i_medr": 2.0,
    "test__t2i_meanr": 5.467741935483871
}
[2026-03-19 17:06:56] Round 11!
[2026-03-19 17:06:56] Harmony enters stage2 at round 11.
[2026-03-19 17:06:56] Training Client 10!
[2026-03-19 17:06:56] Epoch 11
[2026-03-19 17:06:57] Training Client 11!
[2026-03-19 17:06:57] Epoch 11
[2026-03-19 17:06:58] Training Client 12!
[2026-03-19 17:06:58] Epoch 11
[2026-03-19 17:07:00] Training Client 13!
[2026-03-19 17:07:00] Epoch 11
[2026-03-19 17:07:00] Skip local epoch for client 3: train loader has no full batch
[2026-03-19 17:07:00] Training Client 14!
[2026-03-19 17:07:00] Epoch 11
[2026-03-19 17:07:00] Skip local epoch for client 4: train loader has no full batch
[2026-03-19 17:07:00] Harmony stage2 clustering round 11: labels=[1, 0, 0, 1, 1], discrepancies=[[0.4747474789619446, 0.5132743120193481], [0.9865319728851318, 1.0], [1.0, 0.991150438785553], [0.0, 0.0], [0.0, 0.0]]
[2026-03-19 17:07:00] TEST:  Epoch: [10] image	Prec@1 37.778 (41.196)	Prec@5 88.889 (88.704)
[2026-03-19 17:07:01] TEST:  Epoch: [10] image	Prec@1 16.000 (13.595)	Prec@5 78.667 (76.133)
[2026-03-19 17:07:01] TEST:  Epoch: [10] image	Prec@1 60.484 (53.251)	Prec@5 98.387 (98.767)
[2026-03-19 17:07:01] TEST:  Epoch: [10] image	Prec@1 20.000 (20.000)	Prec@5 89.714 (89.714)
[2026-03-19 17:07:01] TEST:  Epoch: [10] image	Prec@1 56.452 (56.452)	Prec@5 74.194 (74.194)
[2026-03-19 17:07:01] TEST:  Epoch: [10] text	Prec@1 0.000 (0.000)	Prec@5 11.111 (15.282)
[2026-03-19 17:07:02] TEST:  Epoch: [10] text	Prec@1 30.667 (32.931)	Prec@5 94.667 (93.656)
[2026-03-19 17:07:02] TEST:  Epoch: [10] text	Prec@1 60.484 (53.251)	Prec@5 98.387 (98.767)
[2026-03-19 17:07:02] TEST:  Epoch: [10] text	Prec@1 20.000 (20.000)	Prec@5 48.571 (48.571)
[2026-03-19 17:07:02] TEST:  Epoch: [10] text	Prec@1 0.000 (0.000)	Prec@5 0.000 (0.000)
[2026-03-19 17:07:37] [Eval] Report @step: 11.00 {
    "test__rsum": 388.03986710963454,
    "test__medr": 7.0,
    "test__meanr": 14.352159468438538,
    "test__n_fold_i2t_recall_1": 26.578073089700997,
    "test__n_fold_i2t_recall_5": 85.38205980066445,
    "test__n_fold_i2t_recall_10": 85.38205980066445,
    "test__n_fold_i2t_rsum": 197.34219269102988,
    "test__n_fold_i2t_medr": 4.0,
    "test__n_fold_i2t_meanr": 10.67109634551495,
    "test__n_fold_t2i_recall_1": 4.983388704318937,
    "test__n_fold_t2i_recall_5": 91.36212624584718,
    "test__n_fold_t2i_recall_10": 94.35215946843854,
    "test__n_fold_t2i_rsum": 190.69767441860466,
    "test__n_fold_t2i_medr": 3.0,
    "test__n_fold_t2i_meanr": 3.681063122923588,
    "test__i2t_recall_1": 26.578073089700997,
    "test__i2t_recall_5": 85.38205980066445,
    "test__i2t_recall_10": 85.38205980066445,
    "test__i2t_rsum": 197.34219269102988,
    "test__i2t_medr": 4.0,
    "test__i2t_meanr": 10.67109634551495,
    "test__t2i_recall_1": 4.983388704318937,
    "test__t2i_recall_5": 91.36212624584718,
    "test__t2i_recall_10": 94.35215946843854,
    "test__t2i_rsum": 190.69767441860466,
    "test__t2i_medr": 3.0,
    "test__t2i_meanr": 3.681063122923588
}
[2026-03-19 17:08:15] [Eval] Report @step: 11.00 {
    "test__rsum": 380.0604229607251,
    "test__medr": 6.0,
    "test__meanr": 10.755287009063444,
    "test__n_fold_i2t_recall_1": 26.88821752265861,
    "test__n_fold_i2t_recall_5": 62.83987915407855,
    "test__n_fold_i2t_recall_10": 95.7703927492447,
    "test__n_fold_i2t_rsum": 185.49848942598186,
    "test__n_fold_i2t_medr": 3.0,
    "test__n_fold_i2t_meanr": 4.392749244712991,
    "test__n_fold_t2i_recall_1": 35.04531722054381,
    "test__n_fold_t2i_recall_5": 75.83081570996978,
    "test__n_fold_t2i_recall_10": 83.68580060422961,
    "test__n_fold_t2i_rsum": 194.56193353474322,
    "test__n_fold_t2i_medr": 3.0,
    "test__n_fold_t2i_meanr": 6.362537764350453,
    "test__i2t_recall_1": 26.88821752265861,
    "test__i2t_recall_5": 62.83987915407855,
    "test__i2t_recall_10": 95.7703927492447,
    "test__i2t_rsum": 185.49848942598186,
    "test__i2t_medr": 3.0,
    "test__i2t_meanr": 4.392749244712991,
    "test__t2i_recall_1": 35.04531722054381,
    "test__t2i_recall_5": 75.83081570996978,
    "test__t2i_recall_10": 83.68580060422961,
    "test__t2i_rsum": 194.56193353474322,
    "test__t2i_medr": 3.0,
    "test__t2i_meanr": 6.362537764350453
}
[2026-03-19 17:14:34] [Eval] Report @step: 11.00 {
    "test__rsum": 395.8520179372197,
    "test__medr": 4.0,
    "test__meanr": 11.107623318385649,
    "test__n_fold_i2t_recall_1": 20.96412556053812,
    "test__n_fold_i2t_recall_5": 76.00896860986548,
    "test__n_fold_i2t_recall_10": 89.46188340807174,
    "test__n_fold_i2t_rsum": 186.43497757847535,
    "test__n_fold_i2t_medr": 3.0,
    "test__n_fold_i2t_meanr": 4.738789237668161,
    "test__n_fold_t2i_recall_1": 53.36322869955157,
    "test__n_fold_t2i_recall_5": 75.89686098654708,
    "test__n_fold_t2i_recall_10": 80.15695067264573,
    "test__n_fold_t2i_rsum": 209.41704035874437,
    "test__n_fold_t2i_medr": 1.0,
    "test__n_fold_t2i_meanr": 6.368834080717488,
    "test__i2t_recall_1": 20.96412556053812,
    "test__i2t_recall_5": 76.00896860986548,
    "test__i2t_recall_10": 89.46188340807174,
    "test__i2t_rsum": 186.43497757847535,
    "test__i2t_medr": 3.0,
    "test__i2t_meanr": 4.738789237668161,
    "test__t2i_recall_1": 53.36322869955157,
    "test__t2i_recall_5": 75.89686098654708,
    "test__t2i_recall_10": 80.15695067264573,
    "test__t2i_rsum": 209.41704035874437,
    "test__t2i_medr": 1.0,
    "test__t2i_meanr": 6.368834080717488
}
[2026-03-19 17:14:48] [Eval] Report @step: 11.00 {
    "test__rsum": 246.28571428571428,
    "test__medr": 16.0,
    "test__meanr": 21.44571428571429,
    "test__n_fold_i2t_recall_1": 19.428571428571427,
    "test__n_fold_i2t_recall_5": 42.285714285714285,
    "test__n_fold_i2t_recall_10": 54.285714285714285,
    "test__n_fold_i2t_rsum": 116.0,
    "test__n_fold_i2t_medr": 10.0,
    "test__n_fold_i2t_meanr": 10.051428571428572,
    "test__n_fold_t2i_recall_1": 18.285714285714285,
    "test__n_fold_t2i_recall_5": 42.857142857142854,
    "test__n_fold_t2i_recall_10": 69.14285714285714,
    "test__n_fold_t2i_rsum": 130.28571428571428,
    "test__n_fold_t2i_medr": 6.0,
    "test__n_fold_t2i_meanr": 11.394285714285715,
    "test__i2t_recall_1": 19.428571428571427,
    "test__i2t_recall_5": 42.285714285714285,
    "test__i2t_recall_10": 54.285714285714285,
    "test__i2t_rsum": 116.0,
    "test__i2t_medr": 10.0,
    "test__i2t_meanr": 10.051428571428572,
    "test__t2i_recall_1": 18.285714285714285,
    "test__t2i_recall_5": 42.857142857142854,
    "test__t2i_recall_10": 69.14285714285714,
    "test__t2i_rsum": 130.28571428571428,
    "test__t2i_medr": 6.0,
    "test__t2i_meanr": 11.394285714285715
}
[2026-03-19 17:14:48] [Eval] Report @step: 11.00 {
    "test__rsum": 358.06451612903226,
    "test__medr": 3.0,
    "test__meanr": 10.79032258064516,
    "test__n_fold_i2t_recall_1": 56.45161290322581,
    "test__n_fold_i2t_recall_5": 58.064516129032256,
    "test__n_fold_i2t_recall_10": 77.41935483870968,
    "test__n_fold_i2t_rsum": 191.93548387096774,
    "test__n_fold_i2t_medr": 1.0,
    "test__n_fold_i2t_meanr": 5.838709677419355,
    "test__n_fold_t2i_recall_1": 8.064516129032258,
    "test__n_fold_t2i_recall_5": 75.80645161290323,
    "test__n_fold_t2i_recall_10": 82.25806451612904,
    "test__n_fold_t2i_rsum": 166.1290322580645,
    "test__n_fold_t2i_medr": 2.0,
    "test__n_fold_t2i_meanr": 4.951612903225806,
    "test__i2t_recall_1": 56.45161290322581,
    "test__i2t_recall_5": 58.064516129032256,
    "test__i2t_recall_10": 77.41935483870968,
    "test__i2t_rsum": 191.93548387096774,
    "test__i2t_medr": 1.0,
    "test__i2t_meanr": 5.838709677419355,
    "test__t2i_recall_1": 8.064516129032258,
    "test__t2i_recall_5": 75.80645161290323,
    "test__t2i_recall_10": 82.25806451612904,
    "test__t2i_rsum": 166.1290322580645,
    "test__t2i_medr": 2.0,
    "test__t2i_meanr": 4.951612903225806
}
[2026-03-19 17:15:24] [Eval] Report @step: 11.00 {
    "test__rsum": 300.33222591362124,
    "test__medr": 9.0,
    "test__meanr": 13.438538205980066,
    "test__n_fold_i2t_recall_1": 26.578073089700997,
    "test__n_fold_i2t_recall_5": 60.1328903654485,
    "test__n_fold_i2t_recall_10": 84.38538205980066,
    "test__n_fold_i2t_rsum": 171.09634551495014,
    "test__n_fold_i2t_medr": 4.0,
    "test__n_fold_i2t_meanr": 6.598006644518272,
    "test__n_fold_t2i_recall_1": 7.308970099667774,
    "test__n_fold_t2i_recall_5": 51.16279069767442,
    "test__n_fold_t2i_recall_10": 70.7641196013289,
    "test__n_fold_t2i_rsum": 129.2358803986711,
    "test__n_fold_t2i_medr": 5.0,
    "test__n_fold_t2i_meanr": 6.840531561461794,
    "test__i2t_recall_1": 26.578073089700997,
    "test__i2t_recall_5": 60.1328903654485,
    "test__i2t_recall_10": 84.38538205980066,
    "test__i2t_rsum": 171.09634551495014,
    "test__i2t_medr": 4.0,
    "test__i2t_meanr": 6.598006644518272,
    "test__t2i_recall_1": 7.308970099667774,
    "test__t2i_recall_5": 51.16279069767442,
    "test__t2i_recall_10": 70.7641196013289,
    "test__t2i_rsum": 129.2358803986711,
    "test__t2i_medr": 5.0,
    "test__t2i_meanr": 6.840531561461794
}
[2026-03-19 17:16:01] [Eval] Report @step: 11.00 {
    "test__rsum": 380.36253776435046,
    "test__medr": 5.0,
    "test__meanr": 11.51963746223565,
    "test__n_fold_i2t_recall_1": 26.88821752265861,
    "test__n_fold_i2t_recall_5": 59.818731117824775,
    "test__n_fold_i2t_recall_10": 68.58006042296073,
    "test__n_fold_i2t_rsum": 155.28700906344412,
    "test__n_fold_i2t_medr": 3.0,
    "test__n_fold_i2t_meanr": 7.803625377643504,
    "test__n_fold_t2i_recall_1": 49.244712990936556,
    "test__n_fold_t2i_recall_5": 82.17522658610272,
    "test__n_fold_t2i_recall_10": 93.65558912386707,
    "test__n_fold_t2i_rsum": 225.07552870090637,
    "test__n_fold_t2i_medr": 2.0,
    "test__n_fold_t2i_meanr": 3.716012084592145,
    "test__i2t_recall_1": 26.88821752265861,
    "test__i2t_recall_5": 59.818731117824775,
    "test__i2t_recall_10": 68.58006042296073,
    "test__i2t_rsum": 155.28700906344412,
    "test__i2t_medr": 3.0,
    "test__i2t_meanr": 7.803625377643504,
    "test__t2i_recall_1": 49.244712990936556,
    "test__t2i_recall_5": 82.17522658610272,
    "test__t2i_recall_10": 93.65558912386707,
    "test__t2i_rsum": 225.07552870090637,
    "test__t2i_medr": 2.0,
    "test__t2i_meanr": 3.716012084592145
}
[2026-03-19 17:22:29] [Eval] Report @step: 11.00 {
    "test__rsum": 368.83408071748875,
    "test__medr": 5.0,
    "test__meanr": 16.937219730941706,
    "test__n_fold_i2t_recall_1": 20.96412556053812,
    "test__n_fold_i2t_recall_5": 62.219730941704036,
    "test__n_fold_i2t_recall_10": 82.39910313901345,
    "test__n_fold_i2t_rsum": 165.5829596412556,
    "test__n_fold_i2t_medr": 4.0,
    "test__n_fold_i2t_meanr": 9.34865470852018,
    "test__n_fold_t2i_recall_1": 53.25112107623318,
    "test__n_fold_t2i_recall_5": 69.95515695067265,
    "test__n_fold_t2i_recall_10": 80.04484304932735,
    "test__n_fold_t2i_rsum": 203.25112107623318,
    "test__n_fold_t2i_medr": 1.0,
    "test__n_fold_t2i_meanr": 7.588565022421525,
    "test__i2t_recall_1": 20.96412556053812,
    "test__i2t_recall_5": 62.219730941704036,
    "test__i2t_recall_10": 82.39910313901345,
    "test__i2t_rsum": 165.5829596412556,
    "test__i2t_medr": 4.0,
    "test__i2t_meanr": 9.34865470852018,
    "test__t2i_recall_1": 53.25112107623318,
    "test__t2i_recall_5": 69.95515695067265,
    "test__t2i_recall_10": 80.04484304932735,
    "test__t2i_rsum": 203.25112107623318,
    "test__t2i_medr": 1.0,
    "test__t2i_meanr": 7.588565022421525
}
[2026-03-19 17:22:39] [Eval] Report @step: 11.00 {
    "test__rsum": 269.1428571428571,
    "test__medr": 11.0,
    "test__meanr": 20.502857142857145,
    "test__n_fold_i2t_recall_1": 18.285714285714285,
    "test__n_fold_i2t_recall_5": 49.142857142857146,
    "test__n_fold_i2t_recall_10": 58.857142857142854,
    "test__n_fold_i2t_rsum": 126.28571428571428,
    "test__n_fold_i2t_medr": 6.0,
    "test__n_fold_i2t_meanr": 8.428571428571429,
    "test__n_fold_t2i_recall_1": 13.714285714285714,
    "test__n_fold_t2i_recall_5": 60.0,
    "test__n_fold_t2i_recall_10": 69.14285714285714,
    "test__n_fold_t2i_rsum": 142.85714285714283,
    "test__n_fold_t2i_medr": 5.0,
    "test__n_fold_t2i_meanr": 12.074285714285715,
    "test__i2t_recall_1": 18.285714285714285,
    "test__i2t_recall_5": 49.142857142857146,
    "test__i2t_recall_10": 58.857142857142854,
    "test__i2t_rsum": 126.28571428571428,
    "test__i2t_medr": 6.0,
    "test__i2t_meanr": 8.428571428571429,
    "test__t2i_recall_1": 13.714285714285714,
    "test__t2i_recall_5": 60.0,
    "test__t2i_recall_10": 69.14285714285714,
    "test__t2i_rsum": 142.85714285714283,
    "test__t2i_medr": 5.0,
    "test__t2i_meanr": 12.074285714285715
}
[2026-03-19 17:22:39] [Eval] Report @step: 11.00 {
    "test__rsum": 379.0322580645161,
    "test__medr": 3.0,
    "test__meanr": 9.919354838709678,
    "test__n_fold_i2t_recall_1": 56.45161290322581,
    "test__n_fold_i2t_recall_5": 74.19354838709677,
    "test__n_fold_i2t_recall_10": 87.09677419354838,
    "test__n_fold_i2t_rsum": 217.74193548387095,
    "test__n_fold_i2t_medr": 1.0,
    "test__n_fold_i2t_meanr": 3.806451612903226,
    "test__n_fold_t2i_recall_1": 8.064516129032258,
    "test__n_fold_t2i_recall_5": 70.96774193548387,
    "test__n_fold_t2i_recall_10": 82.25806451612904,
    "test__n_fold_t2i_rsum": 161.29032258064518,
    "test__n_fold_t2i_medr": 2.0,
    "test__n_fold_t2i_meanr": 6.112903225806452,
    "test__i2t_recall_1": 56.45161290322581,
    "test__i2t_recall_5": 74.19354838709677,
    "test__i2t_recall_10": 87.09677419354838,
    "test__i2t_rsum": 217.74193548387095,
    "test__i2t_medr": 1.0,
    "test__i2t_meanr": 3.806451612903226,
    "test__t2i_recall_1": 8.064516129032258,
    "test__t2i_recall_5": 70.96774193548387,
    "test__t2i_recall_10": 82.25806451612904,
    "test__t2i_rsum": 161.29032258064518,
    "test__t2i_medr": 2.0,
    "test__t2i_meanr": 6.112903225806452
}
[2026-03-19 17:23:14] [Eval] Report @step: 11.00 {
    "test__rsum": 300.33222591362124,
    "test__medr": 9.0,
    "test__meanr": 13.438538205980066,
    "test__n_fold_i2t_recall_1": 26.578073089700997,
    "test__n_fold_i2t_recall_5": 60.1328903654485,
    "test__n_fold_i2t_recall_10": 84.38538205980066,
    "test__n_fold_i2t_rsum": 171.09634551495014,
    "test__n_fold_i2t_medr": 4.0,
    "test__n_fold_i2t_meanr": 6.598006644518272,
    "test__n_fold_t2i_recall_1": 7.308970099667774,
    "test__n_fold_t2i_recall_5": 51.16279069767442,
    "test__n_fold_t2i_recall_10": 70.7641196013289,
    "test__n_fold_t2i_rsum": 129.2358803986711,
    "test__n_fold_t2i_medr": 5.0,
    "test__n_fold_t2i_meanr": 6.840531561461794,
    "test__i2t_recall_1": 26.578073089700997,
    "test__i2t_recall_5": 60.1328903654485,
    "test__i2t_recall_10": 84.38538205980066,
    "test__i2t_rsum": 171.09634551495014,
    "test__i2t_medr": 4.0,
    "test__i2t_meanr": 6.598006644518272,
    "test__t2i_recall_1": 7.308970099667774,
    "test__t2i_recall_5": 51.16279069767442,
    "test__t2i_recall_10": 70.7641196013289,
    "test__t2i_rsum": 129.2358803986711,
    "test__t2i_medr": 5.0,
    "test__t2i_meanr": 6.840531561461794
}
[2026-03-19 17:23:48] [Eval] Report @step: 11.00 {
    "test__rsum": 380.36253776435046,
    "test__medr": 5.0,
    "test__meanr": 11.51963746223565,
    "test__n_fold_i2t_recall_1": 26.88821752265861,
    "test__n_fold_i2t_recall_5": 59.818731117824775,
    "test__n_fold_i2t_recall_10": 68.58006042296073,
    "test__n_fold_i2t_rsum": 155.28700906344412,
    "test__n_fold_i2t_medr": 3.0,
    "test__n_fold_i2t_meanr": 7.803625377643504,
    "test__n_fold_t2i_recall_1": 49.244712990936556,
    "test__n_fold_t2i_recall_5": 82.17522658610272,
    "test__n_fold_t2i_recall_10": 93.65558912386707,
    "test__n_fold_t2i_rsum": 225.07552870090637,
    "test__n_fold_t2i_medr": 2.0,
    "test__n_fold_t2i_meanr": 3.716012084592145,
    "test__i2t_recall_1": 26.88821752265861,
    "test__i2t_recall_5": 59.818731117824775,
    "test__i2t_recall_10": 68.58006042296073,
    "test__i2t_rsum": 155.28700906344412,
    "test__i2t_medr": 3.0,
    "test__i2t_meanr": 7.803625377643504,
    "test__t2i_recall_1": 49.244712990936556,
    "test__t2i_recall_5": 82.17522658610272,
    "test__t2i_recall_10": 93.65558912386707,
    "test__t2i_rsum": 225.07552870090637,
    "test__t2i_medr": 2.0,
    "test__t2i_meanr": 3.716012084592145
}
[2026-03-19 17:30:00] [Eval] Report @step: 11.00 {
    "test__rsum": 368.83408071748875,
    "test__medr": 5.0,
    "test__meanr": 16.937219730941706,
    "test__n_fold_i2t_recall_1": 20.96412556053812,
    "test__n_fold_i2t_recall_5": 62.219730941704036,
    "test__n_fold_i2t_recall_10": 82.39910313901345,
    "test__n_fold_i2t_rsum": 165.5829596412556,
    "test__n_fold_i2t_medr": 4.0,
    "test__n_fold_i2t_meanr": 9.34865470852018,
    "test__n_fold_t2i_recall_1": 53.25112107623318,
    "test__n_fold_t2i_recall_5": 69.95515695067265,
    "test__n_fold_t2i_recall_10": 80.04484304932735,
    "test__n_fold_t2i_rsum": 203.25112107623318,
    "test__n_fold_t2i_medr": 1.0,
    "test__n_fold_t2i_meanr": 7.588565022421525,
    "test__i2t_recall_1": 20.96412556053812,
    "test__i2t_recall_5": 62.219730941704036,
    "test__i2t_recall_10": 82.39910313901345,
    "test__i2t_rsum": 165.5829596412556,
    "test__i2t_medr": 4.0,
    "test__i2t_meanr": 9.34865470852018,
    "test__t2i_recall_1": 53.25112107623318,
    "test__t2i_recall_5": 69.95515695067265,
    "test__t2i_recall_10": 80.04484304932735,
    "test__t2i_rsum": 203.25112107623318,
    "test__t2i_medr": 1.0,
    "test__t2i_meanr": 7.588565022421525
}
[2026-03-19 17:30:10] [Eval] Report @step: 11.00 {
    "test__rsum": 269.1428571428571,
    "test__medr": 11.0,
    "test__meanr": 20.502857142857145,
    "test__n_fold_i2t_recall_1": 18.285714285714285,
    "test__n_fold_i2t_recall_5": 49.142857142857146,
    "test__n_fold_i2t_recall_10": 58.857142857142854,
    "test__n_fold_i2t_rsum": 126.28571428571428,
    "test__n_fold_i2t_medr": 6.0,
    "test__n_fold_i2t_meanr": 8.428571428571429,
    "test__n_fold_t2i_recall_1": 13.714285714285714,
    "test__n_fold_t2i_recall_5": 60.0,
    "test__n_fold_t2i_recall_10": 69.14285714285714,
    "test__n_fold_t2i_rsum": 142.85714285714283,
    "test__n_fold_t2i_medr": 5.0,
    "test__n_fold_t2i_meanr": 12.074285714285715,
    "test__i2t_recall_1": 18.285714285714285,
    "test__i2t_recall_5": 49.142857142857146,
    "test__i2t_recall_10": 58.857142857142854,
    "test__i2t_rsum": 126.28571428571428,
    "test__i2t_medr": 6.0,
    "test__i2t_meanr": 8.428571428571429,
    "test__t2i_recall_1": 13.714285714285714,
    "test__t2i_recall_5": 60.0,
    "test__t2i_recall_10": 69.14285714285714,
    "test__t2i_rsum": 142.85714285714283,
    "test__t2i_medr": 5.0,
    "test__t2i_meanr": 12.074285714285715
}
[2026-03-19 17:30:11] [Eval] Report @step: 11.00 {
    "test__rsum": 379.0322580645161,
    "test__medr": 3.0,
    "test__meanr": 9.919354838709678,
    "test__n_fold_i2t_recall_1": 56.45161290322581,
    "test__n_fold_i2t_recall_5": 74.19354838709677,
    "test__n_fold_i2t_recall_10": 87.09677419354838,
    "test__n_fold_i2t_rsum": 217.74193548387095,
    "test__n_fold_i2t_medr": 1.0,
    "test__n_fold_i2t_meanr": 3.806451612903226,
    "test__n_fold_t2i_recall_1": 8.064516129032258,
    "test__n_fold_t2i_recall_5": 70.96774193548387,
    "test__n_fold_t2i_recall_10": 82.25806451612904,
    "test__n_fold_t2i_rsum": 161.29032258064518,
    "test__n_fold_t2i_medr": 2.0,
    "test__n_fold_t2i_meanr": 6.112903225806452,
    "test__i2t_recall_1": 56.45161290322581,
    "test__i2t_recall_5": 74.19354838709677,
    "test__i2t_recall_10": 87.09677419354838,
    "test__i2t_rsum": 217.74193548387095,
    "test__i2t_medr": 1.0,
    "test__i2t_meanr": 3.806451612903226,
    "test__t2i_recall_1": 8.064516129032258,
    "test__t2i_recall_5": 70.96774193548387,
    "test__t2i_recall_10": 82.25806451612904,
    "test__t2i_rsum": 161.29032258064518,
    "test__t2i_medr": 2.0,
    "test__t2i_meanr": 6.112903225806452
}
[2026-03-19 17:30:50] [Eval] Report @step: 11.00 {
    "test__rsum": 388.03986710963454,
    "test__medr": 7.0,
    "test__meanr": 14.352159468438538,
    "test__n_fold_i2t_recall_1": 26.578073089700997,
    "test__n_fold_i2t_recall_5": 85.38205980066445,
    "test__n_fold_i2t_recall_10": 85.38205980066445,
    "test__n_fold_i2t_rsum": 197.34219269102988,
    "test__n_fold_i2t_medr": 4.0,
    "test__n_fold_i2t_meanr": 10.67109634551495,
    "test__n_fold_t2i_recall_1": 4.983388704318937,
    "test__n_fold_t2i_recall_5": 91.36212624584718,
    "test__n_fold_t2i_recall_10": 94.35215946843854,
    "test__n_fold_t2i_rsum": 190.69767441860466,
    "test__n_fold_t2i_medr": 3.0,
    "test__n_fold_t2i_meanr": 3.681063122923588,
    "test__i2t_recall_1": 26.578073089700997,
    "test__i2t_recall_5": 85.38205980066445,
    "test__i2t_recall_10": 85.38205980066445,
    "test__i2t_rsum": 197.34219269102988,
    "test__i2t_medr": 4.0,
    "test__i2t_meanr": 10.67109634551495,
    "test__t2i_recall_1": 4.983388704318937,
    "test__t2i_recall_5": 91.36212624584718,
    "test__t2i_recall_10": 94.35215946843854,
    "test__t2i_rsum": 190.69767441860466,
    "test__t2i_medr": 3.0,
    "test__t2i_meanr": 3.681063122923588
}
[2026-03-19 17:31:24] [Eval] Report @step: 11.00 {
    "test__rsum": 380.0604229607251,
    "test__medr": 6.0,
    "test__meanr": 10.755287009063444,
    "test__n_fold_i2t_recall_1": 26.88821752265861,
    "test__n_fold_i2t_recall_5": 62.83987915407855,
    "test__n_fold_i2t_recall_10": 95.7703927492447,
    "test__n_fold_i2t_rsum": 185.49848942598186,
    "test__n_fold_i2t_medr": 3.0,
    "test__n_fold_i2t_meanr": 4.392749244712991,
    "test__n_fold_t2i_recall_1": 35.04531722054381,
    "test__n_fold_t2i_recall_5": 75.83081570996978,
    "test__n_fold_t2i_recall_10": 83.68580060422961,
    "test__n_fold_t2i_rsum": 194.56193353474322,
    "test__n_fold_t2i_medr": 3.0,
    "test__n_fold_t2i_meanr": 6.362537764350453,
    "test__i2t_recall_1": 26.88821752265861,
    "test__i2t_recall_5": 62.83987915407855,
    "test__i2t_recall_10": 95.7703927492447,
    "test__i2t_rsum": 185.49848942598186,
    "test__i2t_medr": 3.0,
    "test__i2t_meanr": 4.392749244712991,
    "test__t2i_recall_1": 35.04531722054381,
    "test__t2i_recall_5": 75.83081570996978,
    "test__t2i_recall_10": 83.68580060422961,
    "test__t2i_rsum": 194.56193353474322,
    "test__t2i_medr": 3.0,
    "test__t2i_meanr": 6.362537764350453
}
[2026-03-19 17:37:25] [Eval] Report @step: 11.00 {
    "test__rsum": 395.8520179372197,
    "test__medr": 4.0,
    "test__meanr": 11.107623318385649,
    "test__n_fold_i2t_recall_1": 20.96412556053812,
    "test__n_fold_i2t_recall_5": 76.00896860986548,
    "test__n_fold_i2t_recall_10": 89.46188340807174,
    "test__n_fold_i2t_rsum": 186.43497757847535,
    "test__n_fold_i2t_medr": 3.0,
    "test__n_fold_i2t_meanr": 4.738789237668161,
    "test__n_fold_t2i_recall_1": 53.36322869955157,
    "test__n_fold_t2i_recall_5": 75.89686098654708,
    "test__n_fold_t2i_recall_10": 80.15695067264573,
    "test__n_fold_t2i_rsum": 209.41704035874437,
    "test__n_fold_t2i_medr": 1.0,
    "test__n_fold_t2i_meanr": 6.368834080717488,
    "test__i2t_recall_1": 20.96412556053812,
    "test__i2t_recall_5": 76.00896860986548,
    "test__i2t_recall_10": 89.46188340807174,
    "test__i2t_rsum": 186.43497757847535,
    "test__i2t_medr": 3.0,
    "test__i2t_meanr": 4.738789237668161,
    "test__t2i_recall_1": 53.36322869955157,
    "test__t2i_recall_5": 75.89686098654708,
    "test__t2i_recall_10": 80.15695067264573,
    "test__t2i_rsum": 209.41704035874437,
    "test__t2i_medr": 1.0,
    "test__t2i_meanr": 6.368834080717488
}
[2026-03-19 17:37:31] [Eval] Report @step: 11.00 {
    "test__rsum": 246.28571428571428,
    "test__medr": 16.0,
    "test__meanr": 21.44571428571429,
    "test__n_fold_i2t_recall_1": 19.428571428571427,
    "test__n_fold_i2t_recall_5": 42.285714285714285,
    "test__n_fold_i2t_recall_10": 54.285714285714285,
    "test__n_fold_i2t_rsum": 116.0,
    "test__n_fold_i2t_medr": 10.0,
    "test__n_fold_i2t_meanr": 10.051428571428572,
    "test__n_fold_t2i_recall_1": 18.285714285714285,
    "test__n_fold_t2i_recall_5": 42.857142857142854,
    "test__n_fold_t2i_recall_10": 69.14285714285714,
    "test__n_fold_t2i_rsum": 130.28571428571428,
    "test__n_fold_t2i_medr": 6.0,
    "test__n_fold_t2i_meanr": 11.394285714285715,
    "test__i2t_recall_1": 19.428571428571427,
    "test__i2t_recall_5": 42.285714285714285,
    "test__i2t_recall_10": 54.285714285714285,
    "test__i2t_rsum": 116.0,
    "test__i2t_medr": 10.0,
    "test__i2t_meanr": 10.051428571428572,
    "test__t2i_recall_1": 18.285714285714285,
    "test__t2i_recall_5": 42.857142857142854,
    "test__t2i_recall_10": 69.14285714285714,
    "test__t2i_rsum": 130.28571428571428,
    "test__t2i_medr": 6.0,
    "test__t2i_meanr": 11.394285714285715
}
[2026-03-19 17:37:34] [Eval] Report @step: 11.00 {
    "test__rsum": 358.06451612903226,
    "test__medr": 3.0,
    "test__meanr": 10.79032258064516,
    "test__n_fold_i2t_recall_1": 56.45161290322581,
    "test__n_fold_i2t_recall_5": 58.064516129032256,
    "test__n_fold_i2t_recall_10": 77.41935483870968,
    "test__n_fold_i2t_rsum": 191.93548387096774,
    "test__n_fold_i2t_medr": 1.0,
    "test__n_fold_i2t_meanr": 5.838709677419355,
    "test__n_fold_t2i_recall_1": 8.064516129032258,
    "test__n_fold_t2i_recall_5": 75.80645161290323,
    "test__n_fold_t2i_recall_10": 82.25806451612904,
    "test__n_fold_t2i_rsum": 166.1290322580645,
    "test__n_fold_t2i_medr": 2.0,
    "test__n_fold_t2i_meanr": 4.951612903225806,
    "test__i2t_recall_1": 56.45161290322581,
    "test__i2t_recall_5": 58.064516129032256,
    "test__i2t_recall_10": 77.41935483870968,
    "test__i2t_rsum": 191.93548387096774,
    "test__i2t_medr": 1.0,
    "test__i2t_meanr": 5.838709677419355,
    "test__t2i_recall_1": 8.064516129032258,
    "test__t2i_recall_5": 75.80645161290323,
    "test__t2i_recall_10": 82.25806451612904,
    "test__t2i_rsum": 166.1290322580645,
    "test__t2i_medr": 2.0,
    "test__t2i_meanr": 4.951612903225806
}
[2026-03-19 17:38:07] [Eval] Report @step: 11.00 {
    "test__rsum": 388.03986710963454,
    "test__medr": 7.0,
    "test__meanr": 14.352159468438538,
    "test__n_fold_i2t_recall_1": 26.578073089700997,
    "test__n_fold_i2t_recall_5": 85.38205980066445,
    "test__n_fold_i2t_recall_10": 85.38205980066445,
    "test__n_fold_i2t_rsum": 197.34219269102988,
    "test__n_fold_i2t_medr": 4.0,
    "test__n_fold_i2t_meanr": 10.67109634551495,
    "test__n_fold_t2i_recall_1": 4.983388704318937,
    "test__n_fold_t2i_recall_5": 91.36212624584718,
    "test__n_fold_t2i_recall_10": 94.35215946843854,
    "test__n_fold_t2i_rsum": 190.69767441860466,
    "test__n_fold_t2i_medr": 3.0,
    "test__n_fold_t2i_meanr": 3.681063122923588,
    "test__i2t_recall_1": 26.578073089700997,
    "test__i2t_recall_5": 85.38205980066445,
    "test__i2t_recall_10": 85.38205980066445,
    "test__i2t_rsum": 197.34219269102988,
    "test__i2t_medr": 4.0,
    "test__i2t_meanr": 10.67109634551495,
    "test__t2i_recall_1": 4.983388704318937,
    "test__t2i_recall_5": 91.36212624584718,
    "test__t2i_recall_10": 94.35215946843854,
    "test__t2i_rsum": 190.69767441860466,
    "test__t2i_medr": 3.0,
    "test__t2i_meanr": 3.681063122923588
}
[2026-03-19 17:38:44] [Eval] Report @step: 11.00 {
    "test__rsum": 380.0604229607251,
    "test__medr": 6.0,
    "test__meanr": 10.755287009063444,
    "test__n_fold_i2t_recall_1": 26.88821752265861,
    "test__n_fold_i2t_recall_5": 62.83987915407855,
    "test__n_fold_i2t_recall_10": 95.7703927492447,
    "test__n_fold_i2t_rsum": 185.49848942598186,
    "test__n_fold_i2t_medr": 3.0,
    "test__n_fold_i2t_meanr": 4.392749244712991,
    "test__n_fold_t2i_recall_1": 35.04531722054381,
    "test__n_fold_t2i_recall_5": 75.83081570996978,
    "test__n_fold_t2i_recall_10": 83.68580060422961,
    "test__n_fold_t2i_rsum": 194.56193353474322,
    "test__n_fold_t2i_medr": 3.0,
    "test__n_fold_t2i_meanr": 6.362537764350453,
    "test__i2t_recall_1": 26.88821752265861,
    "test__i2t_recall_5": 62.83987915407855,
    "test__i2t_recall_10": 95.7703927492447,
    "test__i2t_rsum": 185.49848942598186,
    "test__i2t_medr": 3.0,
    "test__i2t_meanr": 4.392749244712991,
    "test__t2i_recall_1": 35.04531722054381,
    "test__t2i_recall_5": 75.83081570996978,
    "test__t2i_recall_10": 83.68580060422961,
    "test__t2i_rsum": 194.56193353474322,
    "test__t2i_medr": 3.0,
    "test__t2i_meanr": 6.362537764350453
}
[2026-03-19 17:44:52] [Eval] Report @step: 11.00 {
    "test__rsum": 395.8520179372197,
    "test__medr": 4.0,
    "test__meanr": 11.107623318385649,
    "test__n_fold_i2t_recall_1": 20.96412556053812,
    "test__n_fold_i2t_recall_5": 76.00896860986548,
    "test__n_fold_i2t_recall_10": 89.46188340807174,
    "test__n_fold_i2t_rsum": 186.43497757847535,
    "test__n_fold_i2t_medr": 3.0,
    "test__n_fold_i2t_meanr": 4.738789237668161,
    "test__n_fold_t2i_recall_1": 53.36322869955157,
    "test__n_fold_t2i_recall_5": 75.89686098654708,
    "test__n_fold_t2i_recall_10": 80.15695067264573,
    "test__n_fold_t2i_rsum": 209.41704035874437,
    "test__n_fold_t2i_medr": 1.0,
    "test__n_fold_t2i_meanr": 6.368834080717488,
    "test__i2t_recall_1": 20.96412556053812,
    "test__i2t_recall_5": 76.00896860986548,
    "test__i2t_recall_10": 89.46188340807174,
    "test__i2t_rsum": 186.43497757847535,
    "test__i2t_medr": 3.0,
    "test__i2t_meanr": 4.738789237668161,
    "test__t2i_recall_1": 53.36322869955157,
    "test__t2i_recall_5": 75.89686098654708,
    "test__t2i_recall_10": 80.15695067264573,
    "test__t2i_rsum": 209.41704035874437,
    "test__t2i_medr": 1.0,
    "test__t2i_meanr": 6.368834080717488
}
[2026-03-19 17:45:02] [Eval] Report @step: 11.00 {
    "test__rsum": 246.28571428571428,
    "test__medr": 16.0,
    "test__meanr": 21.44571428571429,
    "test__n_fold_i2t_recall_1": 19.428571428571427,
    "test__n_fold_i2t_recall_5": 42.285714285714285,
    "test__n_fold_i2t_recall_10": 54.285714285714285,
    "test__n_fold_i2t_rsum": 116.0,
    "test__n_fold_i2t_medr": 10.0,
    "test__n_fold_i2t_meanr": 10.051428571428572,
    "test__n_fold_t2i_recall_1": 18.285714285714285,
    "test__n_fold_t2i_recall_5": 42.857142857142854,
    "test__n_fold_t2i_recall_10": 69.14285714285714,
    "test__n_fold_t2i_rsum": 130.28571428571428,
    "test__n_fold_t2i_medr": 6.0,
    "test__n_fold_t2i_meanr": 11.394285714285715,
    "test__i2t_recall_1": 19.428571428571427,
    "test__i2t_recall_5": 42.285714285714285,
    "test__i2t_recall_10": 54.285714285714285,
    "test__i2t_rsum": 116.0,
    "test__i2t_medr": 10.0,
    "test__i2t_meanr": 10.051428571428572,
    "test__t2i_recall_1": 18.285714285714285,
    "test__t2i_recall_5": 42.857142857142854,
    "test__t2i_recall_10": 69.14285714285714,
    "test__t2i_rsum": 130.28571428571428,
    "test__t2i_medr": 6.0,
    "test__t2i_meanr": 11.394285714285715
}
[2026-03-19 17:45:02] [Eval] Report @step: 11.00 {
    "test__rsum": 358.06451612903226,
    "test__medr": 3.0,
    "test__meanr": 10.79032258064516,
    "test__n_fold_i2t_recall_1": 56.45161290322581,
    "test__n_fold_i2t_recall_5": 58.064516129032256,
    "test__n_fold_i2t_recall_10": 77.41935483870968,
    "test__n_fold_i2t_rsum": 191.93548387096774,
    "test__n_fold_i2t_medr": 1.0,
    "test__n_fold_i2t_meanr": 5.838709677419355,
    "test__n_fold_t2i_recall_1": 8.064516129032258,
    "test__n_fold_t2i_recall_5": 75.80645161290323,
    "test__n_fold_t2i_recall_10": 82.25806451612904,
    "test__n_fold_t2i_rsum": 166.1290322580645,
    "test__n_fold_t2i_medr": 2.0,
    "test__n_fold_t2i_meanr": 4.951612903225806,
    "test__i2t_recall_1": 56.45161290322581,
    "test__i2t_recall_5": 58.064516129032256,
    "test__i2t_recall_10": 77.41935483870968,
    "test__i2t_rsum": 191.93548387096774,
    "test__i2t_medr": 1.0,
    "test__i2t_meanr": 5.838709677419355,
    "test__t2i_recall_1": 8.064516129032258,
    "test__t2i_recall_5": 75.80645161290323,
    "test__t2i_recall_10": 82.25806451612904,
    "test__t2i_rsum": 166.1290322580645,
    "test__t2i_medr": 2.0,
    "test__t2i_meanr": 4.951612903225806
}
[2026-03-19 17:45:03] Round 12!
[2026-03-19 17:45:03] Harmony enters stage2 at round 12.
[2026-03-19 17:45:03] Training Client 10!
[2026-03-19 17:45:03] Epoch 12
[2026-03-19 17:45:04] Training Client 11!
[2026-03-19 17:45:04] Epoch 12
[2026-03-19 17:45:05] Training Client 12!
[2026-03-19 17:45:05] Epoch 12
[2026-03-19 17:45:07] Training Client 13!
[2026-03-19 17:45:07] Epoch 12
[2026-03-19 17:45:07] Skip local epoch for client 3: train loader has no full batch
[2026-03-19 17:45:07] Training Client 14!
[2026-03-19 17:45:07] Epoch 12
[2026-03-19 17:45:07] Skip local epoch for client 4: train loader has no full batch
[2026-03-19 17:45:07] Harmony stage2 clustering round 12: labels=[1, 0, 0, 1, 1], discrepancies=[[0.16653193533420563, 0.1767151802778244], [0.7348423600196838, 0.747401237487793], [1.0, 1.0], [0.011317703872919083, 0.01143451128154993], [0.011317703872919083, 0.01143451128154993]]
[2026-03-19 17:45:07] TEST:  Epoch: [10] image	Prec@1 37.778 (41.196)	Prec@5 88.889 (88.704)
[2026-03-19 17:45:08] TEST:  Epoch: [10] image	Prec@1 16.000 (13.595)	Prec@5 78.667 (76.133)
[2026-03-19 17:45:08] TEST:  Epoch: [10] image	Prec@1 60.484 (53.251)	Prec@5 98.387 (98.767)
[2026-03-19 17:45:08] TEST:  Epoch: [10] image	Prec@1 20.000 (20.000)	Prec@5 89.714 (89.714)
[2026-03-19 17:45:08] TEST:  Epoch: [10] image	Prec@1 56.452 (56.452)	Prec@5 74.194 (74.194)
[2026-03-19 17:45:08] TEST:  Epoch: [10] text	Prec@1 0.000 (0.000)	Prec@5 11.111 (15.282)
[2026-03-19 17:45:09] TEST:  Epoch: [10] text	Prec@1 30.667 (32.931)	Prec@5 94.667 (93.656)
[2026-03-19 17:45:09] TEST:  Epoch: [10] text	Prec@1 60.484 (53.251)	Prec@5 98.387 (98.767)
[2026-03-19 17:45:09] TEST:  Epoch: [10] text	Prec@1 20.000 (20.000)	Prec@5 48.571 (48.571)
[2026-03-19 17:45:09] TEST:  Epoch: [10] text	Prec@1 0.000 (0.000)	Prec@5 0.000 (0.000)
[2026-03-19 17:45:42] [Eval] Report @step: 12.00 {
    "test__rsum": 416.6112956810631,
    "test__medr": 6.0,
    "test__meanr": 14.172757475083056,
    "test__n_fold_i2t_recall_1": 26.578073089700997,
    "test__n_fold_i2t_recall_5": 85.38205980066445,
    "test__n_fold_i2t_recall_10": 85.38205980066445,
    "test__n_fold_i2t_rsum": 197.34219269102988,
    "test__n_fold_i2t_medr": 4.0,
    "test__n_fold_i2t_meanr": 10.790697674418604,
    "test__n_fold_t2i_recall_1": 43.521594684385384,
    "test__n_fold_t2i_recall_5": 82.05980066445183,
    "test__n_fold_t2i_recall_10": 93.68770764119601,
    "test__n_fold_t2i_rsum": 219.26910299003322,
    "test__n_fold_t2i_medr": 2.0,
    "test__n_fold_t2i_meanr": 3.382059800664452,
    "test__i2t_recall_1": 26.578073089700997,
    "test__i2t_recall_5": 85.38205980066445,
    "test__i2t_recall_10": 85.38205980066445,
    "test__i2t_rsum": 197.34219269102988,
    "test__i2t_medr": 4.0,
    "test__i2t_meanr": 10.790697674418604,
    "test__t2i_recall_1": 43.521594684385384,
    "test__t2i_recall_5": 82.05980066445183,
    "test__t2i_recall_10": 93.68770764119601,
    "test__t2i_rsum": 219.26910299003322,
    "test__t2i_medr": 2.0,
    "test__t2i_meanr": 3.382059800664452
}
[2026-03-19 17:46:15] [Eval] Report @step: 12.00 {
    "test__rsum": 378.2477341389728,
    "test__medr": 5.0,
    "test__meanr": 10.776435045317221,
    "test__n_fold_i2t_recall_1": 26.88821752265861,
    "test__n_fold_i2t_recall_5": 70.09063444108762,
    "test__n_fold_i2t_recall_10": 96.67673716012085,
    "test__n_fold_i2t_rsum": 193.65558912386706,
    "test__n_fold_i2t_medr": 3.0,
    "test__n_fold_i2t_meanr": 4.3685800604229605,
    "test__n_fold_t2i_recall_1": 33.8368580060423,
    "test__n_fold_t2i_recall_5": 73.1117824773414,
    "test__n_fold_t2i_recall_10": 77.64350453172206,
    "test__n_fold_t2i_rsum": 184.59214501510576,
    "test__n_fold_t2i_medr": 2.0,
    "test__n_fold_t2i_meanr": 6.40785498489426,
    "test__i2t_recall_1": 26.88821752265861,
    "test__i2t_recall_5": 70.09063444108762,
    "test__i2t_recall_10": 96.67673716012085,
    "test__i2t_rsum": 193.65558912386706,
    "test__i2t_medr": 3.0,
    "test__i2t_meanr": 4.3685800604229605,
    "test__t2i_recall_1": 33.8368580060423,
    "test__t2i_recall_5": 73.1117824773414,
    "test__t2i_recall_10": 77.64350453172206,
    "test__t2i_rsum": 184.59214501510576,
    "test__t2i_medr": 2.0,
    "test__t2i_meanr": 6.40785498489426
}
[2026-03-19 17:52:28] [Eval] Report @step: 12.00 {
    "test__rsum": 413.677130044843,
    "test__medr": 3.0,
    "test__meanr": 9.738789237668161,
    "test__n_fold_i2t_recall_1": 20.96412556053812,
    "test__n_fold_i2t_recall_5": 85.98654708520179,
    "test__n_fold_i2t_recall_10": 92.48878923766816,
    "test__n_fold_i2t_rsum": 199.43946188340806,
    "test__n_fold_i2t_medr": 2.0,
    "test__n_fold_i2t_meanr": 3.774663677130045,
    "test__n_fold_t2i_recall_1": 53.25112107623318,
    "test__n_fold_t2i_recall_5": 78.58744394618834,
    "test__n_fold_t2i_recall_10": 82.39910313901345,
    "test__n_fold_t2i_rsum": 214.23766816143498,
    "test__n_fold_t2i_medr": 1.0,
    "test__n_fold_t2i_meanr": 5.9641255605381165,
    "test__i2t_recall_1": 20.96412556053812,
    "test__i2t_recall_5": 85.98654708520179,
    "test__i2t_recall_10": 92.48878923766816,
    "test__i2t_rsum": 199.43946188340806,
    "test__i2t_medr": 2.0,
    "test__i2t_meanr": 3.774663677130045,
    "test__t2i_recall_1": 53.25112107623318,
    "test__t2i_recall_5": 78.58744394618834,
    "test__t2i_recall_10": 82.39910313901345,
    "test__t2i_rsum": 214.23766816143498,
    "test__t2i_medr": 1.0,
    "test__t2i_meanr": 5.9641255605381165
}
[2026-03-19 17:52:37] [Eval] Report @step: 12.00 {
    "test__rsum": 234.28571428571428,
    "test__medr": 15.0,
    "test__meanr": 20.68,
    "test__n_fold_i2t_recall_1": 19.428571428571427,
    "test__n_fold_i2t_recall_5": 42.857142857142854,
    "test__n_fold_i2t_recall_10": 52.0,
    "test__n_fold_i2t_rsum": 114.28571428571428,
    "test__n_fold_i2t_medr": 9.0,
    "test__n_fold_i2t_meanr": 10.674285714285714,
    "test__n_fold_t2i_recall_1": 17.142857142857142,
    "test__n_fold_t2i_recall_5": 33.714285714285715,
    "test__n_fold_t2i_recall_10": 69.14285714285714,
    "test__n_fold_t2i_rsum": 120.0,
    "test__n_fold_t2i_medr": 6.0,
    "test__n_fold_t2i_meanr": 10.005714285714285,
    "test__i2t_recall_1": 19.428571428571427,
    "test__i2t_recall_5": 42.857142857142854,
    "test__i2t_recall_10": 52.0,
    "test__i2t_rsum": 114.28571428571428,
    "test__i2t_medr": 9.0,
    "test__i2t_meanr": 10.674285714285714,
    "test__t2i_recall_1": 17.142857142857142,
    "test__t2i_recall_5": 33.714285714285715,
    "test__t2i_recall_10": 69.14285714285714,
    "test__t2i_rsum": 120.0,
    "test__t2i_medr": 6.0,
    "test__t2i_meanr": 10.005714285714285
}
[2026-03-19 17:52:40] [Eval] Report @step: 12.00 {
    "test__rsum": 366.1290322580645,
    "test__medr": 3.0,
    "test__meanr": 10.79032258064516,
    "test__n_fold_i2t_recall_1": 56.45161290322581,
    "test__n_fold_i2t_recall_5": 58.064516129032256,
    "test__n_fold_i2t_recall_10": 80.64516129032258,
    "test__n_fold_i2t_rsum": 195.16129032258064,
    "test__n_fold_i2t_medr": 1.0,
    "test__n_fold_i2t_meanr": 5.903225806451613,
    "test__n_fold_t2i_recall_1": 8.064516129032258,
    "test__n_fold_t2i_recall_5": 80.64516129032258,
    "test__n_fold_t2i_recall_10": 82.25806451612904,
    "test__n_fold_t2i_rsum": 170.96774193548387,
    "test__n_fold_t2i_medr": 2.0,
    "test__n_fold_t2i_meanr": 4.887096774193548,
    "test__i2t_recall_1": 56.45161290322581,
    "test__i2t_recall_5": 58.064516129032256,
    "test__i2t_recall_10": 80.64516129032258,
    "test__i2t_rsum": 195.16129032258064,
    "test__i2t_medr": 1.0,
    "test__i2t_meanr": 5.903225806451613,
    "test__t2i_recall_1": 8.064516129032258,
    "test__t2i_recall_5": 80.64516129032258,
    "test__t2i_recall_10": 82.25806451612904,
    "test__t2i_rsum": 170.96774193548387,
    "test__t2i_medr": 2.0,
    "test__t2i_meanr": 4.887096774193548
}
[2026-03-19 17:53:13] [Eval] Report @step: 12.00 {
    "test__rsum": 328.2392026578073,
    "test__medr": 7.0,
    "test__meanr": 16.837209302325583,
    "test__n_fold_i2t_recall_1": 26.910299003322258,
    "test__n_fold_i2t_recall_5": 76.0797342192691,
    "test__n_fold_i2t_recall_10": 87.70764119601328,
    "test__n_fold_i2t_rsum": 190.69767441860466,
    "test__n_fold_i2t_medr": 3.0,
    "test__n_fold_i2t_meanr": 7.0066445182724255,
    "test__n_fold_t2i_recall_1": 9.966777408637874,
    "test__n_fold_t2i_recall_5": 58.13953488372093,
    "test__n_fold_t2i_recall_10": 69.43521594684385,
    "test__n_fold_t2i_rsum": 137.54152823920265,
    "test__n_fold_t2i_medr": 4.0,
    "test__n_fold_t2i_meanr": 9.830564784053156,
    "test__i2t_recall_1": 26.910299003322258,
    "test__i2t_recall_5": 76.0797342192691,
    "test__i2t_recall_10": 87.70764119601328,
    "test__i2t_rsum": 190.69767441860466,
    "test__i2t_medr": 3.0,
    "test__i2t_meanr": 7.0066445182724255,
    "test__t2i_recall_1": 9.966777408637874,
    "test__t2i_recall_5": 58.13953488372093,
    "test__t2i_recall_10": 69.43521594684385,
    "test__t2i_rsum": 137.54152823920265,
    "test__t2i_medr": 4.0,
    "test__t2i_meanr": 9.830564784053156
}
[2026-03-19 17:53:49] [Eval] Report @step: 12.00 {
    "test__rsum": 376.7371601208459,
    "test__medr": 5.0,
    "test__meanr": 11.102719033232628,
    "test__n_fold_i2t_recall_1": 22.9607250755287,
    "test__n_fold_i2t_recall_5": 63.74622356495468,
    "test__n_fold_i2t_recall_10": 78.85196374622356,
    "test__n_fold_i2t_rsum": 165.55891238670694,
    "test__n_fold_i2t_medr": 3.0,
    "test__n_fold_i2t_meanr": 6.039274924471299,
    "test__n_fold_t2i_recall_1": 46.82779456193354,
    "test__n_fold_t2i_recall_5": 77.0392749244713,
    "test__n_fold_t2i_recall_10": 87.31117824773413,
    "test__n_fold_t2i_rsum": 211.17824773413895,
    "test__n_fold_t2i_medr": 2.0,
    "test__n_fold_t2i_meanr": 5.063444108761329,
    "test__i2t_recall_1": 22.9607250755287,
    "test__i2t_recall_5": 63.74622356495468,
    "test__i2t_recall_10": 78.85196374622356,
    "test__i2t_rsum": 165.55891238670694,
    "test__i2t_medr": 3.0,
    "test__i2t_meanr": 6.039274924471299,
    "test__t2i_recall_1": 46.82779456193354,
    "test__t2i_recall_5": 77.0392749244713,
    "test__t2i_recall_10": 87.31117824773413,
    "test__t2i_rsum": 211.17824773413895,
    "test__t2i_medr": 2.0,
    "test__t2i_meanr": 5.063444108761329
}
[2026-03-19 17:59:54] [Eval] Report @step: 12.00 {
    "test__rsum": 388.90134529147986,
    "test__medr": 3.0,
    "test__meanr": 12.011210762331839,
    "test__n_fold_i2t_recall_1": 22.533632286995516,
    "test__n_fold_i2t_recall_5": 82.28699551569507,
    "test__n_fold_i2t_recall_10": 89.01345291479821,
    "test__n_fold_i2t_rsum": 193.8340807174888,
    "test__n_fold_i2t_medr": 2.0,
    "test__n_fold_i2t_meanr": 5.12780269058296,
    "test__n_fold_t2i_recall_1": 53.139013452914796,
    "test__n_fold_t2i_recall_5": 62.89237668161435,
    "test__n_fold_t2i_recall_10": 79.03587443946188,
    "test__n_fold_t2i_rsum": 195.06726457399103,
    "test__n_fold_t2i_medr": 1.0,
    "test__n_fold_t2i_meanr": 6.883408071748879,
    "test__i2t_recall_1": 22.533632286995516,
    "test__i2t_recall_5": 82.28699551569507,
    "test__i2t_recall_10": 89.01345291479821,
    "test__i2t_rsum": 193.8340807174888,
    "test__i2t_medr": 2.0,
    "test__i2t_meanr": 5.12780269058296,
    "test__t2i_recall_1": 53.139013452914796,
    "test__t2i_recall_5": 62.89237668161435,
    "test__t2i_recall_10": 79.03587443946188,
    "test__t2i_rsum": 195.06726457399103,
    "test__t2i_medr": 1.0,
    "test__t2i_meanr": 6.883408071748879
}
[2026-03-19 18:00:02] [Eval] Report @step: 12.00 {
    "test__rsum": 316.57142857142856,
    "test__medr": 10.0,
    "test__meanr": 18.24,
    "test__n_fold_i2t_recall_1": 19.428571428571427,
    "test__n_fold_i2t_recall_5": 72.57142857142857,
    "test__n_fold_i2t_recall_10": 93.71428571428571,
    "test__n_fold_i2t_rsum": 185.71428571428572,
    "test__n_fold_i2t_medr": 4.0,
    "test__n_fold_i2t_meanr": 4.474285714285714,
    "test__n_fold_t2i_recall_1": 13.714285714285714,
    "test__n_fold_t2i_recall_5": 48.57142857142857,
    "test__n_fold_t2i_recall_10": 68.57142857142857,
    "test__n_fold_t2i_rsum": 130.85714285714286,
    "test__n_fold_t2i_medr": 6.0,
    "test__n_fold_t2i_meanr": 13.765714285714285,
    "test__i2t_recall_1": 19.428571428571427,
    "test__i2t_recall_5": 72.57142857142857,
    "test__i2t_recall_10": 93.71428571428571,
    "test__i2t_rsum": 185.71428571428572,
    "test__i2t_medr": 4.0,
    "test__i2t_meanr": 4.474285714285714,
    "test__t2i_recall_1": 13.714285714285714,
    "test__t2i_recall_5": 48.57142857142857,
    "test__t2i_recall_10": 68.57142857142857,
    "test__t2i_rsum": 130.85714285714286,
    "test__t2i_medr": 6.0,
    "test__t2i_meanr": 13.765714285714285
}
[2026-03-19 18:00:04] [Eval] Report @step: 12.00 {
    "test__rsum": 429.0322580645162,
    "test__medr": 3.0,
    "test__meanr": 7.403225806451613,
    "test__n_fold_i2t_recall_1": 62.903225806451616,
    "test__n_fold_i2t_recall_5": 90.3225806451613,
    "test__n_fold_i2t_recall_10": 96.7741935483871,
    "test__n_fold_i2t_rsum": 250.00000000000003,
    "test__n_fold_i2t_medr": 1.0,
    "test__n_fold_i2t_meanr": 2.354838709677419,
    "test__n_fold_t2i_recall_1": 14.516129032258064,
    "test__n_fold_t2i_recall_5": 82.25806451612904,
    "test__n_fold_t2i_recall_10": 82.25806451612904,
    "test__n_fold_t2i_rsum": 179.03225806451616,
    "test__n_fold_t2i_medr": 2.0,
    "test__n_fold_t2i_meanr": 5.048387096774194,
    "test__i2t_recall_1": 62.903225806451616,
    "test__i2t_recall_5": 90.3225806451613,
    "test__i2t_recall_10": 96.7741935483871,
    "test__i2t_rsum": 250.00000000000003,
    "test__i2t_medr": 1.0,
    "test__i2t_meanr": 2.354838709677419,
    "test__t2i_recall_1": 14.516129032258064,
    "test__t2i_recall_5": 82.25806451612904,
    "test__t2i_recall_10": 82.25806451612904,
    "test__t2i_rsum": 179.03225806451616,
    "test__t2i_medr": 2.0,
    "test__t2i_meanr": 5.048387096774194
}
[2026-03-19 18:00:39] [Eval] Report @step: 12.00 {
    "test__rsum": 328.2392026578073,
    "test__medr": 7.0,
    "test__meanr": 16.837209302325583,
    "test__n_fold_i2t_recall_1": 26.910299003322258,
    "test__n_fold_i2t_recall_5": 76.0797342192691,
    "test__n_fold_i2t_recall_10": 87.70764119601328,
    "test__n_fold_i2t_rsum": 190.69767441860466,
    "test__n_fold_i2t_medr": 3.0,
    "test__n_fold_i2t_meanr": 7.0066445182724255,
    "test__n_fold_t2i_recall_1": 9.966777408637874,
    "test__n_fold_t2i_recall_5": 58.13953488372093,
    "test__n_fold_t2i_recall_10": 69.43521594684385,
    "test__n_fold_t2i_rsum": 137.54152823920265,
    "test__n_fold_t2i_medr": 4.0,
    "test__n_fold_t2i_meanr": 9.830564784053156,
    "test__i2t_recall_1": 26.910299003322258,
    "test__i2t_recall_5": 76.0797342192691,
    "test__i2t_recall_10": 87.70764119601328,
    "test__i2t_rsum": 190.69767441860466,
    "test__i2t_medr": 3.0,
    "test__i2t_meanr": 7.0066445182724255,
    "test__t2i_recall_1": 9.966777408637874,
    "test__t2i_recall_5": 58.13953488372093,
    "test__t2i_recall_10": 69.43521594684385,
    "test__t2i_rsum": 137.54152823920265,
    "test__t2i_medr": 4.0,
    "test__t2i_meanr": 9.830564784053156
}
[2026-03-19 18:01:18] [Eval] Report @step: 12.00 {
    "test__rsum": 376.7371601208459,
    "test__medr": 5.0,
    "test__meanr": 11.102719033232628,
    "test__n_fold_i2t_recall_1": 22.9607250755287,
    "test__n_fold_i2t_recall_5": 63.74622356495468,
    "test__n_fold_i2t_recall_10": 78.85196374622356,
    "test__n_fold_i2t_rsum": 165.55891238670694,
    "test__n_fold_i2t_medr": 3.0,
    "test__n_fold_i2t_meanr": 6.039274924471299,
    "test__n_fold_t2i_recall_1": 46.82779456193354,
    "test__n_fold_t2i_recall_5": 77.0392749244713,
    "test__n_fold_t2i_recall_10": 87.31117824773413,
    "test__n_fold_t2i_rsum": 211.17824773413895,
    "test__n_fold_t2i_medr": 2.0,
    "test__n_fold_t2i_meanr": 5.063444108761329,
    "test__i2t_recall_1": 22.9607250755287,
    "test__i2t_recall_5": 63.74622356495468,
    "test__i2t_recall_10": 78.85196374622356,
    "test__i2t_rsum": 165.55891238670694,
    "test__i2t_medr": 3.0,
    "test__i2t_meanr": 6.039274924471299,
    "test__t2i_recall_1": 46.82779456193354,
    "test__t2i_recall_5": 77.0392749244713,
    "test__t2i_recall_10": 87.31117824773413,
    "test__t2i_rsum": 211.17824773413895,
    "test__t2i_medr": 2.0,
    "test__t2i_meanr": 5.063444108761329
}
[2026-03-19 18:07:26] [Eval] Report @step: 12.00 {
    "test__rsum": 388.90134529147986,
    "test__medr": 3.0,
    "test__meanr": 12.011210762331839,
    "test__n_fold_i2t_recall_1": 22.533632286995516,
    "test__n_fold_i2t_recall_5": 82.28699551569507,
    "test__n_fold_i2t_recall_10": 89.01345291479821,
    "test__n_fold_i2t_rsum": 193.8340807174888,
    "test__n_fold_i2t_medr": 2.0,
    "test__n_fold_i2t_meanr": 5.12780269058296,
    "test__n_fold_t2i_recall_1": 53.139013452914796,
    "test__n_fold_t2i_recall_5": 62.89237668161435,
    "test__n_fold_t2i_recall_10": 79.03587443946188,
    "test__n_fold_t2i_rsum": 195.06726457399103,
    "test__n_fold_t2i_medr": 1.0,
    "test__n_fold_t2i_meanr": 6.883408071748879,
    "test__i2t_recall_1": 22.533632286995516,
    "test__i2t_recall_5": 82.28699551569507,
    "test__i2t_recall_10": 89.01345291479821,
    "test__i2t_rsum": 193.8340807174888,
    "test__i2t_medr": 2.0,
    "test__i2t_meanr": 5.12780269058296,
    "test__t2i_recall_1": 53.139013452914796,
    "test__t2i_recall_5": 62.89237668161435,
    "test__t2i_recall_10": 79.03587443946188,
    "test__t2i_rsum": 195.06726457399103,
    "test__t2i_medr": 1.0,
    "test__t2i_meanr": 6.883408071748879
}
[2026-03-19 18:07:36] [Eval] Report @step: 12.00 {
    "test__rsum": 316.57142857142856,
    "test__medr": 10.0,
    "test__meanr": 18.24,
    "test__n_fold_i2t_recall_1": 19.428571428571427,
    "test__n_fold_i2t_recall_5": 72.57142857142857,
    "test__n_fold_i2t_recall_10": 93.71428571428571,
    "test__n_fold_i2t_rsum": 185.71428571428572,
    "test__n_fold_i2t_medr": 4.0,
    "test__n_fold_i2t_meanr": 4.474285714285714,
    "test__n_fold_t2i_recall_1": 13.714285714285714,
    "test__n_fold_t2i_recall_5": 48.57142857142857,
    "test__n_fold_t2i_recall_10": 68.57142857142857,
    "test__n_fold_t2i_rsum": 130.85714285714286,
    "test__n_fold_t2i_medr": 6.0,
    "test__n_fold_t2i_meanr": 13.765714285714285,
    "test__i2t_recall_1": 19.428571428571427,
    "test__i2t_recall_5": 72.57142857142857,
    "test__i2t_recall_10": 93.71428571428571,
    "test__i2t_rsum": 185.71428571428572,
    "test__i2t_medr": 4.0,
    "test__i2t_meanr": 4.474285714285714,
    "test__t2i_recall_1": 13.714285714285714,
    "test__t2i_recall_5": 48.57142857142857,
    "test__t2i_recall_10": 68.57142857142857,
    "test__t2i_rsum": 130.85714285714286,
    "test__t2i_medr": 6.0,
    "test__t2i_meanr": 13.765714285714285
}
[2026-03-19 18:07:40] [Eval] Report @step: 12.00 {
    "test__rsum": 429.0322580645162,
    "test__medr": 3.0,
    "test__meanr": 7.403225806451613,
    "test__n_fold_i2t_recall_1": 62.903225806451616,
    "test__n_fold_i2t_recall_5": 90.3225806451613,
    "test__n_fold_i2t_recall_10": 96.7741935483871,
    "test__n_fold_i2t_rsum": 250.00000000000003,
    "test__n_fold_i2t_medr": 1.0,
    "test__n_fold_i2t_meanr": 2.354838709677419,
    "test__n_fold_t2i_recall_1": 14.516129032258064,
    "test__n_fold_t2i_recall_5": 82.25806451612904,
    "test__n_fold_t2i_recall_10": 82.25806451612904,
    "test__n_fold_t2i_rsum": 179.03225806451616,
    "test__n_fold_t2i_medr": 2.0,
    "test__n_fold_t2i_meanr": 5.048387096774194,
    "test__i2t_recall_1": 62.903225806451616,
    "test__i2t_recall_5": 90.3225806451613,
    "test__i2t_recall_10": 96.7741935483871,
    "test__i2t_rsum": 250.00000000000003,
    "test__i2t_medr": 1.0,
    "test__i2t_meanr": 2.354838709677419,
    "test__t2i_recall_1": 14.516129032258064,
    "test__t2i_recall_5": 82.25806451612904,
    "test__t2i_recall_10": 82.25806451612904,
    "test__t2i_rsum": 179.03225806451616,
    "test__t2i_medr": 2.0,
    "test__t2i_meanr": 5.048387096774194
}
[2026-03-19 18:08:15] [Eval] Report @step: 12.00 {
    "test__rsum": 416.6112956810631,
    "test__medr": 6.0,
    "test__meanr": 14.172757475083056,
    "test__n_fold_i2t_recall_1": 26.578073089700997,
    "test__n_fold_i2t_recall_5": 85.38205980066445,
    "test__n_fold_i2t_recall_10": 85.38205980066445,
    "test__n_fold_i2t_rsum": 197.34219269102988,
    "test__n_fold_i2t_medr": 4.0,
    "test__n_fold_i2t_meanr": 10.790697674418604,
    "test__n_fold_t2i_recall_1": 43.521594684385384,
    "test__n_fold_t2i_recall_5": 82.05980066445183,
    "test__n_fold_t2i_recall_10": 93.68770764119601,
    "test__n_fold_t2i_rsum": 219.26910299003322,
    "test__n_fold_t2i_medr": 2.0,
    "test__n_fold_t2i_meanr": 3.382059800664452,
    "test__i2t_recall_1": 26.578073089700997,
    "test__i2t_recall_5": 85.38205980066445,
    "test__i2t_recall_10": 85.38205980066445,
    "test__i2t_rsum": 197.34219269102988,
    "test__i2t_medr": 4.0,
    "test__i2t_meanr": 10.790697674418604,
    "test__t2i_recall_1": 43.521594684385384,
    "test__t2i_recall_5": 82.05980066445183,
    "test__t2i_recall_10": 93.68770764119601,
    "test__t2i_rsum": 219.26910299003322,
    "test__t2i_medr": 2.0,
    "test__t2i_meanr": 3.382059800664452
}
[2026-03-19 18:08:52] [Eval] Report @step: 12.00 {
    "test__rsum": 378.2477341389728,
    "test__medr": 5.0,
    "test__meanr": 10.776435045317221,
    "test__n_fold_i2t_recall_1": 26.88821752265861,
    "test__n_fold_i2t_recall_5": 70.09063444108762,
    "test__n_fold_i2t_recall_10": 96.67673716012085,
    "test__n_fold_i2t_rsum": 193.65558912386706,
    "test__n_fold_i2t_medr": 3.0,
    "test__n_fold_i2t_meanr": 4.3685800604229605,
    "test__n_fold_t2i_recall_1": 33.8368580060423,
    "test__n_fold_t2i_recall_5": 73.1117824773414,
    "test__n_fold_t2i_recall_10": 77.64350453172206,
    "test__n_fold_t2i_rsum": 184.59214501510576,
    "test__n_fold_t2i_medr": 2.0,
    "test__n_fold_t2i_meanr": 6.40785498489426,
    "test__i2t_recall_1": 26.88821752265861,
    "test__i2t_recall_5": 70.09063444108762,
    "test__i2t_recall_10": 96.67673716012085,
    "test__i2t_rsum": 193.65558912386706,
    "test__i2t_medr": 3.0,
    "test__i2t_meanr": 4.3685800604229605,
    "test__t2i_recall_1": 33.8368580060423,
    "test__t2i_recall_5": 73.1117824773414,
    "test__t2i_recall_10": 77.64350453172206,
    "test__t2i_rsum": 184.59214501510576,
    "test__t2i_medr": 2.0,
    "test__t2i_meanr": 6.40785498489426
}
[2026-03-19 18:15:06] [Eval] Report @step: 12.00 {
    "test__rsum": 413.677130044843,
    "test__medr": 3.0,
    "test__meanr": 9.738789237668161,
    "test__n_fold_i2t_recall_1": 20.96412556053812,
    "test__n_fold_i2t_recall_5": 85.98654708520179,
    "test__n_fold_i2t_recall_10": 92.48878923766816,
    "test__n_fold_i2t_rsum": 199.43946188340806,
    "test__n_fold_i2t_medr": 2.0,
    "test__n_fold_i2t_meanr": 3.774663677130045,
    "test__n_fold_t2i_recall_1": 53.25112107623318,
    "test__n_fold_t2i_recall_5": 78.58744394618834,
    "test__n_fold_t2i_recall_10": 82.39910313901345,
    "test__n_fold_t2i_rsum": 214.23766816143498,
    "test__n_fold_t2i_medr": 1.0,
    "test__n_fold_t2i_meanr": 5.9641255605381165,
    "test__i2t_recall_1": 20.96412556053812,
    "test__i2t_recall_5": 85.98654708520179,
    "test__i2t_recall_10": 92.48878923766816,
    "test__i2t_rsum": 199.43946188340806,
    "test__i2t_medr": 2.0,
    "test__i2t_meanr": 3.774663677130045,
    "test__t2i_recall_1": 53.25112107623318,
    "test__t2i_recall_5": 78.58744394618834,
    "test__t2i_recall_10": 82.39910313901345,
    "test__t2i_rsum": 214.23766816143498,
    "test__t2i_medr": 1.0,
    "test__t2i_meanr": 5.9641255605381165
}
[2026-03-19 18:15:12] [Eval] Report @step: 12.00 {
    "test__rsum": 234.28571428571428,
    "test__medr": 15.0,
    "test__meanr": 20.68,
    "test__n_fold_i2t_recall_1": 19.428571428571427,
    "test__n_fold_i2t_recall_5": 42.857142857142854,
    "test__n_fold_i2t_recall_10": 52.0,
    "test__n_fold_i2t_rsum": 114.28571428571428,
    "test__n_fold_i2t_medr": 9.0,
    "test__n_fold_i2t_meanr": 10.674285714285714,
    "test__n_fold_t2i_recall_1": 17.142857142857142,
    "test__n_fold_t2i_recall_5": 33.714285714285715,
    "test__n_fold_t2i_recall_10": 69.14285714285714,
    "test__n_fold_t2i_rsum": 120.0,
    "test__n_fold_t2i_medr": 6.0,
    "test__n_fold_t2i_meanr": 10.005714285714285,
    "test__i2t_recall_1": 19.428571428571427,
    "test__i2t_recall_5": 42.857142857142854,
    "test__i2t_recall_10": 52.0,
    "test__i2t_rsum": 114.28571428571428,
    "test__i2t_medr": 9.0,
    "test__i2t_meanr": 10.674285714285714,
    "test__t2i_recall_1": 17.142857142857142,
    "test__t2i_recall_5": 33.714285714285715,
    "test__t2i_recall_10": 69.14285714285714,
    "test__t2i_rsum": 120.0,
    "test__t2i_medr": 6.0,
    "test__t2i_meanr": 10.005714285714285
}
[2026-03-19 18:15:15] [Eval] Report @step: 12.00 {
    "test__rsum": 366.1290322580645,
    "test__medr": 3.0,
    "test__meanr": 10.79032258064516,
    "test__n_fold_i2t_recall_1": 56.45161290322581,
    "test__n_fold_i2t_recall_5": 58.064516129032256,
    "test__n_fold_i2t_recall_10": 80.64516129032258,
    "test__n_fold_i2t_rsum": 195.16129032258064,
    "test__n_fold_i2t_medr": 1.0,
    "test__n_fold_i2t_meanr": 5.903225806451613,
    "test__n_fold_t2i_recall_1": 8.064516129032258,
    "test__n_fold_t2i_recall_5": 80.64516129032258,
    "test__n_fold_t2i_recall_10": 82.25806451612904,
    "test__n_fold_t2i_rsum": 170.96774193548387,
    "test__n_fold_t2i_medr": 2.0,
    "test__n_fold_t2i_meanr": 4.887096774193548,
    "test__i2t_recall_1": 56.45161290322581,
    "test__i2t_recall_5": 58.064516129032256,
    "test__i2t_recall_10": 80.64516129032258,
    "test__i2t_rsum": 195.16129032258064,
    "test__i2t_medr": 1.0,
    "test__i2t_meanr": 5.903225806451613,
    "test__t2i_recall_1": 8.064516129032258,
    "test__t2i_recall_5": 80.64516129032258,
    "test__t2i_recall_10": 82.25806451612904,
    "test__t2i_rsum": 170.96774193548387,
    "test__t2i_medr": 2.0,
    "test__t2i_meanr": 4.887096774193548
}
[2026-03-19 18:15:53] [Eval] Report @step: 12.00 {
    "test__rsum": 416.6112956810631,
    "test__medr": 6.0,
    "test__meanr": 14.172757475083056,
    "test__n_fold_i2t_recall_1": 26.578073089700997,
    "test__n_fold_i2t_recall_5": 85.38205980066445,
    "test__n_fold_i2t_recall_10": 85.38205980066445,
    "test__n_fold_i2t_rsum": 197.34219269102988,
    "test__n_fold_i2t_medr": 4.0,
    "test__n_fold_i2t_meanr": 10.790697674418604,
    "test__n_fold_t2i_recall_1": 43.521594684385384,
    "test__n_fold_t2i_recall_5": 82.05980066445183,
    "test__n_fold_t2i_recall_10": 93.68770764119601,
    "test__n_fold_t2i_rsum": 219.26910299003322,
    "test__n_fold_t2i_medr": 2.0,
    "test__n_fold_t2i_meanr": 3.382059800664452,
    "test__i2t_recall_1": 26.578073089700997,
    "test__i2t_recall_5": 85.38205980066445,
    "test__i2t_recall_10": 85.38205980066445,
    "test__i2t_rsum": 197.34219269102988,
    "test__i2t_medr": 4.0,
    "test__i2t_meanr": 10.790697674418604,
    "test__t2i_recall_1": 43.521594684385384,
    "test__t2i_recall_5": 82.05980066445183,
    "test__t2i_recall_10": 93.68770764119601,
    "test__t2i_rsum": 219.26910299003322,
    "test__t2i_medr": 2.0,
    "test__t2i_meanr": 3.382059800664452
}
[2026-03-19 18:16:33] [Eval] Report @step: 12.00 {
    "test__rsum": 378.2477341389728,
    "test__medr": 5.0,
    "test__meanr": 10.776435045317221,
    "test__n_fold_i2t_recall_1": 26.88821752265861,
    "test__n_fold_i2t_recall_5": 70.09063444108762,
    "test__n_fold_i2t_recall_10": 96.67673716012085,
    "test__n_fold_i2t_rsum": 193.65558912386706,
    "test__n_fold_i2t_medr": 3.0,
    "test__n_fold_i2t_meanr": 4.3685800604229605,
    "test__n_fold_t2i_recall_1": 33.8368580060423,
    "test__n_fold_t2i_recall_5": 73.1117824773414,
    "test__n_fold_t2i_recall_10": 77.64350453172206,
    "test__n_fold_t2i_rsum": 184.59214501510576,
    "test__n_fold_t2i_medr": 2.0,
    "test__n_fold_t2i_meanr": 6.40785498489426,
    "test__i2t_recall_1": 26.88821752265861,
    "test__i2t_recall_5": 70.09063444108762,
    "test__i2t_recall_10": 96.67673716012085,
    "test__i2t_rsum": 193.65558912386706,
    "test__i2t_medr": 3.0,
    "test__i2t_meanr": 4.3685800604229605,
    "test__t2i_recall_1": 33.8368580060423,
    "test__t2i_recall_5": 73.1117824773414,
    "test__t2i_recall_10": 77.64350453172206,
    "test__t2i_rsum": 184.59214501510576,
    "test__t2i_medr": 2.0,
    "test__t2i_meanr": 6.40785498489426
}
[2026-03-19 18:22:44] [Eval] Report @step: 12.00 {
    "test__rsum": 413.677130044843,
    "test__medr": 3.0,
    "test__meanr": 9.738789237668161,
    "test__n_fold_i2t_recall_1": 20.96412556053812,
    "test__n_fold_i2t_recall_5": 85.98654708520179,
    "test__n_fold_i2t_recall_10": 92.48878923766816,
    "test__n_fold_i2t_rsum": 199.43946188340806,
    "test__n_fold_i2t_medr": 2.0,
    "test__n_fold_i2t_meanr": 3.774663677130045,
    "test__n_fold_t2i_recall_1": 53.25112107623318,
    "test__n_fold_t2i_recall_5": 78.58744394618834,
    "test__n_fold_t2i_recall_10": 82.39910313901345,
    "test__n_fold_t2i_rsum": 214.23766816143498,
    "test__n_fold_t2i_medr": 1.0,
    "test__n_fold_t2i_meanr": 5.9641255605381165,
    "test__i2t_recall_1": 20.96412556053812,
    "test__i2t_recall_5": 85.98654708520179,
    "test__i2t_recall_10": 92.48878923766816,
    "test__i2t_rsum": 199.43946188340806,
    "test__i2t_medr": 2.0,
    "test__i2t_meanr": 3.774663677130045,
    "test__t2i_recall_1": 53.25112107623318,
    "test__t2i_recall_5": 78.58744394618834,
    "test__t2i_recall_10": 82.39910313901345,
    "test__t2i_rsum": 214.23766816143498,
    "test__t2i_medr": 1.0,
    "test__t2i_meanr": 5.9641255605381165
}
[2026-03-19 18:22:54] [Eval] Report @step: 12.00 {
    "test__rsum": 234.28571428571428,
    "test__medr": 15.0,
    "test__meanr": 20.68,
    "test__n_fold_i2t_recall_1": 19.428571428571427,
    "test__n_fold_i2t_recall_5": 42.857142857142854,
    "test__n_fold_i2t_recall_10": 52.0,
    "test__n_fold_i2t_rsum": 114.28571428571428,
    "test__n_fold_i2t_medr": 9.0,
    "test__n_fold_i2t_meanr": 10.674285714285714,
    "test__n_fold_t2i_recall_1": 17.142857142857142,
    "test__n_fold_t2i_recall_5": 33.714285714285715,
    "test__n_fold_t2i_recall_10": 69.14285714285714,
    "test__n_fold_t2i_rsum": 120.0,
    "test__n_fold_t2i_medr": 6.0,
    "test__n_fold_t2i_meanr": 10.005714285714285,
    "test__i2t_recall_1": 19.428571428571427,
    "test__i2t_recall_5": 42.857142857142854,
    "test__i2t_recall_10": 52.0,
    "test__i2t_rsum": 114.28571428571428,
    "test__i2t_medr": 9.0,
    "test__i2t_meanr": 10.674285714285714,
    "test__t2i_recall_1": 17.142857142857142,
    "test__t2i_recall_5": 33.714285714285715,
    "test__t2i_recall_10": 69.14285714285714,
    "test__t2i_rsum": 120.0,
    "test__t2i_medr": 6.0,
    "test__t2i_meanr": 10.005714285714285
}
[2026-03-19 18:22:55] [Eval] Report @step: 12.00 {
    "test__rsum": 366.1290322580645,
    "test__medr": 3.0,
    "test__meanr": 10.79032258064516,
    "test__n_fold_i2t_recall_1": 56.45161290322581,
    "test__n_fold_i2t_recall_5": 58.064516129032256,
    "test__n_fold_i2t_recall_10": 80.64516129032258,
    "test__n_fold_i2t_rsum": 195.16129032258064,
    "test__n_fold_i2t_medr": 1.0,
    "test__n_fold_i2t_meanr": 5.903225806451613,
    "test__n_fold_t2i_recall_1": 8.064516129032258,
    "test__n_fold_t2i_recall_5": 80.64516129032258,
    "test__n_fold_t2i_recall_10": 82.25806451612904,
    "test__n_fold_t2i_rsum": 170.96774193548387,
    "test__n_fold_t2i_medr": 2.0,
    "test__n_fold_t2i_meanr": 4.887096774193548,
    "test__i2t_recall_1": 56.45161290322581,
    "test__i2t_recall_5": 58.064516129032256,
    "test__i2t_recall_10": 80.64516129032258,
    "test__i2t_rsum": 195.16129032258064,
    "test__i2t_medr": 1.0,
    "test__i2t_meanr": 5.903225806451613,
    "test__t2i_recall_1": 8.064516129032258,
    "test__t2i_recall_5": 80.64516129032258,
    "test__t2i_recall_10": 82.25806451612904,
    "test__t2i_rsum": 170.96774193548387,
    "test__t2i_medr": 2.0,
    "test__t2i_meanr": 4.887096774193548
}
[2026-03-19 18:22:56] Round 13!
[2026-03-19 18:22:56] Harmony enters stage2 at round 13.
[2026-03-19 18:22:56] Training Client 10!
[2026-03-19 18:22:56] Epoch 13
[2026-03-19 18:22:57] Training Client 11!
[2026-03-19 18:22:57] Epoch 13
[2026-03-19 18:22:58] Training Client 12!
[2026-03-19 18:22:58] Epoch 13
[2026-03-19 18:23:00] Training Client 13!
[2026-03-19 18:23:00] Epoch 13
[2026-03-19 18:23:00] Skip local epoch for client 3: train loader has no full batch
[2026-03-19 18:23:00] Training Client 14!
[2026-03-19 18:23:00] Epoch 13
[2026-03-19 18:23:00] Skip local epoch for client 4: train loader has no full batch
[2026-03-19 18:23:00] Harmony stage2 clustering round 13: labels=[1, 0, 0, 1, 1], discrepancies=[[0.0848308652639389, 0.08526874333620071], [0.6382135152816772, 0.6410086154937744], [1.0, 1.0], [0.015063424594700336, 0.015262110158801079], [0.015063424594700336, 0.015262110158801079]]
[2026-03-19 18:23:00] TEST:  Epoch: [10] image	Prec@1 37.778 (41.196)	Prec@5 88.889 (88.704)
[2026-03-19 18:23:01] TEST:  Epoch: [10] image	Prec@1 16.000 (13.595)	Prec@5 78.667 (76.133)
[2026-03-19 18:23:01] TEST:  Epoch: [10] image	Prec@1 60.484 (53.251)	Prec@5 98.387 (98.767)
[2026-03-19 18:23:01] TEST:  Epoch: [10] image	Prec@1 20.000 (20.000)	Prec@5 89.714 (89.714)
[2026-03-19 18:23:01] TEST:  Epoch: [10] image	Prec@1 56.452 (56.452)	Prec@5 74.194 (74.194)
[2026-03-19 18:23:02] TEST:  Epoch: [10] text	Prec@1 0.000 (0.000)	Prec@5 11.111 (15.282)
[2026-03-19 18:23:02] TEST:  Epoch: [10] text	Prec@1 30.667 (32.931)	Prec@5 94.667 (93.656)
[2026-03-19 18:23:02] TEST:  Epoch: [10] text	Prec@1 60.484 (53.251)	Prec@5 98.387 (98.767)
[2026-03-19 18:23:02] TEST:  Epoch: [10] text	Prec@1 20.000 (20.000)	Prec@5 48.571 (48.571)
[2026-03-19 18:23:02] TEST:  Epoch: [10] text	Prec@1 0.000 (0.000)	Prec@5 0.000 (0.000)
[2026-03-19 18:23:37] [Eval] Report @step: 13.00 {
    "test__rsum": 380.3986710963455,
    "test__medr": 6.0,
    "test__meanr": 17.48172757475083,
    "test__n_fold_i2t_recall_1": 26.578073089700997,
    "test__n_fold_i2t_recall_5": 80.06644518272425,
    "test__n_fold_i2t_recall_10": 84.71760797342192,
    "test__n_fold_i2t_rsum": 191.36212624584715,
    "test__n_fold_i2t_medr": 3.0,
    "test__n_fold_i2t_meanr": 12.305647840531561,
    "test__n_fold_t2i_recall_1": 42.19269102990033,
    "test__n_fold_t2i_recall_5": 63.12292358803987,
    "test__n_fold_t2i_recall_10": 83.72093023255815,
    "test__n_fold_t2i_rsum": 189.03654485049833,
    "test__n_fold_t2i_medr": 3.0,
    "test__n_fold_t2i_meanr": 5.176079734219269,
    "test__i2t_recall_1": 26.578073089700997,
    "test__i2t_recall_5": 80.06644518272425,
    "test__i2t_recall_10": 84.71760797342192,
    "test__i2t_rsum": 191.36212624584715,
    "test__i2t_medr": 3.0,
    "test__i2t_meanr": 12.305647840531561,
    "test__t2i_recall_1": 42.19269102990033,
    "test__t2i_recall_5": 63.12292358803987,
    "test__t2i_recall_10": 83.72093023255815,
    "test__t2i_rsum": 189.03654485049833,
    "test__t2i_medr": 3.0,
    "test__t2i_meanr": 5.176079734219269
}
[2026-03-19 18:24:11] [Eval] Report @step: 13.00 {
    "test__rsum": 358.0060422960725,
    "test__medr": 5.0,
    "test__meanr": 12.851963746223564,
    "test__n_fold_i2t_recall_1": 26.88821752265861,
    "test__n_fold_i2t_recall_5": 72.50755287009063,
    "test__n_fold_i2t_recall_10": 91.23867069486406,
    "test__n_fold_i2t_rsum": 190.6344410876133,
    "test__n_fold_i2t_medr": 3.0,
    "test__n_fold_i2t_meanr": 4.773413897280967,
    "test__n_fold_t2i_recall_1": 29.003021148036254,
    "test__n_fold_t2i_recall_5": 65.55891238670695,
    "test__n_fold_t2i_recall_10": 72.809667673716,
    "test__n_fold_t2i_rsum": 167.3716012084592,
    "test__n_fold_t2i_medr": 2.0,
    "test__n_fold_t2i_meanr": 8.078549848942597,
    "test__i2t_recall_1": 26.88821752265861,
    "test__i2t_recall_5": 72.50755287009063,
    "test__i2t_recall_10": 91.23867069486406,
    "test__i2t_rsum": 190.6344410876133,
    "test__i2t_medr": 3.0,
    "test__i2t_meanr": 4.773413897280967,
    "test__t2i_recall_1": 29.003021148036254,
    "test__t2i_recall_5": 65.55891238670695,
    "test__t2i_recall_10": 72.809667673716,
    "test__t2i_rsum": 167.3716012084592,
    "test__t2i_medr": 2.0,
    "test__t2i_meanr": 8.078549848942597
}
[2026-03-19 18:30:25] [Eval] Report @step: 13.00 {
    "test__rsum": 427.57847533632287,
    "test__medr": 3.0,
    "test__meanr": 8.958520179372197,
    "test__n_fold_i2t_recall_1": 21.524663677130047,
    "test__n_fold_i2t_recall_5": 90.24663677130044,
    "test__n_fold_i2t_recall_10": 96.52466367713005,
    "test__n_fold_i2t_rsum": 208.29596412556054,
    "test__n_fold_i2t_medr": 2.0,
    "test__n_fold_i2t_meanr": 3.163677130044843,
    "test__n_fold_t2i_recall_1": 53.25112107623318,
    "test__n_fold_t2i_recall_5": 79.93273542600897,
    "test__n_fold_t2i_recall_10": 86.09865470852019,
    "test__n_fold_t2i_rsum": 219.28251121076232,
    "test__n_fold_t2i_medr": 1.0,
    "test__n_fold_t2i_meanr": 5.794843049327354,
    "test__i2t_recall_1": 21.524663677130047,
    "test__i2t_recall_5": 90.24663677130044,
    "test__i2t_recall_10": 96.52466367713005,
    "test__i2t_rsum": 208.29596412556054,
    "test__i2t_medr": 2.0,
    "test__i2t_meanr": 3.163677130044843,
    "test__t2i_recall_1": 53.25112107623318,
    "test__t2i_recall_5": 79.93273542600897,
    "test__t2i_recall_10": 86.09865470852019,
    "test__t2i_rsum": 219.28251121076232,
    "test__t2i_medr": 1.0,
    "test__t2i_meanr": 5.794843049327354
}
[2026-03-19 18:30:34] [Eval] Report @step: 13.00 {
    "test__rsum": 256.0,
    "test__medr": 14.0,
    "test__meanr": 20.02857142857143,
    "test__n_fold_i2t_recall_1": 20.0,
    "test__n_fold_i2t_recall_5": 46.285714285714285,
    "test__n_fold_i2t_recall_10": 56.57142857142857,
    "test__n_fold_i2t_rsum": 122.85714285714285,
    "test__n_fold_i2t_medr": 7.0,
    "test__n_fold_i2t_meanr": 11.211428571428572,
    "test__n_fold_t2i_recall_1": 22.285714285714285,
    "test__n_fold_t2i_recall_5": 33.714285714285715,
    "test__n_fold_t2i_recall_10": 77.14285714285714,
    "test__n_fold_t2i_rsum": 133.14285714285714,
    "test__n_fold_t2i_medr": 7.0,
    "test__n_fold_t2i_meanr": 8.817142857142857,
    "test__i2t_recall_1": 20.0,
    "test__i2t_recall_5": 46.285714285714285,
    "test__i2t_recall_10": 56.57142857142857,
    "test__i2t_rsum": 122.85714285714285,
    "test__i2t_medr": 7.0,
    "test__i2t_meanr": 11.211428571428572,
    "test__t2i_recall_1": 22.285714285714285,
    "test__t2i_recall_5": 33.714285714285715,
    "test__t2i_recall_10": 77.14285714285714,
    "test__t2i_rsum": 133.14285714285714,
    "test__t2i_medr": 7.0,
    "test__t2i_meanr": 8.817142857142857
}
[2026-03-19 18:30:36] [Eval] Report @step: 13.00 {
    "test__rsum": 375.80645161290323,
    "test__medr": 3.0,
    "test__meanr": 10.06451612903226,
    "test__n_fold_i2t_recall_1": 56.45161290322581,
    "test__n_fold_i2t_recall_5": 56.45161290322581,
    "test__n_fold_i2t_recall_10": 83.87096774193549,
    "test__n_fold_i2t_rsum": 196.7741935483871,
    "test__n_fold_i2t_medr": 1.0,
    "test__n_fold_i2t_meanr": 5.774193548387097,
    "test__n_fold_t2i_recall_1": 9.67741935483871,
    "test__n_fold_t2i_recall_5": 82.25806451612904,
    "test__n_fold_t2i_recall_10": 87.09677419354838,
    "test__n_fold_t2i_rsum": 179.03225806451613,
    "test__n_fold_t2i_medr": 2.0,
    "test__n_fold_t2i_meanr": 4.290322580645162,
    "test__i2t_recall_1": 56.45161290322581,
    "test__i2t_recall_5": 56.45161290322581,
    "test__i2t_recall_10": 83.87096774193549,
    "test__i2t_rsum": 196.7741935483871,
    "test__i2t_medr": 1.0,
    "test__i2t_meanr": 5.774193548387097,
    "test__t2i_recall_1": 9.67741935483871,
    "test__t2i_recall_5": 82.25806451612904,
    "test__t2i_recall_10": 87.09677419354838,
    "test__t2i_rsum": 179.03225806451613,
    "test__t2i_medr": 2.0,
    "test__t2i_meanr": 4.290322580645162
}
[2026-03-19 18:31:12] [Eval] Report @step: 13.00 {
    "test__rsum": 408.6378737541528,
    "test__medr": 4.0,
    "test__meanr": 14.219269102990033,
    "test__n_fold_i2t_recall_1": 48.17275747508306,
    "test__n_fold_i2t_recall_5": 71.09634551495017,
    "test__n_fold_i2t_recall_10": 82.05980066445183,
    "test__n_fold_i2t_rsum": 201.32890365448506,
    "test__n_fold_i2t_medr": 2.0,
    "test__n_fold_i2t_meanr": 9.159468438538205,
    "test__n_fold_t2i_recall_1": 40.199335548172755,
    "test__n_fold_t2i_recall_5": 78.40531561461793,
    "test__n_fold_t2i_recall_10": 88.70431893687707,
    "test__n_fold_t2i_rsum": 207.30897009966776,
    "test__n_fold_t2i_medr": 2.0,
    "test__n_fold_t2i_meanr": 5.059800664451827,
    "test__i2t_recall_1": 48.17275747508306,
    "test__i2t_recall_5": 71.09634551495017,
    "test__i2t_recall_10": 82.05980066445183,
    "test__i2t_rsum": 201.32890365448506,
    "test__i2t_medr": 2.0,
    "test__i2t_meanr": 9.159468438538205,
    "test__t2i_recall_1": 40.199335548172755,
    "test__t2i_recall_5": 78.40531561461793,
    "test__t2i_recall_10": 88.70431893687707,
    "test__t2i_rsum": 207.30897009966776,
    "test__t2i_medr": 2.0,
    "test__t2i_meanr": 5.059800664451827
}
[2026-03-19 18:31:45] [Eval] Report @step: 13.00 {
    "test__rsum": 386.70694864048335,
    "test__medr": 4.0,
    "test__meanr": 12.933534743202417,
    "test__n_fold_i2t_recall_1": 33.53474320241692,
    "test__n_fold_i2t_recall_5": 67.37160120845921,
    "test__n_fold_i2t_recall_10": 79.75830815709969,
    "test__n_fold_i2t_rsum": 180.66465256797582,
    "test__n_fold_i2t_medr": 2.0,
    "test__n_fold_i2t_meanr": 5.75226586102719,
    "test__n_fold_t2i_recall_1": 44.10876132930514,
    "test__n_fold_t2i_recall_5": 74.62235649546828,
    "test__n_fold_t2i_recall_10": 87.31117824773413,
    "test__n_fold_t2i_rsum": 206.04229607250755,
    "test__n_fold_t2i_medr": 2.0,
    "test__n_fold_t2i_meanr": 7.181268882175226,
    "test__i2t_recall_1": 33.53474320241692,
    "test__i2t_recall_5": 67.37160120845921,
    "test__i2t_recall_10": 79.75830815709969,
    "test__i2t_rsum": 180.66465256797582,
    "test__i2t_medr": 2.0,
    "test__i2t_meanr": 5.75226586102719,
    "test__t2i_recall_1": 44.10876132930514,
    "test__t2i_recall_5": 74.62235649546828,
    "test__t2i_recall_10": 87.31117824773413,
    "test__t2i_rsum": 206.04229607250755,
    "test__t2i_medr": 2.0,
    "test__t2i_meanr": 7.181268882175226
}
[2026-03-19 18:37:52] [Eval] Report @step: 13.00 {
    "test__rsum": 398.09417040358744,
    "test__medr": 4.0,
    "test__meanr": 11.225336322869955,
    "test__n_fold_i2t_recall_1": 26.457399103139014,
    "test__n_fold_i2t_recall_5": 84.97757847533633,
    "test__n_fold_i2t_recall_10": 91.81614349775785,
    "test__n_fold_i2t_rsum": 203.25112107623318,
    "test__n_fold_i2t_medr": 2.0,
    "test__n_fold_i2t_meanr": 4.458520179372197,
    "test__n_fold_t2i_recall_1": 41.591928251121075,
    "test__n_fold_t2i_recall_5": 71.63677130044843,
    "test__n_fold_t2i_recall_10": 81.61434977578476,
    "test__n_fold_t2i_rsum": 194.84304932735427,
    "test__n_fold_t2i_medr": 2.0,
    "test__n_fold_t2i_meanr": 6.766816143497758,
    "test__i2t_recall_1": 26.457399103139014,
    "test__i2t_recall_5": 84.97757847533633,
    "test__i2t_recall_10": 91.81614349775785,
    "test__i2t_rsum": 203.25112107623318,
    "test__i2t_medr": 2.0,
    "test__i2t_meanr": 4.458520179372197,
    "test__t2i_recall_1": 41.591928251121075,
    "test__t2i_recall_5": 71.63677130044843,
    "test__t2i_recall_10": 81.61434977578476,
    "test__t2i_rsum": 194.84304932735427,
    "test__t2i_medr": 2.0,
    "test__t2i_meanr": 6.766816143497758
}
[2026-03-19 18:38:02] [Eval] Report @step: 13.00 {
    "test__rsum": 345.1428571428571,
    "test__medr": 8.0,
    "test__meanr": 11.022857142857143,
    "test__n_fold_i2t_recall_1": 26.285714285714285,
    "test__n_fold_i2t_recall_5": 75.42857142857143,
    "test__n_fold_i2t_recall_10": 89.14285714285714,
    "test__n_fold_i2t_rsum": 190.85714285714286,
    "test__n_fold_i2t_medr": 3.0,
    "test__n_fold_i2t_meanr": 4.257142857142857,
    "test__n_fold_t2i_recall_1": 18.857142857142858,
    "test__n_fold_t2i_recall_5": 52.57142857142857,
    "test__n_fold_t2i_recall_10": 82.85714285714286,
    "test__n_fold_t2i_rsum": 154.28571428571428,
    "test__n_fold_t2i_medr": 5.0,
    "test__n_fold_t2i_meanr": 6.765714285714286,
    "test__i2t_recall_1": 26.285714285714285,
    "test__i2t_recall_5": 75.42857142857143,
    "test__i2t_recall_10": 89.14285714285714,
    "test__i2t_rsum": 190.85714285714286,
    "test__i2t_medr": 3.0,
    "test__i2t_meanr": 4.257142857142857,
    "test__t2i_recall_1": 18.857142857142858,
    "test__t2i_recall_5": 52.57142857142857,
    "test__t2i_recall_10": 82.85714285714286,
    "test__t2i_rsum": 154.28571428571428,
    "test__t2i_medr": 5.0,
    "test__t2i_meanr": 6.765714285714286
}
[2026-03-19 18:38:03] [Eval] Report @step: 13.00 {
    "test__rsum": 437.0967741935484,
    "test__medr": 4.0,
    "test__meanr": 7.129032258064516,
    "test__n_fold_i2t_recall_1": 56.45161290322581,
    "test__n_fold_i2t_recall_5": 87.09677419354838,
    "test__n_fold_i2t_recall_10": 98.38709677419355,
    "test__n_fold_i2t_rsum": 241.93548387096774,
    "test__n_fold_i2t_medr": 1.0,
    "test__n_fold_i2t_meanr": 2.5,
    "test__n_fold_t2i_recall_1": 20.967741935483872,
    "test__n_fold_t2i_recall_5": 80.64516129032258,
    "test__n_fold_t2i_recall_10": 93.54838709677419,
    "test__n_fold_t2i_rsum": 195.16129032258064,
    "test__n_fold_t2i_medr": 3.0,
    "test__n_fold_t2i_meanr": 4.629032258064516,
    "test__i2t_recall_1": 56.45161290322581,
    "test__i2t_recall_5": 87.09677419354838,
    "test__i2t_recall_10": 98.38709677419355,
    "test__i2t_rsum": 241.93548387096774,
    "test__i2t_medr": 1.0,
    "test__i2t_meanr": 2.5,
    "test__t2i_recall_1": 20.967741935483872,
    "test__t2i_recall_5": 80.64516129032258,
    "test__t2i_recall_10": 93.54838709677419,
    "test__t2i_rsum": 195.16129032258064,
    "test__t2i_medr": 3.0,
    "test__t2i_meanr": 4.629032258064516
}
[2026-03-19 18:38:39] [Eval] Report @step: 13.00 {
    "test__rsum": 408.6378737541528,
    "test__medr": 4.0,
    "test__meanr": 14.219269102990033,
    "test__n_fold_i2t_recall_1": 48.17275747508306,
    "test__n_fold_i2t_recall_5": 71.09634551495017,
    "test__n_fold_i2t_recall_10": 82.05980066445183,
    "test__n_fold_i2t_rsum": 201.32890365448506,
    "test__n_fold_i2t_medr": 2.0,
    "test__n_fold_i2t_meanr": 9.159468438538205,
    "test__n_fold_t2i_recall_1": 40.199335548172755,
    "test__n_fold_t2i_recall_5": 78.40531561461793,
    "test__n_fold_t2i_recall_10": 88.70431893687707,
    "test__n_fold_t2i_rsum": 207.30897009966776,
    "test__n_fold_t2i_medr": 2.0,
    "test__n_fold_t2i_meanr": 5.059800664451827,
    "test__i2t_recall_1": 48.17275747508306,
    "test__i2t_recall_5": 71.09634551495017,
    "test__i2t_recall_10": 82.05980066445183,
    "test__i2t_rsum": 201.32890365448506,
    "test__i2t_medr": 2.0,
    "test__i2t_meanr": 9.159468438538205,
    "test__t2i_recall_1": 40.199335548172755,
    "test__t2i_recall_5": 78.40531561461793,
    "test__t2i_recall_10": 88.70431893687707,
    "test__t2i_rsum": 207.30897009966776,
    "test__t2i_medr": 2.0,
    "test__t2i_meanr": 5.059800664451827
}
[2026-03-19 18:39:17] [Eval] Report @step: 13.00 {
    "test__rsum": 386.70694864048335,
    "test__medr": 4.0,
    "test__meanr": 12.933534743202417,
    "test__n_fold_i2t_recall_1": 33.53474320241692,
    "test__n_fold_i2t_recall_5": 67.37160120845921,
    "test__n_fold_i2t_recall_10": 79.75830815709969,
    "test__n_fold_i2t_rsum": 180.66465256797582,
    "test__n_fold_i2t_medr": 2.0,
    "test__n_fold_i2t_meanr": 5.75226586102719,
    "test__n_fold_t2i_recall_1": 44.10876132930514,
    "test__n_fold_t2i_recall_5": 74.62235649546828,
    "test__n_fold_t2i_recall_10": 87.31117824773413,
    "test__n_fold_t2i_rsum": 206.04229607250755,
    "test__n_fold_t2i_medr": 2.0,
    "test__n_fold_t2i_meanr": 7.181268882175226,
    "test__i2t_recall_1": 33.53474320241692,
    "test__i2t_recall_5": 67.37160120845921,
    "test__i2t_recall_10": 79.75830815709969,
    "test__i2t_rsum": 180.66465256797582,
    "test__i2t_medr": 2.0,
    "test__i2t_meanr": 5.75226586102719,
    "test__t2i_recall_1": 44.10876132930514,
    "test__t2i_recall_5": 74.62235649546828,
    "test__t2i_recall_10": 87.31117824773413,
    "test__t2i_rsum": 206.04229607250755,
    "test__t2i_medr": 2.0,
    "test__t2i_meanr": 7.181268882175226
}
[2026-03-19 18:45:21] [Eval] Report @step: 13.00 {
    "test__rsum": 398.09417040358744,
    "test__medr": 4.0,
    "test__meanr": 11.225336322869955,
    "test__n_fold_i2t_recall_1": 26.457399103139014,
    "test__n_fold_i2t_recall_5": 84.97757847533633,
    "test__n_fold_i2t_recall_10": 91.81614349775785,
    "test__n_fold_i2t_rsum": 203.25112107623318,
    "test__n_fold_i2t_medr": 2.0,
    "test__n_fold_i2t_meanr": 4.458520179372197,
    "test__n_fold_t2i_recall_1": 41.591928251121075,
    "test__n_fold_t2i_recall_5": 71.63677130044843,
    "test__n_fold_t2i_recall_10": 81.61434977578476,
    "test__n_fold_t2i_rsum": 194.84304932735427,
    "test__n_fold_t2i_medr": 2.0,
    "test__n_fold_t2i_meanr": 6.766816143497758,
    "test__i2t_recall_1": 26.457399103139014,
    "test__i2t_recall_5": 84.97757847533633,
    "test__i2t_recall_10": 91.81614349775785,
    "test__i2t_rsum": 203.25112107623318,
    "test__i2t_medr": 2.0,
    "test__i2t_meanr": 4.458520179372197,
    "test__t2i_recall_1": 41.591928251121075,
    "test__t2i_recall_5": 71.63677130044843,
    "test__t2i_recall_10": 81.61434977578476,
    "test__t2i_rsum": 194.84304932735427,
    "test__t2i_medr": 2.0,
    "test__t2i_meanr": 6.766816143497758
}
[2026-03-19 18:45:31] [Eval] Report @step: 13.00 {
    "test__rsum": 345.1428571428571,
    "test__medr": 8.0,
    "test__meanr": 11.022857142857143,
    "test__n_fold_i2t_recall_1": 26.285714285714285,
    "test__n_fold_i2t_recall_5": 75.42857142857143,
    "test__n_fold_i2t_recall_10": 89.14285714285714,
    "test__n_fold_i2t_rsum": 190.85714285714286,
    "test__n_fold_i2t_medr": 3.0,
    "test__n_fold_i2t_meanr": 4.257142857142857,
    "test__n_fold_t2i_recall_1": 18.857142857142858,
    "test__n_fold_t2i_recall_5": 52.57142857142857,
    "test__n_fold_t2i_recall_10": 82.85714285714286,
    "test__n_fold_t2i_rsum": 154.28571428571428,
    "test__n_fold_t2i_medr": 5.0,
    "test__n_fold_t2i_meanr": 6.765714285714286,
    "test__i2t_recall_1": 26.285714285714285,
    "test__i2t_recall_5": 75.42857142857143,
    "test__i2t_recall_10": 89.14285714285714,
    "test__i2t_rsum": 190.85714285714286,
    "test__i2t_medr": 3.0,
    "test__i2t_meanr": 4.257142857142857,
    "test__t2i_recall_1": 18.857142857142858,
    "test__t2i_recall_5": 52.57142857142857,
    "test__t2i_recall_10": 82.85714285714286,
    "test__t2i_rsum": 154.28571428571428,
    "test__t2i_medr": 5.0,
    "test__t2i_meanr": 6.765714285714286
}
[2026-03-19 18:45:35] [Eval] Report @step: 13.00 {
    "test__rsum": 437.0967741935484,
    "test__medr": 4.0,
    "test__meanr": 7.129032258064516,
    "test__n_fold_i2t_recall_1": 56.45161290322581,
    "test__n_fold_i2t_recall_5": 87.09677419354838,
    "test__n_fold_i2t_recall_10": 98.38709677419355,
    "test__n_fold_i2t_rsum": 241.93548387096774,
    "test__n_fold_i2t_medr": 1.0,
    "test__n_fold_i2t_meanr": 2.5,
    "test__n_fold_t2i_recall_1": 20.967741935483872,
    "test__n_fold_t2i_recall_5": 80.64516129032258,
    "test__n_fold_t2i_recall_10": 93.54838709677419,
    "test__n_fold_t2i_rsum": 195.16129032258064,
    "test__n_fold_t2i_medr": 3.0,
    "test__n_fold_t2i_meanr": 4.629032258064516,
    "test__i2t_recall_1": 56.45161290322581,
    "test__i2t_recall_5": 87.09677419354838,
    "test__i2t_recall_10": 98.38709677419355,
    "test__i2t_rsum": 241.93548387096774,
    "test__i2t_medr": 1.0,
    "test__i2t_meanr": 2.5,
    "test__t2i_recall_1": 20.967741935483872,
    "test__t2i_recall_5": 80.64516129032258,
    "test__t2i_recall_10": 93.54838709677419,
    "test__t2i_rsum": 195.16129032258064,
    "test__t2i_medr": 3.0,
    "test__t2i_meanr": 4.629032258064516
}
[2026-03-19 18:46:12] [Eval] Report @step: 13.00 {
    "test__rsum": 380.3986710963455,
    "test__medr": 6.0,
    "test__meanr": 17.48172757475083,
    "test__n_fold_i2t_recall_1": 26.578073089700997,
    "test__n_fold_i2t_recall_5": 80.06644518272425,
    "test__n_fold_i2t_recall_10": 84.71760797342192,
    "test__n_fold_i2t_rsum": 191.36212624584715,
    "test__n_fold_i2t_medr": 3.0,
    "test__n_fold_i2t_meanr": 12.305647840531561,
    "test__n_fold_t2i_recall_1": 42.19269102990033,
    "test__n_fold_t2i_recall_5": 63.12292358803987,
    "test__n_fold_t2i_recall_10": 83.72093023255815,
    "test__n_fold_t2i_rsum": 189.03654485049833,
    "test__n_fold_t2i_medr": 3.0,
    "test__n_fold_t2i_meanr": 5.176079734219269,
    "test__i2t_recall_1": 26.578073089700997,
    "test__i2t_recall_5": 80.06644518272425,
    "test__i2t_recall_10": 84.71760797342192,
    "test__i2t_rsum": 191.36212624584715,
    "test__i2t_medr": 3.0,
    "test__i2t_meanr": 12.305647840531561,
    "test__t2i_recall_1": 42.19269102990033,
    "test__t2i_recall_5": 63.12292358803987,
    "test__t2i_recall_10": 83.72093023255815,
    "test__t2i_rsum": 189.03654485049833,
    "test__t2i_medr": 3.0,
    "test__t2i_meanr": 5.176079734219269
}
[2026-03-19 18:46:53] [Eval] Report @step: 13.00 {
    "test__rsum": 358.0060422960725,
    "test__medr": 5.0,
    "test__meanr": 12.851963746223564,
    "test__n_fold_i2t_recall_1": 26.88821752265861,
    "test__n_fold_i2t_recall_5": 72.50755287009063,
    "test__n_fold_i2t_recall_10": 91.23867069486406,
    "test__n_fold_i2t_rsum": 190.6344410876133,
    "test__n_fold_i2t_medr": 3.0,
    "test__n_fold_i2t_meanr": 4.773413897280967,
    "test__n_fold_t2i_recall_1": 29.003021148036254,
    "test__n_fold_t2i_recall_5": 65.55891238670695,
    "test__n_fold_t2i_recall_10": 72.809667673716,
    "test__n_fold_t2i_rsum": 167.3716012084592,
    "test__n_fold_t2i_medr": 2.0,
    "test__n_fold_t2i_meanr": 8.078549848942597,
    "test__i2t_recall_1": 26.88821752265861,
    "test__i2t_recall_5": 72.50755287009063,
    "test__i2t_recall_10": 91.23867069486406,
    "test__i2t_rsum": 190.6344410876133,
    "test__i2t_medr": 3.0,
    "test__i2t_meanr": 4.773413897280967,
    "test__t2i_recall_1": 29.003021148036254,
    "test__t2i_recall_5": 65.55891238670695,
    "test__t2i_recall_10": 72.809667673716,
    "test__t2i_rsum": 167.3716012084592,
    "test__t2i_medr": 2.0,
    "test__t2i_meanr": 8.078549848942597
}
[2026-03-19 18:53:13] [Eval] Report @step: 13.00 {
    "test__rsum": 427.57847533632287,
    "test__medr": 3.0,
    "test__meanr": 8.958520179372197,
    "test__n_fold_i2t_recall_1": 21.524663677130047,
    "test__n_fold_i2t_recall_5": 90.24663677130044,
    "test__n_fold_i2t_recall_10": 96.52466367713005,
    "test__n_fold_i2t_rsum": 208.29596412556054,
    "test__n_fold_i2t_medr": 2.0,
    "test__n_fold_i2t_meanr": 3.163677130044843,
    "test__n_fold_t2i_recall_1": 53.25112107623318,
    "test__n_fold_t2i_recall_5": 79.93273542600897,
    "test__n_fold_t2i_recall_10": 86.09865470852019,
    "test__n_fold_t2i_rsum": 219.28251121076232,
    "test__n_fold_t2i_medr": 1.0,
    "test__n_fold_t2i_meanr": 5.794843049327354,
    "test__i2t_recall_1": 21.524663677130047,
    "test__i2t_recall_5": 90.24663677130044,
    "test__i2t_recall_10": 96.52466367713005,
    "test__i2t_rsum": 208.29596412556054,
    "test__i2t_medr": 2.0,
    "test__i2t_meanr": 3.163677130044843,
    "test__t2i_recall_1": 53.25112107623318,
    "test__t2i_recall_5": 79.93273542600897,
    "test__t2i_recall_10": 86.09865470852019,
    "test__t2i_rsum": 219.28251121076232,
    "test__t2i_medr": 1.0,
    "test__t2i_meanr": 5.794843049327354
}
[2026-03-19 18:53:22] [Eval] Report @step: 13.00 {
    "test__rsum": 256.0,
    "test__medr": 14.0,
    "test__meanr": 20.02857142857143,
    "test__n_fold_i2t_recall_1": 20.0,
    "test__n_fold_i2t_recall_5": 46.285714285714285,
    "test__n_fold_i2t_recall_10": 56.57142857142857,
    "test__n_fold_i2t_rsum": 122.85714285714285,
    "test__n_fold_i2t_medr": 7.0,
    "test__n_fold_i2t_meanr": 11.211428571428572,
    "test__n_fold_t2i_recall_1": 22.285714285714285,
    "test__n_fold_t2i_recall_5": 33.714285714285715,
    "test__n_fold_t2i_recall_10": 77.14285714285714,
    "test__n_fold_t2i_rsum": 133.14285714285714,
    "test__n_fold_t2i_medr": 7.0,
    "test__n_fold_t2i_meanr": 8.817142857142857,
    "test__i2t_recall_1": 20.0,
    "test__i2t_recall_5": 46.285714285714285,
    "test__i2t_recall_10": 56.57142857142857,
    "test__i2t_rsum": 122.85714285714285,
    "test__i2t_medr": 7.0,
    "test__i2t_meanr": 11.211428571428572,
    "test__t2i_recall_1": 22.285714285714285,
    "test__t2i_recall_5": 33.714285714285715,
    "test__t2i_recall_10": 77.14285714285714,
    "test__t2i_rsum": 133.14285714285714,
    "test__t2i_medr": 7.0,
    "test__t2i_meanr": 8.817142857142857
}
[2026-03-19 18:53:26] [Eval] Report @step: 13.00 {
    "test__rsum": 375.80645161290323,
    "test__medr": 3.0,
    "test__meanr": 10.06451612903226,
    "test__n_fold_i2t_recall_1": 56.45161290322581,
    "test__n_fold_i2t_recall_5": 56.45161290322581,
    "test__n_fold_i2t_recall_10": 83.87096774193549,
    "test__n_fold_i2t_rsum": 196.7741935483871,
    "test__n_fold_i2t_medr": 1.0,
    "test__n_fold_i2t_meanr": 5.774193548387097,
    "test__n_fold_t2i_recall_1": 9.67741935483871,
    "test__n_fold_t2i_recall_5": 82.25806451612904,
    "test__n_fold_t2i_recall_10": 87.09677419354838,
    "test__n_fold_t2i_rsum": 179.03225806451613,
    "test__n_fold_t2i_medr": 2.0,
    "test__n_fold_t2i_meanr": 4.290322580645162,
    "test__i2t_recall_1": 56.45161290322581,
    "test__i2t_recall_5": 56.45161290322581,
    "test__i2t_recall_10": 83.87096774193549,
    "test__i2t_rsum": 196.7741935483871,
    "test__i2t_medr": 1.0,
    "test__i2t_meanr": 5.774193548387097,
    "test__t2i_recall_1": 9.67741935483871,
    "test__t2i_recall_5": 82.25806451612904,
    "test__t2i_recall_10": 87.09677419354838,
    "test__t2i_rsum": 179.03225806451613,
    "test__t2i_medr": 2.0,
    "test__t2i_meanr": 4.290322580645162
}
[2026-03-19 18:53:59] [Eval] Report @step: 13.00 {
    "test__rsum": 380.3986710963455,
    "test__medr": 6.0,
    "test__meanr": 17.48172757475083,
    "test__n_fold_i2t_recall_1": 26.578073089700997,
    "test__n_fold_i2t_recall_5": 80.06644518272425,
    "test__n_fold_i2t_recall_10": 84.71760797342192,
    "test__n_fold_i2t_rsum": 191.36212624584715,
    "test__n_fold_i2t_medr": 3.0,
    "test__n_fold_i2t_meanr": 12.305647840531561,
    "test__n_fold_t2i_recall_1": 42.19269102990033,
    "test__n_fold_t2i_recall_5": 63.12292358803987,
    "test__n_fold_t2i_recall_10": 83.72093023255815,
    "test__n_fold_t2i_rsum": 189.03654485049833,
    "test__n_fold_t2i_medr": 3.0,
    "test__n_fold_t2i_meanr": 5.176079734219269,
    "test__i2t_recall_1": 26.578073089700997,
    "test__i2t_recall_5": 80.06644518272425,
    "test__i2t_recall_10": 84.71760797342192,
    "test__i2t_rsum": 191.36212624584715,
    "test__i2t_medr": 3.0,
    "test__i2t_meanr": 12.305647840531561,
    "test__t2i_recall_1": 42.19269102990033,
    "test__t2i_recall_5": 63.12292358803987,
    "test__t2i_recall_10": 83.72093023255815,
    "test__t2i_rsum": 189.03654485049833,
    "test__t2i_medr": 3.0,
    "test__t2i_meanr": 5.176079734219269
}
[2026-03-19 18:54:35] [Eval] Report @step: 13.00 {
    "test__rsum": 358.0060422960725,
    "test__medr": 5.0,
    "test__meanr": 12.851963746223564,
    "test__n_fold_i2t_recall_1": 26.88821752265861,
    "test__n_fold_i2t_recall_5": 72.50755287009063,
    "test__n_fold_i2t_recall_10": 91.23867069486406,
    "test__n_fold_i2t_rsum": 190.6344410876133,
    "test__n_fold_i2t_medr": 3.0,
    "test__n_fold_i2t_meanr": 4.773413897280967,
    "test__n_fold_t2i_recall_1": 29.003021148036254,
    "test__n_fold_t2i_recall_5": 65.55891238670695,
    "test__n_fold_t2i_recall_10": 72.809667673716,
    "test__n_fold_t2i_rsum": 167.3716012084592,
    "test__n_fold_t2i_medr": 2.0,
    "test__n_fold_t2i_meanr": 8.078549848942597,
    "test__i2t_recall_1": 26.88821752265861,
    "test__i2t_recall_5": 72.50755287009063,
    "test__i2t_recall_10": 91.23867069486406,
    "test__i2t_rsum": 190.6344410876133,
    "test__i2t_medr": 3.0,
    "test__i2t_meanr": 4.773413897280967,
    "test__t2i_recall_1": 29.003021148036254,
    "test__t2i_recall_5": 65.55891238670695,
    "test__t2i_recall_10": 72.809667673716,
    "test__t2i_rsum": 167.3716012084592,
    "test__t2i_medr": 2.0,
    "test__t2i_meanr": 8.078549848942597
}
[2026-03-19 19:00:43] [Eval] Report @step: 13.00 {
    "test__rsum": 427.57847533632287,
    "test__medr": 3.0,
    "test__meanr": 8.958520179372197,
    "test__n_fold_i2t_recall_1": 21.524663677130047,
    "test__n_fold_i2t_recall_5": 90.24663677130044,
    "test__n_fold_i2t_recall_10": 96.52466367713005,
    "test__n_fold_i2t_rsum": 208.29596412556054,
    "test__n_fold_i2t_medr": 2.0,
    "test__n_fold_i2t_meanr": 3.163677130044843,
    "test__n_fold_t2i_recall_1": 53.25112107623318,
    "test__n_fold_t2i_recall_5": 79.93273542600897,
    "test__n_fold_t2i_recall_10": 86.09865470852019,
    "test__n_fold_t2i_rsum": 219.28251121076232,
    "test__n_fold_t2i_medr": 1.0,
    "test__n_fold_t2i_meanr": 5.794843049327354,
    "test__i2t_recall_1": 21.524663677130047,
    "test__i2t_recall_5": 90.24663677130044,
    "test__i2t_recall_10": 96.52466367713005,
    "test__i2t_rsum": 208.29596412556054,
    "test__i2t_medr": 2.0,
    "test__i2t_meanr": 3.163677130044843,
    "test__t2i_recall_1": 53.25112107623318,
    "test__t2i_recall_5": 79.93273542600897,
    "test__t2i_recall_10": 86.09865470852019,
    "test__t2i_rsum": 219.28251121076232,
    "test__t2i_medr": 1.0,
    "test__t2i_meanr": 5.794843049327354
}
[2026-03-19 19:00:52] [Eval] Report @step: 13.00 {
    "test__rsum": 256.0,
    "test__medr": 14.0,
    "test__meanr": 20.02857142857143,
    "test__n_fold_i2t_recall_1": 20.0,
    "test__n_fold_i2t_recall_5": 46.285714285714285,
    "test__n_fold_i2t_recall_10": 56.57142857142857,
    "test__n_fold_i2t_rsum": 122.85714285714285,
    "test__n_fold_i2t_medr": 7.0,
    "test__n_fold_i2t_meanr": 11.211428571428572,
    "test__n_fold_t2i_recall_1": 22.285714285714285,
    "test__n_fold_t2i_recall_5": 33.714285714285715,
    "test__n_fold_t2i_recall_10": 77.14285714285714,
    "test__n_fold_t2i_rsum": 133.14285714285714,
    "test__n_fold_t2i_medr": 7.0,
    "test__n_fold_t2i_meanr": 8.817142857142857,
    "test__i2t_recall_1": 20.0,
    "test__i2t_recall_5": 46.285714285714285,
    "test__i2t_recall_10": 56.57142857142857,
    "test__i2t_rsum": 122.85714285714285,
    "test__i2t_medr": 7.0,
    "test__i2t_meanr": 11.211428571428572,
    "test__t2i_recall_1": 22.285714285714285,
    "test__t2i_recall_5": 33.714285714285715,
    "test__t2i_recall_10": 77.14285714285714,
    "test__t2i_rsum": 133.14285714285714,
    "test__t2i_medr": 7.0,
    "test__t2i_meanr": 8.817142857142857
}
[2026-03-19 19:00:55] [Eval] Report @step: 13.00 {
    "test__rsum": 375.80645161290323,
    "test__medr": 3.0,
    "test__meanr": 10.06451612903226,
    "test__n_fold_i2t_recall_1": 56.45161290322581,
    "test__n_fold_i2t_recall_5": 56.45161290322581,
    "test__n_fold_i2t_recall_10": 83.87096774193549,
    "test__n_fold_i2t_rsum": 196.7741935483871,
    "test__n_fold_i2t_medr": 1.0,
    "test__n_fold_i2t_meanr": 5.774193548387097,
    "test__n_fold_t2i_recall_1": 9.67741935483871,
    "test__n_fold_t2i_recall_5": 82.25806451612904,
    "test__n_fold_t2i_recall_10": 87.09677419354838,
    "test__n_fold_t2i_rsum": 179.03225806451613,
    "test__n_fold_t2i_medr": 2.0,
    "test__n_fold_t2i_meanr": 4.290322580645162,
    "test__i2t_recall_1": 56.45161290322581,
    "test__i2t_recall_5": 56.45161290322581,
    "test__i2t_recall_10": 83.87096774193549,
    "test__i2t_rsum": 196.7741935483871,
    "test__i2t_medr": 1.0,
    "test__i2t_meanr": 5.774193548387097,
    "test__t2i_recall_1": 9.67741935483871,
    "test__t2i_recall_5": 82.25806451612904,
    "test__t2i_recall_10": 87.09677419354838,
    "test__t2i_rsum": 179.03225806451613,
    "test__t2i_medr": 2.0,
    "test__t2i_meanr": 4.290322580645162
}
[2026-03-19 19:00:55] Round 14!
[2026-03-19 19:00:55] Harmony enters stage2 at round 14.
[2026-03-19 19:00:55] Training Client 10!
[2026-03-19 19:00:55] Epoch 14
[2026-03-19 19:00:56] Training Client 11!
[2026-03-19 19:00:56] Epoch 14
[2026-03-19 19:00:58] Training Client 12!
[2026-03-19 19:00:58] Epoch 14
[2026-03-19 19:00:59] Training Client 13!
[2026-03-19 19:00:59] Epoch 14
[2026-03-19 19:00:59] Skip local epoch for client 3: train loader has no full batch
[2026-03-19 19:00:59] Training Client 14!
[2026-03-19 19:00:59] Epoch 14
[2026-03-19 19:00:59] Skip local epoch for client 4: train loader has no full batch
[2026-03-19 19:01:00] Harmony stage2 clustering round 14: labels=[1, 0, 0, 1, 1], discrepancies=[[0.030732018873095512, 0.028972040861845016], [0.6754641532897949, 0.6588394045829773], [1.0, 1.0], [0.008252115920186043, 0.0076864599250257015], [0.008252115920186043, 0.0076864599250257015]]
[2026-03-19 19:01:00] TEST:  Epoch: [10] image	Prec@1 37.778 (41.196)	Prec@5 88.889 (88.704)
[2026-03-19 19:01:00] TEST:  Epoch: [10] image	Prec@1 16.000 (13.595)	Prec@5 78.667 (76.133)
[2026-03-19 19:01:01] TEST:  Epoch: [10] image	Prec@1 60.484 (53.251)	Prec@5 98.387 (98.767)
[2026-03-19 19:01:01] TEST:  Epoch: [10] image	Prec@1 20.000 (20.000)	Prec@5 89.714 (89.714)
[2026-03-19 19:01:01] TEST:  Epoch: [10] image	Prec@1 56.452 (56.452)	Prec@5 74.194 (74.194)
[2026-03-19 19:01:01] TEST:  Epoch: [10] text	Prec@1 0.000 (0.000)	Prec@5 11.111 (15.282)
[2026-03-19 19:01:01] TEST:  Epoch: [10] text	Prec@1 30.667 (32.931)	Prec@5 94.667 (93.656)
[2026-03-19 19:01:02] TEST:  Epoch: [10] text	Prec@1 60.484 (53.251)	Prec@5 98.387 (98.767)
[2026-03-19 19:01:02] TEST:  Epoch: [10] text	Prec@1 20.000 (20.000)	Prec@5 48.571 (48.571)
[2026-03-19 19:01:02] TEST:  Epoch: [10] text	Prec@1 0.000 (0.000)	Prec@5 0.000 (0.000)
[2026-03-19 19:01:34] [Eval] Report @step: 14.00 {
    "test__rsum": 385.0498338870432,
    "test__medr": 5.0,
    "test__meanr": 16.853820598006642,
    "test__n_fold_i2t_recall_1": 26.578073089700997,
    "test__n_fold_i2t_recall_5": 78.07308970099668,
    "test__n_fold_i2t_recall_10": 83.72093023255815,
    "test__n_fold_i2t_rsum": 188.37209302325581,
    "test__n_fold_i2t_medr": 2.0,
    "test__n_fold_i2t_meanr": 11.009966777408637,
    "test__n_fold_t2i_recall_1": 44.18604651162791,
    "test__n_fold_t2i_recall_5": 65.78073089700996,
    "test__n_fold_t2i_recall_10": 86.7109634551495,
    "test__n_fold_t2i_rsum": 196.67774086378736,
    "test__n_fold_t2i_medr": 3.0,
    "test__n_fold_t2i_meanr": 5.843853820598007,
    "test__i2t_recall_1": 26.578073089700997,
    "test__i2t_recall_5": 78.07308970099668,
    "test__i2t_recall_10": 83.72093023255815,
    "test__i2t_rsum": 188.37209302325581,
    "test__i2t_medr": 2.0,
    "test__i2t_meanr": 11.009966777408637,
    "test__t2i_recall_1": 44.18604651162791,
    "test__t2i_recall_5": 65.78073089700996,
    "test__t2i_recall_10": 86.7109634551495,
    "test__t2i_rsum": 196.67774086378736,
    "test__t2i_medr": 3.0,
    "test__t2i_meanr": 5.843853820598007
}
[2026-03-19 19:02:06] [Eval] Report @step: 14.00 {
    "test__rsum": 353.4743202416918,
    "test__medr": 5.0,
    "test__meanr": 12.86404833836858,
    "test__n_fold_i2t_recall_1": 26.88821752265861,
    "test__n_fold_i2t_recall_5": 67.37160120845921,
    "test__n_fold_i2t_recall_10": 88.82175226586102,
    "test__n_fold_i2t_rsum": 183.08157099697883,
    "test__n_fold_i2t_medr": 3.0,
    "test__n_fold_i2t_meanr": 5.280966767371601,
    "test__n_fold_t2i_recall_1": 31.419939577039276,
    "test__n_fold_t2i_recall_5": 64.95468277945619,
    "test__n_fold_t2i_recall_10": 74.01812688821752,
    "test__n_fold_t2i_rsum": 170.392749244713,
    "test__n_fold_t2i_medr": 2.0,
    "test__n_fold_t2i_meanr": 7.5830815709969785,
    "test__i2t_recall_1": 26.88821752265861,
    "test__i2t_recall_5": 67.37160120845921,
    "test__i2t_recall_10": 88.82175226586102,
    "test__i2t_rsum": 183.08157099697883,
    "test__i2t_medr": 3.0,
    "test__i2t_meanr": 5.280966767371601,
    "test__t2i_recall_1": 31.419939577039276,
    "test__t2i_recall_5": 64.95468277945619,
    "test__t2i_recall_10": 74.01812688821752,
    "test__t2i_rsum": 170.392749244713,
    "test__t2i_medr": 2.0,
    "test__t2i_meanr": 7.5830815709969785
}
[2026-03-19 19:08:16] [Eval] Report @step: 14.00 {
    "test__rsum": 426.45739910313904,
    "test__medr": 4.0,
    "test__meanr": 8.928251121076233,
    "test__n_fold_i2t_recall_1": 22.42152466367713,
    "test__n_fold_i2t_recall_5": 89.01345291479821,
    "test__n_fold_i2t_recall_10": 95.85201793721973,
    "test__n_fold_i2t_rsum": 207.28699551569508,
    "test__n_fold_i2t_medr": 3.0,
    "test__n_fold_i2t_meanr": 3.3430493273542603,
    "test__n_fold_t2i_recall_1": 53.25112107623318,
    "test__n_fold_t2i_recall_5": 79.7085201793722,
    "test__n_fold_t2i_recall_10": 86.21076233183857,
    "test__n_fold_t2i_rsum": 219.17040358744396,
    "test__n_fold_t2i_medr": 1.0,
    "test__n_fold_t2i_meanr": 5.585201793721973,
    "test__i2t_recall_1": 22.42152466367713,
    "test__i2t_recall_5": 89.01345291479821,
    "test__i2t_recall_10": 95.85201793721973,
    "test__i2t_rsum": 207.28699551569508,
    "test__i2t_medr": 3.0,
    "test__i2t_meanr": 3.3430493273542603,
    "test__t2i_recall_1": 53.25112107623318,
    "test__t2i_recall_5": 79.7085201793722,
    "test__t2i_recall_10": 86.21076233183857,
    "test__t2i_rsum": 219.17040358744396,
    "test__t2i_medr": 1.0,
    "test__t2i_meanr": 5.585201793721973
}
[2026-03-19 19:08:26] [Eval] Report @step: 14.00 {
    "test__rsum": 263.42857142857144,
    "test__medr": 14.0,
    "test__meanr": 18.04,
    "test__n_fold_i2t_recall_1": 19.428571428571427,
    "test__n_fold_i2t_recall_5": 49.714285714285715,
    "test__n_fold_i2t_recall_10": 58.857142857142854,
    "test__n_fold_i2t_rsum": 128.0,
    "test__n_fold_i2t_medr": 6.0,
    "test__n_fold_i2t_meanr": 10.691428571428572,
    "test__n_fold_t2i_recall_1": 20.0,
    "test__n_fold_t2i_recall_5": 33.714285714285715,
    "test__n_fold_t2i_recall_10": 81.71428571428571,
    "test__n_fold_t2i_rsum": 135.42857142857142,
    "test__n_fold_t2i_medr": 8.0,
    "test__n_fold_t2i_meanr": 7.348571428571429,
    "test__i2t_recall_1": 19.428571428571427,
    "test__i2t_recall_5": 49.714285714285715,
    "test__i2t_recall_10": 58.857142857142854,
    "test__i2t_rsum": 128.0,
    "test__i2t_medr": 6.0,
    "test__i2t_meanr": 10.691428571428572,
    "test__t2i_recall_1": 20.0,
    "test__t2i_recall_5": 33.714285714285715,
    "test__t2i_recall_10": 81.71428571428571,
    "test__t2i_rsum": 135.42857142857142,
    "test__t2i_medr": 8.0,
    "test__t2i_meanr": 7.348571428571429
}
[2026-03-19 19:08:28] [Eval] Report @step: 14.00 {
    "test__rsum": 396.7741935483871,
    "test__medr": 3.0,
    "test__meanr": 9.064516129032258,
    "test__n_fold_i2t_recall_1": 56.45161290322581,
    "test__n_fold_i2t_recall_5": 56.45161290322581,
    "test__n_fold_i2t_recall_10": 83.87096774193549,
    "test__n_fold_i2t_rsum": 196.7741935483871,
    "test__n_fold_i2t_medr": 1.0,
    "test__n_fold_i2t_meanr": 5.532258064516129,
    "test__n_fold_t2i_recall_1": 24.193548387096776,
    "test__n_fold_t2i_recall_5": 82.25806451612904,
    "test__n_fold_t2i_recall_10": 93.54838709677419,
    "test__n_fold_t2i_rsum": 200.0,
    "test__n_fold_t2i_medr": 2.0,
    "test__n_fold_t2i_meanr": 3.532258064516129,
    "test__i2t_recall_1": 56.45161290322581,
    "test__i2t_recall_5": 56.45161290322581,
    "test__i2t_recall_10": 83.87096774193549,
    "test__i2t_rsum": 196.7741935483871,
    "test__i2t_medr": 1.0,
    "test__i2t_meanr": 5.532258064516129,
    "test__t2i_recall_1": 24.193548387096776,
    "test__t2i_recall_5": 82.25806451612904,
    "test__t2i_recall_10": 93.54838709677419,
    "test__t2i_rsum": 200.0,
    "test__t2i_medr": 2.0,
    "test__t2i_meanr": 3.532258064516129
}
[2026-03-19 19:09:00] [Eval] Report @step: 14.00 {
    "test__rsum": 399.0033222591362,
    "test__medr": 3.0,
    "test__meanr": 14.687707641196013,
    "test__n_fold_i2t_recall_1": 46.84385382059801,
    "test__n_fold_i2t_recall_5": 70.09966777408638,
    "test__n_fold_i2t_recall_10": 77.40863787375416,
    "test__n_fold_i2t_rsum": 194.35215946843857,
    "test__n_fold_i2t_medr": 2.0,
    "test__n_fold_i2t_meanr": 7.920265780730897,
    "test__n_fold_t2i_recall_1": 50.16611295681063,
    "test__n_fold_t2i_recall_5": 71.76079734219269,
    "test__n_fold_t2i_recall_10": 82.72425249169436,
    "test__n_fold_t2i_rsum": 204.65116279069767,
    "test__n_fold_t2i_medr": 1.0,
    "test__n_fold_t2i_meanr": 6.767441860465116,
    "test__i2t_recall_1": 46.84385382059801,
    "test__i2t_recall_5": 70.09966777408638,
    "test__i2t_recall_10": 77.40863787375416,
    "test__i2t_rsum": 194.35215946843857,
    "test__i2t_medr": 2.0,
    "test__i2t_meanr": 7.920265780730897,
    "test__t2i_recall_1": 50.16611295681063,
    "test__t2i_recall_5": 71.76079734219269,
    "test__t2i_recall_10": 82.72425249169436,
    "test__t2i_rsum": 204.65116279069767,
    "test__t2i_medr": 1.0,
    "test__t2i_meanr": 6.767441860465116
}
[2026-03-19 19:09:39] [Eval] Report @step: 14.00 {
    "test__rsum": 370.69486404833833,
    "test__medr": 5.0,
    "test__meanr": 21.903323262839876,
    "test__n_fold_i2t_recall_1": 43.80664652567976,
    "test__n_fold_i2t_recall_5": 60.725075528700906,
    "test__n_fold_i2t_recall_10": 69.18429003021149,
    "test__n_fold_i2t_rsum": 173.71601208459214,
    "test__n_fold_i2t_medr": 3.0,
    "test__n_fold_i2t_meanr": 11.54380664652568,
    "test__n_fold_t2i_recall_1": 46.22356495468278,
    "test__n_fold_t2i_recall_5": 73.41389728096676,
    "test__n_fold_t2i_recall_10": 77.34138972809667,
    "test__n_fold_t2i_rsum": 196.9788519637462,
    "test__n_fold_t2i_medr": 2.0,
    "test__n_fold_t2i_meanr": 10.359516616314199,
    "test__i2t_recall_1": 43.80664652567976,
    "test__i2t_recall_5": 60.725075528700906,
    "test__i2t_recall_10": 69.18429003021149,
    "test__i2t_rsum": 173.71601208459214,
    "test__i2t_medr": 3.0,
    "test__i2t_meanr": 11.54380664652568,
    "test__t2i_recall_1": 46.22356495468278,
    "test__t2i_recall_5": 73.41389728096676,
    "test__t2i_recall_10": 77.34138972809667,
    "test__t2i_rsum": 196.9788519637462,
    "test__t2i_medr": 2.0,
    "test__t2i_meanr": 10.359516616314199
}
[2026-03-19 19:15:37] [Eval] Report @step: 14.00 {
    "test__rsum": 373.09417040358744,
    "test__medr": 3.0,
    "test__meanr": 17.181614349775785,
    "test__n_fold_i2t_recall_1": 51.12107623318386,
    "test__n_fold_i2t_recall_5": 66.92825112107623,
    "test__n_fold_i2t_recall_10": 76.23318385650224,
    "test__n_fold_i2t_rsum": 194.28251121076232,
    "test__n_fold_i2t_medr": 1.0,
    "test__n_fold_i2t_meanr": 7.229820627802691,
    "test__n_fold_t2i_recall_1": 37.219730941704036,
    "test__n_fold_t2i_recall_5": 66.03139013452915,
    "test__n_fold_t2i_recall_10": 75.56053811659193,
    "test__n_fold_t2i_rsum": 178.81165919282512,
    "test__n_fold_t2i_medr": 2.0,
    "test__n_fold_t2i_meanr": 9.951793721973095,
    "test__i2t_recall_1": 51.12107623318386,
    "test__i2t_recall_5": 66.92825112107623,
    "test__i2t_recall_10": 76.23318385650224,
    "test__i2t_rsum": 194.28251121076232,
    "test__i2t_medr": 1.0,
    "test__i2t_meanr": 7.229820627802691,
    "test__t2i_recall_1": 37.219730941704036,
    "test__t2i_recall_5": 66.03139013452915,
    "test__t2i_recall_10": 75.56053811659193,
    "test__t2i_rsum": 178.81165919282512,
    "test__t2i_medr": 2.0,
    "test__t2i_meanr": 9.951793721973095
}
[2026-03-19 19:15:48] [Eval] Report @step: 14.00 {
    "test__rsum": 374.2857142857143,
    "test__medr": 6.0,
    "test__meanr": 12.428571428571427,
    "test__n_fold_i2t_recall_1": 29.142857142857142,
    "test__n_fold_i2t_recall_5": 75.42857142857143,
    "test__n_fold_i2t_recall_10": 84.57142857142857,
    "test__n_fold_i2t_rsum": 189.14285714285714,
    "test__n_fold_i2t_medr": 3.0,
    "test__n_fold_i2t_meanr": 7.2057142857142855,
    "test__n_fold_t2i_recall_1": 33.142857142857146,
    "test__n_fold_t2i_recall_5": 68.0,
    "test__n_fold_t2i_recall_10": 84.0,
    "test__n_fold_t2i_rsum": 185.14285714285714,
    "test__n_fold_t2i_medr": 3.0,
    "test__n_fold_t2i_meanr": 5.222857142857142,
    "test__i2t_recall_1": 29.142857142857142,
    "test__i2t_recall_5": 75.42857142857143,
    "test__i2t_recall_10": 84.57142857142857,
    "test__i2t_rsum": 189.14285714285714,
    "test__i2t_medr": 3.0,
    "test__i2t_meanr": 7.2057142857142855,
    "test__t2i_recall_1": 33.142857142857146,
    "test__t2i_recall_5": 68.0,
    "test__t2i_recall_10": 84.0,
    "test__t2i_rsum": 185.14285714285714,
    "test__t2i_medr": 3.0,
    "test__t2i_meanr": 5.222857142857142
}
[2026-03-19 19:15:48] [Eval] Report @step: 14.00 {
    "test__rsum": 256.4516129032258,
    "test__medr": 20.0,
    "test__meanr": 16.91935483870968,
    "test__n_fold_i2t_recall_1": 27.419354838709676,
    "test__n_fold_i2t_recall_5": 37.096774193548384,
    "test__n_fold_i2t_recall_10": 93.54838709677419,
    "test__n_fold_i2t_rsum": 158.06451612903226,
    "test__n_fold_i2t_medr": 8.0,
    "test__n_fold_i2t_meanr": 7.5,
    "test__n_fold_t2i_recall_1": 20.967741935483872,
    "test__n_fold_t2i_recall_5": 38.70967741935484,
    "test__n_fold_t2i_recall_10": 38.70967741935484,
    "test__n_fold_t2i_rsum": 98.38709677419355,
    "test__n_fold_t2i_medr": 12.0,
    "test__n_fold_t2i_meanr": 9.419354838709678,
    "test__i2t_recall_1": 27.419354838709676,
    "test__i2t_recall_5": 37.096774193548384,
    "test__i2t_recall_10": 93.54838709677419,
    "test__i2t_rsum": 158.06451612903226,
    "test__i2t_medr": 8.0,
    "test__i2t_meanr": 7.5,
    "test__t2i_recall_1": 20.967741935483872,
    "test__t2i_recall_5": 38.70967741935484,
    "test__t2i_recall_10": 38.70967741935484,
    "test__t2i_rsum": 98.38709677419355,
    "test__t2i_medr": 12.0,
    "test__t2i_meanr": 9.419354838709678
}
[2026-03-19 19:16:23] [Eval] Report @step: 14.00 {
    "test__rsum": 399.0033222591362,
    "test__medr": 3.0,
    "test__meanr": 14.687707641196013,
    "test__n_fold_i2t_recall_1": 46.84385382059801,
    "test__n_fold_i2t_recall_5": 70.09966777408638,
    "test__n_fold_i2t_recall_10": 77.40863787375416,
    "test__n_fold_i2t_rsum": 194.35215946843857,
    "test__n_fold_i2t_medr": 2.0,
    "test__n_fold_i2t_meanr": 7.920265780730897,
    "test__n_fold_t2i_recall_1": 50.16611295681063,
    "test__n_fold_t2i_recall_5": 71.76079734219269,
    "test__n_fold_t2i_recall_10": 82.72425249169436,
    "test__n_fold_t2i_rsum": 204.65116279069767,
    "test__n_fold_t2i_medr": 1.0,
    "test__n_fold_t2i_meanr": 6.767441860465116,
    "test__i2t_recall_1": 46.84385382059801,
    "test__i2t_recall_5": 70.09966777408638,
    "test__i2t_recall_10": 77.40863787375416,
    "test__i2t_rsum": 194.35215946843857,
    "test__i2t_medr": 2.0,
    "test__i2t_meanr": 7.920265780730897,
    "test__t2i_recall_1": 50.16611295681063,
    "test__t2i_recall_5": 71.76079734219269,
    "test__t2i_recall_10": 82.72425249169436,
    "test__t2i_rsum": 204.65116279069767,
    "test__t2i_medr": 1.0,
    "test__t2i_meanr": 6.767441860465116
}
[2026-03-19 19:17:02] [Eval] Report @step: 14.00 {
    "test__rsum": 370.69486404833833,
    "test__medr": 5.0,
    "test__meanr": 21.903323262839876,
    "test__n_fold_i2t_recall_1": 43.80664652567976,
    "test__n_fold_i2t_recall_5": 60.725075528700906,
    "test__n_fold_i2t_recall_10": 69.18429003021149,
    "test__n_fold_i2t_rsum": 173.71601208459214,
    "test__n_fold_i2t_medr": 3.0,
    "test__n_fold_i2t_meanr": 11.54380664652568,
    "test__n_fold_t2i_recall_1": 46.22356495468278,
    "test__n_fold_t2i_recall_5": 73.41389728096676,
    "test__n_fold_t2i_recall_10": 77.34138972809667,
    "test__n_fold_t2i_rsum": 196.9788519637462,
    "test__n_fold_t2i_medr": 2.0,
    "test__n_fold_t2i_meanr": 10.359516616314199,
    "test__i2t_recall_1": 43.80664652567976,
    "test__i2t_recall_5": 60.725075528700906,
    "test__i2t_recall_10": 69.18429003021149,
    "test__i2t_rsum": 173.71601208459214,
    "test__i2t_medr": 3.0,
    "test__i2t_meanr": 11.54380664652568,
    "test__t2i_recall_1": 46.22356495468278,
    "test__t2i_recall_5": 73.41389728096676,
    "test__t2i_recall_10": 77.34138972809667,
    "test__t2i_rsum": 196.9788519637462,
    "test__t2i_medr": 2.0,
    "test__t2i_meanr": 10.359516616314199
}
[2026-03-19 19:23:02] [Eval] Report @step: 14.00 {
    "test__rsum": 373.09417040358744,
    "test__medr": 3.0,
    "test__meanr": 17.181614349775785,
    "test__n_fold_i2t_recall_1": 51.12107623318386,
    "test__n_fold_i2t_recall_5": 66.92825112107623,
    "test__n_fold_i2t_recall_10": 76.23318385650224,
    "test__n_fold_i2t_rsum": 194.28251121076232,
    "test__n_fold_i2t_medr": 1.0,
    "test__n_fold_i2t_meanr": 7.229820627802691,
    "test__n_fold_t2i_recall_1": 37.219730941704036,
    "test__n_fold_t2i_recall_5": 66.03139013452915,
    "test__n_fold_t2i_recall_10": 75.56053811659193,
    "test__n_fold_t2i_rsum": 178.81165919282512,
    "test__n_fold_t2i_medr": 2.0,
    "test__n_fold_t2i_meanr": 9.951793721973095,
    "test__i2t_recall_1": 51.12107623318386,
    "test__i2t_recall_5": 66.92825112107623,
    "test__i2t_recall_10": 76.23318385650224,
    "test__i2t_rsum": 194.28251121076232,
    "test__i2t_medr": 1.0,
    "test__i2t_meanr": 7.229820627802691,
    "test__t2i_recall_1": 37.219730941704036,
    "test__t2i_recall_5": 66.03139013452915,
    "test__t2i_recall_10": 75.56053811659193,
    "test__t2i_rsum": 178.81165919282512,
    "test__t2i_medr": 2.0,
    "test__t2i_meanr": 9.951793721973095
}
[2026-03-19 19:23:09] [Eval] Report @step: 14.00 {
    "test__rsum": 374.2857142857143,
    "test__medr": 6.0,
    "test__meanr": 12.428571428571427,
    "test__n_fold_i2t_recall_1": 29.142857142857142,
    "test__n_fold_i2t_recall_5": 75.42857142857143,
    "test__n_fold_i2t_recall_10": 84.57142857142857,
    "test__n_fold_i2t_rsum": 189.14285714285714,
    "test__n_fold_i2t_medr": 3.0,
    "test__n_fold_i2t_meanr": 7.2057142857142855,
    "test__n_fold_t2i_recall_1": 33.142857142857146,
    "test__n_fold_t2i_recall_5": 68.0,
    "test__n_fold_t2i_recall_10": 84.0,
    "test__n_fold_t2i_rsum": 185.14285714285714,
    "test__n_fold_t2i_medr": 3.0,
    "test__n_fold_t2i_meanr": 5.222857142857142,
    "test__i2t_recall_1": 29.142857142857142,
    "test__i2t_recall_5": 75.42857142857143,
    "test__i2t_recall_10": 84.57142857142857,
    "test__i2t_rsum": 189.14285714285714,
    "test__i2t_medr": 3.0,
    "test__i2t_meanr": 7.2057142857142855,
    "test__t2i_recall_1": 33.142857142857146,
    "test__t2i_recall_5": 68.0,
    "test__t2i_recall_10": 84.0,
    "test__t2i_rsum": 185.14285714285714,
    "test__t2i_medr": 3.0,
    "test__t2i_meanr": 5.222857142857142
}
[2026-03-19 19:23:13] [Eval] Report @step: 14.00 {
    "test__rsum": 256.4516129032258,
    "test__medr": 20.0,
    "test__meanr": 16.91935483870968,
    "test__n_fold_i2t_recall_1": 27.419354838709676,
    "test__n_fold_i2t_recall_5": 37.096774193548384,
    "test__n_fold_i2t_recall_10": 93.54838709677419,
    "test__n_fold_i2t_rsum": 158.06451612903226,
    "test__n_fold_i2t_medr": 8.0,
    "test__n_fold_i2t_meanr": 7.5,
    "test__n_fold_t2i_recall_1": 20.967741935483872,
    "test__n_fold_t2i_recall_5": 38.70967741935484,
    "test__n_fold_t2i_recall_10": 38.70967741935484,
    "test__n_fold_t2i_rsum": 98.38709677419355,
    "test__n_fold_t2i_medr": 12.0,
    "test__n_fold_t2i_meanr": 9.419354838709678,
    "test__i2t_recall_1": 27.419354838709676,
    "test__i2t_recall_5": 37.096774193548384,
    "test__i2t_recall_10": 93.54838709677419,
    "test__i2t_rsum": 158.06451612903226,
    "test__i2t_medr": 8.0,
    "test__i2t_meanr": 7.5,
    "test__t2i_recall_1": 20.967741935483872,
    "test__t2i_recall_5": 38.70967741935484,
    "test__t2i_recall_10": 38.70967741935484,
    "test__t2i_rsum": 98.38709677419355,
    "test__t2i_medr": 12.0,
    "test__t2i_meanr": 9.419354838709678
}
[2026-03-19 19:23:47] [Eval] Report @step: 14.00 {
    "test__rsum": 385.0498338870432,
    "test__medr": 5.0,
    "test__meanr": 16.853820598006642,
    "test__n_fold_i2t_recall_1": 26.578073089700997,
    "test__n_fold_i2t_recall_5": 78.07308970099668,
    "test__n_fold_i2t_recall_10": 83.72093023255815,
    "test__n_fold_i2t_rsum": 188.37209302325581,
    "test__n_fold_i2t_medr": 2.0,
    "test__n_fold_i2t_meanr": 11.009966777408637,
    "test__n_fold_t2i_recall_1": 44.18604651162791,
    "test__n_fold_t2i_recall_5": 65.78073089700996,
    "test__n_fold_t2i_recall_10": 86.7109634551495,
    "test__n_fold_t2i_rsum": 196.67774086378736,
    "test__n_fold_t2i_medr": 3.0,
    "test__n_fold_t2i_meanr": 5.843853820598007,
    "test__i2t_recall_1": 26.578073089700997,
    "test__i2t_recall_5": 78.07308970099668,
    "test__i2t_recall_10": 83.72093023255815,
    "test__i2t_rsum": 188.37209302325581,
    "test__i2t_medr": 2.0,
    "test__i2t_meanr": 11.009966777408637,
    "test__t2i_recall_1": 44.18604651162791,
    "test__t2i_recall_5": 65.78073089700996,
    "test__t2i_recall_10": 86.7109634551495,
    "test__t2i_rsum": 196.67774086378736,
    "test__t2i_medr": 3.0,
    "test__t2i_meanr": 5.843853820598007
}
[2026-03-19 19:24:23] [Eval] Report @step: 14.00 {
    "test__rsum": 353.4743202416918,
    "test__medr": 5.0,
    "test__meanr": 12.86404833836858,
    "test__n_fold_i2t_recall_1": 26.88821752265861,
    "test__n_fold_i2t_recall_5": 67.37160120845921,
    "test__n_fold_i2t_recall_10": 88.82175226586102,
    "test__n_fold_i2t_rsum": 183.08157099697883,
    "test__n_fold_i2t_medr": 3.0,
    "test__n_fold_i2t_meanr": 5.280966767371601,
    "test__n_fold_t2i_recall_1": 31.419939577039276,
    "test__n_fold_t2i_recall_5": 64.95468277945619,
    "test__n_fold_t2i_recall_10": 74.01812688821752,
    "test__n_fold_t2i_rsum": 170.392749244713,
    "test__n_fold_t2i_medr": 2.0,
    "test__n_fold_t2i_meanr": 7.5830815709969785,
    "test__i2t_recall_1": 26.88821752265861,
    "test__i2t_recall_5": 67.37160120845921,
    "test__i2t_recall_10": 88.82175226586102,
    "test__i2t_rsum": 183.08157099697883,
    "test__i2t_medr": 3.0,
    "test__i2t_meanr": 5.280966767371601,
    "test__t2i_recall_1": 31.419939577039276,
    "test__t2i_recall_5": 64.95468277945619,
    "test__t2i_recall_10": 74.01812688821752,
    "test__t2i_rsum": 170.392749244713,
    "test__t2i_medr": 2.0,
    "test__t2i_meanr": 7.5830815709969785
}
[2026-03-19 19:30:34] [Eval] Report @step: 14.00 {
    "test__rsum": 426.45739910313904,
    "test__medr": 4.0,
    "test__meanr": 8.928251121076233,
    "test__n_fold_i2t_recall_1": 22.42152466367713,
    "test__n_fold_i2t_recall_5": 89.01345291479821,
    "test__n_fold_i2t_recall_10": 95.85201793721973,
    "test__n_fold_i2t_rsum": 207.28699551569508,
    "test__n_fold_i2t_medr": 3.0,
    "test__n_fold_i2t_meanr": 3.3430493273542603,
    "test__n_fold_t2i_recall_1": 53.25112107623318,
    "test__n_fold_t2i_recall_5": 79.7085201793722,
    "test__n_fold_t2i_recall_10": 86.21076233183857,
    "test__n_fold_t2i_rsum": 219.17040358744396,
    "test__n_fold_t2i_medr": 1.0,
    "test__n_fold_t2i_meanr": 5.585201793721973,
    "test__i2t_recall_1": 22.42152466367713,
    "test__i2t_recall_5": 89.01345291479821,
    "test__i2t_recall_10": 95.85201793721973,
    "test__i2t_rsum": 207.28699551569508,
    "test__i2t_medr": 3.0,
    "test__i2t_meanr": 3.3430493273542603,
    "test__t2i_recall_1": 53.25112107623318,
    "test__t2i_recall_5": 79.7085201793722,
    "test__t2i_recall_10": 86.21076233183857,
    "test__t2i_rsum": 219.17040358744396,
    "test__t2i_medr": 1.0,
    "test__t2i_meanr": 5.585201793721973
}
[2026-03-19 19:30:44] [Eval] Report @step: 14.00 {
    "test__rsum": 263.42857142857144,
    "test__medr": 14.0,
    "test__meanr": 18.04,
    "test__n_fold_i2t_recall_1": 19.428571428571427,
    "test__n_fold_i2t_recall_5": 49.714285714285715,
    "test__n_fold_i2t_recall_10": 58.857142857142854,
    "test__n_fold_i2t_rsum": 128.0,
    "test__n_fold_i2t_medr": 6.0,
    "test__n_fold_i2t_meanr": 10.691428571428572,
    "test__n_fold_t2i_recall_1": 20.0,
    "test__n_fold_t2i_recall_5": 33.714285714285715,
    "test__n_fold_t2i_recall_10": 81.71428571428571,
    "test__n_fold_t2i_rsum": 135.42857142857142,
    "test__n_fold_t2i_medr": 8.0,
    "test__n_fold_t2i_meanr": 7.348571428571429,
    "test__i2t_recall_1": 19.428571428571427,
    "test__i2t_recall_5": 49.714285714285715,
    "test__i2t_recall_10": 58.857142857142854,
    "test__i2t_rsum": 128.0,
    "test__i2t_medr": 6.0,
    "test__i2t_meanr": 10.691428571428572,
    "test__t2i_recall_1": 20.0,
    "test__t2i_recall_5": 33.714285714285715,
    "test__t2i_recall_10": 81.71428571428571,
    "test__t2i_rsum": 135.42857142857142,
    "test__t2i_medr": 8.0,
    "test__t2i_meanr": 7.348571428571429
}
[2026-03-19 19:30:47] [Eval] Report @step: 14.00 {
    "test__rsum": 396.7741935483871,
    "test__medr": 3.0,
    "test__meanr": 9.064516129032258,
    "test__n_fold_i2t_recall_1": 56.45161290322581,
    "test__n_fold_i2t_recall_5": 56.45161290322581,
    "test__n_fold_i2t_recall_10": 83.87096774193549,
    "test__n_fold_i2t_rsum": 196.7741935483871,
    "test__n_fold_i2t_medr": 1.0,
    "test__n_fold_i2t_meanr": 5.532258064516129,
    "test__n_fold_t2i_recall_1": 24.193548387096776,
    "test__n_fold_t2i_recall_5": 82.25806451612904,
    "test__n_fold_t2i_recall_10": 93.54838709677419,
    "test__n_fold_t2i_rsum": 200.0,
    "test__n_fold_t2i_medr": 2.0,
    "test__n_fold_t2i_meanr": 3.532258064516129,
    "test__i2t_recall_1": 56.45161290322581,
    "test__i2t_recall_5": 56.45161290322581,
    "test__i2t_recall_10": 83.87096774193549,
    "test__i2t_rsum": 196.7741935483871,
    "test__i2t_medr": 1.0,
    "test__i2t_meanr": 5.532258064516129,
    "test__t2i_recall_1": 24.193548387096776,
    "test__t2i_recall_5": 82.25806451612904,
    "test__t2i_recall_10": 93.54838709677419,
    "test__t2i_rsum": 200.0,
    "test__t2i_medr": 2.0,
    "test__t2i_meanr": 3.532258064516129
}
[2026-03-19 19:31:22] [Eval] Report @step: 14.00 {
    "test__rsum": 385.0498338870432,
    "test__medr": 5.0,
    "test__meanr": 16.853820598006642,
    "test__n_fold_i2t_recall_1": 26.578073089700997,
    "test__n_fold_i2t_recall_5": 78.07308970099668,
    "test__n_fold_i2t_recall_10": 83.72093023255815,
    "test__n_fold_i2t_rsum": 188.37209302325581,
    "test__n_fold_i2t_medr": 2.0,
    "test__n_fold_i2t_meanr": 11.009966777408637,
    "test__n_fold_t2i_recall_1": 44.18604651162791,
    "test__n_fold_t2i_recall_5": 65.78073089700996,
    "test__n_fold_t2i_recall_10": 86.7109634551495,
    "test__n_fold_t2i_rsum": 196.67774086378736,
    "test__n_fold_t2i_medr": 3.0,
    "test__n_fold_t2i_meanr": 5.843853820598007,
    "test__i2t_recall_1": 26.578073089700997,
    "test__i2t_recall_5": 78.07308970099668,
    "test__i2t_recall_10": 83.72093023255815,
    "test__i2t_rsum": 188.37209302325581,
    "test__i2t_medr": 2.0,
    "test__i2t_meanr": 11.009966777408637,
    "test__t2i_recall_1": 44.18604651162791,
    "test__t2i_recall_5": 65.78073089700996,
    "test__t2i_recall_10": 86.7109634551495,
    "test__t2i_rsum": 196.67774086378736,
    "test__t2i_medr": 3.0,
    "test__t2i_meanr": 5.843853820598007
}
[2026-03-19 19:31:59] [Eval] Report @step: 14.00 {
    "test__rsum": 353.4743202416918,
    "test__medr": 5.0,
    "test__meanr": 12.86404833836858,
    "test__n_fold_i2t_recall_1": 26.88821752265861,
    "test__n_fold_i2t_recall_5": 67.37160120845921,
    "test__n_fold_i2t_recall_10": 88.82175226586102,
    "test__n_fold_i2t_rsum": 183.08157099697883,
    "test__n_fold_i2t_medr": 3.0,
    "test__n_fold_i2t_meanr": 5.280966767371601,
    "test__n_fold_t2i_recall_1": 31.419939577039276,
    "test__n_fold_t2i_recall_5": 64.95468277945619,
    "test__n_fold_t2i_recall_10": 74.01812688821752,
    "test__n_fold_t2i_rsum": 170.392749244713,
    "test__n_fold_t2i_medr": 2.0,
    "test__n_fold_t2i_meanr": 7.5830815709969785,
    "test__i2t_recall_1": 26.88821752265861,
    "test__i2t_recall_5": 67.37160120845921,
    "test__i2t_recall_10": 88.82175226586102,
    "test__i2t_rsum": 183.08157099697883,
    "test__i2t_medr": 3.0,
    "test__i2t_meanr": 5.280966767371601,
    "test__t2i_recall_1": 31.419939577039276,
    "test__t2i_recall_5": 64.95468277945619,
    "test__t2i_recall_10": 74.01812688821752,
    "test__t2i_rsum": 170.392749244713,
    "test__t2i_medr": 2.0,
    "test__t2i_meanr": 7.5830815709969785
}
[2026-03-19 19:37:53] [Eval] Report @step: 14.00 {
    "test__rsum": 426.45739910313904,
    "test__medr": 4.0,
    "test__meanr": 8.928251121076233,
    "test__n_fold_i2t_recall_1": 22.42152466367713,
    "test__n_fold_i2t_recall_5": 89.01345291479821,
    "test__n_fold_i2t_recall_10": 95.85201793721973,
    "test__n_fold_i2t_rsum": 207.28699551569508,
    "test__n_fold_i2t_medr": 3.0,
    "test__n_fold_i2t_meanr": 3.3430493273542603,
    "test__n_fold_t2i_recall_1": 53.25112107623318,
    "test__n_fold_t2i_recall_5": 79.7085201793722,
    "test__n_fold_t2i_recall_10": 86.21076233183857,
    "test__n_fold_t2i_rsum": 219.17040358744396,
    "test__n_fold_t2i_medr": 1.0,
    "test__n_fold_t2i_meanr": 5.585201793721973,
    "test__i2t_recall_1": 22.42152466367713,
    "test__i2t_recall_5": 89.01345291479821,
    "test__i2t_recall_10": 95.85201793721973,
    "test__i2t_rsum": 207.28699551569508,
    "test__i2t_medr": 3.0,
    "test__i2t_meanr": 3.3430493273542603,
    "test__t2i_recall_1": 53.25112107623318,
    "test__t2i_recall_5": 79.7085201793722,
    "test__t2i_recall_10": 86.21076233183857,
    "test__t2i_rsum": 219.17040358744396,
    "test__t2i_medr": 1.0,
    "test__t2i_meanr": 5.585201793721973
}
[2026-03-19 19:38:01] [Eval] Report @step: 14.00 {
    "test__rsum": 263.42857142857144,
    "test__medr": 14.0,
    "test__meanr": 18.04,
    "test__n_fold_i2t_recall_1": 19.428571428571427,
    "test__n_fold_i2t_recall_5": 49.714285714285715,
    "test__n_fold_i2t_recall_10": 58.857142857142854,
    "test__n_fold_i2t_rsum": 128.0,
    "test__n_fold_i2t_medr": 6.0,
    "test__n_fold_i2t_meanr": 10.691428571428572,
    "test__n_fold_t2i_recall_1": 20.0,
    "test__n_fold_t2i_recall_5": 33.714285714285715,
    "test__n_fold_t2i_recall_10": 81.71428571428571,
    "test__n_fold_t2i_rsum": 135.42857142857142,
    "test__n_fold_t2i_medr": 8.0,
    "test__n_fold_t2i_meanr": 7.348571428571429,
    "test__i2t_recall_1": 19.428571428571427,
    "test__i2t_recall_5": 49.714285714285715,
    "test__i2t_recall_10": 58.857142857142854,
    "test__i2t_rsum": 128.0,
    "test__i2t_medr": 6.0,
    "test__i2t_meanr": 10.691428571428572,
    "test__t2i_recall_1": 20.0,
    "test__t2i_recall_5": 33.714285714285715,
    "test__t2i_recall_10": 81.71428571428571,
    "test__t2i_rsum": 135.42857142857142,
    "test__t2i_medr": 8.0,
    "test__t2i_meanr": 7.348571428571429
}
[2026-03-19 19:38:04] [Eval] Report @step: 14.00 {
    "test__rsum": 396.7741935483871,
    "test__medr": 3.0,
    "test__meanr": 9.064516129032258,
    "test__n_fold_i2t_recall_1": 56.45161290322581,
    "test__n_fold_i2t_recall_5": 56.45161290322581,
    "test__n_fold_i2t_recall_10": 83.87096774193549,
    "test__n_fold_i2t_rsum": 196.7741935483871,
    "test__n_fold_i2t_medr": 1.0,
    "test__n_fold_i2t_meanr": 5.532258064516129,
    "test__n_fold_t2i_recall_1": 24.193548387096776,
    "test__n_fold_t2i_recall_5": 82.25806451612904,
    "test__n_fold_t2i_recall_10": 93.54838709677419,
    "test__n_fold_t2i_rsum": 200.0,
    "test__n_fold_t2i_medr": 2.0,
    "test__n_fold_t2i_meanr": 3.532258064516129,
    "test__i2t_recall_1": 56.45161290322581,
    "test__i2t_recall_5": 56.45161290322581,
    "test__i2t_recall_10": 83.87096774193549,
    "test__i2t_rsum": 196.7741935483871,
    "test__i2t_medr": 1.0,
    "test__i2t_meanr": 5.532258064516129,
    "test__t2i_recall_1": 24.193548387096776,
    "test__t2i_recall_5": 82.25806451612904,
    "test__t2i_recall_10": 93.54838709677419,
    "test__t2i_rsum": 200.0,
    "test__t2i_medr": 2.0,
    "test__t2i_meanr": 3.532258064516129
}
[2026-03-19 19:38:04] Round 15!
[2026-03-19 19:38:04] Harmony enters stage2 at round 15.
[2026-03-19 19:38:04] Training Client 10!
[2026-03-19 19:38:04] Epoch 15
[2026-03-19 19:38:05] Training Client 11!
[2026-03-19 19:38:05] Epoch 15
[2026-03-19 19:38:06] Training Client 12!
[2026-03-19 19:38:06] Epoch 15
[2026-03-19 19:38:08] Training Client 13!
[2026-03-19 19:38:08] Epoch 15
[2026-03-19 19:38:08] Skip local epoch for client 3: train loader has no full batch
[2026-03-19 19:38:08] Training Client 14!
[2026-03-19 19:38:08] Epoch 15
[2026-03-19 19:38:08] Skip local epoch for client 4: train loader has no full batch
[2026-03-19 19:38:08] Harmony stage2 clustering round 15: labels=[1, 0, 0, 1, 1], discrepancies=[[0.026448724791407585, 0.023783579468727112], [0.7314879298210144, 0.7165868878364563], [1.0, 1.0], [0.008131750859320164, 0.007580423727631569], [0.008131750859320164, 0.007580423727631569]]
[2026-03-19 19:38:09] TEST:  Epoch: [10] image	Prec@1 37.778 (41.196)	Prec@5 88.889 (88.704)
[2026-03-19 19:38:09] TEST:  Epoch: [10] image	Prec@1 16.000 (13.595)	Prec@5 78.667 (76.133)
[2026-03-19 19:38:09] TEST:  Epoch: [10] image	Prec@1 60.484 (53.251)	Prec@5 98.387 (98.767)
[2026-03-19 19:38:10] TEST:  Epoch: [10] image	Prec@1 20.000 (20.000)	Prec@5 89.714 (89.714)
[2026-03-19 19:38:10] TEST:  Epoch: [10] image	Prec@1 56.452 (56.452)	Prec@5 74.194 (74.194)
[2026-03-19 19:38:10] TEST:  Epoch: [10] text	Prec@1 0.000 (0.000)	Prec@5 11.111 (15.282)
[2026-03-19 19:38:10] TEST:  Epoch: [10] text	Prec@1 30.667 (32.931)	Prec@5 94.667 (93.656)
[2026-03-19 19:38:11] TEST:  Epoch: [10] text	Prec@1 60.484 (53.251)	Prec@5 98.387 (98.767)
[2026-03-19 19:38:11] TEST:  Epoch: [10] text	Prec@1 20.000 (20.000)	Prec@5 48.571 (48.571)
[2026-03-19 19:38:11] TEST:  Epoch: [10] text	Prec@1 0.000 (0.000)	Prec@5 0.000 (0.000)
[2026-03-19 19:38:44] [Eval] Report @step: 15.00 {
    "test__rsum": 399.0033222591362,
    "test__medr": 4.0,
    "test__meanr": 14.780730897009967,
    "test__n_fold_i2t_recall_1": 27.242524916943523,
    "test__n_fold_i2t_recall_5": 79.734219269103,
    "test__n_fold_i2t_recall_10": 85.38205980066445,
    "test__n_fold_i2t_rsum": 192.35880398671097,
    "test__n_fold_i2t_medr": 2.0,
    "test__n_fold_i2t_meanr": 8.950166112956811,
    "test__n_fold_t2i_recall_1": 45.84717607973422,
    "test__n_fold_t2i_recall_5": 70.43189368770764,
    "test__n_fold_t2i_recall_10": 90.36544850498339,
    "test__n_fold_t2i_rsum": 206.64451827242524,
    "test__n_fold_t2i_medr": 2.0,
    "test__n_fold_t2i_meanr": 5.8305647840531565,
    "test__i2t_recall_1": 27.242524916943523,
    "test__i2t_recall_5": 79.734219269103,
    "test__i2t_recall_10": 85.38205980066445,
    "test__i2t_rsum": 192.35880398671097,
    "test__i2t_medr": 2.0,
    "test__i2t_meanr": 8.950166112956811,
    "test__t2i_recall_1": 45.84717607973422,
    "test__t2i_recall_5": 70.43189368770764,
    "test__t2i_recall_10": 90.36544850498339,
    "test__t2i_rsum": 206.64451827242524,
    "test__t2i_medr": 2.0,
    "test__t2i_meanr": 5.8305647840531565
}
[2026-03-19 19:39:21] [Eval] Report @step: 15.00 {
    "test__rsum": 362.53776435045313,
    "test__medr": 6.0,
    "test__meanr": 12.453172205438067,
    "test__n_fold_i2t_recall_1": 26.88821752265861,
    "test__n_fold_i2t_recall_5": 70.39274924471299,
    "test__n_fold_i2t_recall_10": 86.404833836858,
    "test__n_fold_i2t_rsum": 183.6858006042296,
    "test__n_fold_i2t_medr": 3.0,
    "test__n_fold_i2t_meanr": 5.290030211480363,
    "test__n_fold_t2i_recall_1": 32.62839879154078,
    "test__n_fold_t2i_recall_5": 67.37160120845921,
    "test__n_fold_t2i_recall_10": 78.85196374622356,
    "test__n_fold_t2i_rsum": 178.85196374622356,
    "test__n_fold_t2i_medr": 3.0,
    "test__n_fold_t2i_meanr": 7.163141993957704,
    "test__i2t_recall_1": 26.88821752265861,
    "test__i2t_recall_5": 70.39274924471299,
    "test__i2t_recall_10": 86.404833836858,
    "test__i2t_rsum": 183.6858006042296,
    "test__i2t_medr": 3.0,
    "test__i2t_meanr": 5.290030211480363,
    "test__t2i_recall_1": 32.62839879154078,
    "test__t2i_recall_5": 67.37160120845921,
    "test__t2i_recall_10": 78.85196374622356,
    "test__t2i_rsum": 178.85196374622356,
    "test__t2i_medr": 3.0,
    "test__t2i_meanr": 7.163141993957704
}
[2026-03-19 19:45:18] [Eval] Report @step: 15.00 {
    "test__rsum": 428.13901345291475,
    "test__medr": 3.0,
    "test__meanr": 9.424887892376681,
    "test__n_fold_i2t_recall_1": 28.026905829596412,
    "test__n_fold_i2t_recall_5": 88.00448430493273,
    "test__n_fold_i2t_recall_10": 95.2914798206278,
    "test__n_fold_i2t_rsum": 211.32286995515693,
    "test__n_fold_i2t_medr": 2.0,
    "test__n_fold_i2t_meanr": 3.4708520179372195,
    "test__n_fold_t2i_recall_1": 53.25112107623318,
    "test__n_fold_t2i_recall_5": 77.91479820627802,
    "test__n_fold_t2i_recall_10": 85.65022421524664,
    "test__n_fold_t2i_rsum": 216.81614349775782,
    "test__n_fold_t2i_medr": 1.0,
    "test__n_fold_t2i_meanr": 5.9540358744394615,
    "test__i2t_recall_1": 28.026905829596412,
    "test__i2t_recall_5": 88.00448430493273,
    "test__i2t_recall_10": 95.2914798206278,
    "test__i2t_rsum": 211.32286995515693,
    "test__i2t_medr": 2.0,
    "test__i2t_meanr": 3.4708520179372195,
    "test__t2i_recall_1": 53.25112107623318,
    "test__t2i_recall_5": 77.91479820627802,
    "test__t2i_recall_10": 85.65022421524664,
    "test__t2i_rsum": 216.81614349775782,
    "test__t2i_medr": 1.0,
    "test__t2i_meanr": 5.9540358744394615
}
[2026-03-19 19:45:25] [Eval] Report @step: 15.00 {
    "test__rsum": 265.71428571428567,
    "test__medr": 13.0,
    "test__meanr": 18.137142857142855,
    "test__n_fold_i2t_recall_1": 18.285714285714285,
    "test__n_fold_i2t_recall_5": 52.0,
    "test__n_fold_i2t_recall_10": 62.857142857142854,
    "test__n_fold_i2t_rsum": 133.14285714285714,
    "test__n_fold_i2t_medr": 5.0,
    "test__n_fold_i2t_meanr": 10.754285714285714,
    "test__n_fold_t2i_recall_1": 17.714285714285715,
    "test__n_fold_t2i_recall_5": 33.714285714285715,
    "test__n_fold_t2i_recall_10": 81.14285714285714,
    "test__n_fold_t2i_rsum": 132.57142857142856,
    "test__n_fold_t2i_medr": 8.0,
    "test__n_fold_t2i_meanr": 7.382857142857143,
    "test__i2t_recall_1": 18.285714285714285,
    "test__i2t_recall_5": 52.0,
    "test__i2t_recall_10": 62.857142857142854,
    "test__i2t_rsum": 133.14285714285714,
    "test__i2t_medr": 5.0,
    "test__i2t_meanr": 10.754285714285714,
    "test__t2i_recall_1": 17.714285714285715,
    "test__t2i_recall_5": 33.714285714285715,
    "test__t2i_recall_10": 81.14285714285714,
    "test__t2i_rsum": 132.57142857142856,
    "test__t2i_medr": 8.0,
    "test__t2i_meanr": 7.382857142857143
}
[2026-03-19 19:45:28] [Eval] Report @step: 15.00 {
    "test__rsum": 395.1612903225806,
    "test__medr": 3.0,
    "test__meanr": 8.838709677419356,
    "test__n_fold_i2t_recall_1": 56.45161290322581,
    "test__n_fold_i2t_recall_5": 56.45161290322581,
    "test__n_fold_i2t_recall_10": 83.87096774193549,
    "test__n_fold_i2t_rsum": 196.7741935483871,
    "test__n_fold_i2t_medr": 1.0,
    "test__n_fold_i2t_meanr": 5.403225806451613,
    "test__n_fold_t2i_recall_1": 17.741935483870968,
    "test__n_fold_t2i_recall_5": 85.48387096774194,
    "test__n_fold_t2i_recall_10": 95.16129032258064,
    "test__n_fold_t2i_rsum": 198.38709677419354,
    "test__n_fold_t2i_medr": 2.0,
    "test__n_fold_t2i_meanr": 3.435483870967742,
    "test__i2t_recall_1": 56.45161290322581,
    "test__i2t_recall_5": 56.45161290322581,
    "test__i2t_recall_10": 83.87096774193549,
    "test__i2t_rsum": 196.7741935483871,
    "test__i2t_medr": 1.0,
    "test__i2t_meanr": 5.403225806451613,
    "test__t2i_recall_1": 17.741935483870968,
    "test__t2i_recall_5": 85.48387096774194,
    "test__t2i_recall_10": 95.16129032258064,
    "test__t2i_rsum": 198.38709677419354,
    "test__t2i_medr": 2.0,
    "test__t2i_meanr": 3.435483870967742
}
[2026-03-19 19:46:00] [Eval] Report @step: 15.00 {
    "test__rsum": 376.4119601328904,
    "test__medr": 4.0,
    "test__meanr": 19.348837209302324,
    "test__n_fold_i2t_recall_1": 47.17607973421927,
    "test__n_fold_i2t_recall_5": 70.09966777408638,
    "test__n_fold_i2t_recall_10": 77.74086378737542,
    "test__n_fold_i2t_rsum": 195.01661129568106,
    "test__n_fold_i2t_medr": 2.0,
    "test__n_fold_i2t_meanr": 8.880398671096344,
    "test__n_fold_t2i_recall_1": 45.182724252491695,
    "test__n_fold_t2i_recall_5": 63.12292358803987,
    "test__n_fold_t2i_recall_10": 73.08970099667773,
    "test__n_fold_t2i_rsum": 181.3953488372093,
    "test__n_fold_t2i_medr": 2.0,
    "test__n_fold_t2i_meanr": 10.46843853820598,
    "test__i2t_recall_1": 47.17607973421927,
    "test__i2t_recall_5": 70.09966777408638,
    "test__i2t_recall_10": 77.74086378737542,
    "test__i2t_rsum": 195.01661129568106,
    "test__i2t_medr": 2.0,
    "test__i2t_meanr": 8.880398671096344,
    "test__t2i_recall_1": 45.182724252491695,
    "test__t2i_recall_5": 63.12292358803987,
    "test__t2i_recall_10": 73.08970099667773,
    "test__t2i_rsum": 181.3953488372093,
    "test__t2i_medr": 2.0,
    "test__t2i_meanr": 10.46843853820598
}
[2026-03-19 19:46:39] [Eval] Report @step: 15.00 {
    "test__rsum": 380.0604229607251,
    "test__medr": 5.0,
    "test__meanr": 15.854984894259818,
    "test__n_fold_i2t_recall_1": 41.99395770392749,
    "test__n_fold_i2t_recall_5": 69.18429003021149,
    "test__n_fold_i2t_recall_10": 79.15407854984895,
    "test__n_fold_i2t_rsum": 190.33232628398792,
    "test__n_fold_i2t_medr": 2.0,
    "test__n_fold_i2t_meanr": 7.413897280966768,
    "test__n_fold_t2i_recall_1": 47.12990936555891,
    "test__n_fold_t2i_recall_5": 64.35045317220543,
    "test__n_fold_t2i_recall_10": 78.24773413897282,
    "test__n_fold_t2i_rsum": 189.72809667673715,
    "test__n_fold_t2i_medr": 3.0,
    "test__n_fold_t2i_meanr": 8.441087613293051,
    "test__i2t_recall_1": 41.99395770392749,
    "test__i2t_recall_5": 69.18429003021149,
    "test__i2t_recall_10": 79.15407854984895,
    "test__i2t_rsum": 190.33232628398792,
    "test__i2t_medr": 2.0,
    "test__i2t_meanr": 7.413897280966768,
    "test__t2i_recall_1": 47.12990936555891,
    "test__t2i_recall_5": 64.35045317220543,
    "test__t2i_recall_10": 78.24773413897282,
    "test__t2i_rsum": 189.72809667673715,
    "test__t2i_medr": 3.0,
    "test__t2i_meanr": 8.441087613293051
}
[2026-03-19 19:52:42] [Eval] Report @step: 15.00 {
    "test__rsum": 384.5291479820628,
    "test__medr": 4.0,
    "test__meanr": 18.07062780269058,
    "test__n_fold_i2t_recall_1": 48.318385650224215,
    "test__n_fold_i2t_recall_5": 73.99103139013452,
    "test__n_fold_i2t_recall_10": 81.95067264573991,
    "test__n_fold_i2t_rsum": 204.26008968609864,
    "test__n_fold_i2t_medr": 2.0,
    "test__n_fold_i2t_meanr": 6.497757847533633,
    "test__n_fold_t2i_recall_1": 29.932735426008968,
    "test__n_fold_t2i_recall_5": 72.75784753363229,
    "test__n_fold_t2i_recall_10": 77.57847533632287,
    "test__n_fold_t2i_rsum": 180.26905829596413,
    "test__n_fold_t2i_medr": 2.0,
    "test__n_fold_t2i_meanr": 11.57286995515695,
    "test__i2t_recall_1": 48.318385650224215,
    "test__i2t_recall_5": 73.99103139013452,
    "test__i2t_recall_10": 81.95067264573991,
    "test__i2t_rsum": 204.26008968609864,
    "test__i2t_medr": 2.0,
    "test__i2t_meanr": 6.497757847533633,
    "test__t2i_recall_1": 29.932735426008968,
    "test__t2i_recall_5": 72.75784753363229,
    "test__t2i_recall_10": 77.57847533632287,
    "test__t2i_rsum": 180.26905829596413,
    "test__t2i_medr": 2.0,
    "test__t2i_meanr": 11.57286995515695
}
[2026-03-19 19:52:51] [Eval] Report @step: 15.00 {
    "test__rsum": 332.57142857142856,
    "test__medr": 6.0,
    "test__meanr": 13.16,
    "test__n_fold_i2t_recall_1": 24.571428571428573,
    "test__n_fold_i2t_recall_5": 66.28571428571429,
    "test__n_fold_i2t_recall_10": 81.14285714285714,
    "test__n_fold_i2t_rsum": 172.0,
    "test__n_fold_i2t_medr": 3.0,
    "test__n_fold_i2t_meanr": 6.84,
    "test__n_fold_t2i_recall_1": 21.142857142857142,
    "test__n_fold_t2i_recall_5": 63.42857142857143,
    "test__n_fold_t2i_recall_10": 76.0,
    "test__n_fold_t2i_rsum": 160.57142857142856,
    "test__n_fold_t2i_medr": 3.0,
    "test__n_fold_t2i_meanr": 6.32,
    "test__i2t_recall_1": 24.571428571428573,
    "test__i2t_recall_5": 66.28571428571429,
    "test__i2t_recall_10": 81.14285714285714,
    "test__i2t_rsum": 172.0,
    "test__i2t_medr": 3.0,
    "test__i2t_meanr": 6.84,
    "test__t2i_recall_1": 21.142857142857142,
    "test__t2i_recall_5": 63.42857142857143,
    "test__t2i_recall_10": 76.0,
    "test__t2i_rsum": 160.57142857142856,
    "test__t2i_medr": 3.0,
    "test__t2i_meanr": 6.32
}
[2026-03-19 19:52:54] [Eval] Report @step: 15.00 {
    "test__rsum": 403.22580645161287,
    "test__medr": 4.0,
    "test__meanr": 9.483870967741936,
    "test__n_fold_i2t_recall_1": 35.483870967741936,
    "test__n_fold_i2t_recall_5": 58.064516129032256,
    "test__n_fold_i2t_recall_10": 87.09677419354838,
    "test__n_fold_i2t_rsum": 180.64516129032256,
    "test__n_fold_i2t_medr": 2.0,
    "test__n_fold_i2t_meanr": 5.758064516129032,
    "test__n_fold_t2i_recall_1": 43.54838709677419,
    "test__n_fold_t2i_recall_5": 88.70967741935483,
    "test__n_fold_t2i_recall_10": 90.3225806451613,
    "test__n_fold_t2i_rsum": 222.5806451612903,
    "test__n_fold_t2i_medr": 2.0,
    "test__n_fold_t2i_meanr": 3.725806451612903,
    "test__i2t_recall_1": 35.483870967741936,
    "test__i2t_recall_5": 58.064516129032256,
    "test__i2t_recall_10": 87.09677419354838,
    "test__i2t_rsum": 180.64516129032256,
    "test__i2t_medr": 2.0,
    "test__i2t_meanr": 5.758064516129032,
    "test__t2i_recall_1": 43.54838709677419,
    "test__t2i_recall_5": 88.70967741935483,
    "test__t2i_recall_10": 90.3225806451613,
    "test__t2i_rsum": 222.5806451612903,
    "test__t2i_medr": 2.0,
    "test__t2i_meanr": 3.725806451612903
}
[2026-03-19 19:53:28] [Eval] Report @step: 15.00 {
    "test__rsum": 376.4119601328904,
    "test__medr": 4.0,
    "test__meanr": 19.348837209302324,
    "test__n_fold_i2t_recall_1": 47.17607973421927,
    "test__n_fold_i2t_recall_5": 70.09966777408638,
    "test__n_fold_i2t_recall_10": 77.74086378737542,
    "test__n_fold_i2t_rsum": 195.01661129568106,
    "test__n_fold_i2t_medr": 2.0,
    "test__n_fold_i2t_meanr": 8.880398671096344,
    "test__n_fold_t2i_recall_1": 45.182724252491695,
    "test__n_fold_t2i_recall_5": 63.12292358803987,
    "test__n_fold_t2i_recall_10": 73.08970099667773,
    "test__n_fold_t2i_rsum": 181.3953488372093,
    "test__n_fold_t2i_medr": 2.0,
    "test__n_fold_t2i_meanr": 10.46843853820598,
    "test__i2t_recall_1": 47.17607973421927,
    "test__i2t_recall_5": 70.09966777408638,
    "test__i2t_recall_10": 77.74086378737542,
    "test__i2t_rsum": 195.01661129568106,
    "test__i2t_medr": 2.0,
    "test__i2t_meanr": 8.880398671096344,
    "test__t2i_recall_1": 45.182724252491695,
    "test__t2i_recall_5": 63.12292358803987,
    "test__t2i_recall_10": 73.08970099667773,
    "test__t2i_rsum": 181.3953488372093,
    "test__t2i_medr": 2.0,
    "test__t2i_meanr": 10.46843853820598
}
[2026-03-19 19:54:05] [Eval] Report @step: 15.00 {
    "test__rsum": 380.0604229607251,
    "test__medr": 5.0,
    "test__meanr": 15.854984894259818,
    "test__n_fold_i2t_recall_1": 41.99395770392749,
    "test__n_fold_i2t_recall_5": 69.18429003021149,
    "test__n_fold_i2t_recall_10": 79.15407854984895,
    "test__n_fold_i2t_rsum": 190.33232628398792,
    "test__n_fold_i2t_medr": 2.0,
    "test__n_fold_i2t_meanr": 7.413897280966768,
    "test__n_fold_t2i_recall_1": 47.12990936555891,
    "test__n_fold_t2i_recall_5": 64.35045317220543,
    "test__n_fold_t2i_recall_10": 78.24773413897282,
    "test__n_fold_t2i_rsum": 189.72809667673715,
    "test__n_fold_t2i_medr": 3.0,
    "test__n_fold_t2i_meanr": 8.441087613293051,
    "test__i2t_recall_1": 41.99395770392749,
    "test__i2t_recall_5": 69.18429003021149,
    "test__i2t_recall_10": 79.15407854984895,
    "test__i2t_rsum": 190.33232628398792,
    "test__i2t_medr": 2.0,
    "test__i2t_meanr": 7.413897280966768,
    "test__t2i_recall_1": 47.12990936555891,
    "test__t2i_recall_5": 64.35045317220543,
    "test__t2i_recall_10": 78.24773413897282,
    "test__t2i_rsum": 189.72809667673715,
    "test__t2i_medr": 3.0,
    "test__t2i_meanr": 8.441087613293051
}
[2026-03-19 20:00:04] [Eval] Report @step: 15.00 {
    "test__rsum": 384.5291479820628,
    "test__medr": 4.0,
    "test__meanr": 18.07062780269058,
    "test__n_fold_i2t_recall_1": 48.318385650224215,
    "test__n_fold_i2t_recall_5": 73.99103139013452,
    "test__n_fold_i2t_recall_10": 81.95067264573991,
    "test__n_fold_i2t_rsum": 204.26008968609864,
    "test__n_fold_i2t_medr": 2.0,
    "test__n_fold_i2t_meanr": 6.497757847533633,
    "test__n_fold_t2i_recall_1": 29.932735426008968,
    "test__n_fold_t2i_recall_5": 72.75784753363229,
    "test__n_fold_t2i_recall_10": 77.57847533632287,
    "test__n_fold_t2i_rsum": 180.26905829596413,
    "test__n_fold_t2i_medr": 2.0,
    "test__n_fold_t2i_meanr": 11.57286995515695,
    "test__i2t_recall_1": 48.318385650224215,
    "test__i2t_recall_5": 73.99103139013452,
    "test__i2t_recall_10": 81.95067264573991,
    "test__i2t_rsum": 204.26008968609864,
    "test__i2t_medr": 2.0,
    "test__i2t_meanr": 6.497757847533633,
    "test__t2i_recall_1": 29.932735426008968,
    "test__t2i_recall_5": 72.75784753363229,
    "test__t2i_recall_10": 77.57847533632287,
    "test__t2i_rsum": 180.26905829596413,
    "test__t2i_medr": 2.0,
    "test__t2i_meanr": 11.57286995515695
}
[2026-03-19 20:00:13] [Eval] Report @step: 15.00 {
    "test__rsum": 332.57142857142856,
    "test__medr": 6.0,
    "test__meanr": 13.16,
    "test__n_fold_i2t_recall_1": 24.571428571428573,
    "test__n_fold_i2t_recall_5": 66.28571428571429,
    "test__n_fold_i2t_recall_10": 81.14285714285714,
    "test__n_fold_i2t_rsum": 172.0,
    "test__n_fold_i2t_medr": 3.0,
    "test__n_fold_i2t_meanr": 6.84,
    "test__n_fold_t2i_recall_1": 21.142857142857142,
    "test__n_fold_t2i_recall_5": 63.42857142857143,
    "test__n_fold_t2i_recall_10": 76.0,
    "test__n_fold_t2i_rsum": 160.57142857142856,
    "test__n_fold_t2i_medr": 3.0,
    "test__n_fold_t2i_meanr": 6.32,
    "test__i2t_recall_1": 24.571428571428573,
    "test__i2t_recall_5": 66.28571428571429,
    "test__i2t_recall_10": 81.14285714285714,
    "test__i2t_rsum": 172.0,
    "test__i2t_medr": 3.0,
    "test__i2t_meanr": 6.84,
    "test__t2i_recall_1": 21.142857142857142,
    "test__t2i_recall_5": 63.42857142857143,
    "test__t2i_recall_10": 76.0,
    "test__t2i_rsum": 160.57142857142856,
    "test__t2i_medr": 3.0,
    "test__t2i_meanr": 6.32
}
[2026-03-19 20:00:17] [Eval] Report @step: 15.00 {
    "test__rsum": 403.22580645161287,
    "test__medr": 4.0,
    "test__meanr": 9.483870967741936,
    "test__n_fold_i2t_recall_1": 35.483870967741936,
    "test__n_fold_i2t_recall_5": 58.064516129032256,
    "test__n_fold_i2t_recall_10": 87.09677419354838,
    "test__n_fold_i2t_rsum": 180.64516129032256,
    "test__n_fold_i2t_medr": 2.0,
    "test__n_fold_i2t_meanr": 5.758064516129032,
    "test__n_fold_t2i_recall_1": 43.54838709677419,
    "test__n_fold_t2i_recall_5": 88.70967741935483,
    "test__n_fold_t2i_recall_10": 90.3225806451613,
    "test__n_fold_t2i_rsum": 222.5806451612903,
    "test__n_fold_t2i_medr": 2.0,
    "test__n_fold_t2i_meanr": 3.725806451612903,
    "test__i2t_recall_1": 35.483870967741936,
    "test__i2t_recall_5": 58.064516129032256,
    "test__i2t_recall_10": 87.09677419354838,
    "test__i2t_rsum": 180.64516129032256,
    "test__i2t_medr": 2.0,
    "test__i2t_meanr": 5.758064516129032,
    "test__t2i_recall_1": 43.54838709677419,
    "test__t2i_recall_5": 88.70967741935483,
    "test__t2i_recall_10": 90.3225806451613,
    "test__t2i_rsum": 222.5806451612903,
    "test__t2i_medr": 2.0,
    "test__t2i_meanr": 3.725806451612903
}
[2026-03-19 20:00:51] [Eval] Report @step: 15.00 {
    "test__rsum": 399.0033222591362,
    "test__medr": 4.0,
    "test__meanr": 14.780730897009967,
    "test__n_fold_i2t_recall_1": 27.242524916943523,
    "test__n_fold_i2t_recall_5": 79.734219269103,
    "test__n_fold_i2t_recall_10": 85.38205980066445,
    "test__n_fold_i2t_rsum": 192.35880398671097,
    "test__n_fold_i2t_medr": 2.0,
    "test__n_fold_i2t_meanr": 8.950166112956811,
    "test__n_fold_t2i_recall_1": 45.84717607973422,
    "test__n_fold_t2i_recall_5": 70.43189368770764,
    "test__n_fold_t2i_recall_10": 90.36544850498339,
    "test__n_fold_t2i_rsum": 206.64451827242524,
    "test__n_fold_t2i_medr": 2.0,
    "test__n_fold_t2i_meanr": 5.8305647840531565,
    "test__i2t_recall_1": 27.242524916943523,
    "test__i2t_recall_5": 79.734219269103,
    "test__i2t_recall_10": 85.38205980066445,
    "test__i2t_rsum": 192.35880398671097,
    "test__i2t_medr": 2.0,
    "test__i2t_meanr": 8.950166112956811,
    "test__t2i_recall_1": 45.84717607973422,
    "test__t2i_recall_5": 70.43189368770764,
    "test__t2i_recall_10": 90.36544850498339,
    "test__t2i_rsum": 206.64451827242524,
    "test__t2i_medr": 2.0,
    "test__t2i_meanr": 5.8305647840531565
}
[2026-03-19 20:01:24] [Eval] Report @step: 15.00 {
    "test__rsum": 362.53776435045313,
    "test__medr": 6.0,
    "test__meanr": 12.453172205438067,
    "test__n_fold_i2t_recall_1": 26.88821752265861,
    "test__n_fold_i2t_recall_5": 70.39274924471299,
    "test__n_fold_i2t_recall_10": 86.404833836858,
    "test__n_fold_i2t_rsum": 183.6858006042296,
    "test__n_fold_i2t_medr": 3.0,
    "test__n_fold_i2t_meanr": 5.290030211480363,
    "test__n_fold_t2i_recall_1": 32.62839879154078,
    "test__n_fold_t2i_recall_5": 67.37160120845921,
    "test__n_fold_t2i_recall_10": 78.85196374622356,
    "test__n_fold_t2i_rsum": 178.85196374622356,
    "test__n_fold_t2i_medr": 3.0,
    "test__n_fold_t2i_meanr": 7.163141993957704,
    "test__i2t_recall_1": 26.88821752265861,
    "test__i2t_recall_5": 70.39274924471299,
    "test__i2t_recall_10": 86.404833836858,
    "test__i2t_rsum": 183.6858006042296,
    "test__i2t_medr": 3.0,
    "test__i2t_meanr": 5.290030211480363,
    "test__t2i_recall_1": 32.62839879154078,
    "test__t2i_recall_5": 67.37160120845921,
    "test__t2i_recall_10": 78.85196374622356,
    "test__t2i_rsum": 178.85196374622356,
    "test__t2i_medr": 3.0,
    "test__t2i_meanr": 7.163141993957704
}
[2026-03-19 20:07:16] [Eval] Report @step: 15.00 {
    "test__rsum": 428.13901345291475,
    "test__medr": 3.0,
    "test__meanr": 9.424887892376681,
    "test__n_fold_i2t_recall_1": 28.026905829596412,
    "test__n_fold_i2t_recall_5": 88.00448430493273,
    "test__n_fold_i2t_recall_10": 95.2914798206278,
    "test__n_fold_i2t_rsum": 211.32286995515693,
    "test__n_fold_i2t_medr": 2.0,
    "test__n_fold_i2t_meanr": 3.4708520179372195,
    "test__n_fold_t2i_recall_1": 53.25112107623318,
    "test__n_fold_t2i_recall_5": 77.91479820627802,
    "test__n_fold_t2i_recall_10": 85.65022421524664,
    "test__n_fold_t2i_rsum": 216.81614349775782,
    "test__n_fold_t2i_medr": 1.0,
    "test__n_fold_t2i_meanr": 5.9540358744394615,
    "test__i2t_recall_1": 28.026905829596412,
    "test__i2t_recall_5": 88.00448430493273,
    "test__i2t_recall_10": 95.2914798206278,
    "test__i2t_rsum": 211.32286995515693,
    "test__i2t_medr": 2.0,
    "test__i2t_meanr": 3.4708520179372195,
    "test__t2i_recall_1": 53.25112107623318,
    "test__t2i_recall_5": 77.91479820627802,
    "test__t2i_recall_10": 85.65022421524664,
    "test__t2i_rsum": 216.81614349775782,
    "test__t2i_medr": 1.0,
    "test__t2i_meanr": 5.9540358744394615
}
[2026-03-19 20:07:23] [Eval] Report @step: 15.00 {
    "test__rsum": 265.71428571428567,
    "test__medr": 13.0,
    "test__meanr": 18.137142857142855,
    "test__n_fold_i2t_recall_1": 18.285714285714285,
    "test__n_fold_i2t_recall_5": 52.0,
    "test__n_fold_i2t_recall_10": 62.857142857142854,
    "test__n_fold_i2t_rsum": 133.14285714285714,
    "test__n_fold_i2t_medr": 5.0,
    "test__n_fold_i2t_meanr": 10.754285714285714,
    "test__n_fold_t2i_recall_1": 17.714285714285715,
    "test__n_fold_t2i_recall_5": 33.714285714285715,
    "test__n_fold_t2i_recall_10": 81.14285714285714,
    "test__n_fold_t2i_rsum": 132.57142857142856,
    "test__n_fold_t2i_medr": 8.0,
    "test__n_fold_t2i_meanr": 7.382857142857143,
    "test__i2t_recall_1": 18.285714285714285,
    "test__i2t_recall_5": 52.0,
    "test__i2t_recall_10": 62.857142857142854,
    "test__i2t_rsum": 133.14285714285714,
    "test__i2t_medr": 5.0,
    "test__i2t_meanr": 10.754285714285714,
    "test__t2i_recall_1": 17.714285714285715,
    "test__t2i_recall_5": 33.714285714285715,
    "test__t2i_recall_10": 81.14285714285714,
    "test__t2i_rsum": 132.57142857142856,
    "test__t2i_medr": 8.0,
    "test__t2i_meanr": 7.382857142857143
}
[2026-03-19 20:07:25] [Eval] Report @step: 15.00 {
    "test__rsum": 395.1612903225806,
    "test__medr": 3.0,
    "test__meanr": 8.838709677419356,
    "test__n_fold_i2t_recall_1": 56.45161290322581,
    "test__n_fold_i2t_recall_5": 56.45161290322581,
    "test__n_fold_i2t_recall_10": 83.87096774193549,
    "test__n_fold_i2t_rsum": 196.7741935483871,
    "test__n_fold_i2t_medr": 1.0,
    "test__n_fold_i2t_meanr": 5.403225806451613,
    "test__n_fold_t2i_recall_1": 17.741935483870968,
    "test__n_fold_t2i_recall_5": 85.48387096774194,
    "test__n_fold_t2i_recall_10": 95.16129032258064,
    "test__n_fold_t2i_rsum": 198.38709677419354,
    "test__n_fold_t2i_medr": 2.0,
    "test__n_fold_t2i_meanr": 3.435483870967742,
    "test__i2t_recall_1": 56.45161290322581,
    "test__i2t_recall_5": 56.45161290322581,
    "test__i2t_recall_10": 83.87096774193549,
    "test__i2t_rsum": 196.7741935483871,
    "test__i2t_medr": 1.0,
    "test__i2t_meanr": 5.403225806451613,
    "test__t2i_recall_1": 17.741935483870968,
    "test__t2i_recall_5": 85.48387096774194,
    "test__t2i_recall_10": 95.16129032258064,
    "test__t2i_rsum": 198.38709677419354,
    "test__t2i_medr": 2.0,
    "test__t2i_meanr": 3.435483870967742
}
[2026-03-19 20:08:01] [Eval] Report @step: 15.00 {
    "test__rsum": 399.0033222591362,
    "test__medr": 4.0,
    "test__meanr": 14.780730897009967,
    "test__n_fold_i2t_recall_1": 27.242524916943523,
    "test__n_fold_i2t_recall_5": 79.734219269103,
    "test__n_fold_i2t_recall_10": 85.38205980066445,
    "test__n_fold_i2t_rsum": 192.35880398671097,
    "test__n_fold_i2t_medr": 2.0,
    "test__n_fold_i2t_meanr": 8.950166112956811,
    "test__n_fold_t2i_recall_1": 45.84717607973422,
    "test__n_fold_t2i_recall_5": 70.43189368770764,
    "test__n_fold_t2i_recall_10": 90.36544850498339,
    "test__n_fold_t2i_rsum": 206.64451827242524,
    "test__n_fold_t2i_medr": 2.0,
    "test__n_fold_t2i_meanr": 5.8305647840531565,
    "test__i2t_recall_1": 27.242524916943523,
    "test__i2t_recall_5": 79.734219269103,
    "test__i2t_recall_10": 85.38205980066445,
    "test__i2t_rsum": 192.35880398671097,
    "test__i2t_medr": 2.0,
    "test__i2t_meanr": 8.950166112956811,
    "test__t2i_recall_1": 45.84717607973422,
    "test__t2i_recall_5": 70.43189368770764,
    "test__t2i_recall_10": 90.36544850498339,
    "test__t2i_rsum": 206.64451827242524,
    "test__t2i_medr": 2.0,
    "test__t2i_meanr": 5.8305647840531565
}
[2026-03-19 20:08:31] [Eval] Report @step: 15.00 {
    "test__rsum": 362.53776435045313,
    "test__medr": 6.0,
    "test__meanr": 12.453172205438067,
    "test__n_fold_i2t_recall_1": 26.88821752265861,
    "test__n_fold_i2t_recall_5": 70.39274924471299,
    "test__n_fold_i2t_recall_10": 86.404833836858,
    "test__n_fold_i2t_rsum": 183.6858006042296,
    "test__n_fold_i2t_medr": 3.0,
    "test__n_fold_i2t_meanr": 5.290030211480363,
    "test__n_fold_t2i_recall_1": 32.62839879154078,
    "test__n_fold_t2i_recall_5": 67.37160120845921,
    "test__n_fold_t2i_recall_10": 78.85196374622356,
    "test__n_fold_t2i_rsum": 178.85196374622356,
    "test__n_fold_t2i_medr": 3.0,
    "test__n_fold_t2i_meanr": 7.163141993957704,
    "test__i2t_recall_1": 26.88821752265861,
    "test__i2t_recall_5": 70.39274924471299,
    "test__i2t_recall_10": 86.404833836858,
    "test__i2t_rsum": 183.6858006042296,
    "test__i2t_medr": 3.0,
    "test__i2t_meanr": 5.290030211480363,
    "test__t2i_recall_1": 32.62839879154078,
    "test__t2i_recall_5": 67.37160120845921,
    "test__t2i_recall_10": 78.85196374622356,
    "test__t2i_rsum": 178.85196374622356,
    "test__t2i_medr": 3.0,
    "test__t2i_meanr": 7.163141993957704
}
[2026-03-19 20:14:21] [Eval] Report @step: 15.00 {
    "test__rsum": 428.13901345291475,
    "test__medr": 3.0,
    "test__meanr": 9.424887892376681,
    "test__n_fold_i2t_recall_1": 28.026905829596412,
    "test__n_fold_i2t_recall_5": 88.00448430493273,
    "test__n_fold_i2t_recall_10": 95.2914798206278,
    "test__n_fold_i2t_rsum": 211.32286995515693,
    "test__n_fold_i2t_medr": 2.0,
    "test__n_fold_i2t_meanr": 3.4708520179372195,
    "test__n_fold_t2i_recall_1": 53.25112107623318,
    "test__n_fold_t2i_recall_5": 77.91479820627802,
    "test__n_fold_t2i_recall_10": 85.65022421524664,
    "test__n_fold_t2i_rsum": 216.81614349775782,
    "test__n_fold_t2i_medr": 1.0,
    "test__n_fold_t2i_meanr": 5.9540358744394615,
    "test__i2t_recall_1": 28.026905829596412,
    "test__i2t_recall_5": 88.00448430493273,
    "test__i2t_recall_10": 95.2914798206278,
    "test__i2t_rsum": 211.32286995515693,
    "test__i2t_medr": 2.0,
    "test__i2t_meanr": 3.4708520179372195,
    "test__t2i_recall_1": 53.25112107623318,
    "test__t2i_recall_5": 77.91479820627802,
    "test__t2i_recall_10": 85.65022421524664,
    "test__t2i_rsum": 216.81614349775782,
    "test__t2i_medr": 1.0,
    "test__t2i_meanr": 5.9540358744394615
}
[2026-03-19 20:14:29] [Eval] Report @step: 15.00 {
    "test__rsum": 265.71428571428567,
    "test__medr": 13.0,
    "test__meanr": 18.137142857142855,
    "test__n_fold_i2t_recall_1": 18.285714285714285,
    "test__n_fold_i2t_recall_5": 52.0,
    "test__n_fold_i2t_recall_10": 62.857142857142854,
    "test__n_fold_i2t_rsum": 133.14285714285714,
    "test__n_fold_i2t_medr": 5.0,
    "test__n_fold_i2t_meanr": 10.754285714285714,
    "test__n_fold_t2i_recall_1": 17.714285714285715,
    "test__n_fold_t2i_recall_5": 33.714285714285715,
    "test__n_fold_t2i_recall_10": 81.14285714285714,
    "test__n_fold_t2i_rsum": 132.57142857142856,
    "test__n_fold_t2i_medr": 8.0,
    "test__n_fold_t2i_meanr": 7.382857142857143,
    "test__i2t_recall_1": 18.285714285714285,
    "test__i2t_recall_5": 52.0,
    "test__i2t_recall_10": 62.857142857142854,
    "test__i2t_rsum": 133.14285714285714,
    "test__i2t_medr": 5.0,
    "test__i2t_meanr": 10.754285714285714,
    "test__t2i_recall_1": 17.714285714285715,
    "test__t2i_recall_5": 33.714285714285715,
    "test__t2i_recall_10": 81.14285714285714,
    "test__t2i_rsum": 132.57142857142856,
    "test__t2i_medr": 8.0,
    "test__t2i_meanr": 7.382857142857143
}
[2026-03-19 20:14:33] [Eval] Report @step: 15.00 {
    "test__rsum": 395.1612903225806,
    "test__medr": 3.0,
    "test__meanr": 8.838709677419356,
    "test__n_fold_i2t_recall_1": 56.45161290322581,
    "test__n_fold_i2t_recall_5": 56.45161290322581,
    "test__n_fold_i2t_recall_10": 83.87096774193549,
    "test__n_fold_i2t_rsum": 196.7741935483871,
    "test__n_fold_i2t_medr": 1.0,
    "test__n_fold_i2t_meanr": 5.403225806451613,
    "test__n_fold_t2i_recall_1": 17.741935483870968,
    "test__n_fold_t2i_recall_5": 85.48387096774194,
    "test__n_fold_t2i_recall_10": 95.16129032258064,
    "test__n_fold_t2i_rsum": 198.38709677419354,
    "test__n_fold_t2i_medr": 2.0,
    "test__n_fold_t2i_meanr": 3.435483870967742,
    "test__i2t_recall_1": 56.45161290322581,
    "test__i2t_recall_5": 56.45161290322581,
    "test__i2t_recall_10": 83.87096774193549,
    "test__i2t_rsum": 196.7741935483871,
    "test__i2t_medr": 1.0,
    "test__i2t_meanr": 5.403225806451613,
    "test__t2i_recall_1": 17.741935483870968,
    "test__t2i_recall_5": 85.48387096774194,
    "test__t2i_recall_10": 95.16129032258064,
    "test__t2i_rsum": 198.38709677419354,
    "test__t2i_medr": 2.0,
    "test__t2i_meanr": 3.435483870967742
}
[2026-03-19 20:14:34] Round 16!
[2026-03-19 20:14:34] Harmony enters stage2 at round 16.
[2026-03-19 20:14:34] Training Client 10!
[2026-03-19 20:14:34] Epoch 16
[2026-03-19 20:14:35] Training Client 11!
[2026-03-19 20:14:35] Epoch 16
[2026-03-19 20:14:36] Training Client 12!
[2026-03-19 20:14:36] Epoch 16
[2026-03-19 20:14:38] Training Client 13!
[2026-03-19 20:14:38] Epoch 16
[2026-03-19 20:14:38] Skip local epoch for client 3: train loader has no full batch
[2026-03-19 20:14:38] Training Client 14!
[2026-03-19 20:14:38] Epoch 16
[2026-03-19 20:14:38] Skip local epoch for client 4: train loader has no full batch
[2026-03-19 20:14:38] Harmony stage2 clustering round 16: labels=[1, 0, 0, 1, 1], discrepancies=[[0.027129197493195534, 0.023862680420279503], [0.8061564564704895, 0.8161256313323975], [1.0, 1.0], [0.00994313694536686, 0.00914980098605156], [0.00994313694536686, 0.00914980098605156]]
[2026-03-19 20:14:38] TEST:  Epoch: [10] image	Prec@1 37.778 (41.196)	Prec@5 88.889 (88.704)
[2026-03-19 20:14:38] TEST:  Epoch: [10] image	Prec@1 16.000 (13.595)	Prec@5 78.667 (76.133)
[2026-03-19 20:14:39] TEST:  Epoch: [10] image	Prec@1 60.484 (53.251)	Prec@5 98.387 (98.767)
[2026-03-19 20:14:39] TEST:  Epoch: [10] image	Prec@1 20.000 (20.000)	Prec@5 89.714 (89.714)
[2026-03-19 20:14:39] TEST:  Epoch: [10] image	Prec@1 56.452 (56.452)	Prec@5 74.194 (74.194)
[2026-03-19 20:14:39] TEST:  Epoch: [10] text	Prec@1 0.000 (0.000)	Prec@5 11.111 (15.282)
[2026-03-19 20:14:39] TEST:  Epoch: [10] text	Prec@1 30.667 (32.931)	Prec@5 94.667 (93.656)
[2026-03-19 20:14:40] TEST:  Epoch: [10] text	Prec@1 60.484 (53.251)	Prec@5 98.387 (98.767)
[2026-03-19 20:14:40] TEST:  Epoch: [10] text	Prec@1 20.000 (20.000)	Prec@5 48.571 (48.571)
[2026-03-19 20:14:40] TEST:  Epoch: [10] text	Prec@1 0.000 (0.000)	Prec@5 0.000 (0.000)
[2026-03-19 20:15:14] [Eval] Report @step: 16.00 {
    "test__rsum": 389.7009966777409,
    "test__medr": 5.0,
    "test__meanr": 10.877076411960132,
    "test__n_fold_i2t_recall_1": 26.578073089700997,
    "test__n_fold_i2t_recall_5": 77.40863787375416,
    "test__n_fold_i2t_recall_10": 86.04651162790698,
    "test__n_fold_i2t_rsum": 190.03322259136212,
    "test__n_fold_i2t_medr": 3.0,
    "test__n_fold_i2t_meanr": 6.4186046511627906,
    "test__n_fold_t2i_recall_1": 28.571428571428573,
    "test__n_fold_t2i_recall_5": 77.40863787375416,
    "test__n_fold_t2i_recall_10": 93.68770764119601,
    "test__n_fold_t2i_rsum": 199.66777408637876,
    "test__n_fold_t2i_medr": 2.0,
    "test__n_fold_t2i_meanr": 4.458471760797343,
    "test__i2t_recall_1": 26.578073089700997,
    "test__i2t_recall_5": 77.40863787375416,
    "test__i2t_recall_10": 86.04651162790698,
    "test__i2t_rsum": 190.03322259136212,
    "test__i2t_medr": 3.0,
    "test__i2t_meanr": 6.4186046511627906,
    "test__t2i_recall_1": 28.571428571428573,
    "test__t2i_recall_5": 77.40863787375416,
    "test__t2i_recall_10": 93.68770764119601,
    "test__t2i_rsum": 199.66777408637876,
    "test__t2i_medr": 2.0,
    "test__t2i_meanr": 4.458471760797343
}
[2026-03-19 20:15:46] [Eval] Report @step: 16.00 {
    "test__rsum": 382.77945619335344,
    "test__medr": 5.0,
    "test__meanr": 10.81570996978852,
    "test__n_fold_i2t_recall_1": 26.88821752265861,
    "test__n_fold_i2t_recall_5": 70.69486404833837,
    "test__n_fold_i2t_recall_10": 87.61329305135952,
    "test__n_fold_i2t_rsum": 185.1963746223565,
    "test__n_fold_i2t_medr": 3.0,
    "test__n_fold_i2t_meanr": 5.290030211480363,
    "test__n_fold_t2i_recall_1": 36.5558912386707,
    "test__n_fold_t2i_recall_5": 74.92447129909365,
    "test__n_fold_t2i_recall_10": 86.10271903323263,
    "test__n_fold_t2i_rsum": 197.58308157099697,
    "test__n_fold_t2i_medr": 2.0,
    "test__n_fold_t2i_meanr": 5.525679758308157,
    "test__i2t_recall_1": 26.88821752265861,
    "test__i2t_recall_5": 70.69486404833837,
    "test__i2t_recall_10": 87.61329305135952,
    "test__i2t_rsum": 185.1963746223565,
    "test__i2t_medr": 3.0,
    "test__i2t_meanr": 5.290030211480363,
    "test__t2i_recall_1": 36.5558912386707,
    "test__t2i_recall_5": 74.92447129909365,
    "test__t2i_recall_10": 86.10271903323263,
    "test__t2i_rsum": 197.58308157099697,
    "test__t2i_medr": 2.0,
    "test__t2i_meanr": 5.525679758308157
}
[2026-03-19 20:21:40] [Eval] Report @step: 16.00 {
    "test__rsum": 417.82511210762334,
    "test__medr": 3.0,
    "test__meanr": 9.658071748878923,
    "test__n_fold_i2t_recall_1": 24.2152466367713,
    "test__n_fold_i2t_recall_5": 86.88340807174887,
    "test__n_fold_i2t_recall_10": 94.73094170403587,
    "test__n_fold_i2t_rsum": 205.82959641255604,
    "test__n_fold_i2t_medr": 2.0,
    "test__n_fold_i2t_meanr": 3.4002242152466366,
    "test__n_fold_t2i_recall_1": 53.25112107623318,
    "test__n_fold_t2i_recall_5": 75.22421524663677,
    "test__n_fold_t2i_recall_10": 83.5201793721973,
    "test__n_fold_t2i_rsum": 211.99551569506727,
    "test__n_fold_t2i_medr": 1.0,
    "test__n_fold_t2i_meanr": 6.257847533632287,
    "test__i2t_recall_1": 24.2152466367713,
    "test__i2t_recall_5": 86.88340807174887,
    "test__i2t_recall_10": 94.73094170403587,
    "test__i2t_rsum": 205.82959641255604,
    "test__i2t_medr": 2.0,
    "test__i2t_meanr": 3.4002242152466366,
    "test__t2i_recall_1": 53.25112107623318,
    "test__t2i_recall_5": 75.22421524663677,
    "test__t2i_recall_10": 83.5201793721973,
    "test__t2i_rsum": 211.99551569506727,
    "test__t2i_medr": 1.0,
    "test__t2i_meanr": 6.257847533632287
}
[2026-03-19 20:21:49] [Eval] Report @step: 16.00 {
    "test__rsum": 270.8571428571429,
    "test__medr": 13.0,
    "test__meanr": 17.82857142857143,
    "test__n_fold_i2t_recall_1": 25.142857142857142,
    "test__n_fold_i2t_recall_5": 52.0,
    "test__n_fold_i2t_recall_10": 61.714285714285715,
    "test__n_fold_i2t_rsum": 138.85714285714286,
    "test__n_fold_i2t_medr": 5.0,
    "test__n_fold_i2t_meanr": 10.302857142857142,
    "test__n_fold_t2i_recall_1": 14.285714285714286,
    "test__n_fold_t2i_recall_5": 33.714285714285715,
    "test__n_fold_t2i_recall_10": 84.0,
    "test__n_fold_t2i_rsum": 132.0,
    "test__n_fold_t2i_medr": 8.0,
    "test__n_fold_t2i_meanr": 7.525714285714286,
    "test__i2t_recall_1": 25.142857142857142,
    "test__i2t_recall_5": 52.0,
    "test__i2t_recall_10": 61.714285714285715,
    "test__i2t_rsum": 138.85714285714286,
    "test__i2t_medr": 5.0,
    "test__i2t_meanr": 10.302857142857142,
    "test__t2i_recall_1": 14.285714285714286,
    "test__t2i_recall_5": 33.714285714285715,
    "test__t2i_recall_10": 84.0,
    "test__t2i_rsum": 132.0,
    "test__t2i_medr": 8.0,
    "test__t2i_meanr": 7.525714285714286
}
[2026-03-19 20:21:52] [Eval] Report @step: 16.00 {
    "test__rsum": 398.38709677419354,
    "test__medr": 3.0,
    "test__meanr": 8.725806451612904,
    "test__n_fold_i2t_recall_1": 56.45161290322581,
    "test__n_fold_i2t_recall_5": 56.45161290322581,
    "test__n_fold_i2t_recall_10": 85.48387096774194,
    "test__n_fold_i2t_rsum": 198.38709677419354,
    "test__n_fold_i2t_medr": 1.0,
    "test__n_fold_i2t_meanr": 5.338709677419355,
    "test__n_fold_t2i_recall_1": 17.741935483870968,
    "test__n_fold_t2i_recall_5": 87.09677419354838,
    "test__n_fold_t2i_recall_10": 95.16129032258064,
    "test__n_fold_t2i_rsum": 200.0,
    "test__n_fold_t2i_medr": 2.0,
    "test__n_fold_t2i_meanr": 3.3870967741935485,
    "test__i2t_recall_1": 56.45161290322581,
    "test__i2t_recall_5": 56.45161290322581,
    "test__i2t_recall_10": 85.48387096774194,
    "test__i2t_rsum": 198.38709677419354,
    "test__i2t_medr": 1.0,
    "test__i2t_meanr": 5.338709677419355,
    "test__t2i_recall_1": 17.741935483870968,
    "test__t2i_recall_5": 87.09677419354838,
    "test__t2i_recall_10": 95.16129032258064,
    "test__t2i_rsum": 200.0,
    "test__t2i_medr": 2.0,
    "test__t2i_meanr": 3.3870967741935485
}
[2026-03-19 20:22:26] [Eval] Report @step: 16.00 {
    "test__rsum": 385.3820598006645,
    "test__medr": 5.0,
    "test__meanr": 15.438538205980066,
    "test__n_fold_i2t_recall_1": 28.571428571428573,
    "test__n_fold_i2t_recall_5": 80.39867109634551,
    "test__n_fold_i2t_recall_10": 90.69767441860465,
    "test__n_fold_i2t_rsum": 199.66777408637873,
    "test__n_fold_i2t_medr": 3.0,
    "test__n_fold_i2t_meanr": 5.6843853820598005,
    "test__n_fold_t2i_recall_1": 41.52823920265781,
    "test__n_fold_t2i_recall_5": 68.10631229235881,
    "test__n_fold_t2i_recall_10": 76.0797342192691,
    "test__n_fold_t2i_rsum": 185.71428571428572,
    "test__n_fold_t2i_medr": 2.0,
    "test__n_fold_t2i_meanr": 9.754152823920267,
    "test__i2t_recall_1": 28.571428571428573,
    "test__i2t_recall_5": 80.39867109634551,
    "test__i2t_recall_10": 90.69767441860465,
    "test__i2t_rsum": 199.66777408637873,
    "test__i2t_medr": 3.0,
    "test__i2t_meanr": 5.6843853820598005,
    "test__t2i_recall_1": 41.52823920265781,
    "test__t2i_recall_5": 68.10631229235881,
    "test__t2i_recall_10": 76.0797342192691,
    "test__t2i_rsum": 185.71428571428572,
    "test__t2i_medr": 2.0,
    "test__t2i_meanr": 9.754152823920267
}
[2026-03-19 20:23:03] [Eval] Report @step: 16.00 {
    "test__rsum": 405.13595166163145,
    "test__medr": 4.0,
    "test__meanr": 8.65558912386707,
    "test__n_fold_i2t_recall_1": 28.09667673716012,
    "test__n_fold_i2t_recall_5": 80.96676737160121,
    "test__n_fold_i2t_recall_10": 93.35347432024169,
    "test__n_fold_i2t_rsum": 202.41691842900303,
    "test__n_fold_i2t_medr": 2.0,
    "test__n_fold_i2t_meanr": 4.078549848942599,
    "test__n_fold_t2i_recall_1": 35.04531722054381,
    "test__n_fold_t2i_recall_5": 77.34138972809667,
    "test__n_fold_t2i_recall_10": 90.33232628398791,
    "test__n_fold_t2i_rsum": 202.7190332326284,
    "test__n_fold_t2i_medr": 2.0,
    "test__n_fold_t2i_meanr": 4.577039274924472,
    "test__i2t_recall_1": 28.09667673716012,
    "test__i2t_recall_5": 80.96676737160121,
    "test__i2t_recall_10": 93.35347432024169,
    "test__i2t_rsum": 202.41691842900303,
    "test__i2t_medr": 2.0,
    "test__i2t_meanr": 4.078549848942599,
    "test__t2i_recall_1": 35.04531722054381,
    "test__t2i_recall_5": 77.34138972809667,
    "test__t2i_recall_10": 90.33232628398791,
    "test__t2i_rsum": 202.7190332326284,
    "test__t2i_medr": 2.0,
    "test__t2i_meanr": 4.577039274924472
}
[2026-03-19 20:29:05] [Eval] Report @step: 16.00 {
    "test__rsum": 409.64125560538116,
    "test__medr": 3.0,
    "test__meanr": 14.321748878923767,
    "test__n_fold_i2t_recall_1": 53.026905829596416,
    "test__n_fold_i2t_recall_5": 74.66367713004485,
    "test__n_fold_i2t_recall_10": 86.32286995515695,
    "test__n_fold_i2t_rsum": 214.01345291479822,
    "test__n_fold_i2t_medr": 1.0,
    "test__n_fold_i2t_meanr": 5.896860986547085,
    "test__n_fold_t2i_recall_1": 38.34080717488789,
    "test__n_fold_t2i_recall_5": 73.99103139013452,
    "test__n_fold_t2i_recall_10": 83.29596412556054,
    "test__n_fold_t2i_rsum": 195.62780269058297,
    "test__n_fold_t2i_medr": 2.0,
    "test__n_fold_t2i_meanr": 8.424887892376681,
    "test__i2t_recall_1": 53.026905829596416,
    "test__i2t_recall_5": 74.66367713004485,
    "test__i2t_recall_10": 86.32286995515695,
    "test__i2t_rsum": 214.01345291479822,
    "test__i2t_medr": 1.0,
    "test__i2t_meanr": 5.896860986547085,
    "test__t2i_recall_1": 38.34080717488789,
    "test__t2i_recall_5": 73.99103139013452,
    "test__t2i_recall_10": 83.29596412556054,
    "test__t2i_rsum": 195.62780269058297,
    "test__t2i_medr": 2.0,
    "test__t2i_meanr": 8.424887892376681
}
[2026-03-19 20:29:13] [Eval] Report @step: 16.00 {
    "test__rsum": 369.14285714285717,
    "test__medr": 6.0,
    "test__meanr": 11.44,
    "test__n_fold_i2t_recall_1": 32.0,
    "test__n_fold_i2t_recall_5": 72.0,
    "test__n_fold_i2t_recall_10": 85.71428571428571,
    "test__n_fold_i2t_rsum": 189.71428571428572,
    "test__n_fold_i2t_medr": 3.0,
    "test__n_fold_i2t_meanr": 5.137142857142857,
    "test__n_fold_t2i_recall_1": 25.142857142857142,
    "test__n_fold_t2i_recall_5": 72.0,
    "test__n_fold_t2i_recall_10": 82.28571428571429,
    "test__n_fold_t2i_rsum": 179.42857142857144,
    "test__n_fold_t2i_medr": 3.0,
    "test__n_fold_t2i_meanr": 6.3028571428571425,
    "test__i2t_recall_1": 32.0,
    "test__i2t_recall_5": 72.0,
    "test__i2t_recall_10": 85.71428571428571,
    "test__i2t_rsum": 189.71428571428572,
    "test__i2t_medr": 3.0,
    "test__i2t_meanr": 5.137142857142857,
    "test__t2i_recall_1": 25.142857142857142,
    "test__t2i_recall_5": 72.0,
    "test__t2i_recall_10": 82.28571428571429,
    "test__t2i_rsum": 179.42857142857144,
    "test__t2i_medr": 3.0,
    "test__t2i_meanr": 6.3028571428571425
}
[2026-03-19 20:29:13] [Eval] Report @step: 16.00 {
    "test__rsum": 459.67741935483866,
    "test__medr": 2.0,
    "test__meanr": 7.35483870967742,
    "test__n_fold_i2t_recall_1": 61.29032258064516,
    "test__n_fold_i2t_recall_5": 87.09677419354838,
    "test__n_fold_i2t_recall_10": 91.93548387096774,
    "test__n_fold_i2t_rsum": 240.32258064516128,
    "test__n_fold_i2t_medr": 1.0,
    "test__n_fold_i2t_meanr": 2.935483870967742,
    "test__n_fold_t2i_recall_1": 50.0,
    "test__n_fold_t2i_recall_5": 82.25806451612904,
    "test__n_fold_t2i_recall_10": 87.09677419354838,
    "test__n_fold_t2i_rsum": 219.3548387096774,
    "test__n_fold_t2i_medr": 1.0,
    "test__n_fold_t2i_meanr": 4.419354838709678,
    "test__i2t_recall_1": 61.29032258064516,
    "test__i2t_recall_5": 87.09677419354838,
    "test__i2t_recall_10": 91.93548387096774,
    "test__i2t_rsum": 240.32258064516128,
    "test__i2t_medr": 1.0,
    "test__i2t_meanr": 2.935483870967742,
    "test__t2i_recall_1": 50.0,
    "test__t2i_recall_5": 82.25806451612904,
    "test__t2i_recall_10": 87.09677419354838,
    "test__t2i_rsum": 219.3548387096774,
    "test__t2i_medr": 1.0,
    "test__t2i_meanr": 4.419354838709678
}
[2026-03-19 20:29:50] [Eval] Report @step: 16.00 {
    "test__rsum": 385.3820598006645,
    "test__medr": 5.0,
    "test__meanr": 15.438538205980066,
    "test__n_fold_i2t_recall_1": 28.571428571428573,
    "test__n_fold_i2t_recall_5": 80.39867109634551,
    "test__n_fold_i2t_recall_10": 90.69767441860465,
    "test__n_fold_i2t_rsum": 199.66777408637873,
    "test__n_fold_i2t_medr": 3.0,
    "test__n_fold_i2t_meanr": 5.6843853820598005,
    "test__n_fold_t2i_recall_1": 41.52823920265781,
    "test__n_fold_t2i_recall_5": 68.10631229235881,
    "test__n_fold_t2i_recall_10": 76.0797342192691,
    "test__n_fold_t2i_rsum": 185.71428571428572,
    "test__n_fold_t2i_medr": 2.0,
    "test__n_fold_t2i_meanr": 9.754152823920267,
    "test__i2t_recall_1": 28.571428571428573,
    "test__i2t_recall_5": 80.39867109634551,
    "test__i2t_recall_10": 90.69767441860465,
    "test__i2t_rsum": 199.66777408637873,
    "test__i2t_medr": 3.0,
    "test__i2t_meanr": 5.6843853820598005,
    "test__t2i_recall_1": 41.52823920265781,
    "test__t2i_recall_5": 68.10631229235881,
    "test__t2i_recall_10": 76.0797342192691,
    "test__t2i_rsum": 185.71428571428572,
    "test__t2i_medr": 2.0,
    "test__t2i_meanr": 9.754152823920267
}
[2026-03-19 20:30:27] [Eval] Report @step: 16.00 {
    "test__rsum": 405.13595166163145,
    "test__medr": 4.0,
    "test__meanr": 8.65558912386707,
    "test__n_fold_i2t_recall_1": 28.09667673716012,
    "test__n_fold_i2t_recall_5": 80.96676737160121,
    "test__n_fold_i2t_recall_10": 93.35347432024169,
    "test__n_fold_i2t_rsum": 202.41691842900303,
    "test__n_fold_i2t_medr": 2.0,
    "test__n_fold_i2t_meanr": 4.078549848942599,
    "test__n_fold_t2i_recall_1": 35.04531722054381,
    "test__n_fold_t2i_recall_5": 77.34138972809667,
    "test__n_fold_t2i_recall_10": 90.33232628398791,
    "test__n_fold_t2i_rsum": 202.7190332326284,
    "test__n_fold_t2i_medr": 2.0,
    "test__n_fold_t2i_meanr": 4.577039274924472,
    "test__i2t_recall_1": 28.09667673716012,
    "test__i2t_recall_5": 80.96676737160121,
    "test__i2t_recall_10": 93.35347432024169,
    "test__i2t_rsum": 202.41691842900303,
    "test__i2t_medr": 2.0,
    "test__i2t_meanr": 4.078549848942599,
    "test__t2i_recall_1": 35.04531722054381,
    "test__t2i_recall_5": 77.34138972809667,
    "test__t2i_recall_10": 90.33232628398791,
    "test__t2i_rsum": 202.7190332326284,
    "test__t2i_medr": 2.0,
    "test__t2i_meanr": 4.577039274924472
}
[2026-03-19 20:36:37] [Eval] Report @step: 16.00 {
    "test__rsum": 409.64125560538116,
    "test__medr": 3.0,
    "test__meanr": 14.321748878923767,
    "test__n_fold_i2t_recall_1": 53.026905829596416,
    "test__n_fold_i2t_recall_5": 74.66367713004485,
    "test__n_fold_i2t_recall_10": 86.32286995515695,
    "test__n_fold_i2t_rsum": 214.01345291479822,
    "test__n_fold_i2t_medr": 1.0,
    "test__n_fold_i2t_meanr": 5.896860986547085,
    "test__n_fold_t2i_recall_1": 38.34080717488789,
    "test__n_fold_t2i_recall_5": 73.99103139013452,
    "test__n_fold_t2i_recall_10": 83.29596412556054,
    "test__n_fold_t2i_rsum": 195.62780269058297,
    "test__n_fold_t2i_medr": 2.0,
    "test__n_fold_t2i_meanr": 8.424887892376681,
    "test__i2t_recall_1": 53.026905829596416,
    "test__i2t_recall_5": 74.66367713004485,
    "test__i2t_recall_10": 86.32286995515695,
    "test__i2t_rsum": 214.01345291479822,
    "test__i2t_medr": 1.0,
    "test__i2t_meanr": 5.896860986547085,
    "test__t2i_recall_1": 38.34080717488789,
    "test__t2i_recall_5": 73.99103139013452,
    "test__t2i_recall_10": 83.29596412556054,
    "test__t2i_rsum": 195.62780269058297,
    "test__t2i_medr": 2.0,
    "test__t2i_meanr": 8.424887892376681
}
[2026-03-19 20:36:46] [Eval] Report @step: 16.00 {
    "test__rsum": 369.14285714285717,
    "test__medr": 6.0,
    "test__meanr": 11.44,
    "test__n_fold_i2t_recall_1": 32.0,
    "test__n_fold_i2t_recall_5": 72.0,
    "test__n_fold_i2t_recall_10": 85.71428571428571,
    "test__n_fold_i2t_rsum": 189.71428571428572,
    "test__n_fold_i2t_medr": 3.0,
    "test__n_fold_i2t_meanr": 5.137142857142857,
    "test__n_fold_t2i_recall_1": 25.142857142857142,
    "test__n_fold_t2i_recall_5": 72.0,
    "test__n_fold_t2i_recall_10": 82.28571428571429,
    "test__n_fold_t2i_rsum": 179.42857142857144,
    "test__n_fold_t2i_medr": 3.0,
    "test__n_fold_t2i_meanr": 6.3028571428571425,
    "test__i2t_recall_1": 32.0,
    "test__i2t_recall_5": 72.0,
    "test__i2t_recall_10": 85.71428571428571,
    "test__i2t_rsum": 189.71428571428572,
    "test__i2t_medr": 3.0,
    "test__i2t_meanr": 5.137142857142857,
    "test__t2i_recall_1": 25.142857142857142,
    "test__t2i_recall_5": 72.0,
    "test__t2i_recall_10": 82.28571428571429,
    "test__t2i_rsum": 179.42857142857144,
    "test__t2i_medr": 3.0,
    "test__t2i_meanr": 6.3028571428571425
}
[2026-03-19 20:36:48] [Eval] Report @step: 16.00 {
    "test__rsum": 459.67741935483866,
    "test__medr": 2.0,
    "test__meanr": 7.35483870967742,
    "test__n_fold_i2t_recall_1": 61.29032258064516,
    "test__n_fold_i2t_recall_5": 87.09677419354838,
    "test__n_fold_i2t_recall_10": 91.93548387096774,
    "test__n_fold_i2t_rsum": 240.32258064516128,
    "test__n_fold_i2t_medr": 1.0,
    "test__n_fold_i2t_meanr": 2.935483870967742,
    "test__n_fold_t2i_recall_1": 50.0,
    "test__n_fold_t2i_recall_5": 82.25806451612904,
    "test__n_fold_t2i_recall_10": 87.09677419354838,
    "test__n_fold_t2i_rsum": 219.3548387096774,
    "test__n_fold_t2i_medr": 1.0,
    "test__n_fold_t2i_meanr": 4.419354838709678,
    "test__i2t_recall_1": 61.29032258064516,
    "test__i2t_recall_5": 87.09677419354838,
    "test__i2t_recall_10": 91.93548387096774,
    "test__i2t_rsum": 240.32258064516128,
    "test__i2t_medr": 1.0,
    "test__i2t_meanr": 2.935483870967742,
    "test__t2i_recall_1": 50.0,
    "test__t2i_recall_5": 82.25806451612904,
    "test__t2i_recall_10": 87.09677419354838,
    "test__t2i_rsum": 219.3548387096774,
    "test__t2i_medr": 1.0,
    "test__t2i_meanr": 4.419354838709678
}
[2026-03-19 20:37:24] [Eval] Report @step: 16.00 {
    "test__rsum": 389.7009966777409,
    "test__medr": 5.0,
    "test__meanr": 10.877076411960132,
    "test__n_fold_i2t_recall_1": 26.578073089700997,
    "test__n_fold_i2t_recall_5": 77.40863787375416,
    "test__n_fold_i2t_recall_10": 86.04651162790698,
    "test__n_fold_i2t_rsum": 190.03322259136212,
    "test__n_fold_i2t_medr": 3.0,
    "test__n_fold_i2t_meanr": 6.4186046511627906,
    "test__n_fold_t2i_recall_1": 28.571428571428573,
    "test__n_fold_t2i_recall_5": 77.40863787375416,
    "test__n_fold_t2i_recall_10": 93.68770764119601,
    "test__n_fold_t2i_rsum": 199.66777408637876,
    "test__n_fold_t2i_medr": 2.0,
    "test__n_fold_t2i_meanr": 4.458471760797343,
    "test__i2t_recall_1": 26.578073089700997,
    "test__i2t_recall_5": 77.40863787375416,
    "test__i2t_recall_10": 86.04651162790698,
    "test__i2t_rsum": 190.03322259136212,
    "test__i2t_medr": 3.0,
    "test__i2t_meanr": 6.4186046511627906,
    "test__t2i_recall_1": 28.571428571428573,
    "test__t2i_recall_5": 77.40863787375416,
    "test__t2i_recall_10": 93.68770764119601,
    "test__t2i_rsum": 199.66777408637876,
    "test__t2i_medr": 2.0,
    "test__t2i_meanr": 4.458471760797343
}
[2026-03-19 20:38:05] [Eval] Report @step: 16.00 {
    "test__rsum": 382.77945619335344,
    "test__medr": 5.0,
    "test__meanr": 10.81570996978852,
    "test__n_fold_i2t_recall_1": 26.88821752265861,
    "test__n_fold_i2t_recall_5": 70.69486404833837,
    "test__n_fold_i2t_recall_10": 87.61329305135952,
    "test__n_fold_i2t_rsum": 185.1963746223565,
    "test__n_fold_i2t_medr": 3.0,
    "test__n_fold_i2t_meanr": 5.290030211480363,
    "test__n_fold_t2i_recall_1": 36.5558912386707,
    "test__n_fold_t2i_recall_5": 74.92447129909365,
    "test__n_fold_t2i_recall_10": 86.10271903323263,
    "test__n_fold_t2i_rsum": 197.58308157099697,
    "test__n_fold_t2i_medr": 2.0,
    "test__n_fold_t2i_meanr": 5.525679758308157,
    "test__i2t_recall_1": 26.88821752265861,
    "test__i2t_recall_5": 70.69486404833837,
    "test__i2t_recall_10": 87.61329305135952,
    "test__i2t_rsum": 185.1963746223565,
    "test__i2t_medr": 3.0,
    "test__i2t_meanr": 5.290030211480363,
    "test__t2i_recall_1": 36.5558912386707,
    "test__t2i_recall_5": 74.92447129909365,
    "test__t2i_recall_10": 86.10271903323263,
    "test__t2i_rsum": 197.58308157099697,
    "test__t2i_medr": 2.0,
    "test__t2i_meanr": 5.525679758308157
}
[2026-03-19 20:44:12] [Eval] Report @step: 16.00 {
    "test__rsum": 417.82511210762334,
    "test__medr": 3.0,
    "test__meanr": 9.658071748878923,
    "test__n_fold_i2t_recall_1": 24.2152466367713,
    "test__n_fold_i2t_recall_5": 86.88340807174887,
    "test__n_fold_i2t_recall_10": 94.73094170403587,
    "test__n_fold_i2t_rsum": 205.82959641255604,
    "test__n_fold_i2t_medr": 2.0,
    "test__n_fold_i2t_meanr": 3.4002242152466366,
    "test__n_fold_t2i_recall_1": 53.25112107623318,
    "test__n_fold_t2i_recall_5": 75.22421524663677,
    "test__n_fold_t2i_recall_10": 83.5201793721973,
    "test__n_fold_t2i_rsum": 211.99551569506727,
    "test__n_fold_t2i_medr": 1.0,
    "test__n_fold_t2i_meanr": 6.257847533632287,
    "test__i2t_recall_1": 24.2152466367713,
    "test__i2t_recall_5": 86.88340807174887,
    "test__i2t_recall_10": 94.73094170403587,
    "test__i2t_rsum": 205.82959641255604,
    "test__i2t_medr": 2.0,
    "test__i2t_meanr": 3.4002242152466366,
    "test__t2i_recall_1": 53.25112107623318,
    "test__t2i_recall_5": 75.22421524663677,
    "test__t2i_recall_10": 83.5201793721973,
    "test__t2i_rsum": 211.99551569506727,
    "test__t2i_medr": 1.0,
    "test__t2i_meanr": 6.257847533632287
}
[2026-03-19 20:44:18] [Eval] Report @step: 16.00 {
    "test__rsum": 270.8571428571429,
    "test__medr": 13.0,
    "test__meanr": 17.82857142857143,
    "test__n_fold_i2t_recall_1": 25.142857142857142,
    "test__n_fold_i2t_recall_5": 52.0,
    "test__n_fold_i2t_recall_10": 61.714285714285715,
    "test__n_fold_i2t_rsum": 138.85714285714286,
    "test__n_fold_i2t_medr": 5.0,
    "test__n_fold_i2t_meanr": 10.302857142857142,
    "test__n_fold_t2i_recall_1": 14.285714285714286,
    "test__n_fold_t2i_recall_5": 33.714285714285715,
    "test__n_fold_t2i_recall_10": 84.0,
    "test__n_fold_t2i_rsum": 132.0,
    "test__n_fold_t2i_medr": 8.0,
    "test__n_fold_t2i_meanr": 7.525714285714286,
    "test__i2t_recall_1": 25.142857142857142,
    "test__i2t_recall_5": 52.0,
    "test__i2t_recall_10": 61.714285714285715,
    "test__i2t_rsum": 138.85714285714286,
    "test__i2t_medr": 5.0,
    "test__i2t_meanr": 10.302857142857142,
    "test__t2i_recall_1": 14.285714285714286,
    "test__t2i_recall_5": 33.714285714285715,
    "test__t2i_recall_10": 84.0,
    "test__t2i_rsum": 132.0,
    "test__t2i_medr": 8.0,
    "test__t2i_meanr": 7.525714285714286
}
[2026-03-19 20:44:21] [Eval] Report @step: 16.00 {
    "test__rsum": 398.38709677419354,
    "test__medr": 3.0,
    "test__meanr": 8.725806451612904,
    "test__n_fold_i2t_recall_1": 56.45161290322581,
    "test__n_fold_i2t_recall_5": 56.45161290322581,
    "test__n_fold_i2t_recall_10": 85.48387096774194,
    "test__n_fold_i2t_rsum": 198.38709677419354,
    "test__n_fold_i2t_medr": 1.0,
    "test__n_fold_i2t_meanr": 5.338709677419355,
    "test__n_fold_t2i_recall_1": 17.741935483870968,
    "test__n_fold_t2i_recall_5": 87.09677419354838,
    "test__n_fold_t2i_recall_10": 95.16129032258064,
    "test__n_fold_t2i_rsum": 200.0,
    "test__n_fold_t2i_medr": 2.0,
    "test__n_fold_t2i_meanr": 3.3870967741935485,
    "test__i2t_recall_1": 56.45161290322581,
    "test__i2t_recall_5": 56.45161290322581,
    "test__i2t_recall_10": 85.48387096774194,
    "test__i2t_rsum": 198.38709677419354,
    "test__i2t_medr": 1.0,
    "test__i2t_meanr": 5.338709677419355,
    "test__t2i_recall_1": 17.741935483870968,
    "test__t2i_recall_5": 87.09677419354838,
    "test__t2i_recall_10": 95.16129032258064,
    "test__t2i_rsum": 200.0,
    "test__t2i_medr": 2.0,
    "test__t2i_meanr": 3.3870967741935485
}
[2026-03-19 20:44:55] [Eval] Report @step: 16.00 {
    "test__rsum": 389.7009966777409,
    "test__medr": 5.0,
    "test__meanr": 10.877076411960132,
    "test__n_fold_i2t_recall_1": 26.578073089700997,
    "test__n_fold_i2t_recall_5": 77.40863787375416,
    "test__n_fold_i2t_recall_10": 86.04651162790698,
    "test__n_fold_i2t_rsum": 190.03322259136212,
    "test__n_fold_i2t_medr": 3.0,
    "test__n_fold_i2t_meanr": 6.4186046511627906,
    "test__n_fold_t2i_recall_1": 28.571428571428573,
    "test__n_fold_t2i_recall_5": 77.40863787375416,
    "test__n_fold_t2i_recall_10": 93.68770764119601,
    "test__n_fold_t2i_rsum": 199.66777408637876,
    "test__n_fold_t2i_medr": 2.0,
    "test__n_fold_t2i_meanr": 4.458471760797343,
    "test__i2t_recall_1": 26.578073089700997,
    "test__i2t_recall_5": 77.40863787375416,
    "test__i2t_recall_10": 86.04651162790698,
    "test__i2t_rsum": 190.03322259136212,
    "test__i2t_medr": 3.0,
    "test__i2t_meanr": 6.4186046511627906,
    "test__t2i_recall_1": 28.571428571428573,
    "test__t2i_recall_5": 77.40863787375416,
    "test__t2i_recall_10": 93.68770764119601,
    "test__t2i_rsum": 199.66777408637876,
    "test__t2i_medr": 2.0,
    "test__t2i_meanr": 4.458471760797343
}
[2026-03-19 20:45:34] [Eval] Report @step: 16.00 {
    "test__rsum": 382.77945619335344,
    "test__medr": 5.0,
    "test__meanr": 10.81570996978852,
    "test__n_fold_i2t_recall_1": 26.88821752265861,
    "test__n_fold_i2t_recall_5": 70.69486404833837,
    "test__n_fold_i2t_recall_10": 87.61329305135952,
    "test__n_fold_i2t_rsum": 185.1963746223565,
    "test__n_fold_i2t_medr": 3.0,
    "test__n_fold_i2t_meanr": 5.290030211480363,
    "test__n_fold_t2i_recall_1": 36.5558912386707,
    "test__n_fold_t2i_recall_5": 74.92447129909365,
    "test__n_fold_t2i_recall_10": 86.10271903323263,
    "test__n_fold_t2i_rsum": 197.58308157099697,
    "test__n_fold_t2i_medr": 2.0,
    "test__n_fold_t2i_meanr": 5.525679758308157,
    "test__i2t_recall_1": 26.88821752265861,
    "test__i2t_recall_5": 70.69486404833837,
    "test__i2t_recall_10": 87.61329305135952,
    "test__i2t_rsum": 185.1963746223565,
    "test__i2t_medr": 3.0,
    "test__i2t_meanr": 5.290030211480363,
    "test__t2i_recall_1": 36.5558912386707,
    "test__t2i_recall_5": 74.92447129909365,
    "test__t2i_recall_10": 86.10271903323263,
    "test__t2i_rsum": 197.58308157099697,
    "test__t2i_medr": 2.0,
    "test__t2i_meanr": 5.525679758308157
}
[2026-03-19 20:51:43] [Eval] Report @step: 16.00 {
    "test__rsum": 417.82511210762334,
    "test__medr": 3.0,
    "test__meanr": 9.658071748878923,
    "test__n_fold_i2t_recall_1": 24.2152466367713,
    "test__n_fold_i2t_recall_5": 86.88340807174887,
    "test__n_fold_i2t_recall_10": 94.73094170403587,
    "test__n_fold_i2t_rsum": 205.82959641255604,
    "test__n_fold_i2t_medr": 2.0,
    "test__n_fold_i2t_meanr": 3.4002242152466366,
    "test__n_fold_t2i_recall_1": 53.25112107623318,
    "test__n_fold_t2i_recall_5": 75.22421524663677,
    "test__n_fold_t2i_recall_10": 83.5201793721973,
    "test__n_fold_t2i_rsum": 211.99551569506727,
    "test__n_fold_t2i_medr": 1.0,
    "test__n_fold_t2i_meanr": 6.257847533632287,
    "test__i2t_recall_1": 24.2152466367713,
    "test__i2t_recall_5": 86.88340807174887,
    "test__i2t_recall_10": 94.73094170403587,
    "test__i2t_rsum": 205.82959641255604,
    "test__i2t_medr": 2.0,
    "test__i2t_meanr": 3.4002242152466366,
    "test__t2i_recall_1": 53.25112107623318,
    "test__t2i_recall_5": 75.22421524663677,
    "test__t2i_recall_10": 83.5201793721973,
    "test__t2i_rsum": 211.99551569506727,
    "test__t2i_medr": 1.0,
    "test__t2i_meanr": 6.257847533632287
}
[2026-03-19 20:51:51] [Eval] Report @step: 16.00 {
    "test__rsum": 270.8571428571429,
    "test__medr": 13.0,
    "test__meanr": 17.82857142857143,
    "test__n_fold_i2t_recall_1": 25.142857142857142,
    "test__n_fold_i2t_recall_5": 52.0,
    "test__n_fold_i2t_recall_10": 61.714285714285715,
    "test__n_fold_i2t_rsum": 138.85714285714286,
    "test__n_fold_i2t_medr": 5.0,
    "test__n_fold_i2t_meanr": 10.302857142857142,
    "test__n_fold_t2i_recall_1": 14.285714285714286,
    "test__n_fold_t2i_recall_5": 33.714285714285715,
    "test__n_fold_t2i_recall_10": 84.0,
    "test__n_fold_t2i_rsum": 132.0,
    "test__n_fold_t2i_medr": 8.0,
    "test__n_fold_t2i_meanr": 7.525714285714286,
    "test__i2t_recall_1": 25.142857142857142,
    "test__i2t_recall_5": 52.0,
    "test__i2t_recall_10": 61.714285714285715,
    "test__i2t_rsum": 138.85714285714286,
    "test__i2t_medr": 5.0,
    "test__i2t_meanr": 10.302857142857142,
    "test__t2i_recall_1": 14.285714285714286,
    "test__t2i_recall_5": 33.714285714285715,
    "test__t2i_recall_10": 84.0,
    "test__t2i_rsum": 132.0,
    "test__t2i_medr": 8.0,
    "test__t2i_meanr": 7.525714285714286
}
[2026-03-19 20:51:54] [Eval] Report @step: 16.00 {
    "test__rsum": 398.38709677419354,
    "test__medr": 3.0,
    "test__meanr": 8.725806451612904,
    "test__n_fold_i2t_recall_1": 56.45161290322581,
    "test__n_fold_i2t_recall_5": 56.45161290322581,
    "test__n_fold_i2t_recall_10": 85.48387096774194,
    "test__n_fold_i2t_rsum": 198.38709677419354,
    "test__n_fold_i2t_medr": 1.0,
    "test__n_fold_i2t_meanr": 5.338709677419355,
    "test__n_fold_t2i_recall_1": 17.741935483870968,
    "test__n_fold_t2i_recall_5": 87.09677419354838,
    "test__n_fold_t2i_recall_10": 95.16129032258064,
    "test__n_fold_t2i_rsum": 200.0,
    "test__n_fold_t2i_medr": 2.0,
    "test__n_fold_t2i_meanr": 3.3870967741935485,
    "test__i2t_recall_1": 56.45161290322581,
    "test__i2t_recall_5": 56.45161290322581,
    "test__i2t_recall_10": 85.48387096774194,
    "test__i2t_rsum": 198.38709677419354,
    "test__i2t_medr": 1.0,
    "test__i2t_meanr": 5.338709677419355,
    "test__t2i_recall_1": 17.741935483870968,
    "test__t2i_recall_5": 87.09677419354838,
    "test__t2i_recall_10": 95.16129032258064,
    "test__t2i_rsum": 200.0,
    "test__t2i_medr": 2.0,
    "test__t2i_meanr": 3.3870967741935485
}
[2026-03-19 20:51:54] Round 17!
[2026-03-19 20:51:54] Harmony enters stage2 at round 17.
[2026-03-19 20:51:54] Training Client 10!
[2026-03-19 20:51:54] Epoch 17
[2026-03-19 20:51:55] Training Client 11!
[2026-03-19 20:51:55] Epoch 17
[2026-03-19 20:51:57] Training Client 12!
[2026-03-19 20:51:57] Epoch 17
[2026-03-19 20:51:58] Training Client 13!
[2026-03-19 20:51:58] Epoch 17
[2026-03-19 20:51:58] Skip local epoch for client 3: train loader has no full batch
[2026-03-19 20:51:59] Training Client 14!
[2026-03-19 20:51:59] Epoch 17
[2026-03-19 20:51:59] Skip local epoch for client 4: train loader has no full batch
[2026-03-19 20:51:59] Harmony stage2 clustering round 17: labels=[1, 0, 0, 1, 1], discrepancies=[[0.026562126353383064, 0.023074254393577576], [0.8000564575195312, 0.8228908777236938], [1.0, 1.0], [0.009882066398859024, 0.008872807025909424], [0.009882066398859024, 0.008872807025909424]]
[2026-03-19 20:51:59] TEST:  Epoch: [10] image	Prec@1 37.778 (41.196)	Prec@5 88.889 (88.704)
[2026-03-19 20:51:59] TEST:  Epoch: [10] image	Prec@1 16.000 (13.595)	Prec@5 78.667 (76.133)
[2026-03-19 20:52:00] TEST:  Epoch: [10] image	Prec@1 60.484 (53.251)	Prec@5 98.387 (98.767)
[2026-03-19 20:52:00] TEST:  Epoch: [10] image	Prec@1 20.000 (20.000)	Prec@5 89.714 (89.714)
[2026-03-19 20:52:00] TEST:  Epoch: [10] image	Prec@1 56.452 (56.452)	Prec@5 74.194 (74.194)
[2026-03-19 20:52:00] TEST:  Epoch: [10] text	Prec@1 0.000 (0.000)	Prec@5 11.111 (15.282)
[2026-03-19 20:52:00] TEST:  Epoch: [10] text	Prec@1 30.667 (32.931)	Prec@5 94.667 (93.656)
[2026-03-19 20:52:01] TEST:  Epoch: [10] text	Prec@1 60.484 (53.251)	Prec@5 98.387 (98.767)
[2026-03-19 20:52:01] TEST:  Epoch: [10] text	Prec@1 20.000 (20.000)	Prec@5 48.571 (48.571)
[2026-03-19 20:52:01] TEST:  Epoch: [10] text	Prec@1 0.000 (0.000)	Prec@5 0.000 (0.000)
[2026-03-19 20:52:32] [Eval] Report @step: 17.00 {
    "test__rsum": 393.3554817275748,
    "test__medr": 6.0,
    "test__meanr": 9.581395348837209,
    "test__n_fold_i2t_recall_1": 27.906976744186046,
    "test__n_fold_i2t_recall_5": 78.07308970099668,
    "test__n_fold_i2t_recall_10": 87.04318936877077,
    "test__n_fold_i2t_rsum": 193.02325581395348,
    "test__n_fold_i2t_medr": 3.0,
    "test__n_fold_i2t_meanr": 5.282392026578073,
    "test__n_fold_t2i_recall_1": 24.916943521594686,
    "test__n_fold_t2i_recall_5": 82.05980066445183,
    "test__n_fold_t2i_recall_10": 93.35548172757476,
    "test__n_fold_t2i_rsum": 200.33222591362127,
    "test__n_fold_t2i_medr": 3.0,
    "test__n_fold_t2i_meanr": 4.299003322259136,
    "test__i2t_recall_1": 27.906976744186046,
    "test__i2t_recall_5": 78.07308970099668,
    "test__i2t_recall_10": 87.04318936877077,
    "test__i2t_rsum": 193.02325581395348,
    "test__i2t_medr": 3.0,
    "test__i2t_meanr": 5.282392026578073,
    "test__t2i_recall_1": 24.916943521594686,
    "test__t2i_recall_5": 82.05980066445183,
    "test__t2i_recall_10": 93.35548172757476,
    "test__t2i_rsum": 200.33222591362127,
    "test__t2i_medr": 3.0,
    "test__t2i_meanr": 4.299003322259136
}
[2026-03-19 20:53:08] [Eval] Report @step: 17.00 {
    "test__rsum": 392.4471299093656,
    "test__medr": 5.0,
    "test__meanr": 10.453172205438065,
    "test__n_fold_i2t_recall_1": 26.88821752265861,
    "test__n_fold_i2t_recall_5": 75.52870090634441,
    "test__n_fold_i2t_recall_10": 87.91540785498489,
    "test__n_fold_i2t_rsum": 190.33232628398792,
    "test__n_fold_i2t_medr": 3.0,
    "test__n_fold_i2t_meanr": 5.1782477341389725,
    "test__n_fold_t2i_recall_1": 34.13897280966767,
    "test__n_fold_t2i_recall_5": 78.54984894259819,
    "test__n_fold_t2i_recall_10": 89.42598187311178,
    "test__n_fold_t2i_rsum": 202.11480362537765,
    "test__n_fold_t2i_medr": 2.0,
    "test__n_fold_t2i_meanr": 5.2749244712990935,
    "test__i2t_recall_1": 26.88821752265861,
    "test__i2t_recall_5": 75.52870090634441,
    "test__i2t_recall_10": 87.91540785498489,
    "test__i2t_rsum": 190.33232628398792,
    "test__i2t_medr": 3.0,
    "test__i2t_meanr": 5.1782477341389725,
    "test__t2i_recall_1": 34.13897280966767,
    "test__t2i_recall_5": 78.54984894259819,
    "test__t2i_recall_10": 89.42598187311178,
    "test__t2i_rsum": 202.11480362537765,
    "test__t2i_medr": 2.0,
    "test__t2i_meanr": 5.2749244712990935
}
[2026-03-19 20:59:28] [Eval] Report @step: 17.00 {
    "test__rsum": 418.609865470852,
    "test__medr": 3.0,
    "test__meanr": 10.302690582959642,
    "test__n_fold_i2t_recall_1": 25.56053811659193,
    "test__n_fold_i2t_recall_5": 84.75336322869956,
    "test__n_fold_i2t_recall_10": 94.39461883408072,
    "test__n_fold_i2t_rsum": 204.70852017937221,
    "test__n_fold_i2t_medr": 2.0,
    "test__n_fold_i2t_meanr": 3.632286995515695,
    "test__n_fold_t2i_recall_1": 54.26008968609865,
    "test__n_fold_t2i_recall_5": 75.22421524663677,
    "test__n_fold_t2i_recall_10": 84.4170403587444,
    "test__n_fold_t2i_rsum": 213.90134529147983,
    "test__n_fold_t2i_medr": 1.0,
    "test__n_fold_t2i_meanr": 6.670403587443946,
    "test__i2t_recall_1": 25.56053811659193,
    "test__i2t_recall_5": 84.75336322869956,
    "test__i2t_recall_10": 94.39461883408072,
    "test__i2t_rsum": 204.70852017937221,
    "test__i2t_medr": 2.0,
    "test__i2t_meanr": 3.632286995515695,
    "test__t2i_recall_1": 54.26008968609865,
    "test__t2i_recall_5": 75.22421524663677,
    "test__t2i_recall_10": 84.4170403587444,
    "test__t2i_rsum": 213.90134529147983,
    "test__t2i_medr": 1.0,
    "test__t2i_meanr": 6.670403587443946
}
[2026-03-19 20:59:38] [Eval] Report @step: 17.00 {
    "test__rsum": 272.57142857142856,
    "test__medr": 13.0,
    "test__meanr": 17.537142857142857,
    "test__n_fold_i2t_recall_1": 24.571428571428573,
    "test__n_fold_i2t_recall_5": 51.42857142857143,
    "test__n_fold_i2t_recall_10": 63.42857142857143,
    "test__n_fold_i2t_rsum": 139.42857142857144,
    "test__n_fold_i2t_medr": 5.0,
    "test__n_fold_i2t_meanr": 9.925714285714285,
    "test__n_fold_t2i_recall_1": 13.714285714285714,
    "test__n_fold_t2i_recall_5": 36.57142857142857,
    "test__n_fold_t2i_recall_10": 82.85714285714286,
    "test__n_fold_t2i_rsum": 133.14285714285714,
    "test__n_fold_t2i_medr": 8.0,
    "test__n_fold_t2i_meanr": 7.611428571428571,
    "test__i2t_recall_1": 24.571428571428573,
    "test__i2t_recall_5": 51.42857142857143,
    "test__i2t_recall_10": 63.42857142857143,
    "test__i2t_rsum": 139.42857142857144,
    "test__i2t_medr": 5.0,
    "test__i2t_meanr": 9.925714285714285,
    "test__t2i_recall_1": 13.714285714285714,
    "test__t2i_recall_5": 36.57142857142857,
    "test__t2i_recall_10": 82.85714285714286,
    "test__t2i_rsum": 133.14285714285714,
    "test__t2i_medr": 8.0,
    "test__t2i_meanr": 7.611428571428571
}
[2026-03-19 20:59:39] [Eval] Report @step: 17.00 {
    "test__rsum": 390.3225806451613,
    "test__medr": 3.0,
    "test__meanr": 8.70967741935484,
    "test__n_fold_i2t_recall_1": 56.45161290322581,
    "test__n_fold_i2t_recall_5": 58.064516129032256,
    "test__n_fold_i2t_recall_10": 85.48387096774194,
    "test__n_fold_i2t_rsum": 200.0,
    "test__n_fold_i2t_medr": 1.0,
    "test__n_fold_i2t_meanr": 5.17741935483871,
    "test__n_fold_t2i_recall_1": 11.290322580645162,
    "test__n_fold_t2i_recall_5": 83.87096774193549,
    "test__n_fold_t2i_recall_10": 95.16129032258064,
    "test__n_fold_t2i_rsum": 190.32258064516128,
    "test__n_fold_t2i_medr": 2.0,
    "test__n_fold_t2i_meanr": 3.532258064516129,
    "test__i2t_recall_1": 56.45161290322581,
    "test__i2t_recall_5": 58.064516129032256,
    "test__i2t_recall_10": 85.48387096774194,
    "test__i2t_rsum": 200.0,
    "test__i2t_medr": 1.0,
    "test__i2t_meanr": 5.17741935483871,
    "test__t2i_recall_1": 11.290322580645162,
    "test__t2i_recall_5": 83.87096774193549,
    "test__t2i_recall_10": 95.16129032258064,
    "test__t2i_rsum": 190.32258064516128,
    "test__t2i_medr": 2.0,
    "test__t2i_meanr": 3.532258064516129
}
[2026-03-19 21:00:13] [Eval] Report @step: 17.00 {
    "test__rsum": 407.30897009966776,
    "test__medr": 4.0,
    "test__meanr": 12.401993355481727,
    "test__n_fold_i2t_recall_1": 48.50498338870432,
    "test__n_fold_i2t_recall_5": 83.38870431893687,
    "test__n_fold_i2t_recall_10": 92.35880398671097,
    "test__n_fold_i2t_rsum": 224.25249169435216,
    "test__n_fold_i2t_medr": 2.0,
    "test__n_fold_i2t_meanr": 3.877076411960133,
    "test__n_fold_t2i_recall_1": 43.85382059800664,
    "test__n_fold_t2i_recall_5": 65.78073089700996,
    "test__n_fold_t2i_recall_10": 73.421926910299,
    "test__n_fold_t2i_rsum": 183.0564784053156,
    "test__n_fold_t2i_medr": 2.0,
    "test__n_fold_t2i_meanr": 8.524916943521594,
    "test__i2t_recall_1": 48.50498338870432,
    "test__i2t_recall_5": 83.38870431893687,
    "test__i2t_recall_10": 92.35880398671097,
    "test__i2t_rsum": 224.25249169435216,
    "test__i2t_medr": 2.0,
    "test__i2t_meanr": 3.877076411960133,
    "test__t2i_recall_1": 43.85382059800664,
    "test__t2i_recall_5": 65.78073089700996,
    "test__t2i_recall_10": 73.421926910299,
    "test__t2i_rsum": 183.0564784053156,
    "test__t2i_medr": 2.0,
    "test__t2i_meanr": 8.524916943521594
}
[2026-03-19 21:00:49] [Eval] Report @step: 17.00 {
    "test__rsum": 423.26283987915406,
    "test__medr": 4.0,
    "test__meanr": 7.83987915407855,
    "test__n_fold_i2t_recall_1": 38.066465256797585,
    "test__n_fold_i2t_recall_5": 78.24773413897282,
    "test__n_fold_i2t_recall_10": 90.03021148036254,
    "test__n_fold_i2t_rsum": 206.34441087613294,
    "test__n_fold_i2t_medr": 2.0,
    "test__n_fold_i2t_meanr": 4.126888217522659,
    "test__n_fold_t2i_recall_1": 41.389728096676734,
    "test__n_fold_t2i_recall_5": 81.57099697885197,
    "test__n_fold_t2i_recall_10": 93.95770392749245,
    "test__n_fold_t2i_rsum": 216.91842900302115,
    "test__n_fold_t2i_medr": 2.0,
    "test__n_fold_t2i_meanr": 3.712990936555891,
    "test__i2t_recall_1": 38.066465256797585,
    "test__i2t_recall_5": 78.24773413897282,
    "test__i2t_recall_10": 90.03021148036254,
    "test__i2t_rsum": 206.34441087613294,
    "test__i2t_medr": 2.0,
    "test__i2t_meanr": 4.126888217522659,
    "test__t2i_recall_1": 41.389728096676734,
    "test__t2i_recall_5": 81.57099697885197,
    "test__t2i_recall_10": 93.95770392749245,
    "test__t2i_rsum": 216.91842900302115,
    "test__t2i_medr": 2.0,
    "test__t2i_meanr": 3.712990936555891
}
[2026-03-19 21:06:51] [Eval] Report @step: 17.00 {
    "test__rsum": 407.84753363228697,
    "test__medr": 3.0,
    "test__meanr": 11.960762331838565,
    "test__n_fold_i2t_recall_1": 50.44843049327354,
    "test__n_fold_i2t_recall_5": 76.00896860986548,
    "test__n_fold_i2t_recall_10": 85.42600896860986,
    "test__n_fold_i2t_rsum": 211.88340807174887,
    "test__n_fold_i2t_medr": 1.0,
    "test__n_fold_i2t_meanr": 5.281390134529148,
    "test__n_fold_t2i_recall_1": 37.44394618834081,
    "test__n_fold_t2i_recall_5": 74.2152466367713,
    "test__n_fold_t2i_recall_10": 84.30493273542601,
    "test__n_fold_t2i_rsum": 195.96412556053812,
    "test__n_fold_t2i_medr": 2.0,
    "test__n_fold_t2i_meanr": 6.679372197309417,
    "test__i2t_recall_1": 50.44843049327354,
    "test__i2t_recall_5": 76.00896860986548,
    "test__i2t_recall_10": 85.42600896860986,
    "test__i2t_rsum": 211.88340807174887,
    "test__i2t_medr": 1.0,
    "test__i2t_meanr": 5.281390134529148,
    "test__t2i_recall_1": 37.44394618834081,
    "test__t2i_recall_5": 74.2152466367713,
    "test__t2i_recall_10": 84.30493273542601,
    "test__t2i_rsum": 195.96412556053812,
    "test__t2i_medr": 2.0,
    "test__t2i_meanr": 6.679372197309417
}
[2026-03-19 21:07:00] [Eval] Report @step: 17.00 {
    "test__rsum": 369.7142857142857,
    "test__medr": 5.0,
    "test__meanr": 11.36,
    "test__n_fold_i2t_recall_1": 31.428571428571427,
    "test__n_fold_i2t_recall_5": 72.0,
    "test__n_fold_i2t_recall_10": 82.28571428571429,
    "test__n_fold_i2t_rsum": 185.71428571428572,
    "test__n_fold_i2t_medr": 3.0,
    "test__n_fold_i2t_meanr": 5.508571428571429,
    "test__n_fold_t2i_recall_1": 32.57142857142857,
    "test__n_fold_t2i_recall_5": 69.14285714285714,
    "test__n_fold_t2i_recall_10": 82.28571428571429,
    "test__n_fold_t2i_rsum": 184.0,
    "test__n_fold_t2i_medr": 2.0,
    "test__n_fold_t2i_meanr": 5.851428571428571,
    "test__i2t_recall_1": 31.428571428571427,
    "test__i2t_recall_5": 72.0,
    "test__i2t_recall_10": 82.28571428571429,
    "test__i2t_rsum": 185.71428571428572,
    "test__i2t_medr": 3.0,
    "test__i2t_meanr": 5.508571428571429,
    "test__t2i_recall_1": 32.57142857142857,
    "test__t2i_recall_5": 69.14285714285714,
    "test__t2i_recall_10": 82.28571428571429,
    "test__t2i_rsum": 184.0,
    "test__t2i_medr": 2.0,
    "test__t2i_meanr": 5.851428571428571
}
[2026-03-19 21:07:00] [Eval] Report @step: 17.00 {
    "test__rsum": 464.51612903225805,
    "test__medr": 2.0,
    "test__meanr": 7.419354838709678,
    "test__n_fold_i2t_recall_1": 51.61290322580645,
    "test__n_fold_i2t_recall_5": 88.70967741935483,
    "test__n_fold_i2t_recall_10": 91.93548387096774,
    "test__n_fold_i2t_rsum": 232.25806451612902,
    "test__n_fold_i2t_medr": 1.0,
    "test__n_fold_i2t_meanr": 3.4516129032258065,
    "test__n_fold_t2i_recall_1": 61.29032258064516,
    "test__n_fold_t2i_recall_5": 83.87096774193549,
    "test__n_fold_t2i_recall_10": 87.09677419354838,
    "test__n_fold_t2i_rsum": 232.25806451612902,
    "test__n_fold_t2i_medr": 1.0,
    "test__n_fold_t2i_meanr": 3.967741935483871,
    "test__i2t_recall_1": 51.61290322580645,
    "test__i2t_recall_5": 88.70967741935483,
    "test__i2t_recall_10": 91.93548387096774,
    "test__i2t_rsum": 232.25806451612902,
    "test__i2t_medr": 1.0,
    "test__i2t_meanr": 3.4516129032258065,
    "test__t2i_recall_1": 61.29032258064516,
    "test__t2i_recall_5": 83.87096774193549,
    "test__t2i_recall_10": 87.09677419354838,
    "test__t2i_rsum": 232.25806451612902,
    "test__t2i_medr": 1.0,
    "test__t2i_meanr": 3.967741935483871
}
[2026-03-19 21:07:36] [Eval] Report @step: 17.00 {
    "test__rsum": 407.30897009966776,
    "test__medr": 4.0,
    "test__meanr": 12.401993355481727,
    "test__n_fold_i2t_recall_1": 48.50498338870432,
    "test__n_fold_i2t_recall_5": 83.38870431893687,
    "test__n_fold_i2t_recall_10": 92.35880398671097,
    "test__n_fold_i2t_rsum": 224.25249169435216,
    "test__n_fold_i2t_medr": 2.0,
    "test__n_fold_i2t_meanr": 3.877076411960133,
    "test__n_fold_t2i_recall_1": 43.85382059800664,
    "test__n_fold_t2i_recall_5": 65.78073089700996,
    "test__n_fold_t2i_recall_10": 73.421926910299,
    "test__n_fold_t2i_rsum": 183.0564784053156,
    "test__n_fold_t2i_medr": 2.0,
    "test__n_fold_t2i_meanr": 8.524916943521594,
    "test__i2t_recall_1": 48.50498338870432,
    "test__i2t_recall_5": 83.38870431893687,
    "test__i2t_recall_10": 92.35880398671097,
    "test__i2t_rsum": 224.25249169435216,
    "test__i2t_medr": 2.0,
    "test__i2t_meanr": 3.877076411960133,
    "test__t2i_recall_1": 43.85382059800664,
    "test__t2i_recall_5": 65.78073089700996,
    "test__t2i_recall_10": 73.421926910299,
    "test__t2i_rsum": 183.0564784053156,
    "test__t2i_medr": 2.0,
    "test__t2i_meanr": 8.524916943521594
}
[2026-03-19 21:08:17] [Eval] Report @step: 17.00 {
    "test__rsum": 423.26283987915406,
    "test__medr": 4.0,
    "test__meanr": 7.83987915407855,
    "test__n_fold_i2t_recall_1": 38.066465256797585,
    "test__n_fold_i2t_recall_5": 78.24773413897282,
    "test__n_fold_i2t_recall_10": 90.03021148036254,
    "test__n_fold_i2t_rsum": 206.34441087613294,
    "test__n_fold_i2t_medr": 2.0,
    "test__n_fold_i2t_meanr": 4.126888217522659,
    "test__n_fold_t2i_recall_1": 41.389728096676734,
    "test__n_fold_t2i_recall_5": 81.57099697885197,
    "test__n_fold_t2i_recall_10": 93.95770392749245,
    "test__n_fold_t2i_rsum": 216.91842900302115,
    "test__n_fold_t2i_medr": 2.0,
    "test__n_fold_t2i_meanr": 3.712990936555891,
    "test__i2t_recall_1": 38.066465256797585,
    "test__i2t_recall_5": 78.24773413897282,
    "test__i2t_recall_10": 90.03021148036254,
    "test__i2t_rsum": 206.34441087613294,
    "test__i2t_medr": 2.0,
    "test__i2t_meanr": 4.126888217522659,
    "test__t2i_recall_1": 41.389728096676734,
    "test__t2i_recall_5": 81.57099697885197,
    "test__t2i_recall_10": 93.95770392749245,
    "test__t2i_rsum": 216.91842900302115,
    "test__t2i_medr": 2.0,
    "test__t2i_meanr": 3.712990936555891
}
[2026-03-19 21:14:30] [Eval] Report @step: 17.00 {
    "test__rsum": 407.84753363228697,
    "test__medr": 3.0,
    "test__meanr": 11.960762331838565,
    "test__n_fold_i2t_recall_1": 50.44843049327354,
    "test__n_fold_i2t_recall_5": 76.00896860986548,
    "test__n_fold_i2t_recall_10": 85.42600896860986,
    "test__n_fold_i2t_rsum": 211.88340807174887,
    "test__n_fold_i2t_medr": 1.0,
    "test__n_fold_i2t_meanr": 5.281390134529148,
    "test__n_fold_t2i_recall_1": 37.44394618834081,
    "test__n_fold_t2i_recall_5": 74.2152466367713,
    "test__n_fold_t2i_recall_10": 84.30493273542601,
    "test__n_fold_t2i_rsum": 195.96412556053812,
    "test__n_fold_t2i_medr": 2.0,
    "test__n_fold_t2i_meanr": 6.679372197309417,
    "test__i2t_recall_1": 50.44843049327354,
    "test__i2t_recall_5": 76.00896860986548,
    "test__i2t_recall_10": 85.42600896860986,
    "test__i2t_rsum": 211.88340807174887,
    "test__i2t_medr": 1.0,
    "test__i2t_meanr": 5.281390134529148,
    "test__t2i_recall_1": 37.44394618834081,
    "test__t2i_recall_5": 74.2152466367713,
    "test__t2i_recall_10": 84.30493273542601,
    "test__t2i_rsum": 195.96412556053812,
    "test__t2i_medr": 2.0,
    "test__t2i_meanr": 6.679372197309417
}
[2026-03-19 21:14:35] [Eval] Report @step: 17.00 {
    "test__rsum": 369.7142857142857,
    "test__medr": 5.0,
    "test__meanr": 11.36,
    "test__n_fold_i2t_recall_1": 31.428571428571427,
    "test__n_fold_i2t_recall_5": 72.0,
    "test__n_fold_i2t_recall_10": 82.28571428571429,
    "test__n_fold_i2t_rsum": 185.71428571428572,
    "test__n_fold_i2t_medr": 3.0,
    "test__n_fold_i2t_meanr": 5.508571428571429,
    "test__n_fold_t2i_recall_1": 32.57142857142857,
    "test__n_fold_t2i_recall_5": 69.14285714285714,
    "test__n_fold_t2i_recall_10": 82.28571428571429,
    "test__n_fold_t2i_rsum": 184.0,
    "test__n_fold_t2i_medr": 2.0,
    "test__n_fold_t2i_meanr": 5.851428571428571,
    "test__i2t_recall_1": 31.428571428571427,
    "test__i2t_recall_5": 72.0,
    "test__i2t_recall_10": 82.28571428571429,
    "test__i2t_rsum": 185.71428571428572,
    "test__i2t_medr": 3.0,
    "test__i2t_meanr": 5.508571428571429,
    "test__t2i_recall_1": 32.57142857142857,
    "test__t2i_recall_5": 69.14285714285714,
    "test__t2i_recall_10": 82.28571428571429,
    "test__t2i_rsum": 184.0,
    "test__t2i_medr": 2.0,
    "test__t2i_meanr": 5.851428571428571
}
[2026-03-19 21:14:37] [Eval] Report @step: 17.00 {
    "test__rsum": 464.51612903225805,
    "test__medr": 2.0,
    "test__meanr": 7.419354838709678,
    "test__n_fold_i2t_recall_1": 51.61290322580645,
    "test__n_fold_i2t_recall_5": 88.70967741935483,
    "test__n_fold_i2t_recall_10": 91.93548387096774,
    "test__n_fold_i2t_rsum": 232.25806451612902,
    "test__n_fold_i2t_medr": 1.0,
    "test__n_fold_i2t_meanr": 3.4516129032258065,
    "test__n_fold_t2i_recall_1": 61.29032258064516,
    "test__n_fold_t2i_recall_5": 83.87096774193549,
    "test__n_fold_t2i_recall_10": 87.09677419354838,
    "test__n_fold_t2i_rsum": 232.25806451612902,
    "test__n_fold_t2i_medr": 1.0,
    "test__n_fold_t2i_meanr": 3.967741935483871,
    "test__i2t_recall_1": 51.61290322580645,
    "test__i2t_recall_5": 88.70967741935483,
    "test__i2t_recall_10": 91.93548387096774,
    "test__i2t_rsum": 232.25806451612902,
    "test__i2t_medr": 1.0,
    "test__i2t_meanr": 3.4516129032258065,
    "test__t2i_recall_1": 61.29032258064516,
    "test__t2i_recall_5": 83.87096774193549,
    "test__t2i_recall_10": 87.09677419354838,
    "test__t2i_rsum": 232.25806451612902,
    "test__t2i_medr": 1.0,
    "test__t2i_meanr": 3.967741935483871
}
[2026-03-19 21:15:07] [Eval] Report @step: 17.00 {
    "test__rsum": 393.3554817275748,
    "test__medr": 6.0,
    "test__meanr": 9.581395348837209,
    "test__n_fold_i2t_recall_1": 27.906976744186046,
    "test__n_fold_i2t_recall_5": 78.07308970099668,
    "test__n_fold_i2t_recall_10": 87.04318936877077,
    "test__n_fold_i2t_rsum": 193.02325581395348,
    "test__n_fold_i2t_medr": 3.0,
    "test__n_fold_i2t_meanr": 5.282392026578073,
    "test__n_fold_t2i_recall_1": 24.916943521594686,
    "test__n_fold_t2i_recall_5": 82.05980066445183,
    "test__n_fold_t2i_recall_10": 93.35548172757476,
    "test__n_fold_t2i_rsum": 200.33222591362127,
    "test__n_fold_t2i_medr": 3.0,
    "test__n_fold_t2i_meanr": 4.299003322259136,
    "test__i2t_recall_1": 27.906976744186046,
    "test__i2t_recall_5": 78.07308970099668,
    "test__i2t_recall_10": 87.04318936877077,
    "test__i2t_rsum": 193.02325581395348,
    "test__i2t_medr": 3.0,
    "test__i2t_meanr": 5.282392026578073,
    "test__t2i_recall_1": 24.916943521594686,
    "test__t2i_recall_5": 82.05980066445183,
    "test__t2i_recall_10": 93.35548172757476,
    "test__t2i_rsum": 200.33222591362127,
    "test__t2i_medr": 3.0,
    "test__t2i_meanr": 4.299003322259136
}
[2026-03-19 21:15:48] [Eval] Report @step: 17.00 {
    "test__rsum": 392.4471299093656,
    "test__medr": 5.0,
    "test__meanr": 10.453172205438065,
    "test__n_fold_i2t_recall_1": 26.88821752265861,
    "test__n_fold_i2t_recall_5": 75.52870090634441,
    "test__n_fold_i2t_recall_10": 87.91540785498489,
    "test__n_fold_i2t_rsum": 190.33232628398792,
    "test__n_fold_i2t_medr": 3.0,
    "test__n_fold_i2t_meanr": 5.1782477341389725,
    "test__n_fold_t2i_recall_1": 34.13897280966767,
    "test__n_fold_t2i_recall_5": 78.54984894259819,
    "test__n_fold_t2i_recall_10": 89.42598187311178,
    "test__n_fold_t2i_rsum": 202.11480362537765,
    "test__n_fold_t2i_medr": 2.0,
    "test__n_fold_t2i_meanr": 5.2749244712990935,
    "test__i2t_recall_1": 26.88821752265861,
    "test__i2t_recall_5": 75.52870090634441,
    "test__i2t_recall_10": 87.91540785498489,
    "test__i2t_rsum": 190.33232628398792,
    "test__i2t_medr": 3.0,
    "test__i2t_meanr": 5.1782477341389725,
    "test__t2i_recall_1": 34.13897280966767,
    "test__t2i_recall_5": 78.54984894259819,
    "test__t2i_recall_10": 89.42598187311178,
    "test__t2i_rsum": 202.11480362537765,
    "test__t2i_medr": 2.0,
    "test__t2i_meanr": 5.2749244712990935
}
[2026-03-19 21:22:31] [Eval] Report @step: 17.00 {
    "test__rsum": 418.609865470852,
    "test__medr": 3.0,
    "test__meanr": 10.302690582959642,
    "test__n_fold_i2t_recall_1": 25.56053811659193,
    "test__n_fold_i2t_recall_5": 84.75336322869956,
    "test__n_fold_i2t_recall_10": 94.39461883408072,
    "test__n_fold_i2t_rsum": 204.70852017937221,
    "test__n_fold_i2t_medr": 2.0,
    "test__n_fold_i2t_meanr": 3.632286995515695,
    "test__n_fold_t2i_recall_1": 54.26008968609865,
    "test__n_fold_t2i_recall_5": 75.22421524663677,
    "test__n_fold_t2i_recall_10": 84.4170403587444,
    "test__n_fold_t2i_rsum": 213.90134529147983,
    "test__n_fold_t2i_medr": 1.0,
    "test__n_fold_t2i_meanr": 6.670403587443946,
    "test__i2t_recall_1": 25.56053811659193,
    "test__i2t_recall_5": 84.75336322869956,
    "test__i2t_recall_10": 94.39461883408072,
    "test__i2t_rsum": 204.70852017937221,
    "test__i2t_medr": 2.0,
    "test__i2t_meanr": 3.632286995515695,
    "test__t2i_recall_1": 54.26008968609865,
    "test__t2i_recall_5": 75.22421524663677,
    "test__t2i_recall_10": 84.4170403587444,
    "test__t2i_rsum": 213.90134529147983,
    "test__t2i_medr": 1.0,
    "test__t2i_meanr": 6.670403587443946
}
[2026-03-19 21:22:40] [Eval] Report @step: 17.00 {
    "test__rsum": 272.57142857142856,
    "test__medr": 13.0,
    "test__meanr": 17.537142857142857,
    "test__n_fold_i2t_recall_1": 24.571428571428573,
    "test__n_fold_i2t_recall_5": 51.42857142857143,
    "test__n_fold_i2t_recall_10": 63.42857142857143,
    "test__n_fold_i2t_rsum": 139.42857142857144,
    "test__n_fold_i2t_medr": 5.0,
    "test__n_fold_i2t_meanr": 9.925714285714285,
    "test__n_fold_t2i_recall_1": 13.714285714285714,
    "test__n_fold_t2i_recall_5": 36.57142857142857,
    "test__n_fold_t2i_recall_10": 82.85714285714286,
    "test__n_fold_t2i_rsum": 133.14285714285714,
    "test__n_fold_t2i_medr": 8.0,
    "test__n_fold_t2i_meanr": 7.611428571428571,
    "test__i2t_recall_1": 24.571428571428573,
    "test__i2t_recall_5": 51.42857142857143,
    "test__i2t_recall_10": 63.42857142857143,
    "test__i2t_rsum": 139.42857142857144,
    "test__i2t_medr": 5.0,
    "test__i2t_meanr": 9.925714285714285,
    "test__t2i_recall_1": 13.714285714285714,
    "test__t2i_recall_5": 36.57142857142857,
    "test__t2i_recall_10": 82.85714285714286,
    "test__t2i_rsum": 133.14285714285714,
    "test__t2i_medr": 8.0,
    "test__t2i_meanr": 7.611428571428571
}
[2026-03-19 21:22:42] [Eval] Report @step: 17.00 {
    "test__rsum": 390.3225806451613,
    "test__medr": 3.0,
    "test__meanr": 8.70967741935484,
    "test__n_fold_i2t_recall_1": 56.45161290322581,
    "test__n_fold_i2t_recall_5": 58.064516129032256,
    "test__n_fold_i2t_recall_10": 85.48387096774194,
    "test__n_fold_i2t_rsum": 200.0,
    "test__n_fold_i2t_medr": 1.0,
    "test__n_fold_i2t_meanr": 5.17741935483871,
    "test__n_fold_t2i_recall_1": 11.290322580645162,
    "test__n_fold_t2i_recall_5": 83.87096774193549,
    "test__n_fold_t2i_recall_10": 95.16129032258064,
    "test__n_fold_t2i_rsum": 190.32258064516128,
    "test__n_fold_t2i_medr": 2.0,
    "test__n_fold_t2i_meanr": 3.532258064516129,
    "test__i2t_recall_1": 56.45161290322581,
    "test__i2t_recall_5": 58.064516129032256,
    "test__i2t_recall_10": 85.48387096774194,
    "test__i2t_rsum": 200.0,
    "test__i2t_medr": 1.0,
    "test__i2t_meanr": 5.17741935483871,
    "test__t2i_recall_1": 11.290322580645162,
    "test__t2i_recall_5": 83.87096774193549,
    "test__t2i_recall_10": 95.16129032258064,
    "test__t2i_rsum": 190.32258064516128,
    "test__t2i_medr": 2.0,
    "test__t2i_meanr": 3.532258064516129
}
[2026-03-19 21:23:17] [Eval] Report @step: 17.00 {
    "test__rsum": 393.3554817275748,
    "test__medr": 6.0,
    "test__meanr": 9.581395348837209,
    "test__n_fold_i2t_recall_1": 27.906976744186046,
    "test__n_fold_i2t_recall_5": 78.07308970099668,
    "test__n_fold_i2t_recall_10": 87.04318936877077,
    "test__n_fold_i2t_rsum": 193.02325581395348,
    "test__n_fold_i2t_medr": 3.0,
    "test__n_fold_i2t_meanr": 5.282392026578073,
    "test__n_fold_t2i_recall_1": 24.916943521594686,
    "test__n_fold_t2i_recall_5": 82.05980066445183,
    "test__n_fold_t2i_recall_10": 93.35548172757476,
    "test__n_fold_t2i_rsum": 200.33222591362127,
    "test__n_fold_t2i_medr": 3.0,
    "test__n_fold_t2i_meanr": 4.299003322259136,
    "test__i2t_recall_1": 27.906976744186046,
    "test__i2t_recall_5": 78.07308970099668,
    "test__i2t_recall_10": 87.04318936877077,
    "test__i2t_rsum": 193.02325581395348,
    "test__i2t_medr": 3.0,
    "test__i2t_meanr": 5.282392026578073,
    "test__t2i_recall_1": 24.916943521594686,
    "test__t2i_recall_5": 82.05980066445183,
    "test__t2i_recall_10": 93.35548172757476,
    "test__t2i_rsum": 200.33222591362127,
    "test__t2i_medr": 3.0,
    "test__t2i_meanr": 4.299003322259136
}
[2026-03-19 21:23:48] [Eval] Report @step: 17.00 {
    "test__rsum": 392.4471299093656,
    "test__medr": 5.0,
    "test__meanr": 10.453172205438065,
    "test__n_fold_i2t_recall_1": 26.88821752265861,
    "test__n_fold_i2t_recall_5": 75.52870090634441,
    "test__n_fold_i2t_recall_10": 87.91540785498489,
    "test__n_fold_i2t_rsum": 190.33232628398792,
    "test__n_fold_i2t_medr": 3.0,
    "test__n_fold_i2t_meanr": 5.1782477341389725,
    "test__n_fold_t2i_recall_1": 34.13897280966767,
    "test__n_fold_t2i_recall_5": 78.54984894259819,
    "test__n_fold_t2i_recall_10": 89.42598187311178,
    "test__n_fold_t2i_rsum": 202.11480362537765,
    "test__n_fold_t2i_medr": 2.0,
    "test__n_fold_t2i_meanr": 5.2749244712990935,
    "test__i2t_recall_1": 26.88821752265861,
    "test__i2t_recall_5": 75.52870090634441,
    "test__i2t_recall_10": 87.91540785498489,
    "test__i2t_rsum": 190.33232628398792,
    "test__i2t_medr": 3.0,
    "test__i2t_meanr": 5.1782477341389725,
    "test__t2i_recall_1": 34.13897280966767,
    "test__t2i_recall_5": 78.54984894259819,
    "test__t2i_recall_10": 89.42598187311178,
    "test__t2i_rsum": 202.11480362537765,
    "test__t2i_medr": 2.0,
    "test__t2i_meanr": 5.2749244712990935
}
[2026-03-19 21:30:20] [Eval] Report @step: 17.00 {
    "test__rsum": 418.609865470852,
    "test__medr": 3.0,
    "test__meanr": 10.302690582959642,
    "test__n_fold_i2t_recall_1": 25.56053811659193,
    "test__n_fold_i2t_recall_5": 84.75336322869956,
    "test__n_fold_i2t_recall_10": 94.39461883408072,
    "test__n_fold_i2t_rsum": 204.70852017937221,
    "test__n_fold_i2t_medr": 2.0,
    "test__n_fold_i2t_meanr": 3.632286995515695,
    "test__n_fold_t2i_recall_1": 54.26008968609865,
    "test__n_fold_t2i_recall_5": 75.22421524663677,
    "test__n_fold_t2i_recall_10": 84.4170403587444,
    "test__n_fold_t2i_rsum": 213.90134529147983,
    "test__n_fold_t2i_medr": 1.0,
    "test__n_fold_t2i_meanr": 6.670403587443946,
    "test__i2t_recall_1": 25.56053811659193,
    "test__i2t_recall_5": 84.75336322869956,
    "test__i2t_recall_10": 94.39461883408072,
    "test__i2t_rsum": 204.70852017937221,
    "test__i2t_medr": 2.0,
    "test__i2t_meanr": 3.632286995515695,
    "test__t2i_recall_1": 54.26008968609865,
    "test__t2i_recall_5": 75.22421524663677,
    "test__t2i_recall_10": 84.4170403587444,
    "test__t2i_rsum": 213.90134529147983,
    "test__t2i_medr": 1.0,
    "test__t2i_meanr": 6.670403587443946
}
[2026-03-19 21:30:29] [Eval] Report @step: 17.00 {
    "test__rsum": 272.57142857142856,
    "test__medr": 13.0,
    "test__meanr": 17.537142857142857,
    "test__n_fold_i2t_recall_1": 24.571428571428573,
    "test__n_fold_i2t_recall_5": 51.42857142857143,
    "test__n_fold_i2t_recall_10": 63.42857142857143,
    "test__n_fold_i2t_rsum": 139.42857142857144,
    "test__n_fold_i2t_medr": 5.0,
    "test__n_fold_i2t_meanr": 9.925714285714285,
    "test__n_fold_t2i_recall_1": 13.714285714285714,
    "test__n_fold_t2i_recall_5": 36.57142857142857,
    "test__n_fold_t2i_recall_10": 82.85714285714286,
    "test__n_fold_t2i_rsum": 133.14285714285714,
    "test__n_fold_t2i_medr": 8.0,
    "test__n_fold_t2i_meanr": 7.611428571428571,
    "test__i2t_recall_1": 24.571428571428573,
    "test__i2t_recall_5": 51.42857142857143,
    "test__i2t_recall_10": 63.42857142857143,
    "test__i2t_rsum": 139.42857142857144,
    "test__i2t_medr": 5.0,
    "test__i2t_meanr": 9.925714285714285,
    "test__t2i_recall_1": 13.714285714285714,
    "test__t2i_recall_5": 36.57142857142857,
    "test__t2i_recall_10": 82.85714285714286,
    "test__t2i_rsum": 133.14285714285714,
    "test__t2i_medr": 8.0,
    "test__t2i_meanr": 7.611428571428571
}
[2026-03-19 21:30:32] [Eval] Report @step: 17.00 {
    "test__rsum": 390.3225806451613,
    "test__medr": 3.0,
    "test__meanr": 8.70967741935484,
    "test__n_fold_i2t_recall_1": 56.45161290322581,
    "test__n_fold_i2t_recall_5": 58.064516129032256,
    "test__n_fold_i2t_recall_10": 85.48387096774194,
    "test__n_fold_i2t_rsum": 200.0,
    "test__n_fold_i2t_medr": 1.0,
    "test__n_fold_i2t_meanr": 5.17741935483871,
    "test__n_fold_t2i_recall_1": 11.290322580645162,
    "test__n_fold_t2i_recall_5": 83.87096774193549,
    "test__n_fold_t2i_recall_10": 95.16129032258064,
    "test__n_fold_t2i_rsum": 190.32258064516128,
    "test__n_fold_t2i_medr": 2.0,
    "test__n_fold_t2i_meanr": 3.532258064516129,
    "test__i2t_recall_1": 56.45161290322581,
    "test__i2t_recall_5": 58.064516129032256,
    "test__i2t_recall_10": 85.48387096774194,
    "test__i2t_rsum": 200.0,
    "test__i2t_medr": 1.0,
    "test__i2t_meanr": 5.17741935483871,
    "test__t2i_recall_1": 11.290322580645162,
    "test__t2i_recall_5": 83.87096774193549,
    "test__t2i_recall_10": 95.16129032258064,
    "test__t2i_rsum": 190.32258064516128,
    "test__t2i_medr": 2.0,
    "test__t2i_meanr": 3.532258064516129
}
[2026-03-19 21:30:32] Round 18!
[2026-03-19 21:30:32] Harmony enters stage2 at round 18.
[2026-03-19 21:30:32] Training Client 10!
[2026-03-19 21:30:32] Epoch 18
[2026-03-19 21:30:33] Training Client 11!
[2026-03-19 21:30:33] Epoch 18
[2026-03-19 21:30:34] Training Client 12!
[2026-03-19 21:30:34] Epoch 18
[2026-03-19 21:30:35] Training Client 13!
[2026-03-19 21:30:35] Epoch 18
[2026-03-19 21:30:35] Skip local epoch for client 3: train loader has no full batch
[2026-03-19 21:30:35] Training Client 14!
[2026-03-19 21:30:35] Epoch 18
[2026-03-19 21:30:35] Skip local epoch for client 4: train loader has no full batch
[2026-03-19 21:30:36] Harmony stage2 clustering round 18: labels=[1, 0, 0, 1, 1], discrepancies=[[0.028077488765120506, 0.023750783875584602], [0.8608561754226685, 0.890625], [1.0, 1.0], [0.011647867038846016, 0.010005482472479343], [0.011647867038846016, 0.010005482472479343]]
[2026-03-19 21:30:36] TEST:  Epoch: [10] image	Prec@1 37.778 (41.196)	Prec@5 88.889 (88.704)
[2026-03-19 21:30:36] TEST:  Epoch: [10] image	Prec@1 16.000 (13.595)	Prec@5 78.667 (76.133)
[2026-03-19 21:30:37] TEST:  Epoch: [10] image	Prec@1 60.484 (53.251)	Prec@5 98.387 (98.767)
[2026-03-19 21:30:37] TEST:  Epoch: [10] image	Prec@1 20.000 (20.000)	Prec@5 89.714 (89.714)
[2026-03-19 21:30:37] TEST:  Epoch: [10] image	Prec@1 56.452 (56.452)	Prec@5 74.194 (74.194)
[2026-03-19 21:30:37] TEST:  Epoch: [10] text	Prec@1 0.000 (0.000)	Prec@5 11.111 (15.282)
[2026-03-19 21:30:37] TEST:  Epoch: [10] text	Prec@1 30.667 (32.931)	Prec@5 94.667 (93.656)
[2026-03-19 21:30:38] TEST:  Epoch: [10] text	Prec@1 60.484 (53.251)	Prec@5 98.387 (98.767)
[2026-03-19 21:30:38] TEST:  Epoch: [10] text	Prec@1 20.000 (20.000)	Prec@5 48.571 (48.571)
[2026-03-19 21:30:38] TEST:  Epoch: [10] text	Prec@1 0.000 (0.000)	Prec@5 0.000 (0.000)
[2026-03-19 21:31:17] [Eval] Report @step: 18.00 {
    "test__rsum": 387.37541528239205,
    "test__medr": 6.0,
    "test__meanr": 8.943521594684386,
    "test__n_fold_i2t_recall_1": 27.242524916943523,
    "test__n_fold_i2t_recall_5": 77.40863787375416,
    "test__n_fold_i2t_recall_10": 87.37541528239203,
    "test__n_fold_i2t_rsum": 192.0265780730897,
    "test__n_fold_i2t_medr": 3.0,
    "test__n_fold_i2t_meanr": 4.7574750830564785,
    "test__n_fold_t2i_recall_1": 23.588039867109636,
    "test__n_fold_t2i_recall_5": 75.41528239202658,
    "test__n_fold_t2i_recall_10": 96.34551495016612,
    "test__n_fold_t2i_rsum": 195.34883720930233,
    "test__n_fold_t2i_medr": 3.0,
    "test__n_fold_t2i_meanr": 4.186046511627907,
    "test__i2t_recall_1": 27.242524916943523,
    "test__i2t_recall_5": 77.40863787375416,
    "test__i2t_recall_10": 87.37541528239203,
    "test__i2t_rsum": 192.0265780730897,
    "test__i2t_medr": 3.0,
    "test__i2t_meanr": 4.7574750830564785,
    "test__t2i_recall_1": 23.588039867109636,
    "test__t2i_recall_5": 75.41528239202658,
    "test__t2i_recall_10": 96.34551495016612,
    "test__t2i_rsum": 195.34883720930233,
    "test__t2i_medr": 3.0,
    "test__t2i_meanr": 4.186046511627907
}
[2026-03-19 21:31:55] [Eval] Report @step: 18.00 {
    "test__rsum": 396.9788519637462,
    "test__medr": 5.0,
    "test__meanr": 9.661631419939578,
    "test__n_fold_i2t_recall_1": 26.88821752265861,
    "test__n_fold_i2t_recall_5": 75.22658610271904,
    "test__n_fold_i2t_recall_10": 87.31117824773413,
    "test__n_fold_i2t_rsum": 189.42598187311177,
    "test__n_fold_i2t_medr": 3.0,
    "test__n_fold_i2t_meanr": 5.030211480362538,
    "test__n_fold_t2i_recall_1": 35.95166163141994,
    "test__n_fold_t2i_recall_5": 80.96676737160121,
    "test__n_fold_t2i_recall_10": 90.6344410876133,
    "test__n_fold_t2i_rsum": 207.55287009063443,
    "test__n_fold_t2i_medr": 2.0,
    "test__n_fold_t2i_meanr": 4.6314199395770395,
    "test__i2t_recall_1": 26.88821752265861,
    "test__i2t_recall_5": 75.22658610271904,
    "test__i2t_recall_10": 87.31117824773413,
    "test__i2t_rsum": 189.42598187311177,
    "test__i2t_medr": 3.0,
    "test__i2t_meanr": 5.030211480362538,
    "test__t2i_recall_1": 35.95166163141994,
    "test__t2i_recall_5": 80.96676737160121,
    "test__t2i_recall_10": 90.6344410876133,
    "test__t2i_rsum": 207.55287009063443,
    "test__t2i_medr": 2.0,
    "test__t2i_meanr": 4.6314199395770395
}
[2026-03-19 21:38:23] [Eval] Report @step: 18.00 {
    "test__rsum": 406.6143497757848,
    "test__medr": 3.0,
    "test__meanr": 11.19170403587444,
    "test__n_fold_i2t_recall_1": 21.524663677130047,
    "test__n_fold_i2t_recall_5": 84.52914798206278,
    "test__n_fold_i2t_recall_10": 90.91928251121077,
    "test__n_fold_i2t_rsum": 196.9730941704036,
    "test__n_fold_i2t_medr": 2.0,
    "test__n_fold_i2t_meanr": 4.058295964125561,
    "test__n_fold_t2i_recall_1": 52.91479820627803,
    "test__n_fold_t2i_recall_5": 74.88789237668162,
    "test__n_fold_t2i_recall_10": 81.83856502242152,
    "test__n_fold_t2i_rsum": 209.64125560538116,
    "test__n_fold_t2i_medr": 1.0,
    "test__n_fold_t2i_meanr": 7.133408071748879,
    "test__i2t_recall_1": 21.524663677130047,
    "test__i2t_recall_5": 84.52914798206278,
    "test__i2t_recall_10": 90.91928251121077,
    "test__i2t_rsum": 196.9730941704036,
    "test__i2t_medr": 2.0,
    "test__i2t_meanr": 4.058295964125561,
    "test__t2i_recall_1": 52.91479820627803,
    "test__t2i_recall_5": 74.88789237668162,
    "test__t2i_recall_10": 81.83856502242152,
    "test__t2i_rsum": 209.64125560538116,
    "test__t2i_medr": 1.0,
    "test__t2i_meanr": 7.133408071748879
}
[2026-03-19 21:38:32] [Eval] Report @step: 18.00 {
    "test__rsum": 278.28571428571433,
    "test__medr": 11.0,
    "test__meanr": 16.388571428571428,
    "test__n_fold_i2t_recall_1": 24.571428571428573,
    "test__n_fold_i2t_recall_5": 52.0,
    "test__n_fold_i2t_recall_10": 65.14285714285714,
    "test__n_fold_i2t_rsum": 141.71428571428572,
    "test__n_fold_i2t_medr": 5.0,
    "test__n_fold_i2t_meanr": 8.731428571428571,
    "test__n_fold_t2i_recall_1": 13.714285714285714,
    "test__n_fold_t2i_recall_5": 40.57142857142857,
    "test__n_fold_t2i_recall_10": 82.28571428571429,
    "test__n_fold_t2i_rsum": 136.57142857142858,
    "test__n_fold_t2i_medr": 6.0,
    "test__n_fold_t2i_meanr": 7.6571428571428575,
    "test__i2t_recall_1": 24.571428571428573,
    "test__i2t_recall_5": 52.0,
    "test__i2t_recall_10": 65.14285714285714,
    "test__i2t_rsum": 141.71428571428572,
    "test__i2t_medr": 5.0,
    "test__i2t_meanr": 8.731428571428571,
    "test__t2i_recall_1": 13.714285714285714,
    "test__t2i_recall_5": 40.57142857142857,
    "test__t2i_recall_10": 82.28571428571429,
    "test__t2i_rsum": 136.57142857142858,
    "test__t2i_medr": 6.0,
    "test__t2i_meanr": 7.6571428571428575
}
[2026-03-19 21:38:34] [Eval] Report @step: 18.00 {
    "test__rsum": 390.32258064516134,
    "test__medr": 3.0,
    "test__meanr": 8.70967741935484,
    "test__n_fold_i2t_recall_1": 56.45161290322581,
    "test__n_fold_i2t_recall_5": 61.29032258064516,
    "test__n_fold_i2t_recall_10": 85.48387096774194,
    "test__n_fold_i2t_rsum": 203.22580645161293,
    "test__n_fold_i2t_medr": 1.0,
    "test__n_fold_i2t_meanr": 5.112903225806452,
    "test__n_fold_t2i_recall_1": 12.903225806451612,
    "test__n_fold_t2i_recall_5": 82.25806451612904,
    "test__n_fold_t2i_recall_10": 91.93548387096774,
    "test__n_fold_t2i_rsum": 187.0967741935484,
    "test__n_fold_t2i_medr": 2.0,
    "test__n_fold_t2i_meanr": 3.596774193548387,
    "test__i2t_recall_1": 56.45161290322581,
    "test__i2t_recall_5": 61.29032258064516,
    "test__i2t_recall_10": 85.48387096774194,
    "test__i2t_rsum": 203.22580645161293,
    "test__i2t_medr": 1.0,
    "test__i2t_meanr": 5.112903225806452,
    "test__t2i_recall_1": 12.903225806451612,
    "test__t2i_recall_5": 82.25806451612904,
    "test__t2i_recall_10": 91.93548387096774,
    "test__t2i_rsum": 187.0967741935484,
    "test__t2i_medr": 2.0,
    "test__t2i_meanr": 3.596774193548387
}
[2026-03-19 21:39:13] [Eval] Report @step: 18.00 {
    "test__rsum": 407.9734219269103,
    "test__medr": 4.0,
    "test__meanr": 12.458471760797341,
    "test__n_fold_i2t_recall_1": 44.18604651162791,
    "test__n_fold_i2t_recall_5": 71.76079734219269,
    "test__n_fold_i2t_recall_10": 84.0531561461794,
    "test__n_fold_i2t_rsum": 200.0,
    "test__n_fold_i2t_medr": 2.0,
    "test__n_fold_i2t_meanr": 7.3754152823920265,
    "test__n_fold_t2i_recall_1": 44.18604651162791,
    "test__n_fold_t2i_recall_5": 76.41196013289037,
    "test__n_fold_t2i_recall_10": 87.37541528239203,
    "test__n_fold_t2i_rsum": 207.9734219269103,
    "test__n_fold_t2i_medr": 2.0,
    "test__n_fold_t2i_meanr": 5.083056478405315,
    "test__i2t_recall_1": 44.18604651162791,
    "test__i2t_recall_5": 71.76079734219269,
    "test__i2t_recall_10": 84.0531561461794,
    "test__i2t_rsum": 200.0,
    "test__i2t_medr": 2.0,
    "test__i2t_meanr": 7.3754152823920265,
    "test__t2i_recall_1": 44.18604651162791,
    "test__t2i_recall_5": 76.41196013289037,
    "test__t2i_recall_10": 87.37541528239203,
    "test__t2i_rsum": 207.9734219269103,
    "test__t2i_medr": 2.0,
    "test__t2i_meanr": 5.083056478405315
}
[2026-03-19 21:39:55] [Eval] Report @step: 18.00 {
    "test__rsum": 422.35649546827796,
    "test__medr": 4.0,
    "test__meanr": 8.102719033232628,
    "test__n_fold_i2t_recall_1": 44.10876132930514,
    "test__n_fold_i2t_recall_5": 77.0392749244713,
    "test__n_fold_i2t_recall_10": 90.33232628398791,
    "test__n_fold_i2t_rsum": 211.48036253776434,
    "test__n_fold_i2t_medr": 2.0,
    "test__n_fold_i2t_meanr": 4.1540785498489425,
    "test__n_fold_t2i_recall_1": 43.50453172205438,
    "test__n_fold_t2i_recall_5": 75.22658610271904,
    "test__n_fold_t2i_recall_10": 92.14501510574019,
    "test__n_fold_t2i_rsum": 210.87613293051362,
    "test__n_fold_t2i_medr": 2.0,
    "test__n_fold_t2i_meanr": 3.9486404833836857,
    "test__i2t_recall_1": 44.10876132930514,
    "test__i2t_recall_5": 77.0392749244713,
    "test__i2t_recall_10": 90.33232628398791,
    "test__i2t_rsum": 211.48036253776434,
    "test__i2t_medr": 2.0,
    "test__i2t_meanr": 4.1540785498489425,
    "test__t2i_recall_1": 43.50453172205438,
    "test__t2i_recall_5": 75.22658610271904,
    "test__t2i_recall_10": 92.14501510574019,
    "test__t2i_rsum": 210.87613293051362,
    "test__t2i_medr": 2.0,
    "test__t2i_meanr": 3.9486404833836857
}
[2026-03-19 21:46:35] [Eval] Report @step: 18.00 {
    "test__rsum": 417.0403587443946,
    "test__medr": 3.0,
    "test__meanr": 12.178251121076233,
    "test__n_fold_i2t_recall_1": 53.47533632286996,
    "test__n_fold_i2t_recall_5": 76.79372197309416,
    "test__n_fold_i2t_recall_10": 84.4170403587444,
    "test__n_fold_i2t_rsum": 214.68609865470853,
    "test__n_fold_i2t_medr": 1.0,
    "test__n_fold_i2t_meanr": 5.776905829596412,
    "test__n_fold_t2i_recall_1": 37.55605381165919,
    "test__n_fold_t2i_recall_5": 77.57847533632287,
    "test__n_fold_t2i_recall_10": 87.21973094170404,
    "test__n_fold_t2i_rsum": 202.35426008968608,
    "test__n_fold_t2i_medr": 2.0,
    "test__n_fold_t2i_meanr": 6.401345291479821,
    "test__i2t_recall_1": 53.47533632286996,
    "test__i2t_recall_5": 76.79372197309416,
    "test__i2t_recall_10": 84.4170403587444,
    "test__i2t_rsum": 214.68609865470853,
    "test__i2t_medr": 1.0,
    "test__i2t_meanr": 5.776905829596412,
    "test__t2i_recall_1": 37.55605381165919,
    "test__t2i_recall_5": 77.57847533632287,
    "test__t2i_recall_10": 87.21973094170404,
    "test__t2i_rsum": 202.35426008968608,
    "test__t2i_medr": 2.0,
    "test__t2i_meanr": 6.401345291479821
}
[2026-03-19 21:46:41] [Eval] Report @step: 18.00 {
    "test__rsum": 394.85714285714283,
    "test__medr": 5.0,
    "test__meanr": 8.594285714285714,
    "test__n_fold_i2t_recall_1": 30.857142857142858,
    "test__n_fold_i2t_recall_5": 75.42857142857143,
    "test__n_fold_i2t_recall_10": 93.71428571428571,
    "test__n_fold_i2t_rsum": 200.0,
    "test__n_fold_i2t_medr": 2.0,
    "test__n_fold_i2t_meanr": 3.8514285714285714,
    "test__n_fold_t2i_recall_1": 33.714285714285715,
    "test__n_fold_t2i_recall_5": 73.71428571428571,
    "test__n_fold_t2i_recall_10": 87.42857142857143,
    "test__n_fold_t2i_rsum": 194.85714285714283,
    "test__n_fold_t2i_medr": 3.0,
    "test__n_fold_t2i_meanr": 4.742857142857143,
    "test__i2t_recall_1": 30.857142857142858,
    "test__i2t_recall_5": 75.42857142857143,
    "test__i2t_recall_10": 93.71428571428571,
    "test__i2t_rsum": 200.0,
    "test__i2t_medr": 2.0,
    "test__i2t_meanr": 3.8514285714285714,
    "test__t2i_recall_1": 33.714285714285715,
    "test__t2i_recall_5": 73.71428571428571,
    "test__t2i_recall_10": 87.42857142857143,
    "test__t2i_rsum": 194.85714285714283,
    "test__t2i_medr": 3.0,
    "test__t2i_meanr": 4.742857142857143
}
[2026-03-19 21:46:43] [Eval] Report @step: 18.00 {
    "test__rsum": 445.16129032258067,
    "test__medr": 3.0,
    "test__meanr": 7.451612903225806,
    "test__n_fold_i2t_recall_1": 50.0,
    "test__n_fold_i2t_recall_5": 85.48387096774194,
    "test__n_fold_i2t_recall_10": 91.93548387096774,
    "test__n_fold_i2t_rsum": 227.4193548387097,
    "test__n_fold_i2t_medr": 1.0,
    "test__n_fold_i2t_meanr": 3.532258064516129,
    "test__n_fold_t2i_recall_1": 48.38709677419355,
    "test__n_fold_t2i_recall_5": 77.41935483870968,
    "test__n_fold_t2i_recall_10": 91.93548387096774,
    "test__n_fold_t2i_rsum": 217.74193548387098,
    "test__n_fold_t2i_medr": 2.0,
    "test__n_fold_t2i_meanr": 3.9193548387096775,
    "test__i2t_recall_1": 50.0,
    "test__i2t_recall_5": 85.48387096774194,
    "test__i2t_recall_10": 91.93548387096774,
    "test__i2t_rsum": 227.4193548387097,
    "test__i2t_medr": 1.0,
    "test__i2t_meanr": 3.532258064516129,
    "test__t2i_recall_1": 48.38709677419355,
    "test__t2i_recall_5": 77.41935483870968,
    "test__t2i_recall_10": 91.93548387096774,
    "test__t2i_rsum": 217.74193548387098,
    "test__t2i_medr": 2.0,
    "test__t2i_meanr": 3.9193548387096775
}
[2026-03-19 21:47:16] [Eval] Report @step: 18.00 {
    "test__rsum": 407.9734219269103,
    "test__medr": 4.0,
    "test__meanr": 12.458471760797341,
    "test__n_fold_i2t_recall_1": 44.18604651162791,
    "test__n_fold_i2t_recall_5": 71.76079734219269,
    "test__n_fold_i2t_recall_10": 84.0531561461794,
    "test__n_fold_i2t_rsum": 200.0,
    "test__n_fold_i2t_medr": 2.0,
    "test__n_fold_i2t_meanr": 7.3754152823920265,
    "test__n_fold_t2i_recall_1": 44.18604651162791,
    "test__n_fold_t2i_recall_5": 76.41196013289037,
    "test__n_fold_t2i_recall_10": 87.37541528239203,
    "test__n_fold_t2i_rsum": 207.9734219269103,
    "test__n_fold_t2i_medr": 2.0,
    "test__n_fold_t2i_meanr": 5.083056478405315,
    "test__i2t_recall_1": 44.18604651162791,
    "test__i2t_recall_5": 71.76079734219269,
    "test__i2t_recall_10": 84.0531561461794,
    "test__i2t_rsum": 200.0,
    "test__i2t_medr": 2.0,
    "test__i2t_meanr": 7.3754152823920265,
    "test__t2i_recall_1": 44.18604651162791,
    "test__t2i_recall_5": 76.41196013289037,
    "test__t2i_recall_10": 87.37541528239203,
    "test__t2i_rsum": 207.9734219269103,
    "test__t2i_medr": 2.0,
    "test__t2i_meanr": 5.083056478405315
}
[2026-03-19 21:47:56] [Eval] Report @step: 18.00 {
    "test__rsum": 422.35649546827796,
    "test__medr": 4.0,
    "test__meanr": 8.102719033232628,
    "test__n_fold_i2t_recall_1": 44.10876132930514,
    "test__n_fold_i2t_recall_5": 77.0392749244713,
    "test__n_fold_i2t_recall_10": 90.33232628398791,
    "test__n_fold_i2t_rsum": 211.48036253776434,
    "test__n_fold_i2t_medr": 2.0,
    "test__n_fold_i2t_meanr": 4.1540785498489425,
    "test__n_fold_t2i_recall_1": 43.50453172205438,
    "test__n_fold_t2i_recall_5": 75.22658610271904,
    "test__n_fold_t2i_recall_10": 92.14501510574019,
    "test__n_fold_t2i_rsum": 210.87613293051362,
    "test__n_fold_t2i_medr": 2.0,
    "test__n_fold_t2i_meanr": 3.9486404833836857,
    "test__i2t_recall_1": 44.10876132930514,
    "test__i2t_recall_5": 77.0392749244713,
    "test__i2t_recall_10": 90.33232628398791,
    "test__i2t_rsum": 211.48036253776434,
    "test__i2t_medr": 2.0,
    "test__i2t_meanr": 4.1540785498489425,
    "test__t2i_recall_1": 43.50453172205438,
    "test__t2i_recall_5": 75.22658610271904,
    "test__t2i_recall_10": 92.14501510574019,
    "test__t2i_rsum": 210.87613293051362,
    "test__t2i_medr": 2.0,
    "test__t2i_meanr": 3.9486404833836857
}
[2026-03-19 21:54:37] [Eval] Report @step: 18.00 {
    "test__rsum": 417.0403587443946,
    "test__medr": 3.0,
    "test__meanr": 12.178251121076233,
    "test__n_fold_i2t_recall_1": 53.47533632286996,
    "test__n_fold_i2t_recall_5": 76.79372197309416,
    "test__n_fold_i2t_recall_10": 84.4170403587444,
    "test__n_fold_i2t_rsum": 214.68609865470853,
    "test__n_fold_i2t_medr": 1.0,
    "test__n_fold_i2t_meanr": 5.776905829596412,
    "test__n_fold_t2i_recall_1": 37.55605381165919,
    "test__n_fold_t2i_recall_5": 77.57847533632287,
    "test__n_fold_t2i_recall_10": 87.21973094170404,
    "test__n_fold_t2i_rsum": 202.35426008968608,
    "test__n_fold_t2i_medr": 2.0,
    "test__n_fold_t2i_meanr": 6.401345291479821,
    "test__i2t_recall_1": 53.47533632286996,
    "test__i2t_recall_5": 76.79372197309416,
    "test__i2t_recall_10": 84.4170403587444,
    "test__i2t_rsum": 214.68609865470853,
    "test__i2t_medr": 1.0,
    "test__i2t_meanr": 5.776905829596412,
    "test__t2i_recall_1": 37.55605381165919,
    "test__t2i_recall_5": 77.57847533632287,
    "test__t2i_recall_10": 87.21973094170404,
    "test__t2i_rsum": 202.35426008968608,
    "test__t2i_medr": 2.0,
    "test__t2i_meanr": 6.401345291479821
}
[2026-03-19 21:54:47] [Eval] Report @step: 18.00 {
    "test__rsum": 394.85714285714283,
    "test__medr": 5.0,
    "test__meanr": 8.594285714285714,
    "test__n_fold_i2t_recall_1": 30.857142857142858,
    "test__n_fold_i2t_recall_5": 75.42857142857143,
    "test__n_fold_i2t_recall_10": 93.71428571428571,
    "test__n_fold_i2t_rsum": 200.0,
    "test__n_fold_i2t_medr": 2.0,
    "test__n_fold_i2t_meanr": 3.8514285714285714,
    "test__n_fold_t2i_recall_1": 33.714285714285715,
    "test__n_fold_t2i_recall_5": 73.71428571428571,
    "test__n_fold_t2i_recall_10": 87.42857142857143,
    "test__n_fold_t2i_rsum": 194.85714285714283,
    "test__n_fold_t2i_medr": 3.0,
    "test__n_fold_t2i_meanr": 4.742857142857143,
    "test__i2t_recall_1": 30.857142857142858,
    "test__i2t_recall_5": 75.42857142857143,
    "test__i2t_recall_10": 93.71428571428571,
    "test__i2t_rsum": 200.0,
    "test__i2t_medr": 2.0,
    "test__i2t_meanr": 3.8514285714285714,
    "test__t2i_recall_1": 33.714285714285715,
    "test__t2i_recall_5": 73.71428571428571,
    "test__t2i_recall_10": 87.42857142857143,
    "test__t2i_rsum": 194.85714285714283,
    "test__t2i_medr": 3.0,
    "test__t2i_meanr": 4.742857142857143
}
[2026-03-19 21:54:48] [Eval] Report @step: 18.00 {
    "test__rsum": 445.16129032258067,
    "test__medr": 3.0,
    "test__meanr": 7.451612903225806,
    "test__n_fold_i2t_recall_1": 50.0,
    "test__n_fold_i2t_recall_5": 85.48387096774194,
    "test__n_fold_i2t_recall_10": 91.93548387096774,
    "test__n_fold_i2t_rsum": 227.4193548387097,
    "test__n_fold_i2t_medr": 1.0,
    "test__n_fold_i2t_meanr": 3.532258064516129,
    "test__n_fold_t2i_recall_1": 48.38709677419355,
    "test__n_fold_t2i_recall_5": 77.41935483870968,
    "test__n_fold_t2i_recall_10": 91.93548387096774,
    "test__n_fold_t2i_rsum": 217.74193548387098,
    "test__n_fold_t2i_medr": 2.0,
    "test__n_fold_t2i_meanr": 3.9193548387096775,
    "test__i2t_recall_1": 50.0,
    "test__i2t_recall_5": 85.48387096774194,
    "test__i2t_recall_10": 91.93548387096774,
    "test__i2t_rsum": 227.4193548387097,
    "test__i2t_medr": 1.0,
    "test__i2t_meanr": 3.532258064516129,
    "test__t2i_recall_1": 48.38709677419355,
    "test__t2i_recall_5": 77.41935483870968,
    "test__t2i_recall_10": 91.93548387096774,
    "test__t2i_rsum": 217.74193548387098,
    "test__t2i_medr": 2.0,
    "test__t2i_meanr": 3.9193548387096775
}
[2026-03-19 21:55:28] [Eval] Report @step: 18.00 {
    "test__rsum": 387.37541528239205,
    "test__medr": 6.0,
    "test__meanr": 8.943521594684386,
    "test__n_fold_i2t_recall_1": 27.242524916943523,
    "test__n_fold_i2t_recall_5": 77.40863787375416,
    "test__n_fold_i2t_recall_10": 87.37541528239203,
    "test__n_fold_i2t_rsum": 192.0265780730897,
    "test__n_fold_i2t_medr": 3.0,
    "test__n_fold_i2t_meanr": 4.7574750830564785,
    "test__n_fold_t2i_recall_1": 23.588039867109636,
    "test__n_fold_t2i_recall_5": 75.41528239202658,
    "test__n_fold_t2i_recall_10": 96.34551495016612,
    "test__n_fold_t2i_rsum": 195.34883720930233,
    "test__n_fold_t2i_medr": 3.0,
    "test__n_fold_t2i_meanr": 4.186046511627907,
    "test__i2t_recall_1": 27.242524916943523,
    "test__i2t_recall_5": 77.40863787375416,
    "test__i2t_recall_10": 87.37541528239203,
    "test__i2t_rsum": 192.0265780730897,
    "test__i2t_medr": 3.0,
    "test__i2t_meanr": 4.7574750830564785,
    "test__t2i_recall_1": 23.588039867109636,
    "test__t2i_recall_5": 75.41528239202658,
    "test__t2i_recall_10": 96.34551495016612,
    "test__t2i_rsum": 195.34883720930233,
    "test__t2i_medr": 3.0,
    "test__t2i_meanr": 4.186046511627907
}
[2026-03-19 21:56:02] [Eval] Report @step: 18.00 {
    "test__rsum": 396.9788519637462,
    "test__medr": 5.0,
    "test__meanr": 9.661631419939578,
    "test__n_fold_i2t_recall_1": 26.88821752265861,
    "test__n_fold_i2t_recall_5": 75.22658610271904,
    "test__n_fold_i2t_recall_10": 87.31117824773413,
    "test__n_fold_i2t_rsum": 189.42598187311177,
    "test__n_fold_i2t_medr": 3.0,
    "test__n_fold_i2t_meanr": 5.030211480362538,
    "test__n_fold_t2i_recall_1": 35.95166163141994,
    "test__n_fold_t2i_recall_5": 80.96676737160121,
    "test__n_fold_t2i_recall_10": 90.6344410876133,
    "test__n_fold_t2i_rsum": 207.55287009063443,
    "test__n_fold_t2i_medr": 2.0,
    "test__n_fold_t2i_meanr": 4.6314199395770395,
    "test__i2t_recall_1": 26.88821752265861,
    "test__i2t_recall_5": 75.22658610271904,
    "test__i2t_recall_10": 87.31117824773413,
    "test__i2t_rsum": 189.42598187311177,
    "test__i2t_medr": 3.0,
    "test__i2t_meanr": 5.030211480362538,
    "test__t2i_recall_1": 35.95166163141994,
    "test__t2i_recall_5": 80.96676737160121,
    "test__t2i_recall_10": 90.6344410876133,
    "test__t2i_rsum": 207.55287009063443,
    "test__t2i_medr": 2.0,
    "test__t2i_meanr": 4.6314199395770395
}
[2026-03-19 22:02:43] [Eval] Report @step: 18.00 {
    "test__rsum": 406.6143497757848,
    "test__medr": 3.0,
    "test__meanr": 11.19170403587444,
    "test__n_fold_i2t_recall_1": 21.524663677130047,
    "test__n_fold_i2t_recall_5": 84.52914798206278,
    "test__n_fold_i2t_recall_10": 90.91928251121077,
    "test__n_fold_i2t_rsum": 196.9730941704036,
    "test__n_fold_i2t_medr": 2.0,
    "test__n_fold_i2t_meanr": 4.058295964125561,
    "test__n_fold_t2i_recall_1": 52.91479820627803,
    "test__n_fold_t2i_recall_5": 74.88789237668162,
    "test__n_fold_t2i_recall_10": 81.83856502242152,
    "test__n_fold_t2i_rsum": 209.64125560538116,
    "test__n_fold_t2i_medr": 1.0,
    "test__n_fold_t2i_meanr": 7.133408071748879,
    "test__i2t_recall_1": 21.524663677130047,
    "test__i2t_recall_5": 84.52914798206278,
    "test__i2t_recall_10": 90.91928251121077,
    "test__i2t_rsum": 196.9730941704036,
    "test__i2t_medr": 2.0,
    "test__i2t_meanr": 4.058295964125561,
    "test__t2i_recall_1": 52.91479820627803,
    "test__t2i_recall_5": 74.88789237668162,
    "test__t2i_recall_10": 81.83856502242152,
    "test__t2i_rsum": 209.64125560538116,
    "test__t2i_medr": 1.0,
    "test__t2i_meanr": 7.133408071748879
}
[2026-03-19 22:02:49] [Eval] Report @step: 18.00 {
    "test__rsum": 278.28571428571433,
    "test__medr": 11.0,
    "test__meanr": 16.388571428571428,
    "test__n_fold_i2t_recall_1": 24.571428571428573,
    "test__n_fold_i2t_recall_5": 52.0,
    "test__n_fold_i2t_recall_10": 65.14285714285714,
    "test__n_fold_i2t_rsum": 141.71428571428572,
    "test__n_fold_i2t_medr": 5.0,
    "test__n_fold_i2t_meanr": 8.731428571428571,
    "test__n_fold_t2i_recall_1": 13.714285714285714,
    "test__n_fold_t2i_recall_5": 40.57142857142857,
    "test__n_fold_t2i_recall_10": 82.28571428571429,
    "test__n_fold_t2i_rsum": 136.57142857142858,
    "test__n_fold_t2i_medr": 6.0,
    "test__n_fold_t2i_meanr": 7.6571428571428575,
    "test__i2t_recall_1": 24.571428571428573,
    "test__i2t_recall_5": 52.0,
    "test__i2t_recall_10": 65.14285714285714,
    "test__i2t_rsum": 141.71428571428572,
    "test__i2t_medr": 5.0,
    "test__i2t_meanr": 8.731428571428571,
    "test__t2i_recall_1": 13.714285714285714,
    "test__t2i_recall_5": 40.57142857142857,
    "test__t2i_recall_10": 82.28571428571429,
    "test__t2i_rsum": 136.57142857142858,
    "test__t2i_medr": 6.0,
    "test__t2i_meanr": 7.6571428571428575
}
[2026-03-19 22:02:51] [Eval] Report @step: 18.00 {
    "test__rsum": 390.32258064516134,
    "test__medr": 3.0,
    "test__meanr": 8.70967741935484,
    "test__n_fold_i2t_recall_1": 56.45161290322581,
    "test__n_fold_i2t_recall_5": 61.29032258064516,
    "test__n_fold_i2t_recall_10": 85.48387096774194,
    "test__n_fold_i2t_rsum": 203.22580645161293,
    "test__n_fold_i2t_medr": 1.0,
    "test__n_fold_i2t_meanr": 5.112903225806452,
    "test__n_fold_t2i_recall_1": 12.903225806451612,
    "test__n_fold_t2i_recall_5": 82.25806451612904,
    "test__n_fold_t2i_recall_10": 91.93548387096774,
    "test__n_fold_t2i_rsum": 187.0967741935484,
    "test__n_fold_t2i_medr": 2.0,
    "test__n_fold_t2i_meanr": 3.596774193548387,
    "test__i2t_recall_1": 56.45161290322581,
    "test__i2t_recall_5": 61.29032258064516,
    "test__i2t_recall_10": 85.48387096774194,
    "test__i2t_rsum": 203.22580645161293,
    "test__i2t_medr": 1.0,
    "test__i2t_meanr": 5.112903225806452,
    "test__t2i_recall_1": 12.903225806451612,
    "test__t2i_recall_5": 82.25806451612904,
    "test__t2i_recall_10": 91.93548387096774,
    "test__t2i_rsum": 187.0967741935484,
    "test__t2i_medr": 2.0,
    "test__t2i_meanr": 3.596774193548387
}
[2026-03-19 22:03:30] [Eval] Report @step: 18.00 {
    "test__rsum": 387.37541528239205,
    "test__medr": 6.0,
    "test__meanr": 8.943521594684386,
    "test__n_fold_i2t_recall_1": 27.242524916943523,
    "test__n_fold_i2t_recall_5": 77.40863787375416,
    "test__n_fold_i2t_recall_10": 87.37541528239203,
    "test__n_fold_i2t_rsum": 192.0265780730897,
    "test__n_fold_i2t_medr": 3.0,
    "test__n_fold_i2t_meanr": 4.7574750830564785,
    "test__n_fold_t2i_recall_1": 23.588039867109636,
    "test__n_fold_t2i_recall_5": 75.41528239202658,
    "test__n_fold_t2i_recall_10": 96.34551495016612,
    "test__n_fold_t2i_rsum": 195.34883720930233,
    "test__n_fold_t2i_medr": 3.0,
    "test__n_fold_t2i_meanr": 4.186046511627907,
    "test__i2t_recall_1": 27.242524916943523,
    "test__i2t_recall_5": 77.40863787375416,
    "test__i2t_recall_10": 87.37541528239203,
    "test__i2t_rsum": 192.0265780730897,
    "test__i2t_medr": 3.0,
    "test__i2t_meanr": 4.7574750830564785,
    "test__t2i_recall_1": 23.588039867109636,
    "test__t2i_recall_5": 75.41528239202658,
    "test__t2i_recall_10": 96.34551495016612,
    "test__t2i_rsum": 195.34883720930233,
    "test__t2i_medr": 3.0,
    "test__t2i_meanr": 4.186046511627907
}
[2026-03-19 22:04:11] [Eval] Report @step: 18.00 {
    "test__rsum": 396.9788519637462,
    "test__medr": 5.0,
    "test__meanr": 9.661631419939578,
    "test__n_fold_i2t_recall_1": 26.88821752265861,
    "test__n_fold_i2t_recall_5": 75.22658610271904,
    "test__n_fold_i2t_recall_10": 87.31117824773413,
    "test__n_fold_i2t_rsum": 189.42598187311177,
    "test__n_fold_i2t_medr": 3.0,
    "test__n_fold_i2t_meanr": 5.030211480362538,
    "test__n_fold_t2i_recall_1": 35.95166163141994,
    "test__n_fold_t2i_recall_5": 80.96676737160121,
    "test__n_fold_t2i_recall_10": 90.6344410876133,
    "test__n_fold_t2i_rsum": 207.55287009063443,
    "test__n_fold_t2i_medr": 2.0,
    "test__n_fold_t2i_meanr": 4.6314199395770395,
    "test__i2t_recall_1": 26.88821752265861,
    "test__i2t_recall_5": 75.22658610271904,
    "test__i2t_recall_10": 87.31117824773413,
    "test__i2t_rsum": 189.42598187311177,
    "test__i2t_medr": 3.0,
    "test__i2t_meanr": 5.030211480362538,
    "test__t2i_recall_1": 35.95166163141994,
    "test__t2i_recall_5": 80.96676737160121,
    "test__t2i_recall_10": 90.6344410876133,
    "test__t2i_rsum": 207.55287009063443,
    "test__t2i_medr": 2.0,
    "test__t2i_meanr": 4.6314199395770395
}
[2026-03-19 22:10:48] [Eval] Report @step: 18.00 {
    "test__rsum": 406.6143497757848,
    "test__medr": 3.0,
    "test__meanr": 11.19170403587444,
    "test__n_fold_i2t_recall_1": 21.524663677130047,
    "test__n_fold_i2t_recall_5": 84.52914798206278,
    "test__n_fold_i2t_recall_10": 90.91928251121077,
    "test__n_fold_i2t_rsum": 196.9730941704036,
    "test__n_fold_i2t_medr": 2.0,
    "test__n_fold_i2t_meanr": 4.058295964125561,
    "test__n_fold_t2i_recall_1": 52.91479820627803,
    "test__n_fold_t2i_recall_5": 74.88789237668162,
    "test__n_fold_t2i_recall_10": 81.83856502242152,
    "test__n_fold_t2i_rsum": 209.64125560538116,
    "test__n_fold_t2i_medr": 1.0,
    "test__n_fold_t2i_meanr": 7.133408071748879,
    "test__i2t_recall_1": 21.524663677130047,
    "test__i2t_recall_5": 84.52914798206278,
    "test__i2t_recall_10": 90.91928251121077,
    "test__i2t_rsum": 196.9730941704036,
    "test__i2t_medr": 2.0,
    "test__i2t_meanr": 4.058295964125561,
    "test__t2i_recall_1": 52.91479820627803,
    "test__t2i_recall_5": 74.88789237668162,
    "test__t2i_recall_10": 81.83856502242152,
    "test__t2i_rsum": 209.64125560538116,
    "test__t2i_medr": 1.0,
    "test__t2i_meanr": 7.133408071748879
}
[2026-03-19 22:10:58] [Eval] Report @step: 18.00 {
    "test__rsum": 278.28571428571433,
    "test__medr": 11.0,
    "test__meanr": 16.388571428571428,
    "test__n_fold_i2t_recall_1": 24.571428571428573,
    "test__n_fold_i2t_recall_5": 52.0,
    "test__n_fold_i2t_recall_10": 65.14285714285714,
    "test__n_fold_i2t_rsum": 141.71428571428572,
    "test__n_fold_i2t_medr": 5.0,
    "test__n_fold_i2t_meanr": 8.731428571428571,
    "test__n_fold_t2i_recall_1": 13.714285714285714,
    "test__n_fold_t2i_recall_5": 40.57142857142857,
    "test__n_fold_t2i_recall_10": 82.28571428571429,
    "test__n_fold_t2i_rsum": 136.57142857142858,
    "test__n_fold_t2i_medr": 6.0,
    "test__n_fold_t2i_meanr": 7.6571428571428575,
    "test__i2t_recall_1": 24.571428571428573,
    "test__i2t_recall_5": 52.0,
    "test__i2t_recall_10": 65.14285714285714,
    "test__i2t_rsum": 141.71428571428572,
    "test__i2t_medr": 5.0,
    "test__i2t_meanr": 8.731428571428571,
    "test__t2i_recall_1": 13.714285714285714,
    "test__t2i_recall_5": 40.57142857142857,
    "test__t2i_recall_10": 82.28571428571429,
    "test__t2i_rsum": 136.57142857142858,
    "test__t2i_medr": 6.0,
    "test__t2i_meanr": 7.6571428571428575
}
[2026-03-19 22:11:00] [Eval] Report @step: 18.00 {
    "test__rsum": 390.32258064516134,
    "test__medr": 3.0,
    "test__meanr": 8.70967741935484,
    "test__n_fold_i2t_recall_1": 56.45161290322581,
    "test__n_fold_i2t_recall_5": 61.29032258064516,
    "test__n_fold_i2t_recall_10": 85.48387096774194,
    "test__n_fold_i2t_rsum": 203.22580645161293,
    "test__n_fold_i2t_medr": 1.0,
    "test__n_fold_i2t_meanr": 5.112903225806452,
    "test__n_fold_t2i_recall_1": 12.903225806451612,
    "test__n_fold_t2i_recall_5": 82.25806451612904,
    "test__n_fold_t2i_recall_10": 91.93548387096774,
    "test__n_fold_t2i_rsum": 187.0967741935484,
    "test__n_fold_t2i_medr": 2.0,
    "test__n_fold_t2i_meanr": 3.596774193548387,
    "test__i2t_recall_1": 56.45161290322581,
    "test__i2t_recall_5": 61.29032258064516,
    "test__i2t_recall_10": 85.48387096774194,
    "test__i2t_rsum": 203.22580645161293,
    "test__i2t_medr": 1.0,
    "test__i2t_meanr": 5.112903225806452,
    "test__t2i_recall_1": 12.903225806451612,
    "test__t2i_recall_5": 82.25806451612904,
    "test__t2i_recall_10": 91.93548387096774,
    "test__t2i_rsum": 187.0967741935484,
    "test__t2i_medr": 2.0,
    "test__t2i_meanr": 3.596774193548387
}
[2026-03-19 22:11:00] Round 19!
[2026-03-19 22:11:00] Harmony enters stage2 at round 19.
[2026-03-19 22:11:00] Training Client 10!
[2026-03-19 22:11:00] Epoch 19
[2026-03-19 22:11:01] Training Client 11!
[2026-03-19 22:11:01] Epoch 19
[2026-03-19 22:11:02] Training Client 12!
[2026-03-19 22:11:02] Epoch 19
[2026-03-19 22:11:04] Training Client 13!
[2026-03-19 22:11:04] Epoch 19
[2026-03-19 22:11:04] Skip local epoch for client 3: train loader has no full batch
[2026-03-19 22:11:04] Training Client 14!
[2026-03-19 22:11:04] Epoch 19
[2026-03-19 22:11:04] Skip local epoch for client 4: train loader has no full batch
[2026-03-19 22:11:04] Harmony stage2 clustering round 19: labels=[1, 0, 0, 1, 1], discrepancies=[[0.03387276083230972, 0.028309283778071404], [0.906008780002594, 0.9179748296737671], [1.0, 1.0], [0.014036263339221478, 0.011760780587792397], [0.014036263339221478, 0.011760780587792397]]
[2026-03-19 22:11:04] TEST:  Epoch: [10] image	Prec@1 37.778 (41.196)	Prec@5 88.889 (88.704)
[2026-03-19 22:11:05] TEST:  Epoch: [10] image	Prec@1 16.000 (13.595)	Prec@5 78.667 (76.133)
[2026-03-19 22:11:05] TEST:  Epoch: [10] image	Prec@1 60.484 (53.251)	Prec@5 98.387 (98.767)
[2026-03-19 22:11:05] TEST:  Epoch: [10] image	Prec@1 20.000 (20.000)	Prec@5 89.714 (89.714)
[2026-03-19 22:11:05] TEST:  Epoch: [10] image	Prec@1 56.452 (56.452)	Prec@5 74.194 (74.194)
[2026-03-19 22:11:05] TEST:  Epoch: [10] text	Prec@1 0.000 (0.000)	Prec@5 11.111 (15.282)
[2026-03-19 22:11:06] TEST:  Epoch: [10] text	Prec@1 30.667 (32.931)	Prec@5 94.667 (93.656)
[2026-03-19 22:11:06] TEST:  Epoch: [10] text	Prec@1 60.484 (53.251)	Prec@5 98.387 (98.767)
[2026-03-19 22:11:06] TEST:  Epoch: [10] text	Prec@1 20.000 (20.000)	Prec@5 48.571 (48.571)
[2026-03-19 22:11:06] TEST:  Epoch: [10] text	Prec@1 0.000 (0.000)	Prec@5 0.000 (0.000)
[2026-03-19 22:11:38] [Eval] Report @step: 19.00 {
    "test__rsum": 398.6710963455149,
    "test__medr": 5.0,
    "test__meanr": 8.724252491694351,
    "test__n_fold_i2t_recall_1": 33.222591362126245,
    "test__n_fold_i2t_recall_5": 79.40199335548172,
    "test__n_fold_i2t_recall_10": 88.37209302325581,
    "test__n_fold_i2t_rsum": 200.9966777408638,
    "test__n_fold_i2t_medr": 2.0,
    "test__n_fold_i2t_meanr": 4.3621262458471755,
    "test__n_fold_t2i_recall_1": 28.571428571428573,
    "test__n_fold_t2i_recall_5": 74.08637873754152,
    "test__n_fold_t2i_recall_10": 95.01661129568106,
    "test__n_fold_t2i_rsum": 197.67441860465115,
    "test__n_fold_t2i_medr": 3.0,
    "test__n_fold_t2i_meanr": 4.3621262458471755,
    "test__i2t_recall_1": 33.222591362126245,
    "test__i2t_recall_5": 79.40199335548172,
    "test__i2t_recall_10": 88.37209302325581,
    "test__i2t_rsum": 200.9966777408638,
    "test__i2t_medr": 2.0,
    "test__i2t_meanr": 4.3621262458471755,
    "test__t2i_recall_1": 28.571428571428573,
    "test__t2i_recall_5": 74.08637873754152,
    "test__t2i_recall_10": 95.01661129568106,
    "test__t2i_rsum": 197.67441860465115,
    "test__t2i_medr": 3.0,
    "test__t2i_meanr": 4.3621262458471755
}
[2026-03-19 22:12:18] [Eval] Report @step: 19.00 {
    "test__rsum": 398.48942598187307,
    "test__medr": 5.0,
    "test__meanr": 9.882175226586103,
    "test__n_fold_i2t_recall_1": 29.305135951661633,
    "test__n_fold_i2t_recall_5": 76.73716012084593,
    "test__n_fold_i2t_recall_10": 88.82175226586102,
    "test__n_fold_i2t_rsum": 194.86404833836858,
    "test__n_fold_i2t_medr": 3.0,
    "test__n_fold_i2t_meanr": 4.8912386706948645,
    "test__n_fold_t2i_recall_1": 32.02416918429003,
    "test__n_fold_t2i_recall_5": 80.06042296072508,
    "test__n_fold_t2i_recall_10": 91.54078549848943,
    "test__n_fold_t2i_rsum": 203.62537764350452,
    "test__n_fold_t2i_medr": 2.0,
    "test__n_fold_t2i_meanr": 4.990936555891238,
    "test__i2t_recall_1": 29.305135951661633,
    "test__i2t_recall_5": 76.73716012084593,
    "test__i2t_recall_10": 88.82175226586102,
    "test__i2t_rsum": 194.86404833836858,
    "test__i2t_medr": 3.0,
    "test__i2t_meanr": 4.8912386706948645,
    "test__t2i_recall_1": 32.02416918429003,
    "test__t2i_recall_5": 80.06042296072508,
    "test__t2i_recall_10": 91.54078549848943,
    "test__t2i_rsum": 203.62537764350452,
    "test__t2i_medr": 2.0,
    "test__t2i_meanr": 4.990936555891238
}
[2026-03-19 22:19:01] [Eval] Report @step: 19.00 {
    "test__rsum": 400.8968609865471,
    "test__medr": 3.0,
    "test__meanr": 11.778026905829595,
    "test__n_fold_i2t_recall_1": 20.179372197309416,
    "test__n_fold_i2t_recall_5": 83.18385650224215,
    "test__n_fold_i2t_recall_10": 89.79820627802691,
    "test__n_fold_i2t_rsum": 193.1614349775785,
    "test__n_fold_i2t_medr": 2.0,
    "test__n_fold_i2t_meanr": 4.570627802690582,
    "test__n_fold_t2i_recall_1": 50.0,
    "test__n_fold_t2i_recall_5": 75.22421524663677,
    "test__n_fold_t2i_recall_10": 82.51121076233184,
    "test__n_fold_t2i_rsum": 207.7354260089686,
    "test__n_fold_t2i_medr": 1.0,
    "test__n_fold_t2i_meanr": 7.207399103139013,
    "test__i2t_recall_1": 20.179372197309416,
    "test__i2t_recall_5": 83.18385650224215,
    "test__i2t_recall_10": 89.79820627802691,
    "test__i2t_rsum": 193.1614349775785,
    "test__i2t_medr": 2.0,
    "test__i2t_meanr": 4.570627802690582,
    "test__t2i_recall_1": 50.0,
    "test__t2i_recall_5": 75.22421524663677,
    "test__t2i_recall_10": 82.51121076233184,
    "test__t2i_rsum": 207.7354260089686,
    "test__t2i_medr": 1.0,
    "test__t2i_meanr": 7.207399103139013
}
[2026-03-19 22:19:07] [Eval] Report @step: 19.00 {
    "test__rsum": 298.2857142857143,
    "test__medr": 10.0,
    "test__meanr": 14.782857142857143,
    "test__n_fold_i2t_recall_1": 24.571428571428573,
    "test__n_fold_i2t_recall_5": 58.857142857142854,
    "test__n_fold_i2t_recall_10": 69.71428571428571,
    "test__n_fold_i2t_rsum": 153.14285714285714,
    "test__n_fold_i2t_medr": 4.0,
    "test__n_fold_i2t_meanr": 7.377142857142857,
    "test__n_fold_t2i_recall_1": 14.285714285714286,
    "test__n_fold_t2i_recall_5": 46.285714285714285,
    "test__n_fold_t2i_recall_10": 84.57142857142857,
    "test__n_fold_t2i_rsum": 145.14285714285714,
    "test__n_fold_t2i_medr": 6.0,
    "test__n_fold_t2i_meanr": 7.405714285714286,
    "test__i2t_recall_1": 24.571428571428573,
    "test__i2t_recall_5": 58.857142857142854,
    "test__i2t_recall_10": 69.71428571428571,
    "test__i2t_rsum": 153.14285714285714,
    "test__i2t_medr": 4.0,
    "test__i2t_meanr": 7.377142857142857,
    "test__t2i_recall_1": 14.285714285714286,
    "test__t2i_recall_5": 46.285714285714285,
    "test__t2i_recall_10": 84.57142857142857,
    "test__t2i_rsum": 145.14285714285714,
    "test__t2i_medr": 6.0,
    "test__t2i_meanr": 7.405714285714286
}
[2026-03-19 22:19:09] [Eval] Report @step: 19.00 {
    "test__rsum": 400.0,
    "test__medr": 3.0,
    "test__meanr": 8.564516129032258,
    "test__n_fold_i2t_recall_1": 56.45161290322581,
    "test__n_fold_i2t_recall_5": 64.51612903225806,
    "test__n_fold_i2t_recall_10": 87.09677419354838,
    "test__n_fold_i2t_rsum": 208.06451612903226,
    "test__n_fold_i2t_medr": 1.0,
    "test__n_fold_i2t_meanr": 4.806451612903226,
    "test__n_fold_t2i_recall_1": 20.967741935483872,
    "test__n_fold_t2i_recall_5": 82.25806451612904,
    "test__n_fold_t2i_recall_10": 88.70967741935483,
    "test__n_fold_t2i_rsum": 191.93548387096774,
    "test__n_fold_t2i_medr": 2.0,
    "test__n_fold_t2i_meanr": 3.7580645161290325,
    "test__i2t_recall_1": 56.45161290322581,
    "test__i2t_recall_5": 64.51612903225806,
    "test__i2t_recall_10": 87.09677419354838,
    "test__i2t_rsum": 208.06451612903226,
    "test__i2t_medr": 1.0,
    "test__i2t_meanr": 4.806451612903226,
    "test__t2i_recall_1": 20.967741935483872,
    "test__t2i_recall_5": 82.25806451612904,
    "test__t2i_recall_10": 88.70967741935483,
    "test__t2i_rsum": 191.93548387096774,
    "test__t2i_medr": 2.0,
    "test__t2i_meanr": 3.7580645161290325
}
[2026-03-19 22:19:47] [Eval] Report @step: 19.00 {
    "test__rsum": 437.2093023255814,
    "test__medr": 4.0,
    "test__meanr": 10.933554817275747,
    "test__n_fold_i2t_recall_1": 48.50498338870432,
    "test__n_fold_i2t_recall_5": 78.40531561461793,
    "test__n_fold_i2t_recall_10": 86.7109634551495,
    "test__n_fold_i2t_rsum": 213.62126245847173,
    "test__n_fold_i2t_medr": 2.0,
    "test__n_fold_i2t_meanr": 6.657807308970099,
    "test__n_fold_t2i_recall_1": 47.17607973421927,
    "test__n_fold_t2i_recall_5": 83.72093023255815,
    "test__n_fold_t2i_recall_10": 92.69102990033223,
    "test__n_fold_t2i_rsum": 223.58803986710967,
    "test__n_fold_t2i_medr": 2.0,
    "test__n_fold_t2i_meanr": 4.275747508305647,
    "test__i2t_recall_1": 48.50498338870432,
    "test__i2t_recall_5": 78.40531561461793,
    "test__i2t_recall_10": 86.7109634551495,
    "test__i2t_rsum": 213.62126245847173,
    "test__i2t_medr": 2.0,
    "test__i2t_meanr": 6.657807308970099,
    "test__t2i_recall_1": 47.17607973421927,
    "test__t2i_recall_5": 83.72093023255815,
    "test__t2i_recall_10": 92.69102990033223,
    "test__t2i_rsum": 223.58803986710967,
    "test__t2i_medr": 2.0,
    "test__t2i_meanr": 4.275747508305647
}
[2026-03-19 22:20:21] [Eval] Report @step: 19.00 {
    "test__rsum": 440.18126888217523,
    "test__medr": 4.0,
    "test__meanr": 7.090634441087613,
    "test__n_fold_i2t_recall_1": 46.52567975830816,
    "test__n_fold_i2t_recall_5": 79.75830815709969,
    "test__n_fold_i2t_recall_10": 94.25981873111782,
    "test__n_fold_i2t_rsum": 220.54380664652567,
    "test__n_fold_i2t_medr": 2.0,
    "test__n_fold_i2t_meanr": 3.486404833836858,
    "test__n_fold_t2i_recall_1": 43.80664652567976,
    "test__n_fold_t2i_recall_5": 83.38368580060423,
    "test__n_fold_t2i_recall_10": 92.44712990936556,
    "test__n_fold_t2i_rsum": 219.63746223564954,
    "test__n_fold_t2i_medr": 2.0,
    "test__n_fold_t2i_meanr": 3.604229607250755,
    "test__i2t_recall_1": 46.52567975830816,
    "test__i2t_recall_5": 79.75830815709969,
    "test__i2t_recall_10": 94.25981873111782,
    "test__i2t_rsum": 220.54380664652567,
    "test__i2t_medr": 2.0,
    "test__i2t_meanr": 3.486404833836858,
    "test__t2i_recall_1": 43.80664652567976,
    "test__t2i_recall_5": 83.38368580060423,
    "test__t2i_recall_10": 92.44712990936556,
    "test__t2i_rsum": 219.63746223564954,
    "test__t2i_medr": 2.0,
    "test__t2i_meanr": 3.604229607250755
}
[2026-03-19 22:27:09] [Eval] Report @step: 19.00 {
    "test__rsum": 433.8565022421525,
    "test__medr": 3.0,
    "test__meanr": 10.770179372197308,
    "test__n_fold_i2t_recall_1": 52.57847533632287,
    "test__n_fold_i2t_recall_5": 81.39013452914799,
    "test__n_fold_i2t_recall_10": 89.79820627802691,
    "test__n_fold_i2t_rsum": 223.76681614349775,
    "test__n_fold_i2t_medr": 1.0,
    "test__n_fold_i2t_meanr": 4.790358744394618,
    "test__n_fold_t2i_recall_1": 41.25560538116592,
    "test__n_fold_t2i_recall_5": 80.04484304932735,
    "test__n_fold_t2i_recall_10": 88.78923766816143,
    "test__n_fold_t2i_rsum": 210.0896860986547,
    "test__n_fold_t2i_medr": 2.0,
    "test__n_fold_t2i_meanr": 5.979820627802691,
    "test__i2t_recall_1": 52.57847533632287,
    "test__i2t_recall_5": 81.39013452914799,
    "test__i2t_recall_10": 89.79820627802691,
    "test__i2t_rsum": 223.76681614349775,
    "test__i2t_medr": 1.0,
    "test__i2t_meanr": 4.790358744394618,
    "test__t2i_recall_1": 41.25560538116592,
    "test__t2i_recall_5": 80.04484304932735,
    "test__t2i_recall_10": 88.78923766816143,
    "test__t2i_rsum": 210.0896860986547,
    "test__t2i_medr": 2.0,
    "test__t2i_meanr": 5.979820627802691
}
[2026-03-19 22:27:18] [Eval] Report @step: 19.00 {
    "test__rsum": 408.5714285714286,
    "test__medr": 4.0,
    "test__meanr": 8.028571428571428,
    "test__n_fold_i2t_recall_1": 33.142857142857146,
    "test__n_fold_i2t_recall_5": 81.71428571428571,
    "test__n_fold_i2t_recall_10": 90.85714285714286,
    "test__n_fold_i2t_rsum": 205.71428571428572,
    "test__n_fold_i2t_medr": 2.0,
    "test__n_fold_i2t_meanr": 3.954285714285714,
    "test__n_fold_t2i_recall_1": 33.714285714285715,
    "test__n_fold_t2i_recall_5": 78.85714285714286,
    "test__n_fold_t2i_recall_10": 90.28571428571429,
    "test__n_fold_t2i_rsum": 202.8571428571429,
    "test__n_fold_t2i_medr": 2.0,
    "test__n_fold_t2i_meanr": 4.074285714285715,
    "test__i2t_recall_1": 33.142857142857146,
    "test__i2t_recall_5": 81.71428571428571,
    "test__i2t_recall_10": 90.85714285714286,
    "test__i2t_rsum": 205.71428571428572,
    "test__i2t_medr": 2.0,
    "test__i2t_meanr": 3.954285714285714,
    "test__t2i_recall_1": 33.714285714285715,
    "test__t2i_recall_5": 78.85714285714286,
    "test__t2i_recall_10": 90.28571428571429,
    "test__t2i_rsum": 202.8571428571429,
    "test__t2i_medr": 2.0,
    "test__t2i_meanr": 4.074285714285715
}
[2026-03-19 22:27:20] [Eval] Report @step: 19.00 {
    "test__rsum": 466.1290322580645,
    "test__medr": 2.0,
    "test__meanr": 6.758064516129032,
    "test__n_fold_i2t_recall_1": 61.29032258064516,
    "test__n_fold_i2t_recall_5": 87.09677419354838,
    "test__n_fold_i2t_recall_10": 91.93548387096774,
    "test__n_fold_i2t_rsum": 240.32258064516128,
    "test__n_fold_i2t_medr": 1.0,
    "test__n_fold_i2t_meanr": 3.2419354838709675,
    "test__n_fold_t2i_recall_1": 53.225806451612904,
    "test__n_fold_t2i_recall_5": 80.64516129032258,
    "test__n_fold_t2i_recall_10": 91.93548387096774,
    "test__n_fold_t2i_rsum": 225.80645161290323,
    "test__n_fold_t2i_medr": 1.0,
    "test__n_fold_t2i_meanr": 3.5161290322580645,
    "test__i2t_recall_1": 61.29032258064516,
    "test__i2t_recall_5": 87.09677419354838,
    "test__i2t_recall_10": 91.93548387096774,
    "test__i2t_rsum": 240.32258064516128,
    "test__i2t_medr": 1.0,
    "test__i2t_meanr": 3.2419354838709675,
    "test__t2i_recall_1": 53.225806451612904,
    "test__t2i_recall_5": 80.64516129032258,
    "test__t2i_recall_10": 91.93548387096774,
    "test__t2i_rsum": 225.80645161290323,
    "test__t2i_medr": 1.0,
    "test__t2i_meanr": 3.5161290322580645
}
[2026-03-19 22:27:58] [Eval] Report @step: 19.00 {
    "test__rsum": 437.2093023255814,
    "test__medr": 4.0,
    "test__meanr": 10.933554817275747,
    "test__n_fold_i2t_recall_1": 48.50498338870432,
    "test__n_fold_i2t_recall_5": 78.40531561461793,
    "test__n_fold_i2t_recall_10": 86.7109634551495,
    "test__n_fold_i2t_rsum": 213.62126245847173,
    "test__n_fold_i2t_medr": 2.0,
    "test__n_fold_i2t_meanr": 6.657807308970099,
    "test__n_fold_t2i_recall_1": 47.17607973421927,
    "test__n_fold_t2i_recall_5": 83.72093023255815,
    "test__n_fold_t2i_recall_10": 92.69102990033223,
    "test__n_fold_t2i_rsum": 223.58803986710967,
    "test__n_fold_t2i_medr": 2.0,
    "test__n_fold_t2i_meanr": 4.275747508305647,
    "test__i2t_recall_1": 48.50498338870432,
    "test__i2t_recall_5": 78.40531561461793,
    "test__i2t_recall_10": 86.7109634551495,
    "test__i2t_rsum": 213.62126245847173,
    "test__i2t_medr": 2.0,
    "test__i2t_meanr": 6.657807308970099,
    "test__t2i_recall_1": 47.17607973421927,
    "test__t2i_recall_5": 83.72093023255815,
    "test__t2i_recall_10": 92.69102990033223,
    "test__t2i_rsum": 223.58803986710967,
    "test__t2i_medr": 2.0,
    "test__t2i_meanr": 4.275747508305647
}
[2026-03-19 22:28:31] [Eval] Report @step: 19.00 {
    "test__rsum": 440.18126888217523,
    "test__medr": 4.0,
    "test__meanr": 7.090634441087613,
    "test__n_fold_i2t_recall_1": 46.52567975830816,
    "test__n_fold_i2t_recall_5": 79.75830815709969,
    "test__n_fold_i2t_recall_10": 94.25981873111782,
    "test__n_fold_i2t_rsum": 220.54380664652567,
    "test__n_fold_i2t_medr": 2.0,
    "test__n_fold_i2t_meanr": 3.486404833836858,
    "test__n_fold_t2i_recall_1": 43.80664652567976,
    "test__n_fold_t2i_recall_5": 83.38368580060423,
    "test__n_fold_t2i_recall_10": 92.44712990936556,
    "test__n_fold_t2i_rsum": 219.63746223564954,
    "test__n_fold_t2i_medr": 2.0,
    "test__n_fold_t2i_meanr": 3.604229607250755,
    "test__i2t_recall_1": 46.52567975830816,
    "test__i2t_recall_5": 79.75830815709969,
    "test__i2t_recall_10": 94.25981873111782,
    "test__i2t_rsum": 220.54380664652567,
    "test__i2t_medr": 2.0,
    "test__i2t_meanr": 3.486404833836858,
    "test__t2i_recall_1": 43.80664652567976,
    "test__t2i_recall_5": 83.38368580060423,
    "test__t2i_recall_10": 92.44712990936556,
    "test__t2i_rsum": 219.63746223564954,
    "test__t2i_medr": 2.0,
    "test__t2i_meanr": 3.604229607250755
}
[2026-03-19 22:34:59] [Eval] Report @step: 19.00 {
    "test__rsum": 433.8565022421525,
    "test__medr": 3.0,
    "test__meanr": 10.770179372197308,
    "test__n_fold_i2t_recall_1": 52.57847533632287,
    "test__n_fold_i2t_recall_5": 81.39013452914799,
    "test__n_fold_i2t_recall_10": 89.79820627802691,
    "test__n_fold_i2t_rsum": 223.76681614349775,
    "test__n_fold_i2t_medr": 1.0,
    "test__n_fold_i2t_meanr": 4.790358744394618,
    "test__n_fold_t2i_recall_1": 41.25560538116592,
    "test__n_fold_t2i_recall_5": 80.04484304932735,
    "test__n_fold_t2i_recall_10": 88.78923766816143,
    "test__n_fold_t2i_rsum": 210.0896860986547,
    "test__n_fold_t2i_medr": 2.0,
    "test__n_fold_t2i_meanr": 5.979820627802691,
    "test__i2t_recall_1": 52.57847533632287,
    "test__i2t_recall_5": 81.39013452914799,
    "test__i2t_recall_10": 89.79820627802691,
    "test__i2t_rsum": 223.76681614349775,
    "test__i2t_medr": 1.0,
    "test__i2t_meanr": 4.790358744394618,
    "test__t2i_recall_1": 41.25560538116592,
    "test__t2i_recall_5": 80.04484304932735,
    "test__t2i_recall_10": 88.78923766816143,
    "test__t2i_rsum": 210.0896860986547,
    "test__t2i_medr": 2.0,
    "test__t2i_meanr": 5.979820627802691
}
[2026-03-19 22:35:09] [Eval] Report @step: 19.00 {
    "test__rsum": 408.5714285714286,
    "test__medr": 4.0,
    "test__meanr": 8.028571428571428,
    "test__n_fold_i2t_recall_1": 33.142857142857146,
    "test__n_fold_i2t_recall_5": 81.71428571428571,
    "test__n_fold_i2t_recall_10": 90.85714285714286,
    "test__n_fold_i2t_rsum": 205.71428571428572,
    "test__n_fold_i2t_medr": 2.0,
    "test__n_fold_i2t_meanr": 3.954285714285714,
    "test__n_fold_t2i_recall_1": 33.714285714285715,
    "test__n_fold_t2i_recall_5": 78.85714285714286,
    "test__n_fold_t2i_recall_10": 90.28571428571429,
    "test__n_fold_t2i_rsum": 202.8571428571429,
    "test__n_fold_t2i_medr": 2.0,
    "test__n_fold_t2i_meanr": 4.074285714285715,
    "test__i2t_recall_1": 33.142857142857146,
    "test__i2t_recall_5": 81.71428571428571,
    "test__i2t_recall_10": 90.85714285714286,
    "test__i2t_rsum": 205.71428571428572,
    "test__i2t_medr": 2.0,
    "test__i2t_meanr": 3.954285714285714,
    "test__t2i_recall_1": 33.714285714285715,
    "test__t2i_recall_5": 78.85714285714286,
    "test__t2i_recall_10": 90.28571428571429,
    "test__t2i_rsum": 202.8571428571429,
    "test__t2i_medr": 2.0,
    "test__t2i_meanr": 4.074285714285715
}
[2026-03-19 22:35:11] [Eval] Report @step: 19.00 {
    "test__rsum": 466.1290322580645,
    "test__medr": 2.0,
    "test__meanr": 6.758064516129032,
    "test__n_fold_i2t_recall_1": 61.29032258064516,
    "test__n_fold_i2t_recall_5": 87.09677419354838,
    "test__n_fold_i2t_recall_10": 91.93548387096774,
    "test__n_fold_i2t_rsum": 240.32258064516128,
    "test__n_fold_i2t_medr": 1.0,
    "test__n_fold_i2t_meanr": 3.2419354838709675,
    "test__n_fold_t2i_recall_1": 53.225806451612904,
    "test__n_fold_t2i_recall_5": 80.64516129032258,
    "test__n_fold_t2i_recall_10": 91.93548387096774,
    "test__n_fold_t2i_rsum": 225.80645161290323,
    "test__n_fold_t2i_medr": 1.0,
    "test__n_fold_t2i_meanr": 3.5161290322580645,
    "test__i2t_recall_1": 61.29032258064516,
    "test__i2t_recall_5": 87.09677419354838,
    "test__i2t_recall_10": 91.93548387096774,
    "test__i2t_rsum": 240.32258064516128,
    "test__i2t_medr": 1.0,
    "test__i2t_meanr": 3.2419354838709675,
    "test__t2i_recall_1": 53.225806451612904,
    "test__t2i_recall_5": 80.64516129032258,
    "test__t2i_recall_10": 91.93548387096774,
    "test__t2i_rsum": 225.80645161290323,
    "test__t2i_medr": 1.0,
    "test__t2i_meanr": 3.5161290322580645
}
[2026-03-19 22:35:50] [Eval] Report @step: 19.00 {
    "test__rsum": 398.6710963455149,
    "test__medr": 5.0,
    "test__meanr": 8.724252491694351,
    "test__n_fold_i2t_recall_1": 33.222591362126245,
    "test__n_fold_i2t_recall_5": 79.40199335548172,
    "test__n_fold_i2t_recall_10": 88.37209302325581,
    "test__n_fold_i2t_rsum": 200.9966777408638,
    "test__n_fold_i2t_medr": 2.0,
    "test__n_fold_i2t_meanr": 4.3621262458471755,
    "test__n_fold_t2i_recall_1": 28.571428571428573,
    "test__n_fold_t2i_recall_5": 74.08637873754152,
    "test__n_fold_t2i_recall_10": 95.01661129568106,
    "test__n_fold_t2i_rsum": 197.67441860465115,
    "test__n_fold_t2i_medr": 3.0,
    "test__n_fold_t2i_meanr": 4.3621262458471755,
    "test__i2t_recall_1": 33.222591362126245,
    "test__i2t_recall_5": 79.40199335548172,
    "test__i2t_recall_10": 88.37209302325581,
    "test__i2t_rsum": 200.9966777408638,
    "test__i2t_medr": 2.0,
    "test__i2t_meanr": 4.3621262458471755,
    "test__t2i_recall_1": 28.571428571428573,
    "test__t2i_recall_5": 74.08637873754152,
    "test__t2i_recall_10": 95.01661129568106,
    "test__t2i_rsum": 197.67441860465115,
    "test__t2i_medr": 3.0,
    "test__t2i_meanr": 4.3621262458471755
}
[2026-03-19 22:36:31] [Eval] Report @step: 19.00 {
    "test__rsum": 398.48942598187307,
    "test__medr": 5.0,
    "test__meanr": 9.882175226586103,
    "test__n_fold_i2t_recall_1": 29.305135951661633,
    "test__n_fold_i2t_recall_5": 76.73716012084593,
    "test__n_fold_i2t_recall_10": 88.82175226586102,
    "test__n_fold_i2t_rsum": 194.86404833836858,
    "test__n_fold_i2t_medr": 3.0,
    "test__n_fold_i2t_meanr": 4.8912386706948645,
    "test__n_fold_t2i_recall_1": 32.02416918429003,
    "test__n_fold_t2i_recall_5": 80.06042296072508,
    "test__n_fold_t2i_recall_10": 91.54078549848943,
    "test__n_fold_t2i_rsum": 203.62537764350452,
    "test__n_fold_t2i_medr": 2.0,
    "test__n_fold_t2i_meanr": 4.990936555891238,
    "test__i2t_recall_1": 29.305135951661633,
    "test__i2t_recall_5": 76.73716012084593,
    "test__i2t_recall_10": 88.82175226586102,
    "test__i2t_rsum": 194.86404833836858,
    "test__i2t_medr": 3.0,
    "test__i2t_meanr": 4.8912386706948645,
    "test__t2i_recall_1": 32.02416918429003,
    "test__t2i_recall_5": 80.06042296072508,
    "test__t2i_recall_10": 91.54078549848943,
    "test__t2i_rsum": 203.62537764350452,
    "test__t2i_medr": 2.0,
    "test__t2i_meanr": 4.990936555891238
}
[2026-03-19 22:40:47] [Eval] Report @step: 19.00 {
    "test__rsum": 400.8968609865471,
    "test__medr": 3.0,
    "test__meanr": 11.778026905829595,
    "test__n_fold_i2t_recall_1": 20.179372197309416,
    "test__n_fold_i2t_recall_5": 83.18385650224215,
    "test__n_fold_i2t_recall_10": 89.79820627802691,
    "test__n_fold_i2t_rsum": 193.1614349775785,
    "test__n_fold_i2t_medr": 2.0,
    "test__n_fold_i2t_meanr": 4.570627802690582,
    "test__n_fold_t2i_recall_1": 50.0,
    "test__n_fold_t2i_recall_5": 75.22421524663677,
    "test__n_fold_t2i_recall_10": 82.51121076233184,
    "test__n_fold_t2i_rsum": 207.7354260089686,
    "test__n_fold_t2i_medr": 1.0,
    "test__n_fold_t2i_meanr": 7.207399103139013,
    "test__i2t_recall_1": 20.179372197309416,
    "test__i2t_recall_5": 83.18385650224215,
    "test__i2t_recall_10": 89.79820627802691,
    "test__i2t_rsum": 193.1614349775785,
    "test__i2t_medr": 2.0,
    "test__i2t_meanr": 4.570627802690582,
    "test__t2i_recall_1": 50.0,
    "test__t2i_recall_5": 75.22421524663677,
    "test__t2i_recall_10": 82.51121076233184,
    "test__t2i_rsum": 207.7354260089686,
    "test__t2i_medr": 1.0,
    "test__t2i_meanr": 7.207399103139013
}
[2026-03-19 22:40:48] [Eval] Report @step: 19.00 {
    "test__rsum": 298.2857142857143,
    "test__medr": 10.0,
    "test__meanr": 14.782857142857143,
    "test__n_fold_i2t_recall_1": 24.571428571428573,
    "test__n_fold_i2t_recall_5": 58.857142857142854,
    "test__n_fold_i2t_recall_10": 69.71428571428571,
    "test__n_fold_i2t_rsum": 153.14285714285714,
    "test__n_fold_i2t_medr": 4.0,
    "test__n_fold_i2t_meanr": 7.377142857142857,
    "test__n_fold_t2i_recall_1": 14.285714285714286,
    "test__n_fold_t2i_recall_5": 46.285714285714285,
    "test__n_fold_t2i_recall_10": 84.57142857142857,
    "test__n_fold_t2i_rsum": 145.14285714285714,
    "test__n_fold_t2i_medr": 6.0,
    "test__n_fold_t2i_meanr": 7.405714285714286,
    "test__i2t_recall_1": 24.571428571428573,
    "test__i2t_recall_5": 58.857142857142854,
    "test__i2t_recall_10": 69.71428571428571,
    "test__i2t_rsum": 153.14285714285714,
    "test__i2t_medr": 4.0,
    "test__i2t_meanr": 7.377142857142857,
    "test__t2i_recall_1": 14.285714285714286,
    "test__t2i_recall_5": 46.285714285714285,
    "test__t2i_recall_10": 84.57142857142857,
    "test__t2i_rsum": 145.14285714285714,
    "test__t2i_medr": 6.0,
    "test__t2i_meanr": 7.405714285714286
}
[2026-03-19 22:40:49] [Eval] Report @step: 19.00 {
    "test__rsum": 400.0,
    "test__medr": 3.0,
    "test__meanr": 8.564516129032258,
    "test__n_fold_i2t_recall_1": 56.45161290322581,
    "test__n_fold_i2t_recall_5": 64.51612903225806,
    "test__n_fold_i2t_recall_10": 87.09677419354838,
    "test__n_fold_i2t_rsum": 208.06451612903226,
    "test__n_fold_i2t_medr": 1.0,
    "test__n_fold_i2t_meanr": 4.806451612903226,
    "test__n_fold_t2i_recall_1": 20.967741935483872,
    "test__n_fold_t2i_recall_5": 82.25806451612904,
    "test__n_fold_t2i_recall_10": 88.70967741935483,
    "test__n_fold_t2i_rsum": 191.93548387096774,
    "test__n_fold_t2i_medr": 2.0,
    "test__n_fold_t2i_meanr": 3.7580645161290325,
    "test__i2t_recall_1": 56.45161290322581,
    "test__i2t_recall_5": 64.51612903225806,
    "test__i2t_recall_10": 87.09677419354838,
    "test__i2t_rsum": 208.06451612903226,
    "test__i2t_medr": 1.0,
    "test__i2t_meanr": 4.806451612903226,
    "test__t2i_recall_1": 20.967741935483872,
    "test__t2i_recall_5": 82.25806451612904,
    "test__t2i_recall_10": 88.70967741935483,
    "test__t2i_rsum": 191.93548387096774,
    "test__t2i_medr": 2.0,
    "test__t2i_meanr": 3.7580645161290325
}
[2026-03-19 22:40:55] [Eval] Report @step: 19.00 {
    "test__rsum": 398.6710963455149,
    "test__medr": 5.0,
    "test__meanr": 8.724252491694351,
    "test__n_fold_i2t_recall_1": 33.222591362126245,
    "test__n_fold_i2t_recall_5": 79.40199335548172,
    "test__n_fold_i2t_recall_10": 88.37209302325581,
    "test__n_fold_i2t_rsum": 200.9966777408638,
    "test__n_fold_i2t_medr": 2.0,
    "test__n_fold_i2t_meanr": 4.3621262458471755,
    "test__n_fold_t2i_recall_1": 28.571428571428573,
    "test__n_fold_t2i_recall_5": 74.08637873754152,
    "test__n_fold_t2i_recall_10": 95.01661129568106,
    "test__n_fold_t2i_rsum": 197.67441860465115,
    "test__n_fold_t2i_medr": 3.0,
    "test__n_fold_t2i_meanr": 4.3621262458471755,
    "test__i2t_recall_1": 33.222591362126245,
    "test__i2t_recall_5": 79.40199335548172,
    "test__i2t_recall_10": 88.37209302325581,
    "test__i2t_rsum": 200.9966777408638,
    "test__i2t_medr": 2.0,
    "test__i2t_meanr": 4.3621262458471755,
    "test__t2i_recall_1": 28.571428571428573,
    "test__t2i_recall_5": 74.08637873754152,
    "test__t2i_recall_10": 95.01661129568106,
    "test__t2i_rsum": 197.67441860465115,
    "test__t2i_medr": 3.0,
    "test__t2i_meanr": 4.3621262458471755
}
[2026-03-19 22:41:03] [Eval] Report @step: 19.00 {
    "test__rsum": 398.48942598187307,
    "test__medr": 5.0,
    "test__meanr": 9.882175226586103,
    "test__n_fold_i2t_recall_1": 29.305135951661633,
    "test__n_fold_i2t_recall_5": 76.73716012084593,
    "test__n_fold_i2t_recall_10": 88.82175226586102,
    "test__n_fold_i2t_rsum": 194.86404833836858,
    "test__n_fold_i2t_medr": 3.0,
    "test__n_fold_i2t_meanr": 4.8912386706948645,
    "test__n_fold_t2i_recall_1": 32.02416918429003,
    "test__n_fold_t2i_recall_5": 80.06042296072508,
    "test__n_fold_t2i_recall_10": 91.54078549848943,
    "test__n_fold_t2i_rsum": 203.62537764350452,
    "test__n_fold_t2i_medr": 2.0,
    "test__n_fold_t2i_meanr": 4.990936555891238,
    "test__i2t_recall_1": 29.305135951661633,
    "test__i2t_recall_5": 76.73716012084593,
    "test__i2t_recall_10": 88.82175226586102,
    "test__i2t_rsum": 194.86404833836858,
    "test__i2t_medr": 3.0,
    "test__i2t_meanr": 4.8912386706948645,
    "test__t2i_recall_1": 32.02416918429003,
    "test__t2i_recall_5": 80.06042296072508,
    "test__t2i_recall_10": 91.54078549848943,
    "test__t2i_rsum": 203.62537764350452,
    "test__t2i_medr": 2.0,
    "test__t2i_meanr": 4.990936555891238
}
[2026-03-19 22:42:15] [Eval] Report @step: 19.00 {
    "test__rsum": 400.8968609865471,
    "test__medr": 3.0,
    "test__meanr": 11.778026905829595,
    "test__n_fold_i2t_recall_1": 20.179372197309416,
    "test__n_fold_i2t_recall_5": 83.18385650224215,
    "test__n_fold_i2t_recall_10": 89.79820627802691,
    "test__n_fold_i2t_rsum": 193.1614349775785,
    "test__n_fold_i2t_medr": 2.0,
    "test__n_fold_i2t_meanr": 4.570627802690582,
    "test__n_fold_t2i_recall_1": 50.0,
    "test__n_fold_t2i_recall_5": 75.22421524663677,
    "test__n_fold_t2i_recall_10": 82.51121076233184,
    "test__n_fold_t2i_rsum": 207.7354260089686,
    "test__n_fold_t2i_medr": 1.0,
    "test__n_fold_t2i_meanr": 7.207399103139013,
    "test__i2t_recall_1": 20.179372197309416,
    "test__i2t_recall_5": 83.18385650224215,
    "test__i2t_recall_10": 89.79820627802691,
    "test__i2t_rsum": 193.1614349775785,
    "test__i2t_medr": 2.0,
    "test__i2t_meanr": 4.570627802690582,
    "test__t2i_recall_1": 50.0,
    "test__t2i_recall_5": 75.22421524663677,
    "test__t2i_recall_10": 82.51121076233184,
    "test__t2i_rsum": 207.7354260089686,
    "test__t2i_medr": 1.0,
    "test__t2i_meanr": 7.207399103139013
}
[2026-03-19 22:42:17] [Eval] Report @step: 19.00 {
    "test__rsum": 298.2857142857143,
    "test__medr": 10.0,
    "test__meanr": 14.782857142857143,
    "test__n_fold_i2t_recall_1": 24.571428571428573,
    "test__n_fold_i2t_recall_5": 58.857142857142854,
    "test__n_fold_i2t_recall_10": 69.71428571428571,
    "test__n_fold_i2t_rsum": 153.14285714285714,
    "test__n_fold_i2t_medr": 4.0,
    "test__n_fold_i2t_meanr": 7.377142857142857,
    "test__n_fold_t2i_recall_1": 14.285714285714286,
    "test__n_fold_t2i_recall_5": 46.285714285714285,
    "test__n_fold_t2i_recall_10": 84.57142857142857,
    "test__n_fold_t2i_rsum": 145.14285714285714,
    "test__n_fold_t2i_medr": 6.0,
    "test__n_fold_t2i_meanr": 7.405714285714286,
    "test__i2t_recall_1": 24.571428571428573,
    "test__i2t_recall_5": 58.857142857142854,
    "test__i2t_recall_10": 69.71428571428571,
    "test__i2t_rsum": 153.14285714285714,
    "test__i2t_medr": 4.0,
    "test__i2t_meanr": 7.377142857142857,
    "test__t2i_recall_1": 14.285714285714286,
    "test__t2i_recall_5": 46.285714285714285,
    "test__t2i_recall_10": 84.57142857142857,
    "test__t2i_rsum": 145.14285714285714,
    "test__t2i_medr": 6.0,
    "test__t2i_meanr": 7.405714285714286
}
[2026-03-19 22:42:17] [Eval] Report @step: 19.00 {
    "test__rsum": 400.0,
    "test__medr": 3.0,
    "test__meanr": 8.564516129032258,
    "test__n_fold_i2t_recall_1": 56.45161290322581,
    "test__n_fold_i2t_recall_5": 64.51612903225806,
    "test__n_fold_i2t_recall_10": 87.09677419354838,
    "test__n_fold_i2t_rsum": 208.06451612903226,
    "test__n_fold_i2t_medr": 1.0,
    "test__n_fold_i2t_meanr": 4.806451612903226,
    "test__n_fold_t2i_recall_1": 20.967741935483872,
    "test__n_fold_t2i_recall_5": 82.25806451612904,
    "test__n_fold_t2i_recall_10": 88.70967741935483,
    "test__n_fold_t2i_rsum": 191.93548387096774,
    "test__n_fold_t2i_medr": 2.0,
    "test__n_fold_t2i_meanr": 3.7580645161290325,
    "test__i2t_recall_1": 56.45161290322581,
    "test__i2t_recall_5": 64.51612903225806,
    "test__i2t_recall_10": 87.09677419354838,
    "test__i2t_rsum": 208.06451612903226,
    "test__i2t_medr": 1.0,
    "test__i2t_meanr": 4.806451612903226,
    "test__t2i_recall_1": 20.967741935483872,
    "test__t2i_recall_5": 82.25806451612904,
    "test__t2i_recall_10": 88.70967741935483,
    "test__t2i_rsum": 191.93548387096774,
    "test__t2i_medr": 2.0,
    "test__t2i_meanr": 3.7580645161290325
}
[2026-03-19 22:42:17] Round 20!
[2026-03-19 22:42:17] Harmony enters stage2 at round 20.
[2026-03-19 22:42:17] Training Client 10!
[2026-03-19 22:42:17] Epoch 20
[2026-03-19 22:42:18] Training Client 11!
[2026-03-19 22:42:18] Epoch 20
[2026-03-19 22:42:19] Training Client 12!
[2026-03-19 22:42:19] Epoch 20
[2026-03-19 22:42:21] Training Client 13!
[2026-03-19 22:42:21] Epoch 20
[2026-03-19 22:42:21] Skip local epoch for client 3: train loader has no full batch
[2026-03-19 22:42:21] Training Client 14!
[2026-03-19 22:42:21] Epoch 20
[2026-03-19 22:42:21] Skip local epoch for client 4: train loader has no full batch
[2026-03-19 22:42:21] Harmony stage2 clustering round 20: labels=[1, 0, 0, 1, 1], discrepancies=[[0.03743226081132889, 0.03109651617705822], [0.9209262728691101, 0.9332884550094604], [1.0, 1.0], [0.016540734097361565, 0.013724003918468952], [0.016540734097361565, 0.013724003918468952]]
[2026-03-19 22:42:21] TEST:  Epoch: [10] image	Prec@1 37.778 (41.196)	Prec@5 88.889 (88.704)
[2026-03-19 22:42:21] TEST:  Epoch: [10] image	Prec@1 16.000 (13.595)	Prec@5 78.667 (76.133)
[2026-03-19 22:42:22] TEST:  Epoch: [10] image	Prec@1 60.484 (53.251)	Prec@5 98.387 (98.767)
[2026-03-19 22:42:22] TEST:  Epoch: [10] image	Prec@1 20.000 (20.000)	Prec@5 89.714 (89.714)
[2026-03-19 22:42:22] TEST:  Epoch: [10] image	Prec@1 56.452 (56.452)	Prec@5 74.194 (74.194)
[2026-03-19 22:42:22] TEST:  Epoch: [10] text	Prec@1 0.000 (0.000)	Prec@5 11.111 (15.282)
[2026-03-19 22:42:23] TEST:  Epoch: [10] text	Prec@1 30.667 (32.931)	Prec@5 94.667 (93.656)
[2026-03-19 22:42:23] TEST:  Epoch: [10] text	Prec@1 60.484 (53.251)	Prec@5 98.387 (98.767)
[2026-03-19 22:42:23] TEST:  Epoch: [10] text	Prec@1 20.000 (20.000)	Prec@5 48.571 (48.571)
[2026-03-19 22:42:23] TEST:  Epoch: [10] text	Prec@1 0.000 (0.000)	Prec@5 0.000 (0.000)
[2026-03-19 22:42:30] [Eval] Report @step: 20.00 {
    "test__rsum": 398.33887043189367,
    "test__medr": 5.0,
    "test__meanr": 8.867109634551495,
    "test__n_fold_i2t_recall_1": 39.53488372093023,
    "test__n_fold_i2t_recall_5": 75.74750830564784,
    "test__n_fold_i2t_recall_10": 87.04318936877077,
    "test__n_fold_i2t_rsum": 202.32558139534882,
    "test__n_fold_i2t_medr": 2.0,
    "test__n_fold_i2t_meanr": 4.558139534883721,
    "test__n_fold_t2i_recall_1": 26.578073089700997,
    "test__n_fold_t2i_recall_5": 73.75415282392026,
    "test__n_fold_t2i_recall_10": 95.68106312292359,
    "test__n_fold_t2i_rsum": 196.01328903654485,
    "test__n_fold_t2i_medr": 3.0,
    "test__n_fold_t2i_meanr": 4.308970099667774,
    "test__i2t_recall_1": 39.53488372093023,
    "test__i2t_recall_5": 75.74750830564784,
    "test__i2t_recall_10": 87.04318936877077,
    "test__i2t_rsum": 202.32558139534882,
    "test__i2t_medr": 2.0,
    "test__i2t_meanr": 4.558139534883721,
    "test__t2i_recall_1": 26.578073089700997,
    "test__t2i_recall_5": 73.75415282392026,
    "test__t2i_recall_10": 95.68106312292359,
    "test__t2i_rsum": 196.01328903654485,
    "test__t2i_medr": 3.0,
    "test__t2i_meanr": 4.308970099667774
}
[2026-03-19 22:42:37] [Eval] Report @step: 20.00 {
    "test__rsum": 396.0725075528701,
    "test__medr": 5.0,
    "test__meanr": 10.280966767371602,
    "test__n_fold_i2t_recall_1": 30.815709969788518,
    "test__n_fold_i2t_recall_5": 72.50755287009063,
    "test__n_fold_i2t_recall_10": 88.82175226586102,
    "test__n_fold_i2t_rsum": 192.14501510574019,
    "test__n_fold_i2t_medr": 3.0,
    "test__n_fold_i2t_meanr": 5.172205438066465,
    "test__n_fold_t2i_recall_1": 35.04531722054381,
    "test__n_fold_t2i_recall_5": 78.85196374622356,
    "test__n_fold_t2i_recall_10": 90.03021148036254,
    "test__n_fold_t2i_rsum": 203.9274924471299,
    "test__n_fold_t2i_medr": 2.0,
    "test__n_fold_t2i_meanr": 5.108761329305136,
    "test__i2t_recall_1": 30.815709969788518,
    "test__i2t_recall_5": 72.50755287009063,
    "test__i2t_recall_10": 88.82175226586102,
    "test__i2t_rsum": 192.14501510574019,
    "test__i2t_medr": 3.0,
    "test__i2t_meanr": 5.172205438066465,
    "test__t2i_recall_1": 35.04531722054381,
    "test__t2i_recall_5": 78.85196374622356,
    "test__t2i_recall_10": 90.03021148036254,
    "test__t2i_rsum": 203.9274924471299,
    "test__t2i_medr": 2.0,
    "test__t2i_meanr": 5.108761329305136
}
[2026-03-19 22:43:52] [Eval] Report @step: 20.00 {
    "test__rsum": 399.43946188340806,
    "test__medr": 4.0,
    "test__meanr": 12.20964125560538,
    "test__n_fold_i2t_recall_1": 26.121076233183857,
    "test__n_fold_i2t_recall_5": 81.16591928251121,
    "test__n_fold_i2t_recall_10": 87.66816143497758,
    "test__n_fold_i2t_rsum": 194.95515695067263,
    "test__n_fold_i2t_medr": 2.0,
    "test__n_fold_i2t_meanr": 5.124439461883408,
    "test__n_fold_t2i_recall_1": 47.53363228699551,
    "test__n_fold_t2i_recall_5": 75.7847533632287,
    "test__n_fold_t2i_recall_10": 81.16591928251121,
    "test__n_fold_t2i_rsum": 204.48430493273543,
    "test__n_fold_t2i_medr": 2.0,
    "test__n_fold_t2i_meanr": 7.085201793721973,
    "test__i2t_recall_1": 26.121076233183857,
    "test__i2t_recall_5": 81.16591928251121,
    "test__i2t_recall_10": 87.66816143497758,
    "test__i2t_rsum": 194.95515695067263,
    "test__i2t_medr": 2.0,
    "test__i2t_meanr": 5.124439461883408,
    "test__t2i_recall_1": 47.53363228699551,
    "test__t2i_recall_5": 75.7847533632287,
    "test__t2i_recall_10": 81.16591928251121,
    "test__t2i_rsum": 204.48430493273543,
    "test__t2i_medr": 2.0,
    "test__t2i_meanr": 7.085201793721973
}
[2026-03-19 22:43:54] [Eval] Report @step: 20.00 {
    "test__rsum": 305.1428571428571,
    "test__medr": 8.0,
    "test__meanr": 14.365714285714287,
    "test__n_fold_i2t_recall_1": 16.571428571428573,
    "test__n_fold_i2t_recall_5": 57.714285714285715,
    "test__n_fold_i2t_recall_10": 77.71428571428571,
    "test__n_fold_i2t_rsum": 152.0,
    "test__n_fold_i2t_medr": 3.0,
    "test__n_fold_i2t_meanr": 6.748571428571428,
    "test__n_fold_t2i_recall_1": 15.428571428571429,
    "test__n_fold_t2i_recall_5": 54.285714285714285,
    "test__n_fold_t2i_recall_10": 83.42857142857143,
    "test__n_fold_t2i_rsum": 153.14285714285714,
    "test__n_fold_t2i_medr": 5.0,
    "test__n_fold_t2i_meanr": 7.617142857142857,
    "test__i2t_recall_1": 16.571428571428573,
    "test__i2t_recall_5": 57.714285714285715,
    "test__i2t_recall_10": 77.71428571428571,
    "test__i2t_rsum": 152.0,
    "test__i2t_medr": 3.0,
    "test__i2t_meanr": 6.748571428571428,
    "test__t2i_recall_1": 15.428571428571429,
    "test__t2i_recall_5": 54.285714285714285,
    "test__t2i_recall_10": 83.42857142857143,
    "test__t2i_rsum": 153.14285714285714,
    "test__t2i_medr": 5.0,
    "test__t2i_meanr": 7.617142857142857
}
[2026-03-19 22:43:54] [Eval] Report @step: 20.00 {
    "test__rsum": 396.7741935483871,
    "test__medr": 3.0,
    "test__meanr": 9.193548387096774,
    "test__n_fold_i2t_recall_1": 56.45161290322581,
    "test__n_fold_i2t_recall_5": 64.51612903225806,
    "test__n_fold_i2t_recall_10": 83.87096774193549,
    "test__n_fold_i2t_rsum": 204.83870967741936,
    "test__n_fold_i2t_medr": 1.0,
    "test__n_fold_i2t_meanr": 4.935483870967742,
    "test__n_fold_t2i_recall_1": 25.806451612903224,
    "test__n_fold_t2i_recall_5": 80.64516129032258,
    "test__n_fold_t2i_recall_10": 85.48387096774194,
    "test__n_fold_t2i_rsum": 191.93548387096774,
    "test__n_fold_t2i_medr": 2.0,
    "test__n_fold_t2i_meanr": 4.258064516129032,
    "test__i2t_recall_1": 56.45161290322581,
    "test__i2t_recall_5": 64.51612903225806,
    "test__i2t_recall_10": 83.87096774193549,
    "test__i2t_rsum": 204.83870967741936,
    "test__i2t_medr": 1.0,
    "test__i2t_meanr": 4.935483870967742,
    "test__t2i_recall_1": 25.806451612903224,
    "test__t2i_recall_5": 80.64516129032258,
    "test__t2i_recall_10": 85.48387096774194,
    "test__t2i_rsum": 191.93548387096774,
    "test__t2i_medr": 2.0,
    "test__t2i_meanr": 4.258064516129032
}
[2026-03-19 22:44:01] [Eval] Report @step: 20.00 {
    "test__rsum": 437.87375415282395,
    "test__medr": 4.0,
    "test__meanr": 8.870431893687707,
    "test__n_fold_i2t_recall_1": 45.51495016611295,
    "test__n_fold_i2t_recall_5": 78.7375415282392,
    "test__n_fold_i2t_recall_10": 88.37209302325581,
    "test__n_fold_i2t_rsum": 212.62458471760797,
    "test__n_fold_i2t_medr": 2.0,
    "test__n_fold_i2t_meanr": 5.016611295681063,
    "test__n_fold_t2i_recall_1": 47.50830564784053,
    "test__n_fold_t2i_recall_5": 83.72093023255815,
    "test__n_fold_t2i_recall_10": 94.01993355481727,
    "test__n_fold_t2i_rsum": 225.24916943521595,
    "test__n_fold_t2i_medr": 2.0,
    "test__n_fold_t2i_meanr": 3.8538205980066444,
    "test__i2t_recall_1": 45.51495016611295,
    "test__i2t_recall_5": 78.7375415282392,
    "test__i2t_recall_10": 88.37209302325581,
    "test__i2t_rsum": 212.62458471760797,
    "test__i2t_medr": 2.0,
    "test__i2t_meanr": 5.016611295681063,
    "test__t2i_recall_1": 47.50830564784053,
    "test__t2i_recall_5": 83.72093023255815,
    "test__t2i_recall_10": 94.01993355481727,
    "test__t2i_rsum": 225.24916943521595,
    "test__t2i_medr": 2.0,
    "test__t2i_meanr": 3.8538205980066444
}
[2026-03-19 22:44:08] [Eval] Report @step: 20.00 {
    "test__rsum": 452.87009063444106,
    "test__medr": 4.0,
    "test__meanr": 6.691842900302115,
    "test__n_fold_i2t_recall_1": 48.6404833836858,
    "test__n_fold_i2t_recall_5": 86.404833836858,
    "test__n_fold_i2t_recall_10": 94.25981873111782,
    "test__n_fold_i2t_rsum": 229.3051359516616,
    "test__n_fold_i2t_medr": 2.0,
    "test__n_fold_i2t_meanr": 3.190332326283988,
    "test__n_fold_t2i_recall_1": 48.338368580060425,
    "test__n_fold_t2i_recall_5": 82.4773413897281,
    "test__n_fold_t2i_recall_10": 92.74924471299094,
    "test__n_fold_t2i_rsum": 223.56495468277944,
    "test__n_fold_t2i_medr": 2.0,
    "test__n_fold_t2i_meanr": 3.501510574018127,
    "test__i2t_recall_1": 48.6404833836858,
    "test__i2t_recall_5": 86.404833836858,
    "test__i2t_recall_10": 94.25981873111782,
    "test__i2t_rsum": 229.3051359516616,
    "test__i2t_medr": 2.0,
    "test__i2t_meanr": 3.190332326283988,
    "test__t2i_recall_1": 48.338368580060425,
    "test__t2i_recall_5": 82.4773413897281,
    "test__t2i_recall_10": 92.74924471299094,
    "test__t2i_rsum": 223.56495468277944,
    "test__t2i_medr": 2.0,
    "test__t2i_meanr": 3.501510574018127
}
[2026-03-19 22:45:22] [Eval] Report @step: 20.00 {
    "test__rsum": 430.7174887892377,
    "test__medr": 4.0,
    "test__meanr": 10.977578475336323,
    "test__n_fold_i2t_recall_1": 49.88789237668161,
    "test__n_fold_i2t_recall_5": 80.71748878923766,
    "test__n_fold_i2t_recall_10": 89.91031390134529,
    "test__n_fold_i2t_rsum": 220.51569506726457,
    "test__n_fold_i2t_medr": 2.0,
    "test__n_fold_i2t_meanr": 5.301569506726457,
    "test__n_fold_t2i_recall_1": 43.16143497757847,
    "test__n_fold_t2i_recall_5": 79.26008968609865,
    "test__n_fold_t2i_recall_10": 87.78026905829596,
    "test__n_fold_t2i_rsum": 210.2017937219731,
    "test__n_fold_t2i_medr": 2.0,
    "test__n_fold_t2i_meanr": 5.676008968609866,
    "test__i2t_recall_1": 49.88789237668161,
    "test__i2t_recall_5": 80.71748878923766,
    "test__i2t_recall_10": 89.91031390134529,
    "test__i2t_rsum": 220.51569506726457,
    "test__i2t_medr": 2.0,
    "test__i2t_meanr": 5.301569506726457,
    "test__t2i_recall_1": 43.16143497757847,
    "test__t2i_recall_5": 79.26008968609865,
    "test__t2i_recall_10": 87.78026905829596,
    "test__t2i_rsum": 210.2017937219731,
    "test__t2i_medr": 2.0,
    "test__t2i_meanr": 5.676008968609866
}
[2026-03-19 22:45:24] [Eval] Report @step: 20.00 {
    "test__rsum": 403.42857142857144,
    "test__medr": 4.0,
    "test__meanr": 8.085714285714285,
    "test__n_fold_i2t_recall_1": 29.714285714285715,
    "test__n_fold_i2t_recall_5": 78.28571428571429,
    "test__n_fold_i2t_recall_10": 92.57142857142857,
    "test__n_fold_i2t_rsum": 200.57142857142856,
    "test__n_fold_i2t_medr": 2.0,
    "test__n_fold_i2t_meanr": 3.8,
    "test__n_fold_t2i_recall_1": 31.428571428571427,
    "test__n_fold_t2i_recall_5": 81.14285714285714,
    "test__n_fold_t2i_recall_10": 90.28571428571429,
    "test__n_fold_t2i_rsum": 202.85714285714286,
    "test__n_fold_t2i_medr": 2.0,
    "test__n_fold_t2i_meanr": 4.285714285714286,
    "test__i2t_recall_1": 29.714285714285715,
    "test__i2t_recall_5": 78.28571428571429,
    "test__i2t_recall_10": 92.57142857142857,
    "test__i2t_rsum": 200.57142857142856,
    "test__i2t_medr": 2.0,
    "test__i2t_meanr": 3.8,
    "test__t2i_recall_1": 31.428571428571427,
    "test__t2i_recall_5": 81.14285714285714,
    "test__t2i_recall_10": 90.28571428571429,
    "test__t2i_rsum": 202.85714285714286,
    "test__t2i_medr": 2.0,
    "test__t2i_meanr": 4.285714285714286
}
[2026-03-19 22:45:25] [Eval] Report @step: 20.00 {
    "test__rsum": 470.9677419354839,
    "test__medr": 3.0,
    "test__meanr": 6.580645161290322,
    "test__n_fold_i2t_recall_1": 62.903225806451616,
    "test__n_fold_i2t_recall_5": 90.3225806451613,
    "test__n_fold_i2t_recall_10": 91.93548387096774,
    "test__n_fold_i2t_rsum": 245.16129032258067,
    "test__n_fold_i2t_medr": 1.0,
    "test__n_fold_i2t_meanr": 3.2419354838709675,
    "test__n_fold_t2i_recall_1": 48.38709677419355,
    "test__n_fold_t2i_recall_5": 83.87096774193549,
    "test__n_fold_t2i_recall_10": 93.54838709677419,
    "test__n_fold_t2i_rsum": 225.80645161290323,
    "test__n_fold_t2i_medr": 2.0,
    "test__n_fold_t2i_meanr": 3.338709677419355,
    "test__i2t_recall_1": 62.903225806451616,
    "test__i2t_recall_5": 90.3225806451613,
    "test__i2t_recall_10": 91.93548387096774,
    "test__i2t_rsum": 245.16129032258067,
    "test__i2t_medr": 1.0,
    "test__i2t_meanr": 3.2419354838709675,
    "test__t2i_recall_1": 48.38709677419355,
    "test__t2i_recall_5": 83.87096774193549,
    "test__t2i_recall_10": 93.54838709677419,
    "test__t2i_rsum": 225.80645161290323,
    "test__t2i_medr": 2.0,
    "test__t2i_meanr": 3.338709677419355
}
[2026-03-19 22:45:32] [Eval] Report @step: 20.00 {
    "test__rsum": 437.87375415282395,
    "test__medr": 4.0,
    "test__meanr": 8.870431893687707,
    "test__n_fold_i2t_recall_1": 45.51495016611295,
    "test__n_fold_i2t_recall_5": 78.7375415282392,
    "test__n_fold_i2t_recall_10": 88.37209302325581,
    "test__n_fold_i2t_rsum": 212.62458471760797,
    "test__n_fold_i2t_medr": 2.0,
    "test__n_fold_i2t_meanr": 5.016611295681063,
    "test__n_fold_t2i_recall_1": 47.50830564784053,
    "test__n_fold_t2i_recall_5": 83.72093023255815,
    "test__n_fold_t2i_recall_10": 94.01993355481727,
    "test__n_fold_t2i_rsum": 225.24916943521595,
    "test__n_fold_t2i_medr": 2.0,
    "test__n_fold_t2i_meanr": 3.8538205980066444,
    "test__i2t_recall_1": 45.51495016611295,
    "test__i2t_recall_5": 78.7375415282392,
    "test__i2t_recall_10": 88.37209302325581,
    "test__i2t_rsum": 212.62458471760797,
    "test__i2t_medr": 2.0,
    "test__i2t_meanr": 5.016611295681063,
    "test__t2i_recall_1": 47.50830564784053,
    "test__t2i_recall_5": 83.72093023255815,
    "test__t2i_recall_10": 94.01993355481727,
    "test__t2i_rsum": 225.24916943521595,
    "test__t2i_medr": 2.0,
    "test__t2i_meanr": 3.8538205980066444
}
[2026-03-19 22:45:39] [Eval] Report @step: 20.00 {
    "test__rsum": 452.87009063444106,
    "test__medr": 4.0,
    "test__meanr": 6.691842900302115,
    "test__n_fold_i2t_recall_1": 48.6404833836858,
    "test__n_fold_i2t_recall_5": 86.404833836858,
    "test__n_fold_i2t_recall_10": 94.25981873111782,
    "test__n_fold_i2t_rsum": 229.3051359516616,
    "test__n_fold_i2t_medr": 2.0,
    "test__n_fold_i2t_meanr": 3.190332326283988,
    "test__n_fold_t2i_recall_1": 48.338368580060425,
    "test__n_fold_t2i_recall_5": 82.4773413897281,
    "test__n_fold_t2i_recall_10": 92.74924471299094,
    "test__n_fold_t2i_rsum": 223.56495468277944,
    "test__n_fold_t2i_medr": 2.0,
    "test__n_fold_t2i_meanr": 3.501510574018127,
    "test__i2t_recall_1": 48.6404833836858,
    "test__i2t_recall_5": 86.404833836858,
    "test__i2t_recall_10": 94.25981873111782,
    "test__i2t_rsum": 229.3051359516616,
    "test__i2t_medr": 2.0,
    "test__i2t_meanr": 3.190332326283988,
    "test__t2i_recall_1": 48.338368580060425,
    "test__t2i_recall_5": 82.4773413897281,
    "test__t2i_recall_10": 92.74924471299094,
    "test__t2i_rsum": 223.56495468277944,
    "test__t2i_medr": 2.0,
    "test__t2i_meanr": 3.501510574018127
}
[2026-03-19 22:46:51] [Eval] Report @step: 20.00 {
    "test__rsum": 430.7174887892377,
    "test__medr": 4.0,
    "test__meanr": 10.977578475336323,
    "test__n_fold_i2t_recall_1": 49.88789237668161,
    "test__n_fold_i2t_recall_5": 80.71748878923766,
    "test__n_fold_i2t_recall_10": 89.91031390134529,
    "test__n_fold_i2t_rsum": 220.51569506726457,
    "test__n_fold_i2t_medr": 2.0,
    "test__n_fold_i2t_meanr": 5.301569506726457,
    "test__n_fold_t2i_recall_1": 43.16143497757847,
    "test__n_fold_t2i_recall_5": 79.26008968609865,
    "test__n_fold_t2i_recall_10": 87.78026905829596,
    "test__n_fold_t2i_rsum": 210.2017937219731,
    "test__n_fold_t2i_medr": 2.0,
    "test__n_fold_t2i_meanr": 5.676008968609866,
    "test__i2t_recall_1": 49.88789237668161,
    "test__i2t_recall_5": 80.71748878923766,
    "test__i2t_recall_10": 89.91031390134529,
    "test__i2t_rsum": 220.51569506726457,
    "test__i2t_medr": 2.0,
    "test__i2t_meanr": 5.301569506726457,
    "test__t2i_recall_1": 43.16143497757847,
    "test__t2i_recall_5": 79.26008968609865,
    "test__t2i_recall_10": 87.78026905829596,
    "test__t2i_rsum": 210.2017937219731,
    "test__t2i_medr": 2.0,
    "test__t2i_meanr": 5.676008968609866
}
[2026-03-19 22:46:52] [Eval] Report @step: 20.00 {
    "test__rsum": 403.42857142857144,
    "test__medr": 4.0,
    "test__meanr": 8.085714285714285,
    "test__n_fold_i2t_recall_1": 29.714285714285715,
    "test__n_fold_i2t_recall_5": 78.28571428571429,
    "test__n_fold_i2t_recall_10": 92.57142857142857,
    "test__n_fold_i2t_rsum": 200.57142857142856,
    "test__n_fold_i2t_medr": 2.0,
    "test__n_fold_i2t_meanr": 3.8,
    "test__n_fold_t2i_recall_1": 31.428571428571427,
    "test__n_fold_t2i_recall_5": 81.14285714285714,
    "test__n_fold_t2i_recall_10": 90.28571428571429,
    "test__n_fold_t2i_rsum": 202.85714285714286,
    "test__n_fold_t2i_medr": 2.0,
    "test__n_fold_t2i_meanr": 4.285714285714286,
    "test__i2t_recall_1": 29.714285714285715,
    "test__i2t_recall_5": 78.28571428571429,
    "test__i2t_recall_10": 92.57142857142857,
    "test__i2t_rsum": 200.57142857142856,
    "test__i2t_medr": 2.0,
    "test__i2t_meanr": 3.8,
    "test__t2i_recall_1": 31.428571428571427,
    "test__t2i_recall_5": 81.14285714285714,
    "test__t2i_recall_10": 90.28571428571429,
    "test__t2i_rsum": 202.85714285714286,
    "test__t2i_medr": 2.0,
    "test__t2i_meanr": 4.285714285714286
}
[2026-03-19 22:46:53] [Eval] Report @step: 20.00 {
    "test__rsum": 470.9677419354839,
    "test__medr": 3.0,
    "test__meanr": 6.580645161290322,
    "test__n_fold_i2t_recall_1": 62.903225806451616,
    "test__n_fold_i2t_recall_5": 90.3225806451613,
    "test__n_fold_i2t_recall_10": 91.93548387096774,
    "test__n_fold_i2t_rsum": 245.16129032258067,
    "test__n_fold_i2t_medr": 1.0,
    "test__n_fold_i2t_meanr": 3.2419354838709675,
    "test__n_fold_t2i_recall_1": 48.38709677419355,
    "test__n_fold_t2i_recall_5": 83.87096774193549,
    "test__n_fold_t2i_recall_10": 93.54838709677419,
    "test__n_fold_t2i_rsum": 225.80645161290323,
    "test__n_fold_t2i_medr": 2.0,
    "test__n_fold_t2i_meanr": 3.338709677419355,
    "test__i2t_recall_1": 62.903225806451616,
    "test__i2t_recall_5": 90.3225806451613,
    "test__i2t_recall_10": 91.93548387096774,
    "test__i2t_rsum": 245.16129032258067,
    "test__i2t_medr": 1.0,
    "test__i2t_meanr": 3.2419354838709675,
    "test__t2i_recall_1": 48.38709677419355,
    "test__t2i_recall_5": 83.87096774193549,
    "test__t2i_recall_10": 93.54838709677419,
    "test__t2i_rsum": 225.80645161290323,
    "test__t2i_medr": 2.0,
    "test__t2i_meanr": 3.338709677419355
}
[2026-03-19 22:47:00] [Eval] Report @step: 20.00 {
    "test__rsum": 398.33887043189367,
    "test__medr": 5.0,
    "test__meanr": 8.867109634551495,
    "test__n_fold_i2t_recall_1": 39.53488372093023,
    "test__n_fold_i2t_recall_5": 75.74750830564784,
    "test__n_fold_i2t_recall_10": 87.04318936877077,
    "test__n_fold_i2t_rsum": 202.32558139534882,
    "test__n_fold_i2t_medr": 2.0,
    "test__n_fold_i2t_meanr": 4.558139534883721,
    "test__n_fold_t2i_recall_1": 26.578073089700997,
    "test__n_fold_t2i_recall_5": 73.75415282392026,
    "test__n_fold_t2i_recall_10": 95.68106312292359,
    "test__n_fold_t2i_rsum": 196.01328903654485,
    "test__n_fold_t2i_medr": 3.0,
    "test__n_fold_t2i_meanr": 4.308970099667774,
    "test__i2t_recall_1": 39.53488372093023,
    "test__i2t_recall_5": 75.74750830564784,
    "test__i2t_recall_10": 87.04318936877077,
    "test__i2t_rsum": 202.32558139534882,
    "test__i2t_medr": 2.0,
    "test__i2t_meanr": 4.558139534883721,
    "test__t2i_recall_1": 26.578073089700997,
    "test__t2i_recall_5": 73.75415282392026,
    "test__t2i_recall_10": 95.68106312292359,
    "test__t2i_rsum": 196.01328903654485,
    "test__t2i_medr": 3.0,
    "test__t2i_meanr": 4.308970099667774
}
[2026-03-19 22:47:07] [Eval] Report @step: 20.00 {
    "test__rsum": 396.0725075528701,
    "test__medr": 5.0,
    "test__meanr": 10.280966767371602,
    "test__n_fold_i2t_recall_1": 30.815709969788518,
    "test__n_fold_i2t_recall_5": 72.50755287009063,
    "test__n_fold_i2t_recall_10": 88.82175226586102,
    "test__n_fold_i2t_rsum": 192.14501510574019,
    "test__n_fold_i2t_medr": 3.0,
    "test__n_fold_i2t_meanr": 5.172205438066465,
    "test__n_fold_t2i_recall_1": 35.04531722054381,
    "test__n_fold_t2i_recall_5": 78.85196374622356,
    "test__n_fold_t2i_recall_10": 90.03021148036254,
    "test__n_fold_t2i_rsum": 203.9274924471299,
    "test__n_fold_t2i_medr": 2.0,
    "test__n_fold_t2i_meanr": 5.108761329305136,
    "test__i2t_recall_1": 30.815709969788518,
    "test__i2t_recall_5": 72.50755287009063,
    "test__i2t_recall_10": 88.82175226586102,
    "test__i2t_rsum": 192.14501510574019,
    "test__i2t_medr": 3.0,
    "test__i2t_meanr": 5.172205438066465,
    "test__t2i_recall_1": 35.04531722054381,
    "test__t2i_recall_5": 78.85196374622356,
    "test__t2i_recall_10": 90.03021148036254,
    "test__t2i_rsum": 203.9274924471299,
    "test__t2i_medr": 2.0,
    "test__t2i_meanr": 5.108761329305136
}
[2026-03-19 22:48:20] [Eval] Report @step: 20.00 {
    "test__rsum": 399.43946188340806,
    "test__medr": 4.0,
    "test__meanr": 12.20964125560538,
    "test__n_fold_i2t_recall_1": 26.121076233183857,
    "test__n_fold_i2t_recall_5": 81.16591928251121,
    "test__n_fold_i2t_recall_10": 87.66816143497758,
    "test__n_fold_i2t_rsum": 194.95515695067263,
    "test__n_fold_i2t_medr": 2.0,
    "test__n_fold_i2t_meanr": 5.124439461883408,
    "test__n_fold_t2i_recall_1": 47.53363228699551,
    "test__n_fold_t2i_recall_5": 75.7847533632287,
    "test__n_fold_t2i_recall_10": 81.16591928251121,
    "test__n_fold_t2i_rsum": 204.48430493273543,
    "test__n_fold_t2i_medr": 2.0,
    "test__n_fold_t2i_meanr": 7.085201793721973,
    "test__i2t_recall_1": 26.121076233183857,
    "test__i2t_recall_5": 81.16591928251121,
    "test__i2t_recall_10": 87.66816143497758,
    "test__i2t_rsum": 194.95515695067263,
    "test__i2t_medr": 2.0,
    "test__i2t_meanr": 5.124439461883408,
    "test__t2i_recall_1": 47.53363228699551,
    "test__t2i_recall_5": 75.7847533632287,
    "test__t2i_recall_10": 81.16591928251121,
    "test__t2i_rsum": 204.48430493273543,
    "test__t2i_medr": 2.0,
    "test__t2i_meanr": 7.085201793721973
}
[2026-03-19 22:48:21] [Eval] Report @step: 20.00 {
    "test__rsum": 305.1428571428571,
    "test__medr": 8.0,
    "test__meanr": 14.365714285714287,
    "test__n_fold_i2t_recall_1": 16.571428571428573,
    "test__n_fold_i2t_recall_5": 57.714285714285715,
    "test__n_fold_i2t_recall_10": 77.71428571428571,
    "test__n_fold_i2t_rsum": 152.0,
    "test__n_fold_i2t_medr": 3.0,
    "test__n_fold_i2t_meanr": 6.748571428571428,
    "test__n_fold_t2i_recall_1": 15.428571428571429,
    "test__n_fold_t2i_recall_5": 54.285714285714285,
    "test__n_fold_t2i_recall_10": 83.42857142857143,
    "test__n_fold_t2i_rsum": 153.14285714285714,
    "test__n_fold_t2i_medr": 5.0,
    "test__n_fold_t2i_meanr": 7.617142857142857,
    "test__i2t_recall_1": 16.571428571428573,
    "test__i2t_recall_5": 57.714285714285715,
    "test__i2t_recall_10": 77.71428571428571,
    "test__i2t_rsum": 152.0,
    "test__i2t_medr": 3.0,
    "test__i2t_meanr": 6.748571428571428,
    "test__t2i_recall_1": 15.428571428571429,
    "test__t2i_recall_5": 54.285714285714285,
    "test__t2i_recall_10": 83.42857142857143,
    "test__t2i_rsum": 153.14285714285714,
    "test__t2i_medr": 5.0,
    "test__t2i_meanr": 7.617142857142857
}
[2026-03-19 22:48:22] [Eval] Report @step: 20.00 {
    "test__rsum": 396.7741935483871,
    "test__medr": 3.0,
    "test__meanr": 9.193548387096774,
    "test__n_fold_i2t_recall_1": 56.45161290322581,
    "test__n_fold_i2t_recall_5": 64.51612903225806,
    "test__n_fold_i2t_recall_10": 83.87096774193549,
    "test__n_fold_i2t_rsum": 204.83870967741936,
    "test__n_fold_i2t_medr": 1.0,
    "test__n_fold_i2t_meanr": 4.935483870967742,
    "test__n_fold_t2i_recall_1": 25.806451612903224,
    "test__n_fold_t2i_recall_5": 80.64516129032258,
    "test__n_fold_t2i_recall_10": 85.48387096774194,
    "test__n_fold_t2i_rsum": 191.93548387096774,
    "test__n_fold_t2i_medr": 2.0,
    "test__n_fold_t2i_meanr": 4.258064516129032,
    "test__i2t_recall_1": 56.45161290322581,
    "test__i2t_recall_5": 64.51612903225806,
    "test__i2t_recall_10": 83.87096774193549,
    "test__i2t_rsum": 204.83870967741936,
    "test__i2t_medr": 1.0,
    "test__i2t_meanr": 4.935483870967742,
    "test__t2i_recall_1": 25.806451612903224,
    "test__t2i_recall_5": 80.64516129032258,
    "test__t2i_recall_10": 85.48387096774194,
    "test__t2i_rsum": 191.93548387096774,
    "test__t2i_medr": 2.0,
    "test__t2i_meanr": 4.258064516129032
}
[2026-03-19 22:48:29] [Eval] Report @step: 20.00 {
    "test__rsum": 398.33887043189367,
    "test__medr": 5.0,
    "test__meanr": 8.867109634551495,
    "test__n_fold_i2t_recall_1": 39.53488372093023,
    "test__n_fold_i2t_recall_5": 75.74750830564784,
    "test__n_fold_i2t_recall_10": 87.04318936877077,
    "test__n_fold_i2t_rsum": 202.32558139534882,
    "test__n_fold_i2t_medr": 2.0,
    "test__n_fold_i2t_meanr": 4.558139534883721,
    "test__n_fold_t2i_recall_1": 26.578073089700997,
    "test__n_fold_t2i_recall_5": 73.75415282392026,
    "test__n_fold_t2i_recall_10": 95.68106312292359,
    "test__n_fold_t2i_rsum": 196.01328903654485,
    "test__n_fold_t2i_medr": 3.0,
    "test__n_fold_t2i_meanr": 4.308970099667774,
    "test__i2t_recall_1": 39.53488372093023,
    "test__i2t_recall_5": 75.74750830564784,
    "test__i2t_recall_10": 87.04318936877077,
    "test__i2t_rsum": 202.32558139534882,
    "test__i2t_medr": 2.0,
    "test__i2t_meanr": 4.558139534883721,
    "test__t2i_recall_1": 26.578073089700997,
    "test__t2i_recall_5": 73.75415282392026,
    "test__t2i_recall_10": 95.68106312292359,
    "test__t2i_rsum": 196.01328903654485,
    "test__t2i_medr": 3.0,
    "test__t2i_meanr": 4.308970099667774
}
[2026-03-19 22:48:36] [Eval] Report @step: 20.00 {
    "test__rsum": 396.0725075528701,
    "test__medr": 5.0,
    "test__meanr": 10.280966767371602,
    "test__n_fold_i2t_recall_1": 30.815709969788518,
    "test__n_fold_i2t_recall_5": 72.50755287009063,
    "test__n_fold_i2t_recall_10": 88.82175226586102,
    "test__n_fold_i2t_rsum": 192.14501510574019,
    "test__n_fold_i2t_medr": 3.0,
    "test__n_fold_i2t_meanr": 5.172205438066465,
    "test__n_fold_t2i_recall_1": 35.04531722054381,
    "test__n_fold_t2i_recall_5": 78.85196374622356,
    "test__n_fold_t2i_recall_10": 90.03021148036254,
    "test__n_fold_t2i_rsum": 203.9274924471299,
    "test__n_fold_t2i_medr": 2.0,
    "test__n_fold_t2i_meanr": 5.108761329305136,
    "test__i2t_recall_1": 30.815709969788518,
    "test__i2t_recall_5": 72.50755287009063,
    "test__i2t_recall_10": 88.82175226586102,
    "test__i2t_rsum": 192.14501510574019,
    "test__i2t_medr": 3.0,
    "test__i2t_meanr": 5.172205438066465,
    "test__t2i_recall_1": 35.04531722054381,
    "test__t2i_recall_5": 78.85196374622356,
    "test__t2i_recall_10": 90.03021148036254,
    "test__t2i_rsum": 203.9274924471299,
    "test__t2i_medr": 2.0,
    "test__t2i_meanr": 5.108761329305136
}
[2026-03-19 22:49:44] [Eval] Report @step: 20.00 {
    "test__rsum": 399.43946188340806,
    "test__medr": 4.0,
    "test__meanr": 12.20964125560538,
    "test__n_fold_i2t_recall_1": 26.121076233183857,
    "test__n_fold_i2t_recall_5": 81.16591928251121,
    "test__n_fold_i2t_recall_10": 87.66816143497758,
    "test__n_fold_i2t_rsum": 194.95515695067263,
    "test__n_fold_i2t_medr": 2.0,
    "test__n_fold_i2t_meanr": 5.124439461883408,
    "test__n_fold_t2i_recall_1": 47.53363228699551,
    "test__n_fold_t2i_recall_5": 75.7847533632287,
    "test__n_fold_t2i_recall_10": 81.16591928251121,
    "test__n_fold_t2i_rsum": 204.48430493273543,
    "test__n_fold_t2i_medr": 2.0,
    "test__n_fold_t2i_meanr": 7.085201793721973,
    "test__i2t_recall_1": 26.121076233183857,
    "test__i2t_recall_5": 81.16591928251121,
    "test__i2t_recall_10": 87.66816143497758,
    "test__i2t_rsum": 194.95515695067263,
    "test__i2t_medr": 2.0,
    "test__i2t_meanr": 5.124439461883408,
    "test__t2i_recall_1": 47.53363228699551,
    "test__t2i_recall_5": 75.7847533632287,
    "test__t2i_recall_10": 81.16591928251121,
    "test__t2i_rsum": 204.48430493273543,
    "test__t2i_medr": 2.0,
    "test__t2i_meanr": 7.085201793721973
}
[2026-03-19 22:49:46] [Eval] Report @step: 20.00 {
    "test__rsum": 305.1428571428571,
    "test__medr": 8.0,
    "test__meanr": 14.365714285714287,
    "test__n_fold_i2t_recall_1": 16.571428571428573,
    "test__n_fold_i2t_recall_5": 57.714285714285715,
    "test__n_fold_i2t_recall_10": 77.71428571428571,
    "test__n_fold_i2t_rsum": 152.0,
    "test__n_fold_i2t_medr": 3.0,
    "test__n_fold_i2t_meanr": 6.748571428571428,
    "test__n_fold_t2i_recall_1": 15.428571428571429,
    "test__n_fold_t2i_recall_5": 54.285714285714285,
    "test__n_fold_t2i_recall_10": 83.42857142857143,
    "test__n_fold_t2i_rsum": 153.14285714285714,
    "test__n_fold_t2i_medr": 5.0,
    "test__n_fold_t2i_meanr": 7.617142857142857,
    "test__i2t_recall_1": 16.571428571428573,
    "test__i2t_recall_5": 57.714285714285715,
    "test__i2t_recall_10": 77.71428571428571,
    "test__i2t_rsum": 152.0,
    "test__i2t_medr": 3.0,
    "test__i2t_meanr": 6.748571428571428,
    "test__t2i_recall_1": 15.428571428571429,
    "test__t2i_recall_5": 54.285714285714285,
    "test__t2i_recall_10": 83.42857142857143,
    "test__t2i_rsum": 153.14285714285714,
    "test__t2i_medr": 5.0,
    "test__t2i_meanr": 7.617142857142857
}
[2026-03-19 22:49:46] [Eval] Report @step: 20.00 {
    "test__rsum": 396.7741935483871,
    "test__medr": 3.0,
    "test__meanr": 9.193548387096774,
    "test__n_fold_i2t_recall_1": 56.45161290322581,
    "test__n_fold_i2t_recall_5": 64.51612903225806,
    "test__n_fold_i2t_recall_10": 83.87096774193549,
    "test__n_fold_i2t_rsum": 204.83870967741936,
    "test__n_fold_i2t_medr": 1.0,
    "test__n_fold_i2t_meanr": 4.935483870967742,
    "test__n_fold_t2i_recall_1": 25.806451612903224,
    "test__n_fold_t2i_recall_5": 80.64516129032258,
    "test__n_fold_t2i_recall_10": 85.48387096774194,
    "test__n_fold_t2i_rsum": 191.93548387096774,
    "test__n_fold_t2i_medr": 2.0,
    "test__n_fold_t2i_meanr": 4.258064516129032,
    "test__i2t_recall_1": 56.45161290322581,
    "test__i2t_recall_5": 64.51612903225806,
    "test__i2t_recall_10": 83.87096774193549,
    "test__i2t_rsum": 204.83870967741936,
    "test__i2t_medr": 1.0,
    "test__i2t_meanr": 4.935483870967742,
    "test__t2i_recall_1": 25.806451612903224,
    "test__t2i_recall_5": 80.64516129032258,
    "test__t2i_recall_10": 85.48387096774194,
    "test__t2i_rsum": 191.93548387096774,
    "test__t2i_medr": 2.0,
    "test__t2i_meanr": 4.258064516129032
}
