[2026-03-19 10:47:04] start creating model and partition datasets
[2026-03-19 10:47:04] Setting model 0
[2026-03-19 10:47:04] Setting model 1
[2026-03-19 10:47:05] Setting model 2
[2026-03-19 10:47:05] Setting model 3
[2026-03-19 10:47:05] Setting model 4
[2026-03-19 10:47:05] Setting model 0
[2026-03-19 10:47:05] Setting model 1
[2026-03-19 10:47:05] Setting model 2
[2026-03-19 10:47:05] Setting model 3
[2026-03-19 10:47:05] Setting model 4
[2026-03-19 10:47:06] Engine is created.
[2026-03-19 10:47:06] Munch({'dataloader': Munch({'batch_size': 256, 'eval_batch_size': 256, 'num_workers': 0, 'alpha': 0.1, 'partition': 'hetero'}), 'model': Munch({'embed_dim': 1024, 'clip_model': 'RN50', 'cnn_type': 'resnet18', 'word_dim': 512, 'cache_dir': '/data/mmdata/log/MMCLIP/', 'n_samples_inference': 1, 'eval_method': 'matmul', 'use_img_client': True, 'use_txt_client': True, 'use_mm_client': True, 'client': 0.1, 'momentum': 0.9, 'name': 'clip', 'use_pretrained_proj': False, 'img_client': 'image', 'txt_client': 'text'}), 'optimizer': Munch({'name': 'adamp', 'learning_rate': 0.0002, 'weight_decay': 0.0}), 'lr_scheduler': Munch({'name': 'cosine_annealing', 'T_max': 30}), 'criterion': Munch({'name': 'pcme', 'init_negative_scale': 15, 'init_shift': 15, 'num_samples': 7, 'vib_beta': 0, 'criterion__negative_sampling_ratio': -1}), 'train': Munch({'is_client': True, 'server_dataset': 'Coco', 'model_save_path': 'model_last_no_prob.pth', 'best_model_save_path': 'model_best_no_prob.pth', 'pretrain_epochs': 0, 'finetune_epochs': 2, 'finetune_lr_decay': 0.1, 'log_step': 1000, 'grad_clip': 2, 'val_epochs': 1, 'pretrain_val_epochs': 1, 'use_fp16': True, 'output_file': 'FedMMDP-avg_iapr_clip_1e-05_0.1_1x20_model_noprob.log'})})
[2026-03-19 10:47:06] start train
[2026-03-19 10:47:06] Train with half precision
[2026-03-19 10:47:06] Round 1!
[2026-03-19 10:47:06] Training Client 10!
[2026-03-19 10:47:06] Epoch 1
[2026-03-19 10:47:08] Training Client 1!
[2026-03-19 10:47:08] Epoch: [1] image	Loss 3.3089 (3.3089)	Prec@1 17.188 (17.188)	Prec@5 22.266 (22.266)
[2026-03-19 10:47:08] TEST:  Epoch: [1] image	Prec@1 15.436 (15.436)	Prec@5 20.805 (20.805)
[2026-03-19 10:47:08] Training Client 0!
[2026-03-19 10:47:08] Epoch: [1] image	Loss 3.5062 (3.5369)	Prec@1 0.000 (0.000)	Prec@5 0.000 (0.000)
[2026-03-19 10:47:09] TEST:  Epoch: [1] image	Prec@1 0.000 (0.000)	Prec@5 0.000 (0.000)
[2026-03-19 10:47:09] Training Client 11!
[2026-03-19 10:47:09] Epoch 1
[2026-03-19 10:47:10] Training Client 4!
[2026-03-19 10:47:10] Epoch: [1] image	Loss 3.3584 (3.3584)	Prec@1 0.000 (0.000)	Prec@5 23.828 (23.828)
[2026-03-19 10:47:10] TEST:  Epoch: [1] image	Prec@1 0.000 (0.000)	Prec@5 48.214 (48.214)
[2026-03-19 10:47:10] Training Client 3!
[2026-03-19 10:47:11] Epoch: [1] image	Loss 3.3491 (3.3542)	Prec@1 0.000 (0.000)	Prec@5 30.469 (29.557)
[2026-03-19 10:47:11] TEST:  Epoch: [1] image	Prec@1 0.000 (0.000)	Prec@5 44.586 (44.586)
[2026-03-19 10:47:11] Training Client 9!
[2026-03-19 10:47:11] Epoch: [1] text	Loss 0.0000 (0.0000)	Prec@1 0.000 (0.000)	Prec@5 0.000 (0.000)
[2026-03-19 10:47:11] TEST:  Epoch: [1] text	Prec@1 0.000 (0.000)	Prec@5 12.500 (12.500)
[2026-03-19 10:47:11] Training Client 2!
[2026-03-19 10:47:12] Epoch: [1] image	Loss 3.3593 (3.3973)	Prec@1 0.000 (0.000)	Prec@5 0.781 (0.521)
[2026-03-19 10:47:12] TEST:  Epoch: [1] image	Prec@1 0.000 (0.000)	Prec@5 17.869 (19.925)
[2026-03-19 10:47:12] Training Client 5!
[2026-03-19 10:47:13] Epoch: [1] text	Loss 3.5704 (3.5704)	Prec@1 0.000 (0.000)	Prec@5 0.000 (0.000)
[2026-03-19 10:47:13] TEST:  Epoch: [1] text	Prec@1 0.000 (0.000)	Prec@5 0.000 (0.000)
[2026-03-19 10:47:13] Training Client 12!
[2026-03-19 10:47:13] Epoch 1
[2026-03-19 10:47:15] Training Client 14!
[2026-03-19 10:47:15] Epoch 1
[2026-03-19 10:47:15] Skip local epoch for client 4: train loader has no full batch
[2026-03-19 10:47:15] Training Client 6!
[2026-03-19 10:47:15] Epoch: [1] text	Loss 3.2724 (3.2864)	Prec@1 16.016 (14.453)	Prec@5 36.719 (34.245)
[2026-03-19 10:47:16] TEST:  Epoch: [1] text	Prec@1 12.081 (12.081)	Prec@5 48.658 (48.658)
[2026-03-19 10:47:16] Training Client 7!
[2026-03-19 10:47:17] Epoch: [1] text	Loss 2.0045 (2.7950)	Prec@1 54.688 (37.339)	Prec@5 94.531 (62.914)
[2026-03-19 10:47:18] TEST:  Epoch: [1] text	Prec@1 54.296 (53.300)	Prec@5 96.220 (95.392)
[2026-03-19 10:47:18] Training Client 13!
[2026-03-19 10:47:18] Epoch 1
[2026-03-19 10:47:18] Skip local epoch for client 3: train loader has no full batch
[2026-03-19 10:47:18] Training Client 8!
[2026-03-19 10:47:18] Epoch: [1] text	Loss 3.3491 (3.3491)	Prec@1 0.000 (0.000)	Prec@5 26.953 (26.953)
[2026-03-19 10:47:19] TEST:  Epoch: [1] text	Prec@1 0.000 (0.000)	Prec@5 26.752 (26.752)
[2026-03-19 10:47:19] TEST:  Epoch: [1] image	Prec@1 0.000 (0.000)	Prec@5 0.000 (0.000)
[2026-03-19 10:47:19] TEST:  Epoch: [1] image	Prec@1 14.667 (13.293)	Prec@5 17.333 (16.314)
[2026-03-19 10:47:20] TEST:  Epoch: [1] image	Prec@1 0.000 (0.000)	Prec@5 3.226 (3.587)
[2026-03-19 10:47:20] TEST:  Epoch: [1] image	Prec@1 14.857 (14.857)	Prec@5 34.286 (34.286)
[2026-03-19 10:47:20] TEST:  Epoch: [1] image	Prec@1 0.000 (0.000)	Prec@5 1.613 (1.613)
[2026-03-19 10:47:21] TEST:  Epoch: [1] text	Prec@1 0.000 (0.000)	Prec@5 0.000 (0.000)
[2026-03-19 10:47:21] TEST:  Epoch: [1] text	Prec@1 16.000 (13.595)	Prec@5 48.000 (43.202)
[2026-03-19 10:47:21] TEST:  Epoch: [1] text	Prec@1 60.484 (53.251)	Prec@5 93.548 (91.480)
[2026-03-19 10:47:22] TEST:  Epoch: [1] text	Prec@1 0.000 (0.000)	Prec@5 20.571 (20.571)
[2026-03-19 10:47:22] TEST:  Epoch: [1] text	Prec@1 0.000 (0.000)	Prec@5 12.903 (12.903)
[2026-03-19 10:47:22] Evaluating test...
[2026-03-19 10:47:30] [Eval] Report @step: 1.00 {
    "test__rsum": 315.2823920265781,
    "test__medr": 8.0,
    "test__meanr": 13.893687707641195,
    "test__n_fold_i2t_recall_1": 40.0,
    "test__n_fold_i2t_recall_5": 90.0,
    "test__n_fold_i2t_recall_10": 100.0,
    "test__n_fold_i2t_rsum": 230.0,
    "test__n_fold_i2t_medr": 3.0,
    "test__n_fold_i2t_meanr": 2.9,
    "test__n_fold_t2i_recall_1": 20.0,
    "test__n_fold_t2i_recall_5": 90.0,
    "test__n_fold_t2i_recall_10": 100.0,
    "test__n_fold_t2i_rsum": 210.0,
    "test__n_fold_t2i_medr": 4.0,
    "test__n_fold_t2i_meanr": 3.6,
    "test__i2t_recall_1": 17.60797342192691,
    "test__i2t_recall_5": 73.421926910299,
    "test__i2t_recall_10": 93.35548172757476,
    "test__i2t_rsum": 184.3853820598007,
    "test__i2t_medr": 3.0,
    "test__i2t_meanr": 4.262458471760797,
    "test__t2i_recall_1": 17.940199335548172,
    "test__t2i_recall_5": 53.820598006644516,
    "test__t2i_recall_10": 59.136212624584715,
    "test__t2i_rsum": 130.8970099667774,
    "test__t2i_medr": 5.0,
    "test__t2i_meanr": 9.631229235880399,
    "lr": 0.0002,
    "summary": "40.0, 90.0, 100.0, 20.0, 90.0, 100.0, 17.60797342192691, 73.421926910299, 93.35548172757476, 17.940199335548172, 53.820598006644516, 59.136212624584715"
}
[2026-03-19 10:47:30] Evaluating test...
[2026-03-19 10:47:42] [Eval] Report @step: 1.00 {
    "test__rsum": 290.3323262839879,
    "test__medr": 9.0,
    "test__meanr": 20.045317220543808,
    "test__n_fold_i2t_recall_1": 40.0,
    "test__n_fold_i2t_recall_5": 60.0,
    "test__n_fold_i2t_recall_10": 100.0,
    "test__n_fold_i2t_rsum": 200.0,
    "test__n_fold_i2t_medr": 4.0,
    "test__n_fold_i2t_meanr": 3.7,
    "test__n_fold_t2i_recall_1": 50.0,
    "test__n_fold_t2i_recall_5": 100.0,
    "test__n_fold_t2i_recall_10": 100.0,
    "test__n_fold_t2i_rsum": 250.0,
    "test__n_fold_t2i_medr": 1.0,
    "test__n_fold_t2i_meanr": 1.9,
    "test__i2t_recall_1": 26.88821752265861,
    "test__i2t_recall_5": 43.80664652567976,
    "test__i2t_recall_10": 73.41389728096676,
    "test__i2t_rsum": 144.10876132930514,
    "test__i2t_medr": 6.0,
    "test__i2t_meanr": 11.81570996978852,
    "test__t2i_recall_1": 32.93051359516616,
    "test__t2i_recall_5": 53.47432024169184,
    "test__t2i_recall_10": 59.818731117824775,
    "test__t2i_rsum": 146.2235649546828,
    "test__t2i_medr": 3.0,
    "test__t2i_meanr": 8.229607250755286,
    "lr": 0.0002,
    "summary": "40.0, 60.0, 100.0, 50.0, 100.0, 100.0, 26.88821752265861, 43.80664652567976, 73.41389728096676, 32.93051359516616, 53.47432024169184, 59.818731117824775"
}
[2026-03-19 10:47:42] Evaluating test...
[2026-03-19 10:50:03] [Eval] Report @step: 1.00 {
    "test__rsum": 378.47533632286996,
    "test__medr": 4.0,
    "test__meanr": 10.52578475336323,
    "test__n_fold_i2t_recall_1": 80.0,
    "test__n_fold_i2t_recall_5": 80.0,
    "test__n_fold_i2t_recall_10": 100.0,
    "test__n_fold_i2t_rsum": 260.0,
    "test__n_fold_i2t_medr": 1.0,
    "test__n_fold_i2t_meanr": 2.4,
    "test__n_fold_t2i_recall_1": 60.0,
    "test__n_fold_t2i_recall_5": 100.0,
    "test__n_fold_t2i_recall_10": 100.0,
    "test__n_fold_t2i_rsum": 260.0,
    "test__n_fold_t2i_medr": 1.0,
    "test__n_fold_t2i_meanr": 1.4,
    "test__i2t_recall_1": 53.25112107623318,
    "test__i2t_recall_5": 65.02242152466367,
    "test__i2t_recall_10": 73.76681614349776,
    "test__i2t_rsum": 192.0403587443946,
    "test__i2t_medr": 1.0,
    "test__i2t_meanr": 5.913677130044843,
    "test__t2i_recall_1": 6.053811659192825,
    "test__t2i_recall_5": 88.11659192825113,
    "test__t2i_recall_10": 92.26457399103138,
    "test__t2i_rsum": 186.43497757847535,
    "test__t2i_medr": 3.0,
    "test__t2i_meanr": 4.612107623318385,
    "lr": 0.0002,
    "summary": "80.0, 80.0, 100.0, 60.0, 100.0, 100.0, 53.25112107623318, 65.02242152466367, 73.76681614349776, 6.053811659192825, 88.11659192825113, 92.26457399103138"
}
[2026-03-19 10:50:03] Evaluating test...
[2026-03-19 10:50:06] [Eval] Report @step: 1.00 {
    "test__rsum": 372.57142857142856,
    "test__medr": 6.0,
    "test__meanr": 8.485714285714286,
    "test__n_fold_i2t_recall_1": 10.0,
    "test__n_fold_i2t_recall_5": 90.0,
    "test__n_fold_i2t_recall_10": 100.0,
    "test__n_fold_i2t_rsum": 200.0,
    "test__n_fold_i2t_medr": 2.0,
    "test__n_fold_i2t_meanr": 2.8,
    "test__n_fold_t2i_recall_1": 30.0,
    "test__n_fold_t2i_recall_5": 70.0,
    "test__n_fold_t2i_recall_10": 100.0,
    "test__n_fold_t2i_rsum": 200.0,
    "test__n_fold_t2i_medr": 4.0,
    "test__n_fold_t2i_meanr": 3.9,
    "test__i2t_recall_1": 8.571428571428571,
    "test__i2t_recall_5": 73.71428571428571,
    "test__i2t_recall_10": 97.71428571428571,
    "test__i2t_rsum": 180.0,
    "test__i2t_medr": 4.0,
    "test__i2t_meanr": 4.211428571428572,
    "test__t2i_recall_1": 32.57142857142857,
    "test__t2i_recall_5": 70.85714285714286,
    "test__t2i_recall_10": 89.14285714285714,
    "test__t2i_rsum": 192.57142857142856,
    "test__t2i_medr": 2.0,
    "test__t2i_meanr": 4.274285714285714,
    "lr": 0.0002,
    "summary": "10.0, 90.0, 100.0, 30.0, 70.0, 100.0, 8.571428571428571, 73.71428571428571, 97.71428571428571, 32.57142857142857, 70.85714285714286, 89.14285714285714"
}
[2026-03-19 10:50:06] Evaluating test...
[2026-03-19 10:50:07] [Eval] Report @step: 1.00 {
    "test__rsum": 374.19354838709677,
    "test__medr": 3.0,
    "test__meanr": 9.82258064516129,
    "test__n_fold_i2t_recall_1": 60.0,
    "test__n_fold_i2t_recall_5": 80.0,
    "test__n_fold_i2t_recall_10": 100.0,
    "test__n_fold_i2t_rsum": 240.0,
    "test__n_fold_i2t_medr": 1.0,
    "test__n_fold_i2t_meanr": 2.5,
    "test__n_fold_t2i_recall_1": 70.0,
    "test__n_fold_t2i_recall_5": 90.0,
    "test__n_fold_t2i_recall_10": 100.0,
    "test__n_fold_t2i_rsum": 260.0,
    "test__n_fold_t2i_medr": 1.0,
    "test__n_fold_t2i_meanr": 1.9,
    "test__i2t_recall_1": 51.61290322580645,
    "test__i2t_recall_5": 69.35483870967742,
    "test__i2t_recall_10": 74.19354838709677,
    "test__i2t_rsum": 195.16129032258064,
    "test__i2t_medr": 1.0,
    "test__i2t_meanr": 5.870967741935484,
    "test__t2i_recall_1": 8.064516129032258,
    "test__t2i_recall_5": 77.41935483870968,
    "test__t2i_recall_10": 93.54838709677419,
    "test__t2i_rsum": 179.03225806451613,
    "test__t2i_medr": 2.0,
    "test__t2i_meanr": 3.9516129032258065,
    "lr": 0.0002,
    "summary": "60.0, 80.0, 100.0, 70.0, 90.0, 100.0, 51.61290322580645, 69.35483870967742, 74.19354838709677, 8.064516129032258, 77.41935483870968, 93.54838709677419"
}
[2026-03-19 10:50:08] Round 2!
[2026-03-19 10:50:08] Training Client 0!
[2026-03-19 10:50:08] Epoch: [2] image	Loss 3.3734 (3.4412)	Prec@1 0.000 (0.000)	Prec@5 34.375 (11.458)
[2026-03-19 10:50:08] TEST:  Epoch: [2] image	Prec@1 0.000 (0.000)	Prec@5 40.000 (41.860)
[2026-03-19 10:50:08] Training Client 1!
[2026-03-19 10:50:08] Epoch: [2] image	Loss 3.3290 (3.3290)	Prec@1 16.797 (16.797)	Prec@5 20.312 (20.312)
[2026-03-19 10:50:09] TEST:  Epoch: [2] image	Prec@1 16.000 (13.595)	Prec@5 46.667 (41.692)
[2026-03-19 10:50:09] Training Client 3!
[2026-03-19 10:50:09] Epoch: [2] image	Loss 3.2127 (3.2631)	Prec@1 18.750 (15.234)	Prec@5 57.031 (46.745)
[2026-03-19 10:50:09] TEST:  Epoch: [2] image	Prec@1 20.571 (20.571)	Prec@5 54.286 (54.286)
[2026-03-19 10:50:09] Training Client 12!
[2026-03-19 10:50:09] Epoch 2
[2026-03-19 10:50:11] Training Client 8!
[2026-03-19 10:50:11] Epoch: [2] text	Loss 3.3598 (3.3598)	Prec@1 0.000 (0.000)	Prec@5 25.781 (25.781)
[2026-03-19 10:50:11] TEST:  Epoch: [2] text	Prec@1 0.000 (0.000)	Prec@5 40.000 (40.000)
[2026-03-19 10:50:11] Training Client 9!
[2026-03-19 10:50:11] Epoch: [2] text	Loss 0.0000 (0.0000)	Prec@1 0.000 (0.000)	Prec@5 0.000 (0.000)
[2026-03-19 10:50:11] TEST:  Epoch: [2] text	Prec@1 0.000 (0.000)	Prec@5 12.903 (12.903)
[2026-03-19 10:50:12] Training Client 14!
[2026-03-19 10:50:12] Epoch 2
[2026-03-19 10:50:12] Skip local epoch for client 4: train loader has no full batch
[2026-03-19 10:50:12] Training Client 11!
[2026-03-19 10:50:12] Epoch 2
[2026-03-19 10:50:13] Training Client 5!
[2026-03-19 10:50:13] Epoch: [2] text	Loss 3.6385 (3.6385)	Prec@1 0.000 (0.000)	Prec@5 0.000 (0.000)
[2026-03-19 10:50:13] TEST:  Epoch: [2] text	Prec@1 0.000 (0.000)	Prec@5 0.000 (0.000)
[2026-03-19 10:50:14] Training Client 6!
[2026-03-19 10:50:14] Epoch: [2] text	Loss 3.1591 (3.2137)	Prec@1 14.844 (14.844)	Prec@5 76.172 (59.115)
[2026-03-19 10:50:14] TEST:  Epoch: [2] text	Prec@1 16.000 (13.595)	Prec@5 78.667 (76.133)
[2026-03-19 10:50:14] Training Client 4!
[2026-03-19 10:50:14] Epoch: [2] image	Loss 3.3995 (3.3995)	Prec@1 0.000 (0.000)	Prec@5 2.734 (2.734)
[2026-03-19 10:50:14] TEST:  Epoch: [2] image	Prec@1 0.000 (0.000)	Prec@5 54.839 (54.839)
[2026-03-19 10:50:15] Training Client 7!
[2026-03-19 10:50:16] Epoch: [2] text	Loss 1.6636 (1.8895)	Prec@1 53.516 (53.975)	Prec@5 99.609 (97.243)
[2026-03-19 10:50:17] TEST:  Epoch: [2] text	Prec@1 60.484 (53.251)	Prec@5 98.387 (98.767)
[2026-03-19 10:50:17] Training Client 10!
[2026-03-19 10:50:17] Epoch 2
[2026-03-19 10:50:18] Training Client 13!
[2026-03-19 10:50:18] Epoch 2
[2026-03-19 10:50:18] Skip local epoch for client 3: train loader has no full batch
[2026-03-19 10:50:18] Training Client 2!
[2026-03-19 10:50:18] Epoch: [2] image	Loss 3.2575 (3.3484)	Prec@1 0.000 (0.000)	Prec@5 62.891 (34.896)
[2026-03-19 10:50:19] TEST:  Epoch: [2] image	Prec@1 60.484 (53.251)	Prec@5 72.581 (64.686)
[2026-03-19 10:50:20] TEST:  Epoch: [2] image	Prec@1 0.000 (0.000)	Prec@5 37.778 (41.196)
[2026-03-19 10:50:20] TEST:  Epoch: [2] image	Prec@1 5.333 (7.553)	Prec@5 17.333 (16.314)
[2026-03-19 10:50:21] TEST:  Epoch: [2] image	Prec@1 0.000 (0.000)	Prec@5 60.484 (53.251)
[2026-03-19 10:50:21] TEST:  Epoch: [2] image	Prec@1 20.571 (20.571)	Prec@5 54.286 (54.286)
[2026-03-19 10:50:21] TEST:  Epoch: [2] image	Prec@1 0.000 (0.000)	Prec@5 0.000 (0.000)
[2026-03-19 10:50:21] TEST:  Epoch: [2] text	Prec@1 0.000 (0.000)	Prec@5 0.000 (0.000)
[2026-03-19 10:50:21] TEST:  Epoch: [2] text	Prec@1 16.000 (13.595)	Prec@5 77.333 (73.414)
[2026-03-19 10:50:22] TEST:  Epoch: [2] text	Prec@1 60.484 (53.251)	Prec@5 98.387 (98.767)
[2026-03-19 10:50:22] TEST:  Epoch: [2] text	Prec@1 0.000 (0.000)	Prec@5 27.429 (27.429)
[2026-03-19 10:50:22] TEST:  Epoch: [2] text	Prec@1 0.000 (0.000)	Prec@5 0.000 (0.000)
[2026-03-19 10:50:22] Evaluating test...
[2026-03-19 10:50:26] [Eval] Report @step: 2.00 {
    "test__rsum": 227.90697674418607,
    "test__medr": 12.0,
    "test__meanr": 28.54485049833887,
    "test__n_fold_i2t_recall_1": 20.0,
    "test__n_fold_i2t_recall_5": 70.0,
    "test__n_fold_i2t_recall_10": 100.0,
    "test__n_fold_i2t_rsum": 190.0,
    "test__n_fold_i2t_medr": 2.0,
    "test__n_fold_i2t_meanr": 3.6,
    "test__n_fold_t2i_recall_1": 20.0,
    "test__n_fold_t2i_recall_5": 80.0,
    "test__n_fold_t2i_recall_10": 100.0,
    "test__n_fold_t2i_rsum": 200.0,
    "test__n_fold_t2i_medr": 4.0,
    "test__n_fold_t2i_meanr": 4.5,
    "test__i2t_recall_1": 5.3156146179401995,
    "test__i2t_recall_5": 54.817275747508305,
    "test__i2t_recall_10": 58.80398671096346,
    "test__i2t_rsum": 118.93687707641196,
    "test__i2t_medr": 4.0,
    "test__i2t_meanr": 14.059800664451828,
    "test__t2i_recall_1": 17.940199335548172,
    "test__t2i_recall_5": 32.22591362126246,
    "test__t2i_recall_10": 58.80398671096346,
    "test__t2i_rsum": 108.9700996677741,
    "test__t2i_medr": 8.0,
    "test__t2i_meanr": 14.485049833887043,
    "lr": 0.0002,
    "summary": "20.0, 70.0, 100.0, 20.0, 80.0, 100.0, 5.3156146179401995, 54.817275747508305, 58.80398671096346, 17.940199335548172, 32.22591362126246, 58.80398671096346"
}
[2026-03-19 10:50:26] Evaluating test...
[2026-03-19 10:50:36] [Eval] Report @step: 2.00 {
    "test__rsum": 311.48036253776434,
    "test__medr": 19.0,
    "test__meanr": 17.640483383685797,
    "test__n_fold_i2t_recall_1": 40.0,
    "test__n_fold_i2t_recall_5": 100.0,
    "test__n_fold_i2t_recall_10": 100.0,
    "test__n_fold_i2t_rsum": 240.0,
    "test__n_fold_i2t_medr": 2.0,
    "test__n_fold_i2t_meanr": 1.8,
    "test__n_fold_t2i_recall_1": 50.0,
    "test__n_fold_t2i_recall_5": 100.0,
    "test__n_fold_t2i_recall_10": 100.0,
    "test__n_fold_t2i_rsum": 250.0,
    "test__n_fold_t2i_medr": 1.0,
    "test__n_fold_t2i_meanr": 1.6,
    "test__i2t_recall_1": 16.61631419939577,
    "test__i2t_recall_5": 40.483383685800604,
    "test__i2t_recall_10": 44.10876132930514,
    "test__i2t_rsum": 101.20845921450152,
    "test__i2t_medr": 17.0,
    "test__i2t_meanr": 12.722054380664652,
    "test__t2i_recall_1": 32.93051359516616,
    "test__t2i_recall_5": 83.68580060422961,
    "test__t2i_recall_10": 93.65558912386707,
    "test__t2i_rsum": 210.27190332326285,
    "test__t2i_medr": 2.0,
    "test__t2i_meanr": 4.9184290030211475,
    "lr": 0.0002,
    "summary": "40.0, 100.0, 100.0, 50.0, 100.0, 100.0, 16.61631419939577, 40.483383685800604, 44.10876132930514, 32.93051359516616, 83.68580060422961, 93.65558912386707"
}
[2026-03-19 10:50:36] Evaluating test...
[2026-03-19 10:52:54] [Eval] Report @step: 2.00 {
    "test__rsum": 422.5336322869955,
    "test__medr": 2.0,
    "test__meanr": 9.838565022421525,
    "test__n_fold_i2t_recall_1": 80.0,
    "test__n_fold_i2t_recall_5": 80.0,
    "test__n_fold_i2t_recall_10": 100.0,
    "test__n_fold_i2t_rsum": 260.0,
    "test__n_fold_i2t_medr": 1.0,
    "test__n_fold_i2t_meanr": 2.0,
    "test__n_fold_t2i_recall_1": 30.0,
    "test__n_fold_t2i_recall_5": 100.0,
    "test__n_fold_t2i_recall_10": 100.0,
    "test__n_fold_t2i_rsum": 230.0,
    "test__n_fold_t2i_medr": 2.0,
    "test__n_fold_t2i_meanr": 1.7,
    "test__i2t_recall_1": 53.25112107623318,
    "test__i2t_recall_5": 74.32735426008969,
    "test__i2t_recall_10": 82.62331838565022,
    "test__i2t_rsum": 210.2017937219731,
    "test__i2t_medr": 1.0,
    "test__i2t_meanr": 5.928251121076233,
    "test__t2i_recall_1": 51.90582959641256,
    "test__t2i_recall_5": 68.60986547085201,
    "test__t2i_recall_10": 91.81614349775785,
    "test__t2i_rsum": 212.33183856502242,
    "test__t2i_medr": 1.0,
    "test__t2i_meanr": 3.9103139013452917,
    "lr": 0.0002,
    "summary": "80.0, 80.0, 100.0, 30.0, 100.0, 100.0, 53.25112107623318, 74.32735426008969, 82.62331838565022, 51.90582959641256, 68.60986547085201, 91.81614349775785"
}
[2026-03-19 10:52:54] Evaluating test...
[2026-03-19 10:52:58] [Eval] Report @step: 2.00 {
    "test__rsum": 268.57142857142856,
    "test__medr": 14.0,
    "test__meanr": 24.25714285714286,
    "test__n_fold_i2t_recall_1": 10.0,
    "test__n_fold_i2t_recall_5": 90.0,
    "test__n_fold_i2t_recall_10": 100.0,
    "test__n_fold_i2t_rsum": 200.0,
    "test__n_fold_i2t_medr": 3.0,
    "test__n_fold_i2t_meanr": 3.9,
    "test__n_fold_t2i_recall_1": 30.0,
    "test__n_fold_t2i_recall_5": 70.0,
    "test__n_fold_t2i_recall_10": 100.0,
    "test__n_fold_t2i_rsum": 200.0,
    "test__n_fold_t2i_medr": 5.0,
    "test__n_fold_t2i_meanr": 4.6,
    "test__i2t_recall_1": 8.571428571428571,
    "test__i2t_recall_5": 69.14285714285714,
    "test__i2t_recall_10": 69.14285714285714,
    "test__i2t_rsum": 146.85714285714283,
    "test__i2t_medr": 3.0,
    "test__i2t_meanr": 10.131428571428572,
    "test__t2i_recall_1": 27.428571428571427,
    "test__t2i_recall_5": 45.142857142857146,
    "test__t2i_recall_10": 49.142857142857146,
    "test__t2i_rsum": 121.71428571428572,
    "test__t2i_medr": 11.0,
    "test__t2i_meanr": 14.125714285714286,
    "lr": 0.0002,
    "summary": "10.0, 90.0, 100.0, 30.0, 70.0, 100.0, 8.571428571428571, 69.14285714285714, 69.14285714285714, 27.428571428571427, 45.142857142857146, 49.142857142857146"
}
[2026-03-19 10:52:58] Evaluating test...
[2026-03-19 10:52:58] [Eval] Report @step: 2.00 {
    "test__rsum": 330.64516129032256,
    "test__medr": 3.0,
    "test__meanr": 15.64516129032258,
    "test__n_fold_i2t_recall_1": 60.0,
    "test__n_fold_i2t_recall_5": 80.0,
    "test__n_fold_i2t_recall_10": 100.0,
    "test__n_fold_i2t_rsum": 240.0,
    "test__n_fold_i2t_medr": 1.0,
    "test__n_fold_i2t_meanr": 2.7,
    "test__n_fold_t2i_recall_1": 60.0,
    "test__n_fold_t2i_recall_5": 70.0,
    "test__n_fold_t2i_recall_10": 100.0,
    "test__n_fold_t2i_rsum": 230.0,
    "test__n_fold_t2i_medr": 1.0,
    "test__n_fold_t2i_meanr": 3.1,
    "test__i2t_recall_1": 56.45161290322581,
    "test__i2t_recall_5": 56.45161290322581,
    "test__i2t_recall_10": 64.51612903225806,
    "test__i2t_rsum": 177.4193548387097,
    "test__i2t_medr": 1.0,
    "test__i2t_meanr": 7.919354838709677,
    "test__t2i_recall_1": 11.290322580645162,
    "test__t2i_recall_5": 67.74193548387096,
    "test__t2i_recall_10": 74.19354838709677,
    "test__t2i_rsum": 153.2258064516129,
    "test__t2i_medr": 2.0,
    "test__t2i_meanr": 7.725806451612903,
    "lr": 0.0002,
    "summary": "60.0, 80.0, 100.0, 60.0, 70.0, 100.0, 56.45161290322581, 56.45161290322581, 64.51612903225806, 11.290322580645162, 67.74193548387096, 74.19354838709677"
}
[2026-03-19 10:52:59] Round 3!
[2026-03-19 10:52:59] Training Client 12!
[2026-03-19 10:52:59] Epoch 3
[2026-03-19 10:53:00] Training Client 13!
[2026-03-19 10:53:00] Epoch 3
[2026-03-19 10:53:00] Skip local epoch for client 3: train loader has no full batch
[2026-03-19 10:53:00] Training Client 0!
[2026-03-19 10:53:01] Epoch: [3] image	Loss 3.1500 (3.2489)	Prec@1 38.281 (12.760)	Prec@5 66.016 (50.000)
[2026-03-19 10:53:01] TEST:  Epoch: [3] image	Prec@1 37.778 (41.196)	Prec@5 71.111 (67.774)
[2026-03-19 10:53:01] Training Client 2!
[2026-03-19 10:53:01] Epoch: [3] image	Loss 3.0153 (3.1674)	Prec@1 53.906 (31.250)	Prec@5 67.188 (58.724)
[2026-03-19 10:53:02] TEST:  Epoch: [3] image	Prec@1 60.484 (53.251)	Prec@5 72.581 (64.686)
[2026-03-19 10:53:02] Training Client 6!
[2026-03-19 10:53:02] Epoch: [3] text	Loss 3.0096 (3.1043)	Prec@1 17.188 (13.932)	Prec@5 93.359 (77.344)
[2026-03-19 10:53:03] TEST:  Epoch: [3] text	Prec@1 33.333 (33.535)	Prec@5 94.667 (93.656)
[2026-03-19 10:53:03] Training Client 5!
[2026-03-19 10:53:03] Epoch: [3] text	Loss 3.6541 (3.6541)	Prec@1 0.000 (0.000)	Prec@5 0.000 (0.000)
[2026-03-19 10:53:03] TEST:  Epoch: [3] text	Prec@1 0.000 (0.000)	Prec@5 0.000 (0.000)
[2026-03-19 10:53:03] Training Client 4!
[2026-03-19 10:53:03] Epoch: [3] image	Loss 3.3940 (3.3940)	Prec@1 0.000 (0.000)	Prec@5 1.562 (1.562)
[2026-03-19 10:53:03] TEST:  Epoch: [3] image	Prec@1 0.000 (0.000)	Prec@5 56.452 (56.452)
[2026-03-19 10:53:03] Training Client 11!
[2026-03-19 10:53:03] Epoch 3
[2026-03-19 10:53:05] Training Client 1!
[2026-03-19 10:53:05] Epoch: [3] image	Loss 3.3253 (3.3253)	Prec@1 8.203 (8.203)	Prec@5 22.266 (22.266)
[2026-03-19 10:53:05] TEST:  Epoch: [3] image	Prec@1 16.000 (13.595)	Prec@5 46.667 (42.296)
[2026-03-19 10:53:05] Training Client 7!
[2026-03-19 10:53:07] Epoch: [3] text	Loss 1.6582 (1.6286)	Prec@1 47.266 (53.631)	Prec@5 98.828 (99.058)
[2026-03-19 10:53:08] TEST:  Epoch: [3] text	Prec@1 60.484 (53.251)	Prec@5 98.387 (98.767)
[2026-03-19 10:53:08] Training Client 14!
[2026-03-19 10:53:08] Epoch 3
[2026-03-19 10:53:08] Skip local epoch for client 4: train loader has no full batch
[2026-03-19 10:53:08] Training Client 8!
[2026-03-19 10:53:08] Epoch: [3] text	Loss 3.3644 (3.3644)	Prec@1 0.000 (0.000)	Prec@5 36.719 (36.719)
[2026-03-19 10:53:08] TEST:  Epoch: [3] text	Prec@1 0.000 (0.000)	Prec@5 30.286 (30.286)
[2026-03-19 10:53:08] Training Client 10!
[2026-03-19 10:53:08] Epoch 3
[2026-03-19 10:53:09] Training Client 3!
[2026-03-19 10:53:09] Epoch: [3] image	Loss 3.0956 (3.1709)	Prec@1 18.359 (17.969)	Prec@5 59.766 (56.901)
[2026-03-19 10:53:10] TEST:  Epoch: [3] image	Prec@1 20.571 (20.571)	Prec@5 54.286 (54.286)
[2026-03-19 10:53:10] Training Client 9!
[2026-03-19 10:53:10] Epoch: [3] text	Loss 0.0000 (0.0000)	Prec@1 0.000 (0.000)	Prec@5 0.000 (0.000)
[2026-03-19 10:53:10] TEST:  Epoch: [3] text	Prec@1 0.000 (0.000)	Prec@5 0.000 (0.000)
[2026-03-19 10:53:10] TEST:  Epoch: [3] image	Prec@1 37.778 (41.196)	Prec@5 37.778 (41.196)
[2026-03-19 10:53:11] TEST:  Epoch: [3] image	Prec@1 0.000 (0.604)	Prec@5 21.333 (23.867)
[2026-03-19 10:53:11] TEST:  Epoch: [3] image	Prec@1 60.484 (53.251)	Prec@5 60.484 (53.251)
[2026-03-19 10:53:11] TEST:  Epoch: [3] image	Prec@1 20.571 (20.571)	Prec@5 54.286 (54.286)
[2026-03-19 10:53:11] TEST:  Epoch: [3] image	Prec@1 0.000 (0.000)	Prec@5 32.258 (32.258)
[2026-03-19 10:53:12] TEST:  Epoch: [3] text	Prec@1 0.000 (0.000)	Prec@5 0.000 (0.000)
[2026-03-19 10:53:12] TEST:  Epoch: [3] text	Prec@1 16.000 (13.595)	Prec@5 77.333 (73.414)
[2026-03-19 10:53:13] TEST:  Epoch: [3] text	Prec@1 60.484 (53.251)	Prec@5 98.387 (98.767)
[2026-03-19 10:53:13] TEST:  Epoch: [3] text	Prec@1 0.000 (0.000)	Prec@5 21.143 (21.143)
[2026-03-19 10:53:13] TEST:  Epoch: [3] text	Prec@1 0.000 (0.000)	Prec@5 0.000 (0.000)
[2026-03-19 10:53:13] Evaluating test...
[2026-03-19 10:53:17] [Eval] Report @step: 3.00 {
    "test__rsum": 265.1162790697675,
    "test__medr": 9.0,
    "test__meanr": 22.42857142857143,
    "test__n_fold_i2t_recall_1": 20.0,
    "test__n_fold_i2t_recall_5": 70.0,
    "test__n_fold_i2t_recall_10": 100.0,
    "test__n_fold_i2t_rsum": 190.0,
    "test__n_fold_i2t_medr": 2.0,
    "test__n_fold_i2t_meanr": 4.0,
    "test__n_fold_t2i_recall_1": 20.0,
    "test__n_fold_t2i_recall_5": 70.0,
    "test__n_fold_t2i_recall_10": 100.0,
    "test__n_fold_t2i_rsum": 190.0,
    "test__n_fold_t2i_medr": 3.0,
    "test__n_fold_t2i_meanr": 4.4,
    "test__i2t_recall_1": 26.578073089700997,
    "test__i2t_recall_5": 56.81063122923588,
    "test__i2t_recall_10": 58.80398671096346,
    "test__i2t_rsum": 142.19269102990035,
    "test__i2t_medr": 4.0,
    "test__i2t_meanr": 12.368770764119601,
    "test__t2i_recall_1": 12.956810631229235,
    "test__t2i_recall_5": 51.16279069767442,
    "test__t2i_recall_10": 58.80398671096346,
    "test__t2i_rsum": 122.92358803986711,
    "test__t2i_medr": 5.0,
    "test__t2i_meanr": 10.059800664451828,
    "lr": 0.0002,
    "summary": "20.0, 70.0, 100.0, 20.0, 70.0, 100.0, 26.578073089700997, 56.81063122923588, 58.80398671096346, 12.956810631229235, 51.16279069767442, 58.80398671096346"
}
[2026-03-19 10:53:17] Evaluating test...
[2026-03-19 10:53:21] [Eval] Report @step: 3.00 {
    "test__rsum": 319.03323262839876,
    "test__medr": 15.0,
    "test__meanr": 16.44108761329305,
    "test__n_fold_i2t_recall_1": 50.0,
    "test__n_fold_i2t_recall_5": 100.0,
    "test__n_fold_i2t_recall_10": 100.0,
    "test__n_fold_i2t_rsum": 250.0,
    "test__n_fold_i2t_medr": 1.0,
    "test__n_fold_i2t_meanr": 1.6,
    "test__n_fold_t2i_recall_1": 50.0,
    "test__n_fold_t2i_recall_5": 100.0,
    "test__n_fold_t2i_recall_10": 100.0,
    "test__n_fold_t2i_rsum": 250.0,
    "test__n_fold_t2i_medr": 1.0,
    "test__n_fold_t2i_meanr": 1.6,
    "test__i2t_recall_1": 26.88821752265861,
    "test__i2t_recall_5": 40.483383685800604,
    "test__i2t_recall_10": 44.10876132930514,
    "test__i2t_rsum": 111.48036253776435,
    "test__i2t_medr": 12.0,
    "test__i2t_meanr": 11.444108761329305,
    "test__t2i_recall_1": 20.241691842900302,
    "test__t2i_recall_5": 93.65558912386707,
    "test__t2i_recall_10": 93.65558912386707,
    "test__t2i_rsum": 207.55287009063443,
    "test__t2i_medr": 3.0,
    "test__t2i_meanr": 4.996978851963746,
    "lr": 0.0002,
    "summary": "50.0, 100.0, 100.0, 50.0, 100.0, 100.0, 26.88821752265861, 40.483383685800604, 44.10876132930514, 20.241691842900302, 93.65558912386707, 93.65558912386707"
}
[2026-03-19 10:53:21] Evaluating test...
[2026-03-19 10:55:40] [Eval] Report @step: 3.00 {
    "test__rsum": 421.1883408071749,
    "test__medr": 2.0,
    "test__meanr": 12.154708520179373,
    "test__n_fold_i2t_recall_1": 80.0,
    "test__n_fold_i2t_recall_5": 100.0,
    "test__n_fold_i2t_recall_10": 100.0,
    "test__n_fold_i2t_rsum": 280.0,
    "test__n_fold_i2t_medr": 1.0,
    "test__n_fold_i2t_meanr": 1.8,
    "test__n_fold_t2i_recall_1": 80.0,
    "test__n_fold_t2i_recall_5": 100.0,
    "test__n_fold_t2i_recall_10": 100.0,
    "test__n_fold_t2i_rsum": 280.0,
    "test__n_fold_t2i_medr": 1.0,
    "test__n_fold_t2i_meanr": 1.4,
    "test__i2t_recall_1": 53.25112107623318,
    "test__i2t_recall_5": 59.08071748878924,
    "test__i2t_recall_10": 79.93273542600897,
    "test__i2t_rsum": 192.2645739910314,
    "test__i2t_medr": 1.0,
    "test__i2t_meanr": 7.92152466367713,
    "test__t2i_recall_1": 53.25112107623318,
    "test__t2i_recall_5": 84.19282511210763,
    "test__t2i_recall_10": 91.4798206278027,
    "test__t2i_rsum": 228.9237668161435,
    "test__t2i_medr": 1.0,
    "test__t2i_meanr": 4.233183856502242,
    "lr": 0.0002,
    "summary": "80.0, 100.0, 100.0, 80.0, 100.0, 100.0, 53.25112107623318, 59.08071748878924, 79.93273542600897, 53.25112107623318, 84.19282511210763, 91.4798206278027"
}
[2026-03-19 10:55:40] Evaluating test...
[2026-03-19 10:55:43] [Eval] Report @step: 3.00 {
    "test__rsum": 286.8571428571429,
    "test__medr": 11.0,
    "test__meanr": 25.880000000000003,
    "test__n_fold_i2t_recall_1": 10.0,
    "test__n_fold_i2t_recall_5": 90.0,
    "test__n_fold_i2t_recall_10": 100.0,
    "test__n_fold_i2t_rsum": 200.0,
    "test__n_fold_i2t_medr": 3.0,
    "test__n_fold_i2t_meanr": 3.7,
    "test__n_fold_t2i_recall_1": 30.0,
    "test__n_fold_t2i_recall_5": 70.0,
    "test__n_fold_t2i_recall_10": 100.0,
    "test__n_fold_t2i_rsum": 200.0,
    "test__n_fold_t2i_medr": 4.0,
    "test__n_fold_t2i_meanr": 4.6,
    "test__i2t_recall_1": 8.0,
    "test__i2t_recall_5": 68.0,
    "test__i2t_recall_10": 69.14285714285714,
    "test__i2t_rsum": 145.14285714285714,
    "test__i2t_medr": 4.0,
    "test__i2t_meanr": 10.474285714285715,
    "test__t2i_recall_1": 28.0,
    "test__t2i_recall_5": 44.57142857142857,
    "test__t2i_recall_10": 69.14285714285714,
    "test__t2i_rsum": 141.71428571428572,
    "test__t2i_medr": 7.0,
    "test__t2i_meanr": 15.405714285714286,
    "lr": 0.0002,
    "summary": "10.0, 90.0, 100.0, 30.0, 70.0, 100.0, 8.0, 68.0, 69.14285714285714, 28.0, 44.57142857142857, 69.14285714285714"
}
[2026-03-19 10:55:43] Evaluating test...
[2026-03-19 10:55:44] [Eval] Report @step: 3.00 {
    "test__rsum": 319.35483870967744,
    "test__medr": 3.0,
    "test__meanr": 13.548387096774194,
    "test__n_fold_i2t_recall_1": 60.0,
    "test__n_fold_i2t_recall_5": 70.0,
    "test__n_fold_i2t_recall_10": 100.0,
    "test__n_fold_i2t_rsum": 230.0,
    "test__n_fold_i2t_medr": 1.0,
    "test__n_fold_i2t_meanr": 2.9,
    "test__n_fold_t2i_recall_1": 10.0,
    "test__n_fold_t2i_recall_5": 70.0,
    "test__n_fold_t2i_recall_10": 100.0,
    "test__n_fold_t2i_rsum": 180.0,
    "test__n_fold_t2i_medr": 2.0,
    "test__n_fold_t2i_meanr": 3.7,
    "test__i2t_recall_1": 56.45161290322581,
    "test__i2t_recall_5": 56.45161290322581,
    "test__i2t_recall_10": 66.12903225806451,
    "test__i2t_rsum": 179.03225806451613,
    "test__i2t_medr": 1.0,
    "test__i2t_meanr": 7.0,
    "test__t2i_recall_1": 8.064516129032258,
    "test__t2i_recall_5": 64.51612903225806,
    "test__t2i_recall_10": 67.74193548387096,
    "test__t2i_rsum": 140.32258064516128,
    "test__t2i_medr": 2.0,
    "test__t2i_meanr": 6.548387096774194,
    "lr": 0.0002,
    "summary": "60.0, 70.0, 100.0, 10.0, 70.0, 100.0, 56.45161290322581, 56.45161290322581, 66.12903225806451, 8.064516129032258, 64.51612903225806, 67.74193548387096"
}
[2026-03-19 10:55:44] Round 4!
[2026-03-19 10:55:44] Training Client 13!
[2026-03-19 10:55:44] Epoch 4
[2026-03-19 10:55:44] Skip local epoch for client 3: train loader has no full batch
[2026-03-19 10:55:44] Training Client 5!
[2026-03-19 10:55:44] Epoch: [4] text	Loss 3.6614 (3.6614)	Prec@1 0.000 (0.000)	Prec@5 0.000 (0.000)
[2026-03-19 10:55:45] TEST:  Epoch: [4] text	Prec@1 0.000 (0.000)	Prec@5 0.000 (0.000)
[2026-03-19 10:55:45] Training Client 9!
[2026-03-19 10:55:45] Epoch: [4] text	Loss 0.0000 (0.0000)	Prec@1 0.000 (0.000)	Prec@5 0.000 (0.000)
[2026-03-19 10:55:45] TEST:  Epoch: [4] text	Prec@1 0.000 (0.000)	Prec@5 0.000 (0.000)
[2026-03-19 10:55:45] Training Client 4!
[2026-03-19 10:55:45] Epoch: [4] image	Loss 3.3686 (3.3686)	Prec@1 0.000 (0.000)	Prec@5 44.141 (44.141)
[2026-03-19 10:55:45] TEST:  Epoch: [4] image	Prec@1 0.000 (0.000)	Prec@5 56.452 (56.452)
[2026-03-19 10:55:45] Training Client 0!
[2026-03-19 10:55:45] Epoch: [4] image	Loss 2.8995 (3.0333)	Prec@1 41.797 (41.276)	Prec@5 71.484 (60.547)
[2026-03-19 10:55:46] TEST:  Epoch: [4] image	Prec@1 37.778 (41.196)	Prec@5 71.111 (67.774)
[2026-03-19 10:55:46] Training Client 7!
[2026-03-19 10:55:47] Epoch: [4] text	Loss 1.6027 (1.5283)	Prec@1 49.609 (53.791)	Prec@5 98.047 (99.058)
[2026-03-19 10:55:48] TEST:  Epoch: [4] text	Prec@1 60.484 (53.251)	Prec@5 98.387 (98.767)
[2026-03-19 10:55:48] Training Client 8!
[2026-03-19 10:55:48] Epoch: [4] text	Loss 3.3438 (3.3438)	Prec@1 0.000 (0.000)	Prec@5 29.297 (29.297)
[2026-03-19 10:55:48] TEST:  Epoch: [4] text	Prec@1 0.000 (0.000)	Prec@5 28.000 (28.000)
[2026-03-19 10:55:49] Training Client 1!
[2026-03-19 10:55:49] Epoch: [4] image	Loss 3.3369 (3.3369)	Prec@1 0.000 (0.000)	Prec@5 23.438 (23.438)
[2026-03-19 10:55:49] TEST:  Epoch: [4] image	Prec@1 14.667 (13.293)	Prec@5 48.000 (49.245)
[2026-03-19 10:55:49] Training Client 3!
[2026-03-19 10:55:49] Epoch: [4] image	Loss 2.9917 (3.0655)	Prec@1 16.797 (17.969)	Prec@5 55.859 (57.031)
[2026-03-19 10:55:49] TEST:  Epoch: [4] image	Prec@1 20.571 (20.571)	Prec@5 81.714 (81.714)
[2026-03-19 10:55:50] Training Client 10!
[2026-03-19 10:55:50] Epoch 4
[2026-03-19 10:55:51] Training Client 11!
[2026-03-19 10:55:51] Epoch 4
[2026-03-19 10:55:52] Training Client 2!
[2026-03-19 10:55:52] Epoch: [4] image	Loss 2.8340 (2.9771)	Prec@1 50.781 (51.042)	Prec@5 60.547 (59.766)
[2026-03-19 10:55:53] TEST:  Epoch: [4] image	Prec@1 60.484 (53.251)	Prec@5 72.581 (64.686)
[2026-03-19 10:55:53] Training Client 6!
[2026-03-19 10:55:53] Epoch: [4] text	Loss 2.8776 (2.9684)	Prec@1 30.078 (24.089)	Prec@5 91.797 (84.896)
[2026-03-19 10:55:53] TEST:  Epoch: [4] text	Prec@1 30.667 (32.931)	Prec@5 94.667 (93.656)
[2026-03-19 10:55:54] Training Client 12!
[2026-03-19 10:55:54] Epoch 4
[2026-03-19 10:55:55] Training Client 14!
[2026-03-19 10:55:55] Epoch 4
[2026-03-19 10:55:55] Skip local epoch for client 4: train loader has no full batch
[2026-03-19 10:55:56] TEST:  Epoch: [4] image	Prec@1 37.778 (41.196)	Prec@5 71.111 (67.774)
[2026-03-19 10:55:56] TEST:  Epoch: [4] image	Prec@1 0.000 (0.000)	Prec@5 48.000 (48.943)
[2026-03-19 10:55:57] TEST:  Epoch: [4] image	Prec@1 60.484 (53.251)	Prec@5 72.581 (64.686)
[2026-03-19 10:55:57] TEST:  Epoch: [4] image	Prec@1 20.571 (20.571)	Prec@5 54.286 (54.286)
[2026-03-19 10:55:57] TEST:  Epoch: [4] image	Prec@1 0.000 (0.000)	Prec@5 56.452 (56.452)
[2026-03-19 10:55:57] TEST:  Epoch: [4] text	Prec@1 0.000 (0.000)	Prec@5 0.000 (0.000)
[2026-03-19 10:55:57] TEST:  Epoch: [4] text	Prec@1 30.667 (32.931)	Prec@5 94.667 (93.656)
[2026-03-19 10:55:58] TEST:  Epoch: [4] text	Prec@1 60.484 (53.251)	Prec@5 98.387 (98.767)
[2026-03-19 10:55:58] TEST:  Epoch: [4] text	Prec@1 0.000 (0.000)	Prec@5 18.857 (18.857)
[2026-03-19 10:55:58] TEST:  Epoch: [4] text	Prec@1 0.000 (0.000)	Prec@5 0.000 (0.000)
[2026-03-19 10:55:58] Evaluating test...
[2026-03-19 10:56:02] [Eval] Report @step: 4.00 {
    "test__rsum": 239.20265780730895,
    "test__medr": 11.0,
    "test__meanr": 14.186046511627907,
    "test__n_fold_i2t_recall_1": 20.0,
    "test__n_fold_i2t_recall_5": 70.0,
    "test__n_fold_i2t_recall_10": 100.0,
    "test__n_fold_i2t_rsum": 190.0,
    "test__n_fold_i2t_medr": 2.0,
    "test__n_fold_i2t_meanr": 4.0,
    "test__n_fold_t2i_recall_1": 20.0,
    "test__n_fold_t2i_recall_5": 70.0,
    "test__n_fold_t2i_recall_10": 100.0,
    "test__n_fold_t2i_rsum": 190.0,
    "test__n_fold_t2i_medr": 2.0,
    "test__n_fold_t2i_meanr": 3.8,
    "test__i2t_recall_1": 7.641196013289036,
    "test__i2t_recall_5": 54.817275747508305,
    "test__i2t_recall_10": 68.10631229235881,
    "test__i2t_rsum": 130.56478405315613,
    "test__i2t_medr": 4.0,
    "test__i2t_meanr": 6.378737541528239,
    "test__t2i_recall_1": 13.953488372093023,
    "test__t2i_recall_5": 35.880398671096344,
    "test__t2i_recall_10": 58.80398671096346,
    "test__t2i_rsum": 108.63787375415282,
    "test__t2i_medr": 7.0,
    "test__t2i_meanr": 7.807308970099668,
    "lr": 0.0002,
    "summary": "20.0, 70.0, 100.0, 20.0, 70.0, 100.0, 7.641196013289036, 54.817275747508305, 68.10631229235881, 13.953488372093023, 35.880398671096344, 58.80398671096346"
}
[2026-03-19 10:56:02] Evaluating test...
[2026-03-19 10:56:06] [Eval] Report @step: 4.00 {
    "test__rsum": 441.99395770392744,
    "test__medr": 4.0,
    "test__meanr": 9.50453172205438,
    "test__n_fold_i2t_recall_1": 40.0,
    "test__n_fold_i2t_recall_5": 100.0,
    "test__n_fold_i2t_recall_10": 100.0,
    "test__n_fold_i2t_rsum": 240.0,
    "test__n_fold_i2t_medr": 2.0,
    "test__n_fold_i2t_meanr": 1.7,
    "test__n_fold_t2i_recall_1": 40.0,
    "test__n_fold_t2i_recall_5": 100.0,
    "test__n_fold_t2i_recall_10": 100.0,
    "test__n_fold_t2i_rsum": 240.0,
    "test__n_fold_t2i_medr": 2.0,
    "test__n_fold_t2i_meanr": 1.7,
    "test__i2t_recall_1": 26.88821752265861,
    "test__i2t_recall_5": 96.37462235649546,
    "test__i2t_recall_10": 97.2809667673716,
    "test__i2t_rsum": 220.54380664652567,
    "test__i2t_medr": 2.0,
    "test__i2t_meanr": 5.335347432024169,
    "test__t2i_recall_1": 34.13897280966767,
    "test__t2i_recall_5": 93.65558912386707,
    "test__t2i_recall_10": 93.65558912386707,
    "test__t2i_rsum": 221.4501510574018,
    "test__t2i_medr": 2.0,
    "test__t2i_meanr": 4.169184290030211,
    "lr": 0.0002,
    "summary": "40.0, 100.0, 100.0, 40.0, 100.0, 100.0, 26.88821752265861, 96.37462235649546, 97.2809667673716, 34.13897280966767, 93.65558912386707, 93.65558912386707"
}
[2026-03-19 10:56:06] Evaluating test...
[2026-03-19 10:58:14] [Eval] Report @step: 4.00 {
    "test__rsum": 442.2645739910314,
    "test__medr": 2.0,
    "test__meanr": 11.126681614349776,
    "test__n_fold_i2t_recall_1": 80.0,
    "test__n_fold_i2t_recall_5": 80.0,
    "test__n_fold_i2t_recall_10": 100.0,
    "test__n_fold_i2t_rsum": 260.0,
    "test__n_fold_i2t_medr": 1.0,
    "test__n_fold_i2t_meanr": 2.0,
    "test__n_fold_t2i_recall_1": 80.0,
    "test__n_fold_t2i_recall_5": 100.0,
    "test__n_fold_t2i_recall_10": 100.0,
    "test__n_fold_t2i_rsum": 280.0,
    "test__n_fold_t2i_medr": 1.0,
    "test__n_fold_t2i_meanr": 1.4,
    "test__i2t_recall_1": 53.25112107623318,
    "test__i2t_recall_5": 79.82062780269058,
    "test__i2t_recall_10": 82.39910313901345,
    "test__i2t_rsum": 215.4708520179372,
    "test__i2t_medr": 1.0,
    "test__i2t_meanr": 5.87780269058296,
    "test__t2i_recall_1": 53.25112107623318,
    "test__t2i_recall_5": 81.05381165919283,
    "test__t2i_recall_10": 92.48878923766816,
    "test__t2i_rsum": 226.79372197309416,
    "test__t2i_medr": 1.0,
    "test__t2i_meanr": 5.248878923766816,
    "lr": 0.0002,
    "summary": "80.0, 80.0, 100.0, 80.0, 100.0, 100.0, 53.25112107623318, 79.82062780269058, 82.39910313901345, 53.25112107623318, 81.05381165919283, 92.48878923766816"
}
[2026-03-19 10:58:14] Evaluating test...
[2026-03-19 10:58:17] [Eval] Report @step: 4.00 {
    "test__rsum": 286.85714285714283,
    "test__medr": 8.0,
    "test__meanr": 27.177142857142858,
    "test__n_fold_i2t_recall_1": 10.0,
    "test__n_fold_i2t_recall_5": 90.0,
    "test__n_fold_i2t_recall_10": 100.0,
    "test__n_fold_i2t_rsum": 200.0,
    "test__n_fold_i2t_medr": 3.0,
    "test__n_fold_i2t_meanr": 3.5,
    "test__n_fold_t2i_recall_1": 30.0,
    "test__n_fold_t2i_recall_5": 60.0,
    "test__n_fold_t2i_recall_10": 100.0,
    "test__n_fold_t2i_rsum": 190.0,
    "test__n_fold_t2i_medr": 4.0,
    "test__n_fold_t2i_meanr": 4.5,
    "test__i2t_recall_1": 8.0,
    "test__i2t_recall_5": 53.142857142857146,
    "test__i2t_recall_10": 69.14285714285714,
    "test__i2t_rsum": 130.28571428571428,
    "test__i2t_medr": 5.0,
    "test__i2t_meanr": 13.537142857142857,
    "test__t2i_recall_1": 26.857142857142858,
    "test__t2i_recall_5": 60.57142857142857,
    "test__t2i_recall_10": 69.14285714285714,
    "test__t2i_rsum": 156.57142857142856,
    "test__t2i_medr": 3.0,
    "test__t2i_meanr": 13.64,
    "lr": 0.0002,
    "summary": "10.0, 90.0, 100.0, 30.0, 60.0, 100.0, 8.0, 53.142857142857146, 69.14285714285714, 26.857142857142858, 60.57142857142857, 69.14285714285714"
}
[2026-03-19 10:58:17] Evaluating test...
[2026-03-19 10:58:18] [Eval] Report @step: 4.00 {
    "test__rsum": 327.41935483870964,
    "test__medr": 3.0,
    "test__meanr": 14.274193548387096,
    "test__n_fold_i2t_recall_1": 50.0,
    "test__n_fold_i2t_recall_5": 80.0,
    "test__n_fold_i2t_recall_10": 100.0,
    "test__n_fold_i2t_rsum": 230.0,
    "test__n_fold_i2t_medr": 1.0,
    "test__n_fold_i2t_meanr": 2.6,
    "test__n_fold_t2i_recall_1": 10.0,
    "test__n_fold_t2i_recall_5": 80.0,
    "test__n_fold_t2i_recall_10": 100.0,
    "test__n_fold_t2i_rsum": 190.0,
    "test__n_fold_t2i_medr": 2.0,
    "test__n_fold_t2i_meanr": 3.4,
    "test__i2t_recall_1": 56.45161290322581,
    "test__i2t_recall_5": 64.51612903225806,
    "test__i2t_recall_10": 66.12903225806451,
    "test__i2t_rsum": 187.09677419354838,
    "test__i2t_medr": 1.0,
    "test__i2t_meanr": 6.709677419354839,
    "test__t2i_recall_1": 8.064516129032258,
    "test__t2i_recall_5": 64.51612903225806,
    "test__t2i_recall_10": 67.74193548387096,
    "test__t2i_rsum": 140.32258064516128,
    "test__t2i_medr": 2.0,
    "test__t2i_meanr": 7.564516129032258,
    "lr": 0.0002,
    "summary": "50.0, 80.0, 100.0, 10.0, 80.0, 100.0, 56.45161290322581, 64.51612903225806, 66.12903225806451, 8.064516129032258, 64.51612903225806, 67.74193548387096"
}
[2026-03-19 10:58:18] Round 5!
[2026-03-19 10:58:18] Training Client 11!
[2026-03-19 10:58:18] Epoch 5
[2026-03-19 10:58:19] Training Client 1!
[2026-03-19 10:58:20] Epoch: [5] image	Loss 3.3024 (3.3024)	Prec@1 0.000 (0.000)	Prec@5 45.312 (45.312)
[2026-03-19 10:58:20] TEST:  Epoch: [5] image	Prec@1 14.667 (12.689)	Prec@5 48.000 (49.245)
[2026-03-19 10:58:20] Training Client 0!
[2026-03-19 10:58:20] Epoch: [5] image	Loss 2.7196 (2.8473)	Prec@1 40.625 (40.365)	Prec@5 67.578 (66.667)
[2026-03-19 10:58:20] TEST:  Epoch: [5] image	Prec@1 37.778 (41.196)	Prec@5 82.222 (83.056)
[2026-03-19 10:58:21] Training Client 10!
[2026-03-19 10:58:21] Epoch 5
[2026-03-19 10:58:21] Training Client 3!
[2026-03-19 10:58:22] Epoch: [5] image	Loss 2.8608 (2.9409)	Prec@1 18.750 (18.099)	Prec@5 77.734 (70.573)
[2026-03-19 10:58:22] TEST:  Epoch: [5] image	Prec@1 17.714 (17.714)	Prec@5 88.571 (88.571)
[2026-03-19 10:58:22] Training Client 4!
[2026-03-19 10:58:22] Epoch: [5] image	Loss 3.3357 (3.3357)	Prec@1 0.000 (0.000)	Prec@5 61.328 (61.328)
[2026-03-19 10:58:22] TEST:  Epoch: [5] image	Prec@1 0.000 (0.000)	Prec@5 56.452 (56.452)
[2026-03-19 10:58:22] Training Client 13!
[2026-03-19 10:58:22] Epoch 5
[2026-03-19 10:58:22] Skip local epoch for client 3: train loader has no full batch
[2026-03-19 10:58:22] Training Client 14!
[2026-03-19 10:58:22] Epoch 5
[2026-03-19 10:58:22] Skip local epoch for client 4: train loader has no full batch
[2026-03-19 10:58:23] Training Client 6!
[2026-03-19 10:58:23] Epoch: [5] text	Loss 2.7026 (2.8116)	Prec@1 31.250 (31.771)	Prec@5 92.969 (92.578)
[2026-03-19 10:58:23] TEST:  Epoch: [5] text	Prec@1 30.667 (32.931)	Prec@5 94.667 (93.656)
[2026-03-19 10:58:23] Training Client 12!
[2026-03-19 10:58:23] Epoch 5
[2026-03-19 10:58:25] Training Client 7!
[2026-03-19 10:58:26] Epoch: [5] text	Loss 1.4534 (1.4703)	Prec@1 54.688 (53.768)	Prec@5 98.047 (99.150)
[2026-03-19 10:58:27] TEST:  Epoch: [5] text	Prec@1 60.484 (53.251)	Prec@5 98.387 (98.767)
[2026-03-19 10:58:27] Training Client 2!
[2026-03-19 10:58:27] Epoch: [5] image	Loss 2.6130 (2.7503)	Prec@1 49.219 (50.521)	Prec@5 63.281 (63.542)
[2026-03-19 10:58:28] TEST:  Epoch: [5] image	Prec@1 60.484 (53.251)	Prec@5 91.129 (85.650)
[2026-03-19 10:58:28] Training Client 8!
[2026-03-19 10:58:28] Epoch: [5] text	Loss 3.3470 (3.3470)	Prec@1 0.000 (0.000)	Prec@5 25.000 (25.000)
[2026-03-19 10:58:28] TEST:  Epoch: [5] text	Prec@1 1.143 (1.143)	Prec@5 28.000 (28.000)
[2026-03-19 10:58:29] Training Client 9!
[2026-03-19 10:58:29] Epoch: [5] text	Loss 0.0000 (0.0000)	Prec@1 0.000 (0.000)	Prec@5 0.000 (0.000)
[2026-03-19 10:58:29] TEST:  Epoch: [5] text	Prec@1 0.000 (0.000)	Prec@5 0.000 (0.000)
[2026-03-19 10:58:29] Training Client 5!
[2026-03-19 10:58:29] Epoch: [5] text	Loss 3.6600 (3.6600)	Prec@1 0.000 (0.000)	Prec@5 0.000 (0.000)
[2026-03-19 10:58:29] TEST:  Epoch: [5] text	Prec@1 0.000 (0.000)	Prec@5 0.000 (0.000)
[2026-03-19 10:58:30] TEST:  Epoch: [5] image	Prec@1 37.778 (41.196)	Prec@5 71.111 (67.774)
[2026-03-19 10:58:30] TEST:  Epoch: [5] image	Prec@1 0.000 (0.000)	Prec@5 48.000 (49.245)
[2026-03-19 10:58:31] TEST:  Epoch: [5] image	Prec@1 60.484 (53.251)	Prec@5 72.581 (64.686)
[2026-03-19 10:58:31] TEST:  Epoch: [5] image	Prec@1 20.571 (20.571)	Prec@5 81.714 (81.714)
[2026-03-19 10:58:31] TEST:  Epoch: [5] image	Prec@1 0.000 (0.000)	Prec@5 56.452 (56.452)
[2026-03-19 10:58:31] TEST:  Epoch: [5] text	Prec@1 0.000 (0.000)	Prec@5 0.000 (0.000)
[2026-03-19 10:58:31] TEST:  Epoch: [5] text	Prec@1 30.667 (32.931)	Prec@5 94.667 (93.656)
[2026-03-19 10:58:32] TEST:  Epoch: [5] text	Prec@1 60.484 (53.251)	Prec@5 98.387 (98.767)
[2026-03-19 10:58:32] TEST:  Epoch: [5] text	Prec@1 0.000 (0.000)	Prec@5 28.000 (28.000)
[2026-03-19 10:58:32] TEST:  Epoch: [5] text	Prec@1 0.000 (0.000)	Prec@5 0.000 (0.000)
[2026-03-19 10:58:32] Evaluating test...
[2026-03-19 10:58:36] [Eval] Report @step: 5.00 {
    "test__rsum": 332.890365448505,
    "test__medr": 8.0,
    "test__meanr": 10.764119601328904,
    "test__n_fold_i2t_recall_1": 20.0,
    "test__n_fold_i2t_recall_5": 70.0,
    "test__n_fold_i2t_recall_10": 100.0,
    "test__n_fold_i2t_rsum": 190.0,
    "test__n_fold_i2t_medr": 2.0,
    "test__n_fold_i2t_meanr": 3.9,
    "test__n_fold_t2i_recall_1": 20.0,
    "test__n_fold_t2i_recall_5": 70.0,
    "test__n_fold_t2i_recall_10": 100.0,
    "test__n_fold_t2i_rsum": 190.0,
    "test__n_fold_t2i_medr": 2.0,
    "test__n_fold_t2i_meanr": 3.5,
    "test__i2t_recall_1": 14.285714285714286,
    "test__i2t_recall_5": 55.14950166112957,
    "test__i2t_recall_10": 96.01328903654485,
    "test__i2t_rsum": 165.44850498338872,
    "test__i2t_medr": 4.0,
    "test__i2t_meanr": 4.857142857142858,
    "test__t2i_recall_1": 16.27906976744186,
    "test__t2i_recall_5": 51.16279069767442,
    "test__t2i_recall_10": 100.0,
    "test__t2i_rsum": 167.4418604651163,
    "test__t2i_medr": 4.0,
    "test__t2i_meanr": 5.906976744186046,
    "lr": 0.0002,
    "summary": "20.0, 70.0, 100.0, 20.0, 70.0, 100.0, 14.285714285714286, 55.14950166112957, 96.01328903654485, 16.27906976744186, 51.16279069767442, 100.0"
}
[2026-03-19 10:58:36] Evaluating test...
[2026-03-19 10:58:40] [Eval] Report @step: 5.00 {
    "test__rsum": 352.5679758308157,
    "test__medr": 5.0,
    "test__meanr": 13.564954682779456,
    "test__n_fold_i2t_recall_1": 40.0,
    "test__n_fold_i2t_recall_5": 100.0,
    "test__n_fold_i2t_recall_10": 100.0,
    "test__n_fold_i2t_rsum": 240.0,
    "test__n_fold_i2t_medr": 2.0,
    "test__n_fold_i2t_meanr": 1.8,
    "test__n_fold_t2i_recall_1": 40.0,
    "test__n_fold_t2i_recall_5": 100.0,
    "test__n_fold_t2i_recall_10": 100.0,
    "test__n_fold_t2i_rsum": 240.0,
    "test__n_fold_t2i_medr": 2.0,
    "test__n_fold_t2i_meanr": 2.5,
    "test__i2t_recall_1": 28.3987915407855,
    "test__i2t_recall_5": 59.818731117824775,
    "test__i2t_recall_10": 83.08157099697885,
    "test__i2t_rsum": 171.29909365558913,
    "test__i2t_medr": 3.0,
    "test__i2t_meanr": 7.280966767371601,
    "test__t2i_recall_1": 26.58610271903323,
    "test__t2i_recall_5": 61.329305135951664,
    "test__t2i_recall_10": 93.35347432024169,
    "test__t2i_rsum": 181.26888217522657,
    "test__t2i_medr": 2.0,
    "test__t2i_meanr": 6.283987915407855,
    "lr": 0.0002,
    "summary": "40.0, 100.0, 100.0, 40.0, 100.0, 100.0, 28.3987915407855, 59.818731117824775, 83.08157099697885, 26.58610271903323, 61.329305135951664, 93.35347432024169"
}
[2026-03-19 10:58:40] Evaluating test...
[2026-03-19 11:00:36] [Eval] Report @step: 5.00 {
    "test__rsum": 389.23766816143495,
    "test__medr": 5.0,
    "test__meanr": 15.448430493273543,
    "test__n_fold_i2t_recall_1": 80.0,
    "test__n_fold_i2t_recall_5": 80.0,
    "test__n_fold_i2t_recall_10": 100.0,
    "test__n_fold_i2t_rsum": 260.0,
    "test__n_fold_i2t_medr": 1.0,
    "test__n_fold_i2t_meanr": 2.1,
    "test__n_fold_t2i_recall_1": 80.0,
    "test__n_fold_t2i_recall_5": 100.0,
    "test__n_fold_t2i_recall_10": 100.0,
    "test__n_fold_t2i_rsum": 280.0,
    "test__n_fold_t2i_medr": 1.0,
    "test__n_fold_t2i_meanr": 1.5,
    "test__i2t_recall_1": 14.798206278026905,
    "test__i2t_recall_5": 83.40807174887892,
    "test__i2t_recall_10": 87.33183856502242,
    "test__i2t_rsum": 185.53811659192826,
    "test__i2t_medr": 4.0,
    "test__i2t_meanr": 9.082959641255606,
    "test__t2i_recall_1": 53.25112107623318,
    "test__t2i_recall_5": 70.85201793721973,
    "test__t2i_recall_10": 79.5964125560538,
    "test__t2i_rsum": 203.6995515695067,
    "test__t2i_medr": 1.0,
    "test__t2i_meanr": 6.365470852017937,
    "lr": 0.0002,
    "summary": "80.0, 80.0, 100.0, 80.0, 100.0, 100.0, 14.798206278026905, 83.40807174887892, 87.33183856502242, 53.25112107623318, 70.85201793721973, 79.5964125560538"
}
[2026-03-19 11:00:36] Evaluating test...
[2026-03-19 11:00:39] [Eval] Report @step: 5.00 {
    "test__rsum": 325.7142857142857,
    "test__medr": 8.0,
    "test__meanr": 25.245714285714286,
    "test__n_fold_i2t_recall_1": 30.0,
    "test__n_fold_i2t_recall_5": 90.0,
    "test__n_fold_i2t_recall_10": 100.0,
    "test__n_fold_i2t_rsum": 220.0,
    "test__n_fold_i2t_medr": 2.0,
    "test__n_fold_i2t_meanr": 3.0,
    "test__n_fold_t2i_recall_1": 30.0,
    "test__n_fold_t2i_recall_5": 70.0,
    "test__n_fold_t2i_recall_10": 100.0,
    "test__n_fold_t2i_rsum": 200.0,
    "test__n_fold_t2i_medr": 4.0,
    "test__n_fold_t2i_meanr": 4.6,
    "test__i2t_recall_1": 29.714285714285715,
    "test__i2t_recall_5": 69.14285714285714,
    "test__i2t_recall_10": 69.14285714285714,
    "test__i2t_rsum": 168.0,
    "test__i2t_medr": 5.0,
    "test__i2t_meanr": 12.531428571428572,
    "test__t2i_recall_1": 27.428571428571427,
    "test__t2i_recall_5": 61.142857142857146,
    "test__t2i_recall_10": 69.14285714285714,
    "test__t2i_rsum": 157.71428571428572,
    "test__t2i_medr": 3.0,
    "test__t2i_meanr": 12.714285714285714,
    "lr": 0.0002,
    "summary": "30.0, 90.0, 100.0, 30.0, 70.0, 100.0, 29.714285714285715, 69.14285714285714, 69.14285714285714, 27.428571428571427, 61.142857142857146, 69.14285714285714"
}
[2026-03-19 11:00:39] Evaluating test...
[2026-03-19 11:00:40] [Eval] Report @step: 5.00 {
    "test__rsum": 393.54838709677415,
    "test__medr": 2.0,
    "test__meanr": 13.758064516129032,
    "test__n_fold_i2t_recall_1": 10.0,
    "test__n_fold_i2t_recall_5": 80.0,
    "test__n_fold_i2t_recall_10": 100.0,
    "test__n_fold_i2t_rsum": 190.0,
    "test__n_fold_i2t_medr": 2.0,
    "test__n_fold_i2t_meanr": 3.0,
    "test__n_fold_t2i_recall_1": 20.0,
    "test__n_fold_t2i_recall_5": 90.0,
    "test__n_fold_t2i_recall_10": 100.0,
    "test__n_fold_t2i_rsum": 210.0,
    "test__n_fold_t2i_medr": 2.0,
    "test__n_fold_t2i_meanr": 3.2,
    "test__i2t_recall_1": 56.45161290322581,
    "test__i2t_recall_5": 64.51612903225806,
    "test__i2t_recall_10": 66.12903225806451,
    "test__i2t_rsum": 187.09677419354838,
    "test__i2t_medr": 1.0,
    "test__i2t_meanr": 7.209677419354839,
    "test__t2i_recall_1": 58.064516129032256,
    "test__t2i_recall_5": 64.51612903225806,
    "test__t2i_recall_10": 83.87096774193549,
    "test__t2i_rsum": 206.4516129032258,
    "test__t2i_medr": 1.0,
    "test__t2i_meanr": 6.548387096774194,
    "lr": 0.0002,
    "summary": "10.0, 80.0, 100.0, 20.0, 90.0, 100.0, 56.45161290322581, 64.51612903225806, 66.12903225806451, 58.064516129032256, 64.51612903225806, 83.87096774193549"
}
[2026-03-19 11:00:40] Round 6!
[2026-03-19 11:00:40] Training Client 5!
[2026-03-19 11:00:40] Epoch: [6] text	Loss 3.6195 (3.6195)	Prec@1 0.000 (0.000)	Prec@5 0.000 (0.000)
[2026-03-19 11:00:40] TEST:  Epoch: [6] text	Prec@1 0.000 (0.000)	Prec@5 0.000 (0.000)
[2026-03-19 11:00:41] Training Client 14!
[2026-03-19 11:00:41] Epoch 6
[2026-03-19 11:00:41] Skip local epoch for client 4: train loader has no full batch
[2026-03-19 11:00:41] Training Client 3!
[2026-03-19 11:00:41] Epoch: [6] image	Loss 2.7489 (2.8105)	Prec@1 24.609 (20.052)	Prec@5 88.672 (84.635)
[2026-03-19 11:00:41] TEST:  Epoch: [6] image	Prec@1 20.000 (20.000)	Prec@5 91.429 (91.429)
[2026-03-19 11:00:41] Training Client 10!
[2026-03-19 11:00:41] Epoch 6
[2026-03-19 11:00:42] Training Client 4!
[2026-03-19 11:00:42] Epoch: [6] image	Loss 3.2748 (3.2748)	Prec@1 0.000 (0.000)	Prec@5 60.938 (60.938)
[2026-03-19 11:00:42] TEST:  Epoch: [6] image	Prec@1 56.452 (56.452)	Prec@5 56.452 (56.452)
[2026-03-19 11:00:42] Training Client 1!
[2026-03-19 11:00:43] Epoch: [6] image	Loss 3.2788 (3.2788)	Prec@1 0.000 (0.000)	Prec@5 44.531 (44.531)
[2026-03-19 11:00:43] TEST:  Epoch: [6] image	Prec@1 16.000 (13.595)	Prec@5 48.000 (49.245)
[2026-03-19 11:00:43] Training Client 2!
[2026-03-19 11:00:43] Epoch: [6] image	Loss 2.3279 (2.4824)	Prec@1 52.344 (51.562)	Prec@5 87.500 (78.646)
[2026-03-19 11:00:44] TEST:  Epoch: [6] image	Prec@1 60.484 (53.251)	Prec@5 92.742 (86.771)
[2026-03-19 11:00:44] Training Client 12!
[2026-03-19 11:00:44] Epoch 6
[2026-03-19 11:00:46] Training Client 9!
[2026-03-19 11:00:46] Epoch: [6] text	Loss 0.0000 (0.0000)	Prec@1 0.000 (0.000)	Prec@5 0.000 (0.000)
[2026-03-19 11:00:46] TEST:  Epoch: [6] text	Prec@1 0.000 (0.000)	Prec@5 0.000 (0.000)
[2026-03-19 11:00:46] Training Client 7!
[2026-03-19 11:00:47] Epoch: [6] text	Loss 1.4298 (1.4394)	Prec@1 52.734 (53.745)	Prec@5 99.219 (99.104)
[2026-03-19 11:00:48] TEST:  Epoch: [6] text	Prec@1 60.484 (53.251)	Prec@5 98.387 (98.767)
[2026-03-19 11:00:48] Training Client 13!
[2026-03-19 11:00:48] Epoch 6
[2026-03-19 11:00:48] Skip local epoch for client 3: train loader has no full batch
[2026-03-19 11:00:48] Training Client 8!
[2026-03-19 11:00:49] Epoch: [6] text	Loss 3.3238 (3.3238)	Prec@1 0.000 (0.000)	Prec@5 38.281 (38.281)
[2026-03-19 11:00:49] TEST:  Epoch: [6] text	Prec@1 14.857 (14.857)	Prec@5 28.000 (28.000)
[2026-03-19 11:00:49] Training Client 11!
[2026-03-19 11:00:49] Epoch 6
[2026-03-19 11:00:50] Training Client 0!
[2026-03-19 11:00:50] Epoch: [6] image	Loss 2.4807 (2.6402)	Prec@1 41.406 (40.104)	Prec@5 84.766 (72.396)
[2026-03-19 11:00:51] TEST:  Epoch: [6] image	Prec@1 37.778 (41.196)	Prec@5 84.444 (85.382)
[2026-03-19 11:00:51] Training Client 6!
[2026-03-19 11:00:51] Epoch: [6] text	Loss 2.5394 (2.6381)	Prec@1 28.516 (30.208)	Prec@5 92.969 (92.969)
[2026-03-19 11:00:51] TEST:  Epoch: [6] text	Prec@1 30.667 (32.931)	Prec@5 94.667 (93.656)
[2026-03-19 11:00:52] TEST:  Epoch: [6] image	Prec@1 37.778 (41.196)	Prec@5 84.444 (85.382)
[2026-03-19 11:00:52] TEST:  Epoch: [6] image	Prec@1 5.333 (6.042)	Prec@5 48.000 (49.245)
[2026-03-19 11:00:53] TEST:  Epoch: [6] image	Prec@1 60.484 (53.251)	Prec@5 91.129 (85.650)
[2026-03-19 11:00:53] TEST:  Epoch: [6] image	Prec@1 20.000 (20.000)	Prec@5 92.000 (92.000)
[2026-03-19 11:00:53] TEST:  Epoch: [6] image	Prec@1 0.000 (0.000)	Prec@5 56.452 (56.452)
[2026-03-19 11:00:53] TEST:  Epoch: [6] text	Prec@1 0.000 (0.000)	Prec@5 0.000 (0.000)
[2026-03-19 11:00:53] TEST:  Epoch: [6] text	Prec@1 30.667 (32.931)	Prec@5 94.667 (93.656)
[2026-03-19 11:00:54] TEST:  Epoch: [6] text	Prec@1 60.484 (53.251)	Prec@5 98.387 (98.767)
[2026-03-19 11:00:54] TEST:  Epoch: [6] text	Prec@1 0.000 (0.000)	Prec@5 28.000 (28.000)
[2026-03-19 11:00:54] TEST:  Epoch: [6] text	Prec@1 0.000 (0.000)	Prec@5 0.000 (0.000)
[2026-03-19 11:00:54] Evaluating test...
[2026-03-19 11:01:03] [Eval] Report @step: 6.00 {
    "test__rsum": 372.42524916943523,
    "test__medr": 8.0,
    "test__meanr": 7.691029900332226,
    "test__n_fold_i2t_recall_1": 20.0,
    "test__n_fold_i2t_recall_5": 70.0,
    "test__n_fold_i2t_recall_10": 100.0,
    "test__n_fold_i2t_rsum": 190.0,
    "test__n_fold_i2t_medr": 3.0,
    "test__n_fold_i2t_meanr": 4.0,
    "test__n_fold_t2i_recall_1": 20.0,
    "test__n_fold_t2i_recall_5": 70.0,
    "test__n_fold_t2i_recall_10": 100.0,
    "test__n_fold_t2i_rsum": 190.0,
    "test__n_fold_t2i_medr": 2.0,
    "test__n_fold_t2i_meanr": 3.5,
    "test__i2t_recall_1": 23.588039867109636,
    "test__i2t_recall_5": 85.71428571428571,
    "test__i2t_recall_10": 96.01328903654485,
    "test__i2t_rsum": 205.31561461794018,
    "test__i2t_medr": 3.0,
    "test__i2t_meanr": 3.1561461794019934,
    "test__t2i_recall_1": 6.976744186046512,
    "test__t2i_recall_5": 60.1328903654485,
    "test__t2i_recall_10": 100.0,
    "test__t2i_rsum": 167.10963455149502,
    "test__t2i_medr": 5.0,
    "test__t2i_meanr": 4.534883720930233,
    "lr": 0.0002,
    "summary": "20.0, 70.0, 100.0, 20.0, 70.0, 100.0, 23.588039867109636, 85.71428571428571, 96.01328903654485, 6.976744186046512, 60.1328903654485, 100.0"
}
[2026-03-19 11:01:03] Evaluating test...
[2026-03-19 11:01:07] [Eval] Report @step: 6.00 {
    "test__rsum": 338.36858006042297,
    "test__medr": 5.0,
    "test__meanr": 12.50453172205438,
    "test__n_fold_i2t_recall_1": 40.0,
    "test__n_fold_i2t_recall_5": 100.0,
    "test__n_fold_i2t_recall_10": 100.0,
    "test__n_fold_i2t_rsum": 240.0,
    "test__n_fold_i2t_medr": 2.0,
    "test__n_fold_i2t_meanr": 1.9,
    "test__n_fold_t2i_recall_1": 40.0,
    "test__n_fold_t2i_recall_5": 100.0,
    "test__n_fold_t2i_recall_10": 100.0,
    "test__n_fold_t2i_rsum": 240.0,
    "test__n_fold_t2i_medr": 2.0,
    "test__n_fold_t2i_meanr": 1.6,
    "test__i2t_recall_1": 26.88821752265861,
    "test__i2t_recall_5": 60.120845921450154,
    "test__i2t_recall_10": 80.06042296072508,
    "test__i2t_rsum": 167.06948640483384,
    "test__i2t_medr": 3.0,
    "test__i2t_meanr": 6.716012084592145,
    "test__t2i_recall_1": 26.88821752265861,
    "test__t2i_recall_5": 60.725075528700906,
    "test__t2i_recall_10": 83.68580060422961,
    "test__t2i_rsum": 171.29909365558913,
    "test__t2i_medr": 2.0,
    "test__t2i_meanr": 5.788519637462236,
    "lr": 0.0002,
    "summary": "40.0, 100.0, 100.0, 40.0, 100.0, 100.0, 26.88821752265861, 60.120845921450154, 80.06042296072508, 26.88821752265861, 60.725075528700906, 83.68580060422961"
}
[2026-03-19 11:01:07] Evaluating test...
[2026-03-19 11:02:49] [Eval] Report @step: 6.00 {
    "test__rsum": 326.1210762331839,
    "test__medr": 9.0,
    "test__meanr": 17.817264573991032,
    "test__n_fold_i2t_recall_1": 80.0,
    "test__n_fold_i2t_recall_5": 80.0,
    "test__n_fold_i2t_recall_10": 100.0,
    "test__n_fold_i2t_rsum": 260.0,
    "test__n_fold_i2t_medr": 1.0,
    "test__n_fold_i2t_meanr": 2.2,
    "test__n_fold_t2i_recall_1": 80.0,
    "test__n_fold_t2i_recall_5": 100.0,
    "test__n_fold_t2i_recall_10": 100.0,
    "test__n_fold_t2i_rsum": 280.0,
    "test__n_fold_t2i_medr": 1.0,
    "test__n_fold_t2i_meanr": 1.3,
    "test__i2t_recall_1": 16.704035874439462,
    "test__i2t_recall_5": 30.605381165919283,
    "test__i2t_recall_10": 74.32735426008969,
    "test__i2t_rsum": 121.63677130044843,
    "test__i2t_medr": 8.0,
    "test__i2t_meanr": 11.310538116591928,
    "test__t2i_recall_1": 53.25112107623318,
    "test__t2i_recall_5": 72.6457399103139,
    "test__t2i_recall_10": 78.58744394618834,
    "test__t2i_rsum": 204.48430493273543,
    "test__t2i_medr": 1.0,
    "test__t2i_meanr": 6.506726457399103,
    "lr": 0.0002,
    "summary": "80.0, 80.0, 100.0, 80.0, 100.0, 100.0, 16.704035874439462, 30.605381165919283, 74.32735426008969, 53.25112107623318, 72.6457399103139, 78.58744394618834"
}
[2026-03-19 11:02:49] Evaluating test...
[2026-03-19 11:02:52] [Eval] Report @step: 6.00 {
    "test__rsum": 297.71428571428567,
    "test__medr": 6.0,
    "test__meanr": 21.21142857142857,
    "test__n_fold_i2t_recall_1": 30.0,
    "test__n_fold_i2t_recall_5": 90.0,
    "test__n_fold_i2t_recall_10": 100.0,
    "test__n_fold_i2t_rsum": 220.0,
    "test__n_fold_i2t_medr": 2.0,
    "test__n_fold_i2t_meanr": 2.7,
    "test__n_fold_t2i_recall_1": 30.0,
    "test__n_fold_t2i_recall_5": 70.0,
    "test__n_fold_t2i_recall_10": 100.0,
    "test__n_fold_t2i_rsum": 200.0,
    "test__n_fold_t2i_medr": 4.0,
    "test__n_fold_t2i_meanr": 4.6,
    "test__i2t_recall_1": 13.714285714285714,
    "test__i2t_recall_5": 66.28571428571429,
    "test__i2t_recall_10": 69.14285714285714,
    "test__i2t_rsum": 149.14285714285714,
    "test__i2t_medr": 3.0,
    "test__i2t_meanr": 9.742857142857142,
    "test__t2i_recall_1": 18.285714285714285,
    "test__t2i_recall_5": 61.142857142857146,
    "test__t2i_recall_10": 69.14285714285714,
    "test__t2i_rsum": 148.57142857142856,
    "test__t2i_medr": 3.0,
    "test__t2i_meanr": 11.468571428571428,
    "lr": 0.0002,
    "summary": "30.0, 90.0, 100.0, 30.0, 70.0, 100.0, 13.714285714285714, 66.28571428571429, 69.14285714285714, 18.285714285714285, 61.142857142857146, 69.14285714285714"
}
[2026-03-19 11:02:52] Evaluating test...
[2026-03-19 11:02:53] [Eval] Report @step: 6.00 {
    "test__rsum": 408.06451612903226,
    "test__medr": 2.0,
    "test__meanr": 12.080645161290324,
    "test__n_fold_i2t_recall_1": 10.0,
    "test__n_fold_i2t_recall_5": 80.0,
    "test__n_fold_i2t_recall_10": 100.0,
    "test__n_fold_i2t_rsum": 190.0,
    "test__n_fold_i2t_medr": 2.0,
    "test__n_fold_i2t_meanr": 2.8,
    "test__n_fold_t2i_recall_1": 10.0,
    "test__n_fold_t2i_recall_5": 90.0,
    "test__n_fold_t2i_recall_10": 100.0,
    "test__n_fold_t2i_rsum": 200.0,
    "test__n_fold_t2i_medr": 2.0,
    "test__n_fold_t2i_meanr": 3.1,
    "test__i2t_recall_1": 56.45161290322581,
    "test__i2t_recall_5": 64.51612903225806,
    "test__i2t_recall_10": 80.64516129032258,
    "test__i2t_rsum": 201.61290322580646,
    "test__i2t_medr": 1.0,
    "test__i2t_meanr": 6.0,
    "test__t2i_recall_1": 56.45161290322581,
    "test__t2i_recall_5": 66.12903225806451,
    "test__t2i_recall_10": 83.87096774193549,
    "test__t2i_rsum": 206.4516129032258,
    "test__t2i_medr": 1.0,
    "test__t2i_meanr": 6.080645161290323,
    "lr": 0.0002,
    "summary": "10.0, 80.0, 100.0, 10.0, 90.0, 100.0, 56.45161290322581, 64.51612903225806, 80.64516129032258, 56.45161290322581, 66.12903225806451, 83.87096774193549"
}
[2026-03-19 11:02:53] Round 7!
[2026-03-19 11:02:53] Training Client 13!
[2026-03-19 11:02:53] Epoch 7
[2026-03-19 11:02:53] Skip local epoch for client 3: train loader has no full batch
[2026-03-19 11:02:54] Training Client 12!
[2026-03-19 11:02:54] Epoch 7
[2026-03-19 11:02:55] Training Client 14!
[2026-03-19 11:02:55] Epoch 7
[2026-03-19 11:02:55] Skip local epoch for client 4: train loader has no full batch
[2026-03-19 11:02:55] Training Client 0!
[2026-03-19 11:02:56] Epoch: [7] image	Loss 2.4374 (2.4784)	Prec@1 36.328 (38.802)	Prec@5 81.641 (83.073)
[2026-03-19 11:02:56] TEST:  Epoch: [7] image	Prec@1 37.778 (41.196)	Prec@5 88.889 (88.372)
[2026-03-19 11:02:56] Training Client 3!
[2026-03-19 11:02:56] Epoch: [7] image	Loss 2.6322 (2.6791)	Prec@1 26.953 (27.865)	Prec@5 86.719 (88.021)
[2026-03-19 11:02:56] TEST:  Epoch: [7] image	Prec@1 20.000 (20.000)	Prec@5 88.571 (88.571)
[2026-03-19 11:02:57] Training Client 11!
[2026-03-19 11:02:57] Epoch 7
[2026-03-19 11:02:58] Training Client 5!
[2026-03-19 11:02:58] Epoch: [7] text	Loss 3.5756 (3.5756)	Prec@1 0.000 (0.000)	Prec@5 0.000 (0.000)
[2026-03-19 11:02:58] TEST:  Epoch: [7] text	Prec@1 0.000 (0.000)	Prec@5 0.000 (0.000)
[2026-03-19 11:02:58] Training Client 6!
[2026-03-19 11:02:59] Epoch: [7] text	Loss 2.3613 (2.4657)	Prec@1 34.375 (31.120)	Prec@5 93.359 (93.229)
[2026-03-19 11:02:59] TEST:  Epoch: [7] text	Prec@1 30.667 (32.931)	Prec@5 94.667 (93.656)
[2026-03-19 11:02:59] Training Client 2!
[2026-03-19 11:02:59] Epoch: [7] image	Loss 2.1065 (2.2525)	Prec@1 53.125 (51.823)	Prec@5 92.188 (87.891)
[2026-03-19 11:03:00] TEST:  Epoch: [7] image	Prec@1 60.484 (53.251)	Prec@5 95.968 (92.937)
[2026-03-19 11:03:00] Training Client 9!
[2026-03-19 11:03:00] Epoch: [7] text	Loss 0.0000 (0.0000)	Prec@1 0.000 (0.000)	Prec@5 0.000 (0.000)
[2026-03-19 11:03:00] TEST:  Epoch: [7] text	Prec@1 0.000 (0.000)	Prec@5 0.000 (0.000)
[2026-03-19 11:03:00] Training Client 1!
[2026-03-19 11:03:00] Epoch: [7] image	Loss 3.2488 (3.2488)	Prec@1 9.375 (9.375)	Prec@5 43.359 (43.359)
[2026-03-19 11:03:01] TEST:  Epoch: [7] image	Prec@1 16.000 (13.595)	Prec@5 48.000 (49.245)
[2026-03-19 11:03:01] Training Client 7!
[2026-03-19 11:03:02] Epoch: [7] text	Loss 1.4229 (1.4185)	Prec@1 50.000 (53.424)	Prec@5 98.828 (99.127)
[2026-03-19 11:03:03] TEST:  Epoch: [7] text	Prec@1 60.484 (53.251)	Prec@5 98.387 (98.767)
[2026-03-19 11:03:03] Training Client 8!
[2026-03-19 11:03:03] Epoch: [7] text	Loss 3.2854 (3.2854)	Prec@1 0.000 (0.000)	Prec@5 40.625 (40.625)
[2026-03-19 11:03:03] TEST:  Epoch: [7] text	Prec@1 20.000 (20.000)	Prec@5 28.000 (28.000)
[2026-03-19 11:03:03] Training Client 4!
[2026-03-19 11:03:04] Epoch: [7] image	Loss 3.1929 (3.1929)	Prec@1 0.000 (0.000)	Prec@5 61.328 (61.328)
[2026-03-19 11:03:04] TEST:  Epoch: [7] image	Prec@1 56.452 (56.452)	Prec@5 56.452 (56.452)
[2026-03-19 11:03:04] Training Client 10!
[2026-03-19 11:03:04] Epoch 7
[2026-03-19 11:03:05] TEST:  Epoch: [7] image	Prec@1 37.778 (41.196)	Prec@5 84.444 (85.382)
[2026-03-19 11:03:05] TEST:  Epoch: [7] image	Prec@1 16.000 (13.595)	Prec@5 48.000 (49.245)
[2026-03-19 11:03:06] TEST:  Epoch: [7] image	Prec@1 60.484 (53.251)	Prec@5 95.161 (91.031)
[2026-03-19 11:03:06] TEST:  Epoch: [7] image	Prec@1 20.000 (20.000)	Prec@5 91.429 (91.429)
[2026-03-19 11:03:06] TEST:  Epoch: [7] image	Prec@1 56.452 (56.452)	Prec@5 56.452 (56.452)
[2026-03-19 11:03:06] TEST:  Epoch: [7] text	Prec@1 0.000 (0.000)	Prec@5 0.000 (0.000)
[2026-03-19 11:03:07] TEST:  Epoch: [7] text	Prec@1 30.667 (32.931)	Prec@5 94.667 (93.656)
[2026-03-19 11:03:07] TEST:  Epoch: [7] text	Prec@1 60.484 (53.251)	Prec@5 98.387 (98.767)
[2026-03-19 11:03:07] TEST:  Epoch: [7] text	Prec@1 20.000 (20.000)	Prec@5 28.000 (28.000)
[2026-03-19 11:03:08] TEST:  Epoch: [7] text	Prec@1 0.000 (0.000)	Prec@5 0.000 (0.000)
[2026-03-19 11:03:08] Evaluating test...
[2026-03-19 11:03:21] [Eval] Report @step: 7.00 {
    "test__rsum": 394.01993355481727,
    "test__medr": 7.0,
    "test__meanr": 7.451827242524917,
    "test__n_fold_i2t_recall_1": 20.0,
    "test__n_fold_i2t_recall_5": 70.0,
    "test__n_fold_i2t_recall_10": 100.0,
    "test__n_fold_i2t_rsum": 190.0,
    "test__n_fold_i2t_medr": 3.0,
    "test__n_fold_i2t_meanr": 3.8,
    "test__n_fold_t2i_recall_1": 20.0,
    "test__n_fold_t2i_recall_5": 70.0,
    "test__n_fold_t2i_recall_10": 100.0,
    "test__n_fold_t2i_rsum": 190.0,
    "test__n_fold_t2i_medr": 2.0,
    "test__n_fold_t2i_meanr": 3.5,
    "test__i2t_recall_1": 26.578073089700997,
    "test__i2t_recall_5": 85.38205980066445,
    "test__i2t_recall_10": 90.36544850498339,
    "test__i2t_rsum": 202.32558139534882,
    "test__i2t_medr": 3.0,
    "test__i2t_meanr": 3.737541528239203,
    "test__t2i_recall_1": 5.3156146179401995,
    "test__t2i_recall_5": 86.37873754152824,
    "test__t2i_recall_10": 100.0,
    "test__t2i_rsum": 191.69435215946845,
    "test__t2i_medr": 4.0,
    "test__t2i_meanr": 3.7142857142857144,
    "lr": 0.0002,
    "summary": "20.0, 70.0, 100.0, 20.0, 70.0, 100.0, 26.578073089700997, 85.38205980066445, 90.36544850498339, 5.3156146179401995, 86.37873754152824, 100.0"
}
[2026-03-19 11:03:21] Evaluating test...
[2026-03-19 11:03:30] [Eval] Report @step: 7.00 {
    "test__rsum": 355.2870090634441,
    "test__medr": 5.0,
    "test__meanr": 12.948640483383686,
    "test__n_fold_i2t_recall_1": 40.0,
    "test__n_fold_i2t_recall_5": 100.0,
    "test__n_fold_i2t_recall_10": 100.0,
    "test__n_fold_i2t_rsum": 240.0,
    "test__n_fold_i2t_medr": 2.0,
    "test__n_fold_i2t_meanr": 1.8,
    "test__n_fold_t2i_recall_1": 40.0,
    "test__n_fold_t2i_recall_5": 100.0,
    "test__n_fold_t2i_recall_10": 100.0,
    "test__n_fold_t2i_rsum": 240.0,
    "test__n_fold_t2i_medr": 2.0,
    "test__n_fold_t2i_meanr": 1.7,
    "test__i2t_recall_1": 26.88821752265861,
    "test__i2t_recall_5": 64.35045317220543,
    "test__i2t_recall_10": 80.06042296072508,
    "test__i2t_rsum": 171.2990936555891,
    "test__i2t_medr": 3.0,
    "test__i2t_meanr": 7.7009063444108765,
    "test__t2i_recall_1": 27.794561933534744,
    "test__t2i_recall_5": 71.29909365558912,
    "test__t2i_recall_10": 84.89425981873111,
    "test__t2i_rsum": 183.98791540785498,
    "test__t2i_medr": 2.0,
    "test__t2i_meanr": 5.24773413897281,
    "lr": 0.0002,
    "summary": "40.0, 100.0, 100.0, 40.0, 100.0, 100.0, 26.88821752265861, 64.35045317220543, 80.06042296072508, 27.794561933534744, 71.29909365558912, 84.89425981873111"
}
[2026-03-19 11:03:30] Evaluating test...
[2026-03-19 11:05:03] [Eval] Report @step: 7.00 {
    "test__rsum": 362.66816143497755,
    "test__medr": 6.0,
    "test__meanr": 15.554932735426009,
    "test__n_fold_i2t_recall_1": 80.0,
    "test__n_fold_i2t_recall_5": 80.0,
    "test__n_fold_i2t_recall_10": 100.0,
    "test__n_fold_i2t_rsum": 260.0,
    "test__n_fold_i2t_medr": 1.0,
    "test__n_fold_i2t_meanr": 2.2,
    "test__n_fold_t2i_recall_1": 80.0,
    "test__n_fold_t2i_recall_5": 100.0,
    "test__n_fold_t2i_recall_10": 100.0,
    "test__n_fold_t2i_rsum": 280.0,
    "test__n_fold_t2i_medr": 1.0,
    "test__n_fold_t2i_meanr": 1.3,
    "test__i2t_recall_1": 21.973094170403588,
    "test__i2t_recall_5": 60.53811659192825,
    "test__i2t_recall_10": 80.04484304932735,
    "test__i2t_rsum": 162.55605381165918,
    "test__i2t_medr": 5.0,
    "test__i2t_meanr": 8.475336322869955,
    "test__t2i_recall_1": 53.25112107623318,
    "test__t2i_recall_5": 69.5067264573991,
    "test__t2i_recall_10": 77.3542600896861,
    "test__t2i_rsum": 200.11210762331837,
    "test__t2i_medr": 1.0,
    "test__t2i_meanr": 7.079596412556054,
    "lr": 0.0002,
    "summary": "80.0, 80.0, 100.0, 80.0, 100.0, 100.0, 21.973094170403588, 60.53811659192825, 80.04484304932735, 53.25112107623318, 69.5067264573991, 77.3542600896861"
}
[2026-03-19 11:05:03] Evaluating test...
[2026-03-19 11:05:06] [Eval] Report @step: 7.00 {
    "test__rsum": 271.42857142857144,
    "test__medr": 10.0,
    "test__meanr": 20.245714285714286,
    "test__n_fold_i2t_recall_1": 30.0,
    "test__n_fold_i2t_recall_5": 90.0,
    "test__n_fold_i2t_recall_10": 100.0,
    "test__n_fold_i2t_rsum": 220.0,
    "test__n_fold_i2t_medr": 2.0,
    "test__n_fold_i2t_meanr": 2.8,
    "test__n_fold_t2i_recall_1": 30.0,
    "test__n_fold_t2i_recall_5": 70.0,
    "test__n_fold_t2i_recall_10": 100.0,
    "test__n_fold_t2i_rsum": 200.0,
    "test__n_fold_t2i_medr": 4.0,
    "test__n_fold_t2i_meanr": 4.6,
    "test__i2t_recall_1": 17.142857142857142,
    "test__i2t_recall_5": 39.42857142857143,
    "test__i2t_recall_10": 69.14285714285714,
    "test__i2t_rsum": 125.71428571428571,
    "test__i2t_medr": 7.0,
    "test__i2t_meanr": 10.01142857142857,
    "test__t2i_recall_1": 15.428571428571429,
    "test__t2i_recall_5": 61.142857142857146,
    "test__t2i_recall_10": 69.14285714285714,
    "test__t2i_rsum": 145.71428571428572,
    "test__t2i_medr": 3.0,
    "test__t2i_meanr": 10.234285714285715,
    "lr": 0.0002,
    "summary": "30.0, 90.0, 100.0, 30.0, 70.0, 100.0, 17.142857142857142, 39.42857142857143, 69.14285714285714, 15.428571428571429, 61.142857142857146, 69.14285714285714"
}
[2026-03-19 11:05:06] Evaluating test...
[2026-03-19 11:05:07] [Eval] Report @step: 7.00 {
    "test__rsum": 393.5483870967742,
    "test__medr": 2.0,
    "test__meanr": 11.564516129032258,
    "test__n_fold_i2t_recall_1": 10.0,
    "test__n_fold_i2t_recall_5": 100.0,
    "test__n_fold_i2t_recall_10": 100.0,
    "test__n_fold_i2t_rsum": 210.0,
    "test__n_fold_i2t_medr": 2.0,
    "test__n_fold_i2t_meanr": 2.6,
    "test__n_fold_t2i_recall_1": 10.0,
    "test__n_fold_t2i_recall_5": 90.0,
    "test__n_fold_t2i_recall_10": 100.0,
    "test__n_fold_t2i_rsum": 200.0,
    "test__n_fold_t2i_medr": 2.0,
    "test__n_fold_t2i_meanr": 3.0,
    "test__i2t_recall_1": 56.45161290322581,
    "test__i2t_recall_5": 62.903225806451616,
    "test__i2t_recall_10": 69.35483870967742,
    "test__i2t_rsum": 188.70967741935485,
    "test__i2t_medr": 1.0,
    "test__i2t_meanr": 5.709677419354839,
    "test__t2i_recall_1": 53.225806451612904,
    "test__t2i_recall_5": 67.74193548387096,
    "test__t2i_recall_10": 83.87096774193549,
    "test__t2i_rsum": 204.83870967741936,
    "test__t2i_medr": 1.0,
    "test__t2i_meanr": 5.854838709677419,
    "lr": 0.0002,
    "summary": "10.0, 100.0, 100.0, 10.0, 90.0, 100.0, 56.45161290322581, 62.903225806451616, 69.35483870967742, 53.225806451612904, 67.74193548387096, 83.87096774193549"
}
[2026-03-19 11:05:07] Round 8!
[2026-03-19 11:05:07] Training Client 14!
[2026-03-19 11:05:07] Epoch 8
[2026-03-19 11:05:07] Skip local epoch for client 4: train loader has no full batch
[2026-03-19 11:05:07] Training Client 10!
[2026-03-19 11:05:07] Epoch 8
[2026-03-19 11:05:08] Training Client 7!
[2026-03-19 11:05:10] Epoch: [8] text	Loss 1.5104 (1.4004)	Prec@1 51.172 (53.608)	Prec@5 97.656 (99.081)
[2026-03-19 11:05:10] TEST:  Epoch: [8] text	Prec@1 60.484 (53.251)	Prec@5 98.387 (98.767)
[2026-03-19 11:05:10] Training Client 2!
[2026-03-19 11:05:11] Epoch: [8] image	Loss 2.0508 (2.0994)	Prec@1 50.781 (51.302)	Prec@5 90.234 (91.927)
[2026-03-19 11:05:11] TEST:  Epoch: [8] image	Prec@1 60.484 (53.251)	Prec@5 96.774 (94.395)
[2026-03-19 11:05:11] Training Client 4!
[2026-03-19 11:05:12] Epoch: [8] image	Loss 3.0848 (3.0848)	Prec@1 63.672 (63.672)	Prec@5 63.672 (63.672)
[2026-03-19 11:05:12] TEST:  Epoch: [8] image	Prec@1 56.452 (56.452)	Prec@5 58.065 (58.065)
[2026-03-19 11:05:12] Training Client 11!
[2026-03-19 11:05:12] Epoch 8
[2026-03-19 11:05:13] Training Client 3!
[2026-03-19 11:05:13] Epoch: [8] image	Loss 2.5063 (2.5568)	Prec@1 28.125 (27.604)	Prec@5 89.453 (88.932)
[2026-03-19 11:05:14] TEST:  Epoch: [8] image	Prec@1 20.000 (20.000)	Prec@5 89.714 (89.714)
[2026-03-19 11:05:14] Training Client 13!
[2026-03-19 11:05:14] Epoch 8
[2026-03-19 11:05:14] Skip local epoch for client 3: train loader has no full batch
[2026-03-19 11:05:14] Training Client 5!
[2026-03-19 11:05:14] Epoch: [8] text	Loss 3.5199 (3.5199)	Prec@1 0.000 (0.000)	Prec@5 0.000 (0.000)
[2026-03-19 11:05:14] TEST:  Epoch: [8] text	Prec@1 0.000 (0.000)	Prec@5 0.000 (0.000)
[2026-03-19 11:05:14] Training Client 12!
[2026-03-19 11:05:14] Epoch 8
[2026-03-19 11:05:16] Training Client 8!
[2026-03-19 11:05:16] Epoch: [8] text	Loss 3.2726 (3.2726)	Prec@1 26.562 (26.562)	Prec@5 35.938 (35.938)
[2026-03-19 11:05:16] TEST:  Epoch: [8] text	Prec@1 20.000 (20.000)	Prec@5 28.000 (28.000)
[2026-03-19 11:05:16] Training Client 6!
[2026-03-19 11:05:17] Epoch: [8] text	Loss 2.2413 (2.3206)	Prec@1 33.984 (31.510)	Prec@5 91.797 (92.839)
[2026-03-19 11:05:17] TEST:  Epoch: [8] text	Prec@1 30.667 (32.931)	Prec@5 94.667 (93.656)
[2026-03-19 11:05:17] Training Client 1!
[2026-03-19 11:05:17] Epoch: [8] image	Loss 3.1949 (3.1949)	Prec@1 21.094 (21.094)	Prec@5 46.484 (46.484)
[2026-03-19 11:05:18] TEST:  Epoch: [8] image	Prec@1 16.000 (13.595)	Prec@5 78.667 (76.133)
[2026-03-19 11:05:18] Training Client 0!
[2026-03-19 11:05:18] Epoch: [8] image	Loss 2.1841 (2.2944)	Prec@1 43.359 (40.495)	Prec@5 87.891 (86.979)
[2026-03-19 11:05:18] TEST:  Epoch: [8] image	Prec@1 37.778 (41.196)	Prec@5 88.889 (88.372)
[2026-03-19 11:05:18] Training Client 9!
[2026-03-19 11:05:18] Epoch: [8] text	Loss 0.0000 (0.0000)	Prec@1 0.000 (0.000)	Prec@5 0.000 (0.000)
[2026-03-19 11:05:18] TEST:  Epoch: [8] text	Prec@1 0.000 (0.000)	Prec@5 0.000 (0.000)
[2026-03-19 11:05:19] TEST:  Epoch: [8] image	Prec@1 37.778 (41.196)	Prec@5 88.889 (88.372)
[2026-03-19 11:05:19] TEST:  Epoch: [8] image	Prec@1 16.000 (13.595)	Prec@5 50.667 (51.057)
[2026-03-19 11:05:20] TEST:  Epoch: [8] image	Prec@1 60.484 (53.251)	Prec@5 95.968 (92.937)
[2026-03-19 11:05:20] TEST:  Epoch: [8] image	Prec@1 20.000 (20.000)	Prec@5 88.571 (88.571)
[2026-03-19 11:05:20] TEST:  Epoch: [8] image	Prec@1 56.452 (56.452)	Prec@5 56.452 (56.452)
[2026-03-19 11:05:20] TEST:  Epoch: [8] text	Prec@1 0.000 (0.000)	Prec@5 0.000 (0.000)
[2026-03-19 11:05:21] TEST:  Epoch: [8] text	Prec@1 30.667 (32.931)	Prec@5 94.667 (93.656)
[2026-03-19 11:05:21] TEST:  Epoch: [8] text	Prec@1 60.484 (53.251)	Prec@5 98.387 (98.767)
[2026-03-19 11:05:21] TEST:  Epoch: [8] text	Prec@1 20.000 (20.000)	Prec@5 28.000 (28.000)
[2026-03-19 11:05:21] TEST:  Epoch: [8] text	Prec@1 0.000 (0.000)	Prec@5 0.000 (0.000)
[2026-03-19 11:05:21] Evaluating test...
[2026-03-19 11:05:35] [Eval] Report @step: 8.00 {
    "test__rsum": 398.0066445182724,
    "test__medr": 7.0,
    "test__meanr": 8.112956810631228,
    "test__n_fold_i2t_recall_1": 10.0,
    "test__n_fold_i2t_recall_5": 70.0,
    "test__n_fold_i2t_recall_10": 100.0,
    "test__n_fold_i2t_rsum": 180.0,
    "test__n_fold_i2t_medr": 3.0,
    "test__n_fold_i2t_meanr": 3.9,
    "test__n_fold_t2i_recall_1": 20.0,
    "test__n_fold_t2i_recall_5": 70.0,
    "test__n_fold_t2i_recall_10": 100.0,
    "test__n_fold_t2i_rsum": 190.0,
    "test__n_fold_t2i_medr": 2.0,
    "test__n_fold_t2i_meanr": 3.4,
    "test__i2t_recall_1": 26.578073089700997,
    "test__i2t_recall_5": 85.38205980066445,
    "test__i2t_recall_10": 85.38205980066445,
    "test__i2t_rsum": 197.34219269102988,
    "test__i2t_medr": 4.0,
    "test__i2t_meanr": 4.7441860465116275,
    "test__t2i_recall_1": 3.9867109634551494,
    "test__t2i_recall_5": 96.67774086378738,
    "test__t2i_recall_10": 100.0,
    "test__t2i_rsum": 200.66445182724254,
    "test__t2i_medr": 3.0,
    "test__t2i_meanr": 3.3687707641196014,
    "lr": 0.0002,
    "summary": "10.0, 70.0, 100.0, 20.0, 70.0, 100.0, 26.578073089700997, 85.38205980066445, 85.38205980066445, 3.9867109634551494, 96.67774086378738, 100.0"
}
[2026-03-19 11:05:35] Evaluating test...
[2026-03-19 11:05:49] [Eval] Report @step: 8.00 {
    "test__rsum": 353.4743202416919,
    "test__medr": 5.0,
    "test__meanr": 12.244712990936556,
    "test__n_fold_i2t_recall_1": 40.0,
    "test__n_fold_i2t_recall_5": 90.0,
    "test__n_fold_i2t_recall_10": 100.0,
    "test__n_fold_i2t_rsum": 230.0,
    "test__n_fold_i2t_medr": 2.0,
    "test__n_fold_i2t_meanr": 2.0,
    "test__n_fold_t2i_recall_1": 40.0,
    "test__n_fold_t2i_recall_5": 100.0,
    "test__n_fold_t2i_recall_10": 100.0,
    "test__n_fold_t2i_rsum": 240.0,
    "test__n_fold_t2i_medr": 2.0,
    "test__n_fold_t2i_meanr": 1.7,
    "test__i2t_recall_1": 26.88821752265861,
    "test__i2t_recall_5": 62.83987915407855,
    "test__i2t_recall_10": 80.66465256797584,
    "test__i2t_rsum": 170.392749244713,
    "test__i2t_medr": 3.0,
    "test__i2t_meanr": 6.7734138972809665,
    "test__t2i_recall_1": 33.53474320241692,
    "test__t2i_recall_5": 67.37160120845921,
    "test__t2i_recall_10": 82.17522658610272,
    "test__t2i_rsum": 183.08157099697885,
    "test__t2i_medr": 2.0,
    "test__t2i_meanr": 5.471299093655589,
    "lr": 0.0002,
    "summary": "40.0, 90.0, 100.0, 40.0, 100.0, 100.0, 26.88821752265861, 62.83987915407855, 80.66465256797584, 33.53474320241692, 67.37160120845921, 82.17522658610272"
}
[2026-03-19 11:05:49] Evaluating test...
[2026-03-19 11:07:11] [Eval] Report @step: 8.00 {
    "test__rsum": 379.8206278026906,
    "test__medr": 5.0,
    "test__meanr": 12.084080717488789,
    "test__n_fold_i2t_recall_1": 80.0,
    "test__n_fold_i2t_recall_5": 80.0,
    "test__n_fold_i2t_recall_10": 100.0,
    "test__n_fold_i2t_rsum": 260.0,
    "test__n_fold_i2t_medr": 1.0,
    "test__n_fold_i2t_meanr": 2.2,
    "test__n_fold_t2i_recall_1": 80.0,
    "test__n_fold_t2i_recall_5": 100.0,
    "test__n_fold_t2i_recall_10": 100.0,
    "test__n_fold_t2i_rsum": 280.0,
    "test__n_fold_t2i_medr": 1.0,
    "test__n_fold_t2i_meanr": 1.3,
    "test__i2t_recall_1": 20.96412556053812,
    "test__i2t_recall_5": 79.03587443946188,
    "test__i2t_recall_10": 88.45291479820628,
    "test__i2t_rsum": 188.45291479820628,
    "test__i2t_medr": 4.0,
    "test__i2t_meanr": 5.103139013452915,
    "test__t2i_recall_1": 53.25112107623318,
    "test__t2i_recall_5": 59.417040358744394,
    "test__t2i_recall_10": 78.69955156950672,
    "test__t2i_rsum": 191.3677130044843,
    "test__t2i_medr": 1.0,
    "test__t2i_meanr": 6.9809417040358746,
    "lr": 0.0002,
    "summary": "80.0, 80.0, 100.0, 80.0, 100.0, 100.0, 20.96412556053812, 79.03587443946188, 88.45291479820628, 53.25112107623318, 59.417040358744394, 78.69955156950672"
}
[2026-03-19 11:07:11] Evaluating test...
[2026-03-19 11:07:14] [Eval] Report @step: 8.00 {
    "test__rsum": 266.2857142857143,
    "test__medr": 12.0,
    "test__meanr": 19.49142857142857,
    "test__n_fold_i2t_recall_1": 30.0,
    "test__n_fold_i2t_recall_5": 90.0,
    "test__n_fold_i2t_recall_10": 100.0,
    "test__n_fold_i2t_rsum": 220.0,
    "test__n_fold_i2t_medr": 2.0,
    "test__n_fold_i2t_meanr": 2.5,
    "test__n_fold_t2i_recall_1": 30.0,
    "test__n_fold_t2i_recall_5": 70.0,
    "test__n_fold_t2i_recall_10": 100.0,
    "test__n_fold_t2i_rsum": 200.0,
    "test__n_fold_t2i_medr": 4.0,
    "test__n_fold_t2i_meanr": 4.4,
    "test__i2t_recall_1": 26.857142857142858,
    "test__i2t_recall_5": 34.857142857142854,
    "test__i2t_recall_10": 52.57142857142857,
    "test__i2t_rsum": 114.28571428571428,
    "test__i2t_medr": 9.0,
    "test__i2t_meanr": 9.502857142857144,
    "test__t2i_recall_1": 21.714285714285715,
    "test__t2i_recall_5": 61.142857142857146,
    "test__t2i_recall_10": 69.14285714285714,
    "test__t2i_rsum": 152.0,
    "test__t2i_medr": 3.0,
    "test__t2i_meanr": 9.98857142857143,
    "lr": 0.0002,
    "summary": "30.0, 90.0, 100.0, 30.0, 70.0, 100.0, 26.857142857142858, 34.857142857142854, 52.57142857142857, 21.714285714285715, 61.142857142857146, 69.14285714285714"
}
[2026-03-19 11:07:14] Evaluating test...
[2026-03-19 11:07:15] [Eval] Report @step: 8.00 {
    "test__rsum": 345.16129032258067,
    "test__medr": 3.0,
    "test__meanr": 11.758064516129032,
    "test__n_fold_i2t_recall_1": 10.0,
    "test__n_fold_i2t_recall_5": 100.0,
    "test__n_fold_i2t_recall_10": 100.0,
    "test__n_fold_i2t_rsum": 210.0,
    "test__n_fold_i2t_medr": 2.0,
    "test__n_fold_i2t_meanr": 2.4,
    "test__n_fold_t2i_recall_1": 20.0,
    "test__n_fold_t2i_recall_5": 90.0,
    "test__n_fold_t2i_recall_10": 100.0,
    "test__n_fold_t2i_rsum": 210.0,
    "test__n_fold_t2i_medr": 2.0,
    "test__n_fold_t2i_meanr": 2.7,
    "test__i2t_recall_1": 56.45161290322581,
    "test__i2t_recall_5": 59.67741935483871,
    "test__i2t_recall_10": 66.12903225806451,
    "test__i2t_rsum": 182.25806451612902,
    "test__i2t_medr": 1.0,
    "test__i2t_meanr": 6.048387096774194,
    "test__t2i_recall_1": 11.290322580645162,
    "test__t2i_recall_5": 69.35483870967742,
    "test__t2i_recall_10": 82.25806451612904,
    "test__t2i_rsum": 162.90322580645164,
    "test__t2i_medr": 2.0,
    "test__t2i_meanr": 5.709677419354839,
    "lr": 0.0002,
    "summary": "10.0, 100.0, 100.0, 20.0, 90.0, 100.0, 56.45161290322581, 59.67741935483871, 66.12903225806451, 11.290322580645162, 69.35483870967742, 82.25806451612904"
}
[2026-03-19 11:07:15] Round 9!
[2026-03-19 11:07:15] Training Client 8!
[2026-03-19 11:07:16] Epoch: [9] text	Loss 3.2316 (3.2316)	Prec@1 26.953 (26.953)	Prec@5 37.891 (37.891)
[2026-03-19 11:07:16] TEST:  Epoch: [9] text	Prec@1 20.000 (20.000)	Prec@5 48.571 (48.571)
[2026-03-19 11:07:16] Training Client 7!
[2026-03-19 11:07:17] Epoch: [9] text	Loss 1.3212 (1.3875)	Prec@1 56.250 (53.470)	Prec@5 99.609 (99.081)
[2026-03-19 11:07:18] TEST:  Epoch: [9] text	Prec@1 60.484 (53.251)	Prec@5 98.387 (98.767)
[2026-03-19 11:07:18] Training Client 1!
[2026-03-19 11:07:18] Epoch: [9] image	Loss 3.1687 (3.1687)	Prec@1 18.750 (18.750)	Prec@5 43.750 (43.750)
[2026-03-19 11:07:19] TEST:  Epoch: [9] image	Prec@1 16.000 (13.595)	Prec@5 78.667 (76.133)
[2026-03-19 11:07:19] Training Client 0!
[2026-03-19 11:07:19] Epoch: [9] image	Loss 2.0830 (2.1709)	Prec@1 44.922 (40.885)	Prec@5 87.500 (88.411)
[2026-03-19 11:07:19] TEST:  Epoch: [9] image	Prec@1 37.778 (41.196)	Prec@5 93.333 (92.691)
[2026-03-19 11:07:19] Training Client 12!
[2026-03-19 11:07:19] Epoch 9
[2026-03-19 11:07:21] Training Client 2!
[2026-03-19 11:07:21] Epoch: [9] image	Loss 2.0028 (2.0335)	Prec@1 49.219 (49.740)	Prec@5 97.656 (93.490)
[2026-03-19 11:07:22] TEST:  Epoch: [9] image	Prec@1 60.484 (53.251)	Prec@5 98.387 (98.767)
[2026-03-19 11:07:22] Training Client 9!
[2026-03-19 11:07:22] Epoch: [9] text	Loss 0.0000 (0.0000)	Prec@1 0.000 (0.000)	Prec@5 0.000 (0.000)
[2026-03-19 11:07:22] TEST:  Epoch: [9] text	Prec@1 0.000 (0.000)	Prec@5 0.000 (0.000)
[2026-03-19 11:07:22] Training Client 6!
[2026-03-19 11:07:23] Epoch: [9] text	Loss 2.1541 (2.1982)	Prec@1 28.906 (31.510)	Prec@5 93.750 (92.969)
[2026-03-19 11:07:23] TEST:  Epoch: [9] text	Prec@1 30.667 (32.931)	Prec@5 94.667 (93.656)
[2026-03-19 11:07:23] Training Client 4!
[2026-03-19 11:07:23] Epoch: [9] image	Loss 2.9752 (2.9752)	Prec@1 63.672 (63.672)	Prec@5 63.672 (63.672)
[2026-03-19 11:07:23] TEST:  Epoch: [9] image	Prec@1 56.452 (56.452)	Prec@5 74.194 (74.194)
[2026-03-19 11:07:23] Training Client 11!
[2026-03-19 11:07:23] Epoch 9
[2026-03-19 11:07:25] Training Client 3!
[2026-03-19 11:07:25] Epoch: [9] image	Loss 2.3676 (2.4580)	Prec@1 30.859 (27.214)	Prec@5 89.062 (89.583)
[2026-03-19 11:07:25] TEST:  Epoch: [9] image	Prec@1 20.000 (20.000)	Prec@5 89.714 (89.714)
[2026-03-19 11:07:25] Training Client 13!
[2026-03-19 11:07:25] Epoch 9
[2026-03-19 11:07:26] Skip local epoch for client 3: train loader has no full batch
[2026-03-19 11:07:26] Training Client 14!
[2026-03-19 11:07:26] Epoch 9
[2026-03-19 11:07:26] Skip local epoch for client 4: train loader has no full batch
[2026-03-19 11:07:26] Training Client 10!
[2026-03-19 11:07:26] Epoch 9
[2026-03-19 11:07:27] Training Client 5!
[2026-03-19 11:07:27] Epoch: [9] text	Loss 3.4505 (3.4505)	Prec@1 0.000 (0.000)	Prec@5 0.000 (0.000)
[2026-03-19 11:07:27] TEST:  Epoch: [9] text	Prec@1 0.000 (0.000)	Prec@5 0.000 (0.000)
[2026-03-19 11:07:28] TEST:  Epoch: [9] image	Prec@1 37.778 (41.196)	Prec@5 88.889 (88.372)
[2026-03-19 11:07:28] TEST:  Epoch: [9] image	Prec@1 16.000 (13.595)	Prec@5 78.667 (76.133)
[2026-03-19 11:07:29] TEST:  Epoch: [9] image	Prec@1 60.484 (53.251)	Prec@5 96.774 (93.722)
[2026-03-19 11:07:29] TEST:  Epoch: [9] image	Prec@1 20.000 (20.000)	Prec@5 89.714 (89.714)
[2026-03-19 11:07:29] TEST:  Epoch: [9] image	Prec@1 56.452 (56.452)	Prec@5 59.677 (59.677)
[2026-03-19 11:07:29] TEST:  Epoch: [9] text	Prec@1 0.000 (0.000)	Prec@5 0.000 (0.000)
[2026-03-19 11:07:29] TEST:  Epoch: [9] text	Prec@1 30.667 (32.931)	Prec@5 94.667 (93.656)
[2026-03-19 11:07:30] TEST:  Epoch: [9] text	Prec@1 60.484 (53.251)	Prec@5 98.387 (98.767)
[2026-03-19 11:07:30] TEST:  Epoch: [9] text	Prec@1 20.000 (20.000)	Prec@5 28.571 (28.571)
[2026-03-19 11:07:30] TEST:  Epoch: [9] text	Prec@1 0.000 (0.000)	Prec@5 0.000 (0.000)
[2026-03-19 11:07:30] Evaluating test...
[2026-03-19 11:07:44] [Eval] Report @step: 9.00 {
    "test__rsum": 393.3554817275747,
    "test__medr": 7.0,
    "test__meanr": 9.232558139534884,
    "test__n_fold_i2t_recall_1": 10.0,
    "test__n_fold_i2t_recall_5": 90.0,
    "test__n_fold_i2t_recall_10": 100.0,
    "test__n_fold_i2t_rsum": 200.0,
    "test__n_fold_i2t_medr": 3.0,
    "test__n_fold_i2t_meanr": 3.6,
    "test__n_fold_t2i_recall_1": 20.0,
    "test__n_fold_t2i_recall_5": 80.0,
    "test__n_fold_t2i_recall_10": 100.0,
    "test__n_fold_t2i_rsum": 200.0,
    "test__n_fold_t2i_medr": 3.0,
    "test__n_fold_t2i_meanr": 3.6,
    "test__i2t_recall_1": 26.578073089700997,
    "test__i2t_recall_5": 85.38205980066445,
    "test__i2t_recall_10": 85.38205980066445,
    "test__i2t_rsum": 197.34219269102988,
    "test__i2t_medr": 4.0,
    "test__i2t_meanr": 5.803986710963455,
    "test__t2i_recall_1": 3.9867109634551494,
    "test__t2i_recall_5": 92.0265780730897,
    "test__t2i_recall_10": 100.0,
    "test__t2i_rsum": 196.01328903654485,
    "test__t2i_medr": 3.0,
    "test__t2i_meanr": 3.4285714285714284,
    "lr": 0.0002,
    "summary": "10.0, 90.0, 100.0, 20.0, 80.0, 100.0, 26.578073089700997, 85.38205980066445, 85.38205980066445, 3.9867109634551494, 92.0265780730897, 100.0"
}
[2026-03-19 11:07:44] Evaluating test...
[2026-03-19 11:07:58] [Eval] Report @step: 9.00 {
    "test__rsum": 374.62235649546824,
    "test__medr": 6.0,
    "test__meanr": 10.725075528700906,
    "test__n_fold_i2t_recall_1": 40.0,
    "test__n_fold_i2t_recall_5": 90.0,
    "test__n_fold_i2t_recall_10": 100.0,
    "test__n_fold_i2t_rsum": 230.0,
    "test__n_fold_i2t_medr": 2.0,
    "test__n_fold_i2t_meanr": 2.1,
    "test__n_fold_t2i_recall_1": 40.0,
    "test__n_fold_t2i_recall_5": 100.0,
    "test__n_fold_t2i_recall_10": 100.0,
    "test__n_fold_t2i_rsum": 240.0,
    "test__n_fold_t2i_medr": 2.0,
    "test__n_fold_t2i_meanr": 1.6,
    "test__i2t_recall_1": 26.88821752265861,
    "test__i2t_recall_5": 59.818731117824775,
    "test__i2t_recall_10": 92.74924471299094,
    "test__i2t_rsum": 179.45619335347433,
    "test__i2t_medr": 3.0,
    "test__i2t_meanr": 5.6314199395770395,
    "test__t2i_recall_1": 34.74320241691843,
    "test__t2i_recall_5": 79.15407854984895,
    "test__t2i_recall_10": 81.26888217522658,
    "test__t2i_rsum": 195.16616314199393,
    "test__t2i_medr": 3.0,
    "test__t2i_meanr": 5.093655589123867,
    "lr": 0.0002,
    "summary": "40.0, 90.0, 100.0, 40.0, 100.0, 100.0, 26.88821752265861, 59.818731117824775, 92.74924471299094, 34.74320241691843, 79.15407854984895, 81.26888217522658"
}
[2026-03-19 11:07:58] Evaluating test...
[2026-03-19 11:09:21] [Eval] Report @step: 9.00 {
    "test__rsum": 390.695067264574,
    "test__medr": 3.0,
    "test__meanr": 12.059417040358744,
    "test__n_fold_i2t_recall_1": 80.0,
    "test__n_fold_i2t_recall_5": 80.0,
    "test__n_fold_i2t_recall_10": 100.0,
    "test__n_fold_i2t_rsum": 260.0,
    "test__n_fold_i2t_medr": 1.0,
    "test__n_fold_i2t_meanr": 2.0,
    "test__n_fold_t2i_recall_1": 80.0,
    "test__n_fold_t2i_recall_5": 100.0,
    "test__n_fold_t2i_recall_10": 100.0,
    "test__n_fold_t2i_rsum": 280.0,
    "test__n_fold_t2i_medr": 1.0,
    "test__n_fold_t2i_meanr": 1.2,
    "test__i2t_recall_1": 20.96412556053812,
    "test__i2t_recall_5": 79.37219730941705,
    "test__i2t_recall_10": 85.65022421524664,
    "test__i2t_rsum": 185.9865470852018,
    "test__i2t_medr": 2.0,
    "test__i2t_meanr": 5.184977578475336,
    "test__t2i_recall_1": 53.25112107623318,
    "test__t2i_recall_5": 74.2152466367713,
    "test__t2i_recall_10": 77.24215246636771,
    "test__t2i_rsum": 204.7085201793722,
    "test__t2i_medr": 1.0,
    "test__t2i_meanr": 6.874439461883408,
    "lr": 0.0002,
    "summary": "80.0, 80.0, 100.0, 80.0, 100.0, 100.0, 20.96412556053812, 79.37219730941705, 85.65022421524664, 53.25112107623318, 74.2152466367713, 77.24215246636771"
}
[2026-03-19 11:09:21] Evaluating test...
[2026-03-19 11:09:25] [Eval] Report @step: 9.00 {
    "test__rsum": 300.57142857142856,
    "test__medr": 9.0,
    "test__meanr": 19.234285714285715,
    "test__n_fold_i2t_recall_1": 30.0,
    "test__n_fold_i2t_recall_5": 90.0,
    "test__n_fold_i2t_recall_10": 100.0,
    "test__n_fold_i2t_rsum": 220.0,
    "test__n_fold_i2t_medr": 2.0,
    "test__n_fold_i2t_meanr": 2.7,
    "test__n_fold_t2i_recall_1": 30.0,
    "test__n_fold_t2i_recall_5": 70.0,
    "test__n_fold_t2i_recall_10": 100.0,
    "test__n_fold_t2i_rsum": 200.0,
    "test__n_fold_t2i_medr": 4.0,
    "test__n_fold_t2i_meanr": 4.3,
    "test__i2t_recall_1": 24.571428571428573,
    "test__i2t_recall_5": 50.285714285714285,
    "test__i2t_recall_10": 72.0,
    "test__i2t_rsum": 146.85714285714286,
    "test__i2t_medr": 5.0,
    "test__i2t_meanr": 8.457142857142857,
    "test__t2i_recall_1": 23.428571428571427,
    "test__t2i_recall_5": 61.142857142857146,
    "test__t2i_recall_10": 69.14285714285714,
    "test__t2i_rsum": 153.71428571428572,
    "test__t2i_medr": 4.0,
    "test__t2i_meanr": 10.777142857142858,
    "lr": 0.0002,
    "summary": "30.0, 90.0, 100.0, 30.0, 70.0, 100.0, 24.571428571428573, 50.285714285714285, 72.0, 23.428571428571427, 61.142857142857146, 69.14285714285714"
}
[2026-03-19 11:09:25] Evaluating test...
[2026-03-19 11:09:26] [Eval] Report @step: 9.00 {
    "test__rsum": 340.32258064516134,
    "test__medr": 3.0,
    "test__meanr": 12.241935483870968,
    "test__n_fold_i2t_recall_1": 10.0,
    "test__n_fold_i2t_recall_5": 100.0,
    "test__n_fold_i2t_recall_10": 100.0,
    "test__n_fold_i2t_rsum": 210.0,
    "test__n_fold_i2t_medr": 2.0,
    "test__n_fold_i2t_meanr": 2.4,
    "test__n_fold_t2i_recall_1": 60.0,
    "test__n_fold_t2i_recall_5": 90.0,
    "test__n_fold_t2i_recall_10": 100.0,
    "test__n_fold_t2i_rsum": 250.0,
    "test__n_fold_t2i_medr": 1.0,
    "test__n_fold_t2i_meanr": 2.3,
    "test__i2t_recall_1": 56.45161290322581,
    "test__i2t_recall_5": 62.903225806451616,
    "test__i2t_recall_10": 66.12903225806451,
    "test__i2t_rsum": 185.48387096774195,
    "test__i2t_medr": 1.0,
    "test__i2t_meanr": 6.548387096774194,
    "test__t2i_recall_1": 8.064516129032258,
    "test__t2i_recall_5": 64.51612903225806,
    "test__t2i_recall_10": 82.25806451612904,
    "test__t2i_rsum": 154.83870967741936,
    "test__t2i_medr": 2.0,
    "test__t2i_meanr": 5.693548387096774,
    "lr": 0.0002,
    "summary": "10.0, 100.0, 100.0, 60.0, 90.0, 100.0, 56.45161290322581, 62.903225806451616, 66.12903225806451, 8.064516129032258, 64.51612903225806, 82.25806451612904"
}
[2026-03-19 11:09:26] Round 10!
[2026-03-19 11:09:26] Training Client 8!
[2026-03-19 11:09:26] Epoch: [10] text	Loss 3.1794 (3.1794)	Prec@1 29.688 (29.688)	Prec@5 39.062 (39.062)
[2026-03-19 11:09:26] TEST:  Epoch: [10] text	Prec@1 20.000 (20.000)	Prec@5 48.571 (48.571)
[2026-03-19 11:09:26] Training Client 13!
[2026-03-19 11:09:26] Epoch 10
[2026-03-19 11:09:26] Skip local epoch for client 3: train loader has no full batch
[2026-03-19 11:09:26] Training Client 0!
[2026-03-19 11:09:27] Epoch: [10] image	Loss 1.9978 (2.0778)	Prec@1 41.406 (40.234)	Prec@5 95.312 (90.625)
[2026-03-19 11:09:27] TEST:  Epoch: [10] image	Prec@1 37.778 (41.196)	Prec@5 95.556 (96.013)
[2026-03-19 11:09:27] Training Client 10!
[2026-03-19 11:09:27] Epoch 10
[2026-03-19 11:09:28] Training Client 1!
[2026-03-19 11:09:28] Epoch: [10] image	Loss 3.1164 (3.1164)	Prec@1 18.359 (18.359)	Prec@5 71.875 (71.875)
[2026-03-19 11:09:28] TEST:  Epoch: [10] image	Prec@1 16.000 (13.595)	Prec@5 86.667 (82.175)
[2026-03-19 11:09:28] Training Client 14!
[2026-03-19 11:09:29] Epoch 10
[2026-03-19 11:09:29] Skip local epoch for client 4: train loader has no full batch
[2026-03-19 11:09:29] Training Client 4!
[2026-03-19 11:09:29] Epoch: [10] image	Loss 2.8554 (2.8554)	Prec@1 63.672 (63.672)	Prec@5 64.844 (64.844)
[2026-03-19 11:09:29] TEST:  Epoch: [10] image	Prec@1 56.452 (56.452)	Prec@5 74.194 (74.194)
[2026-03-19 11:09:29] Training Client 5!
[2026-03-19 11:09:29] Epoch: [10] text	Loss 3.3752 (3.3752)	Prec@1 0.000 (0.000)	Prec@5 0.000 (0.000)
[2026-03-19 11:09:29] TEST:  Epoch: [10] text	Prec@1 0.000 (0.000)	Prec@5 60.000 (58.472)
[2026-03-19 11:09:29] Training Client 12!
[2026-03-19 11:09:29] Epoch 10
[2026-03-19 11:09:31] Training Client 2!
[2026-03-19 11:09:31] Epoch: [10] image	Loss 2.0552 (1.9123)	Prec@1 44.531 (51.432)	Prec@5 98.828 (96.615)
[2026-03-19 11:09:32] TEST:  Epoch: [10] image	Prec@1 60.484 (53.251)	Prec@5 98.387 (98.767)
[2026-03-19 11:09:32] Training Client 3!
[2026-03-19 11:09:32] Epoch: [10] image	Loss 2.3266 (2.3655)	Prec@1 25.391 (27.604)	Prec@5 90.625 (89.714)
[2026-03-19 11:09:33] TEST:  Epoch: [10] image	Prec@1 20.000 (20.000)	Prec@5 89.714 (89.714)
[2026-03-19 11:09:33] Training Client 11!
[2026-03-19 11:09:33] Epoch 10
[2026-03-19 11:09:34] Training Client 9!
[2026-03-19 11:09:34] Epoch: [10] text	Loss 0.0000 (0.0000)	Prec@1 0.000 (0.000)	Prec@5 0.000 (0.000)
[2026-03-19 11:09:34] TEST:  Epoch: [10] text	Prec@1 0.000 (0.000)	Prec@5 0.000 (0.000)
[2026-03-19 11:09:34] Training Client 6!
[2026-03-19 11:09:35] Epoch: [10] text	Loss 2.0562 (2.1097)	Prec@1 26.953 (30.599)	Prec@5 92.969 (92.578)
[2026-03-19 11:09:35] TEST:  Epoch: [10] text	Prec@1 30.667 (32.931)	Prec@5 94.667 (93.656)
[2026-03-19 11:09:35] Training Client 7!
[2026-03-19 11:09:37] Epoch: [10] text	Loss 1.3351 (1.3760)	Prec@1 52.344 (53.768)	Prec@5 99.219 (99.081)
[2026-03-19 11:09:37] TEST:  Epoch: [10] text	Prec@1 60.484 (53.251)	Prec@5 98.387 (98.767)
[2026-03-19 11:09:38] TEST:  Epoch: [10] image	Prec@1 37.778 (41.196)	Prec@5 95.556 (93.688)
[2026-03-19 11:09:38] TEST:  Epoch: [10] image	Prec@1 16.000 (13.595)	Prec@5 78.667 (76.133)
[2026-03-19 11:09:39] TEST:  Epoch: [10] image	Prec@1 60.484 (53.251)	Prec@5 98.387 (98.767)
[2026-03-19 11:09:39] TEST:  Epoch: [10] image	Prec@1 20.000 (20.000)	Prec@5 89.714 (89.714)
[2026-03-19 11:09:39] TEST:  Epoch: [10] image	Prec@1 56.452 (56.452)	Prec@5 74.194 (74.194)
[2026-03-19 11:09:39] TEST:  Epoch: [10] text	Prec@1 0.000 (0.000)	Prec@5 2.222 (7.641)
[2026-03-19 11:09:40] TEST:  Epoch: [10] text	Prec@1 30.667 (32.931)	Prec@5 94.667 (93.656)
[2026-03-19 11:09:40] TEST:  Epoch: [10] text	Prec@1 60.484 (53.251)	Prec@5 98.387 (98.767)
[2026-03-19 11:09:40] TEST:  Epoch: [10] text	Prec@1 20.000 (20.000)	Prec@5 48.571 (48.571)
[2026-03-19 11:09:40] TEST:  Epoch: [10] text	Prec@1 0.000 (0.000)	Prec@5 0.000 (0.000)
[2026-03-19 11:09:40] Evaluating test...
[2026-03-19 11:09:54] [Eval] Report @step: 10.00 {
    "test__rsum": 360.4651162790698,
    "test__medr": 9.0,
    "test__meanr": 11.036544850498338,
    "test__n_fold_i2t_recall_1": 10.0,
    "test__n_fold_i2t_recall_5": 90.0,
    "test__n_fold_i2t_recall_10": 100.0,
    "test__n_fold_i2t_rsum": 200.0,
    "test__n_fold_i2t_medr": 3.0,
    "test__n_fold_i2t_meanr": 3.7,
    "test__n_fold_t2i_recall_1": 20.0,
    "test__n_fold_t2i_recall_5": 90.0,
    "test__n_fold_t2i_recall_10": 100.0,
    "test__n_fold_t2i_rsum": 210.0,
    "test__n_fold_t2i_medr": 3.0,
    "test__n_fold_t2i_meanr": 3.5,
    "test__i2t_recall_1": 26.578073089700997,
    "test__i2t_recall_5": 58.80398671096346,
    "test__i2t_recall_10": 85.38205980066445,
    "test__i2t_rsum": 170.7641196013289,
    "test__i2t_medr": 5.0,
    "test__i2t_meanr": 7.086378737541528,
    "test__t2i_recall_1": 3.9867109634551494,
    "test__t2i_recall_5": 85.71428571428571,
    "test__t2i_recall_10": 100.0,
    "test__t2i_rsum": 189.70099667774087,
    "test__t2i_medr": 4.0,
    "test__t2i_meanr": 3.9501661129568104,
    "lr": 0.0002,
    "summary": "10.0, 90.0, 100.0, 20.0, 90.0, 100.0, 26.578073089700997, 58.80398671096346, 85.38205980066445, 3.9867109634551494, 85.71428571428571, 100.0"
}
[2026-03-19 11:09:54] Evaluating test...
[2026-03-19 11:10:08] [Eval] Report @step: 10.00 {
    "test__rsum": 368.58006042296074,
    "test__medr": 6.0,
    "test__meanr": 10.854984894259818,
    "test__n_fold_i2t_recall_1": 40.0,
    "test__n_fold_i2t_recall_5": 100.0,
    "test__n_fold_i2t_recall_10": 100.0,
    "test__n_fold_i2t_rsum": 240.0,
    "test__n_fold_i2t_medr": 2.0,
    "test__n_fold_i2t_meanr": 2.2,
    "test__n_fold_t2i_recall_1": 40.0,
    "test__n_fold_t2i_recall_5": 100.0,
    "test__n_fold_t2i_recall_10": 100.0,
    "test__n_fold_t2i_rsum": 240.0,
    "test__n_fold_t2i_medr": 2.0,
    "test__n_fold_t2i_meanr": 1.7,
    "test__i2t_recall_1": 26.88821752265861,
    "test__i2t_recall_5": 59.818731117824775,
    "test__i2t_recall_10": 88.21752265861028,
    "test__i2t_rsum": 174.92447129909368,
    "test__i2t_medr": 3.0,
    "test__i2t_meanr": 5.8700906344410875,
    "test__t2i_recall_1": 40.78549848942598,
    "test__t2i_recall_5": 71.6012084592145,
    "test__t2i_recall_10": 81.26888217522658,
    "test__t2i_rsum": 193.65558912386706,
    "test__t2i_medr": 3.0,
    "test__t2i_meanr": 4.984894259818731,
    "lr": 0.0002,
    "summary": "40.0, 100.0, 100.0, 40.0, 100.0, 100.0, 26.88821752265861, 59.818731117824775, 88.21752265861028, 40.78549848942598, 71.6012084592145, 81.26888217522658"
}
[2026-03-19 11:10:08] Evaluating test...
[2026-03-19 11:11:31] [Eval] Report @step: 10.00 {
    "test__rsum": 391.3677130044843,
    "test__medr": 3.0,
    "test__meanr": 12.77578475336323,
    "test__n_fold_i2t_recall_1": 80.0,
    "test__n_fold_i2t_recall_5": 80.0,
    "test__n_fold_i2t_recall_10": 100.0,
    "test__n_fold_i2t_rsum": 260.0,
    "test__n_fold_i2t_medr": 1.0,
    "test__n_fold_i2t_meanr": 2.0,
    "test__n_fold_t2i_recall_1": 80.0,
    "test__n_fold_t2i_recall_5": 100.0,
    "test__n_fold_t2i_recall_10": 100.0,
    "test__n_fold_t2i_rsum": 280.0,
    "test__n_fold_t2i_medr": 1.0,
    "test__n_fold_t2i_meanr": 1.2,
    "test__i2t_recall_1": 20.96412556053812,
    "test__i2t_recall_5": 79.5964125560538,
    "test__i2t_recall_10": 83.29596412556054,
    "test__i2t_rsum": 183.8565022421525,
    "test__i2t_medr": 2.0,
    "test__i2t_meanr": 5.746636771300448,
    "test__t2i_recall_1": 53.25112107623318,
    "test__t2i_recall_5": 74.2152466367713,
    "test__t2i_recall_10": 80.04484304932735,
    "test__t2i_rsum": 207.5112107623318,
    "test__t2i_medr": 1.0,
    "test__t2i_meanr": 7.0291479820627805,
    "lr": 0.0002,
    "summary": "80.0, 80.0, 100.0, 80.0, 100.0, 100.0, 20.96412556053812, 79.5964125560538, 83.29596412556054, 53.25112107623318, 74.2152466367713, 80.04484304932735"
}
[2026-03-19 11:11:31] Evaluating test...
[2026-03-19 11:11:34] [Eval] Report @step: 10.00 {
    "test__rsum": 286.8571428571429,
    "test__medr": 10.0,
    "test__meanr": 20.177142857142858,
    "test__n_fold_i2t_recall_1": 30.0,
    "test__n_fold_i2t_recall_5": 80.0,
    "test__n_fold_i2t_recall_10": 100.0,
    "test__n_fold_i2t_rsum": 210.0,
    "test__n_fold_i2t_medr": 2.0,
    "test__n_fold_i2t_meanr": 2.8,
    "test__n_fold_t2i_recall_1": 30.0,
    "test__n_fold_t2i_recall_5": 70.0,
    "test__n_fold_t2i_recall_10": 100.0,
    "test__n_fold_t2i_rsum": 200.0,
    "test__n_fold_t2i_medr": 4.0,
    "test__n_fold_t2i_meanr": 4.3,
    "test__i2t_recall_1": 21.714285714285715,
    "test__i2t_recall_5": 46.857142857142854,
    "test__i2t_recall_10": 66.85714285714286,
    "test__i2t_rsum": 135.42857142857144,
    "test__i2t_medr": 6.0,
    "test__i2t_meanr": 9.108571428571429,
    "test__t2i_recall_1": 20.571428571428573,
    "test__t2i_recall_5": 61.714285714285715,
    "test__t2i_recall_10": 69.14285714285714,
    "test__t2i_rsum": 151.42857142857144,
    "test__t2i_medr": 4.0,
    "test__t2i_meanr": 11.06857142857143,
    "lr": 0.0002,
    "summary": "30.0, 80.0, 100.0, 30.0, 70.0, 100.0, 21.714285714285715, 46.857142857142854, 66.85714285714286, 20.571428571428573, 61.714285714285715, 69.14285714285714"
}
[2026-03-19 11:11:34] Evaluating test...
[2026-03-19 11:11:35] [Eval] Report @step: 10.00 {
    "test__rsum": 341.93548387096774,
    "test__medr": 3.0,
    "test__meanr": 11.967741935483872,
    "test__n_fold_i2t_recall_1": 10.0,
    "test__n_fold_i2t_recall_5": 100.0,
    "test__n_fold_i2t_recall_10": 100.0,
    "test__n_fold_i2t_rsum": 210.0,
    "test__n_fold_i2t_medr": 2.0,
    "test__n_fold_i2t_meanr": 2.2,
    "test__n_fold_t2i_recall_1": 50.0,
    "test__n_fold_t2i_recall_5": 90.0,
    "test__n_fold_t2i_recall_10": 100.0,
    "test__n_fold_t2i_rsum": 240.0,
    "test__n_fold_t2i_medr": 1.0,
    "test__n_fold_t2i_meanr": 2.4,
    "test__i2t_recall_1": 56.45161290322581,
    "test__i2t_recall_5": 64.51612903225806,
    "test__i2t_recall_10": 66.12903225806451,
    "test__i2t_rsum": 187.09677419354838,
    "test__i2t_medr": 1.0,
    "test__i2t_meanr": 6.241935483870968,
    "test__t2i_recall_1": 8.064516129032258,
    "test__t2i_recall_5": 64.51612903225806,
    "test__t2i_recall_10": 82.25806451612904,
    "test__t2i_rsum": 154.83870967741936,
    "test__t2i_medr": 2.0,
    "test__t2i_meanr": 5.725806451612903,
    "lr": 0.0002,
    "summary": "10.0, 100.0, 100.0, 50.0, 90.0, 100.0, 56.45161290322581, 64.51612903225806, 66.12903225806451, 8.064516129032258, 64.51612903225806, 82.25806451612904"
}
[2026-03-19 11:11:35] Round 11!
[2026-03-19 11:11:35] Training Client 8!
[2026-03-19 11:11:36] Epoch: [11] text	Loss 3.1488 (3.1488)	Prec@1 27.344 (27.344)	Prec@5 54.688 (54.688)
[2026-03-19 11:11:36] TEST:  Epoch: [11] text	Prec@1 20.000 (20.000)	Prec@5 71.429 (71.429)
[2026-03-19 11:11:36] Training Client 12!
[2026-03-19 11:11:36] Epoch 11
[2026-03-19 11:11:37] Training Client 2!
[2026-03-19 11:11:38] Epoch: [11] image	Loss 1.9473 (1.8287)	Prec@1 47.656 (52.474)	Prec@5 97.266 (98.698)
[2026-03-19 11:11:38] TEST:  Epoch: [11] image	Prec@1 60.484 (53.251)	Prec@5 98.387 (98.767)
[2026-03-19 11:11:38] Training Client 14!
[2026-03-19 11:11:38] Epoch 11
[2026-03-19 11:11:38] Skip local epoch for client 4: train loader has no full batch
[2026-03-19 11:11:39] Training Client 1!
[2026-03-19 11:11:39] Epoch: [11] image	Loss 3.0606 (3.0606)	Prec@1 19.141 (19.141)	Prec@5 73.828 (73.828)
[2026-03-19 11:11:39] TEST:  Epoch: [11] image	Prec@1 16.000 (13.595)	Prec@5 94.667 (93.656)
[2026-03-19 11:11:39] Training Client 4!
[2026-03-19 11:11:39] Epoch: [11] image	Loss 2.7488 (2.7488)	Prec@1 62.109 (62.109)	Prec@5 79.688 (79.688)
[2026-03-19 11:11:39] TEST:  Epoch: [11] image	Prec@1 56.452 (56.452)	Prec@5 74.194 (74.194)
[2026-03-19 11:11:39] Training Client 11!
[2026-03-19 11:11:39] Epoch 11
[2026-03-19 11:11:41] Training Client 3!
[2026-03-19 11:11:41] Epoch: [11] image	Loss 2.2356 (2.2916)	Prec@1 27.734 (27.344)	Prec@5 89.062 (89.583)
[2026-03-19 11:11:41] TEST:  Epoch: [11] image	Prec@1 20.000 (20.000)	Prec@5 89.714 (89.714)
[2026-03-19 11:11:41] Training Client 10!
[2026-03-19 11:11:41] Epoch 11
[2026-03-19 11:11:42] Training Client 13!
[2026-03-19 11:11:42] Epoch 11
[2026-03-19 11:11:42] Skip local epoch for client 3: train loader has no full batch
[2026-03-19 11:11:42] Training Client 6!
[2026-03-19 11:11:43] Epoch: [11] text	Loss 1.9992 (2.0289)	Prec@1 30.078 (30.729)	Prec@5 92.578 (92.708)
[2026-03-19 11:11:43] TEST:  Epoch: [11] text	Prec@1 30.667 (32.931)	Prec@5 94.667 (93.656)
[2026-03-19 11:11:43] Training Client 0!
[2026-03-19 11:11:43] Epoch: [11] image	Loss 1.9478 (2.0291)	Prec@1 42.188 (38.932)	Prec@5 96.094 (94.792)
[2026-03-19 11:11:43] TEST:  Epoch: [11] image	Prec@1 37.778 (41.196)	Prec@5 95.556 (96.013)
[2026-03-19 11:11:44] Training Client 5!
[2026-03-19 11:11:44] Epoch: [11] text	Loss 3.2850 (3.2850)	Prec@1 0.000 (0.000)	Prec@5 6.250 (6.250)
[2026-03-19 11:11:44] TEST:  Epoch: [11] text	Prec@1 37.778 (41.196)	Prec@5 71.111 (67.774)
[2026-03-19 11:11:44] Training Client 9!
[2026-03-19 11:11:44] Epoch: [11] text	Loss 0.0000 (0.0000)	Prec@1 0.000 (0.000)	Prec@5 0.000 (0.000)
[2026-03-19 11:11:44] TEST:  Epoch: [11] text	Prec@1 0.000 (0.000)	Prec@5 0.000 (0.000)
[2026-03-19 11:11:44] Training Client 7!
[2026-03-19 11:11:46] Epoch: [11] text	Loss 1.3279 (1.3706)	Prec@1 52.734 (53.539)	Prec@5 99.609 (99.104)
[2026-03-19 11:11:46] TEST:  Epoch: [11] text	Prec@1 60.484 (53.251)	Prec@5 98.387 (98.767)
[2026-03-19 11:11:47] TEST:  Epoch: [11] image	Prec@1 37.778 (41.196)	Prec@5 95.556 (96.013)
[2026-03-19 11:11:47] TEST:  Epoch: [11] image	Prec@1 16.000 (13.595)	Prec@5 94.667 (93.656)
[2026-03-19 11:11:48] TEST:  Epoch: [11] image	Prec@1 60.484 (53.251)	Prec@5 98.387 (98.767)
[2026-03-19 11:11:48] TEST:  Epoch: [11] image	Prec@1 20.000 (20.000)	Prec@5 89.714 (89.714)
[2026-03-19 11:11:48] TEST:  Epoch: [11] image	Prec@1 56.452 (56.452)	Prec@5 74.194 (74.194)
[2026-03-19 11:11:48] TEST:  Epoch: [11] text	Prec@1 13.333 (10.299)	Prec@5 64.444 (64.784)
[2026-03-19 11:11:48] TEST:  Epoch: [11] text	Prec@1 30.667 (32.931)	Prec@5 94.667 (93.656)
[2026-03-19 11:11:49] TEST:  Epoch: [11] text	Prec@1 60.484 (53.251)	Prec@5 98.387 (98.767)
[2026-03-19 11:11:49] TEST:  Epoch: [11] text	Prec@1 20.000 (20.000)	Prec@5 48.571 (48.571)
[2026-03-19 11:11:49] TEST:  Epoch: [11] text	Prec@1 0.000 (0.000)	Prec@5 0.000 (0.000)
[2026-03-19 11:11:49] Evaluating test...
[2026-03-19 11:12:03] [Eval] Report @step: 11.00 {
    "test__rsum": 325.5813953488372,
    "test__medr": 10.0,
    "test__meanr": 12.182724252491695,
    "test__n_fold_i2t_recall_1": 10.0,
    "test__n_fold_i2t_recall_5": 90.0,
    "test__n_fold_i2t_recall_10": 100.0,
    "test__n_fold_i2t_rsum": 200.0,
    "test__n_fold_i2t_medr": 3.0,
    "test__n_fold_i2t_meanr": 3.7,
    "test__n_fold_t2i_recall_1": 20.0,
    "test__n_fold_t2i_recall_5": 90.0,
    "test__n_fold_t2i_recall_10": 100.0,
    "test__n_fold_t2i_rsum": 210.0,
    "test__n_fold_t2i_medr": 3.0,
    "test__n_fold_t2i_meanr": 3.4,
    "test__i2t_recall_1": 26.578073089700997,
    "test__i2t_recall_5": 44.18604651162791,
    "test__i2t_recall_10": 85.38205980066445,
    "test__i2t_rsum": 156.14617940199335,
    "test__i2t_medr": 6.0,
    "test__i2t_meanr": 7.578073089700997,
    "test__t2i_recall_1": 3.9867109634551494,
    "test__t2i_recall_5": 65.4485049833887,
    "test__t2i_recall_10": 100.0,
    "test__t2i_rsum": 169.43521594684387,
    "test__t2i_medr": 4.0,
    "test__t2i_meanr": 4.604651162790698,
    "lr": 0.0002,
    "summary": "10.0, 90.0, 100.0, 20.0, 90.0, 100.0, 26.578073089700997, 44.18604651162791, 85.38205980066445, 3.9867109634551494, 65.4485049833887, 100.0"
}
[2026-03-19 11:12:03] Evaluating test...
[2026-03-19 11:12:17] [Eval] Report @step: 11.00 {
    "test__rsum": 379.4561933534743,
    "test__medr": 6.0,
    "test__meanr": 10.507552870090635,
    "test__n_fold_i2t_recall_1": 40.0,
    "test__n_fold_i2t_recall_5": 100.0,
    "test__n_fold_i2t_recall_10": 100.0,
    "test__n_fold_i2t_rsum": 240.0,
    "test__n_fold_i2t_medr": 2.0,
    "test__n_fold_i2t_meanr": 2.1,
    "test__n_fold_t2i_recall_1": 40.0,
    "test__n_fold_t2i_recall_5": 100.0,
    "test__n_fold_t2i_recall_10": 100.0,
    "test__n_fold_t2i_rsum": 240.0,
    "test__n_fold_t2i_medr": 2.0,
    "test__n_fold_t2i_meanr": 1.8,
    "test__i2t_recall_1": 26.88821752265861,
    "test__i2t_recall_5": 60.120845921450154,
    "test__i2t_recall_10": 85.1963746223565,
    "test__i2t_rsum": 172.20543806646526,
    "test__i2t_medr": 3.0,
    "test__i2t_meanr": 5.942598187311178,
    "test__t2i_recall_1": 44.10876132930514,
    "test__t2i_recall_5": 80.06042296072508,
    "test__t2i_recall_10": 83.08157099697885,
    "test__t2i_rsum": 207.25075528700907,
    "test__t2i_medr": 3.0,
    "test__t2i_meanr": 4.564954682779456,
    "lr": 0.0002,
    "summary": "40.0, 100.0, 100.0, 40.0, 100.0, 100.0, 26.88821752265861, 60.120845921450154, 85.1963746223565, 44.10876132930514, 80.06042296072508, 83.08157099697885"
}
[2026-03-19 11:12:17] Evaluating test...
[2026-03-19 11:13:44] [Eval] Report @step: 11.00 {
    "test__rsum": 389.46188340807174,
    "test__medr": 3.0,
    "test__meanr": 13.430493273542602,
    "test__n_fold_i2t_recall_1": 80.0,
    "test__n_fold_i2t_recall_5": 100.0,
    "test__n_fold_i2t_recall_10": 100.0,
    "test__n_fold_i2t_rsum": 280.0,
    "test__n_fold_i2t_medr": 1.0,
    "test__n_fold_i2t_meanr": 1.8,
    "test__n_fold_t2i_recall_1": 80.0,
    "test__n_fold_t2i_recall_5": 100.0,
    "test__n_fold_t2i_recall_10": 100.0,
    "test__n_fold_t2i_rsum": 280.0,
    "test__n_fold_t2i_medr": 1.0,
    "test__n_fold_t2i_meanr": 1.2,
    "test__i2t_recall_1": 20.96412556053812,
    "test__i2t_recall_5": 77.69058295964126,
    "test__i2t_recall_10": 82.95964125560538,
    "test__i2t_rsum": 181.61434977578477,
    "test__i2t_medr": 2.0,
    "test__i2t_meanr": 6.193946188340807,
    "test__t2i_recall_1": 53.25112107623318,
    "test__t2i_recall_5": 74.55156950672645,
    "test__t2i_recall_10": 80.04484304932735,
    "test__t2i_rsum": 207.84753363228697,
    "test__t2i_medr": 1.0,
    "test__t2i_meanr": 7.236547085201794,
    "lr": 0.0002,
    "summary": "80.0, 100.0, 100.0, 80.0, 100.0, 100.0, 20.96412556053812, 77.69058295964126, 82.95964125560538, 53.25112107623318, 74.55156950672645, 80.04484304932735"
}
[2026-03-19 11:13:44] Evaluating test...
[2026-03-19 11:13:47] [Eval] Report @step: 11.00 {
    "test__rsum": 285.1428571428571,
    "test__medr": 11.0,
    "test__meanr": 21.165714285714287,
    "test__n_fold_i2t_recall_1": 30.0,
    "test__n_fold_i2t_recall_5": 80.0,
    "test__n_fold_i2t_recall_10": 100.0,
    "test__n_fold_i2t_rsum": 210.0,
    "test__n_fold_i2t_medr": 2.0,
    "test__n_fold_i2t_meanr": 2.8,
    "test__n_fold_t2i_recall_1": 30.0,
    "test__n_fold_t2i_recall_5": 70.0,
    "test__n_fold_t2i_recall_10": 100.0,
    "test__n_fold_t2i_rsum": 200.0,
    "test__n_fold_t2i_medr": 4.0,
    "test__n_fold_t2i_meanr": 4.3,
    "test__i2t_recall_1": 25.142857142857142,
    "test__i2t_recall_5": 48.0,
    "test__i2t_recall_10": 61.714285714285715,
    "test__i2t_rsum": 134.85714285714286,
    "test__i2t_medr": 7.0,
    "test__i2t_meanr": 9.211428571428572,
    "test__t2i_recall_1": 20.0,
    "test__t2i_recall_5": 61.142857142857146,
    "test__t2i_recall_10": 69.14285714285714,
    "test__t2i_rsum": 150.28571428571428,
    "test__t2i_medr": 4.0,
    "test__t2i_meanr": 11.954285714285714,
    "lr": 0.0002,
    "summary": "30.0, 80.0, 100.0, 30.0, 70.0, 100.0, 25.142857142857142, 48.0, 61.714285714285715, 20.0, 61.142857142857146, 69.14285714285714"
}
[2026-03-19 11:13:47] Evaluating test...
[2026-03-19 11:13:48] [Eval] Report @step: 11.00 {
    "test__rsum": 346.7741935483871,
    "test__medr": 3.0,
    "test__meanr": 11.85483870967742,
    "test__n_fold_i2t_recall_1": 10.0,
    "test__n_fold_i2t_recall_5": 100.0,
    "test__n_fold_i2t_recall_10": 100.0,
    "test__n_fold_i2t_rsum": 210.0,
    "test__n_fold_i2t_medr": 2.0,
    "test__n_fold_i2t_meanr": 2.1,
    "test__n_fold_t2i_recall_1": 70.0,
    "test__n_fold_t2i_recall_5": 90.0,
    "test__n_fold_t2i_recall_10": 100.0,
    "test__n_fold_t2i_rsum": 260.0,
    "test__n_fold_t2i_medr": 1.0,
    "test__n_fold_t2i_meanr": 2.2,
    "test__i2t_recall_1": 56.45161290322581,
    "test__i2t_recall_5": 62.903225806451616,
    "test__i2t_recall_10": 72.58064516129032,
    "test__i2t_rsum": 191.93548387096774,
    "test__i2t_medr": 1.0,
    "test__i2t_meanr": 6.064516129032258,
    "test__t2i_recall_1": 8.064516129032258,
    "test__t2i_recall_5": 64.51612903225806,
    "test__t2i_recall_10": 82.25806451612904,
    "test__t2i_rsum": 154.83870967741936,
    "test__t2i_medr": 2.0,
    "test__t2i_meanr": 5.790322580645161,
    "lr": 0.0002,
    "summary": "10.0, 100.0, 100.0, 70.0, 90.0, 100.0, 56.45161290322581, 62.903225806451616, 72.58064516129032, 8.064516129032258, 64.51612903225806, 82.25806451612904"
}
[2026-03-19 11:13:48] Round 12!
[2026-03-19 11:13:48] Training Client 0!
[2026-03-19 11:13:49] Epoch: [12] image	Loss 1.9224 (1.9667)	Prec@1 41.797 (39.974)	Prec@5 94.141 (95.182)
[2026-03-19 11:13:49] TEST:  Epoch: [12] image	Prec@1 37.778 (41.196)	Prec@5 95.556 (96.013)
[2026-03-19 11:13:49] Training Client 1!
[2026-03-19 11:13:49] Epoch: [12] image	Loss 3.0107 (3.0107)	Prec@1 18.359 (18.359)	Prec@5 95.703 (95.703)
[2026-03-19 11:13:49] TEST:  Epoch: [12] image	Prec@1 16.000 (13.595)	Prec@5 94.667 (93.656)
[2026-03-19 11:13:49] Training Client 5!
[2026-03-19 11:13:49] Epoch: [12] text	Loss 3.2207 (3.2207)	Prec@1 9.375 (9.375)	Prec@5 64.453 (64.453)
[2026-03-19 11:13:50] TEST:  Epoch: [12] text	Prec@1 37.778 (41.196)	Prec@5 71.111 (67.774)
[2026-03-19 11:13:50] Training Client 4!
[2026-03-19 11:13:50] Epoch: [12] image	Loss 2.5928 (2.5928)	Prec@1 64.844 (64.844)	Prec@5 81.250 (81.250)
[2026-03-19 11:13:50] TEST:  Epoch: [12] image	Prec@1 56.452 (56.452)	Prec@5 74.194 (74.194)
[2026-03-19 11:13:50] Training Client 3!
[2026-03-19 11:13:50] Epoch: [12] image	Loss 2.2402 (2.2282)	Prec@1 25.391 (27.734)	Prec@5 88.672 (89.844)
[2026-03-19 11:13:50] TEST:  Epoch: [12] image	Prec@1 20.000 (20.000)	Prec@5 89.714 (89.714)
[2026-03-19 11:13:51] Training Client 14!
[2026-03-19 11:13:51] Epoch 12
[2026-03-19 11:13:51] Skip local epoch for client 4: train loader has no full batch
[2026-03-19 11:13:51] Training Client 10!
[2026-03-19 11:13:51] Epoch 12
[2026-03-19 11:13:52] Training Client 13!
[2026-03-19 11:13:52] Epoch 12
[2026-03-19 11:13:52] Skip local epoch for client 3: train loader has no full batch
[2026-03-19 11:13:52] Training Client 9!
[2026-03-19 11:13:52] Epoch: [12] text	Loss 0.0000 (0.0000)	Prec@1 0.000 (0.000)	Prec@5 0.000 (0.000)
[2026-03-19 11:13:52] TEST:  Epoch: [12] text	Prec@1 0.000 (0.000)	Prec@5 0.000 (0.000)
[2026-03-19 11:13:52] Training Client 12!
[2026-03-19 11:13:52] Epoch 12
[2026-03-19 11:13:54] Training Client 8!
[2026-03-19 11:13:54] Epoch: [12] text	Loss 3.0617 (3.0617)	Prec@1 30.469 (30.469)	Prec@5 61.328 (61.328)
[2026-03-19 11:13:54] TEST:  Epoch: [12] text	Prec@1 20.000 (20.000)	Prec@5 76.000 (76.000)
[2026-03-19 11:13:54] Training Client 6!
[2026-03-19 11:13:54] Epoch: [12] text	Loss 1.8576 (1.9639)	Prec@1 33.203 (29.948)	Prec@5 95.312 (92.969)
[2026-03-19 11:13:55] TEST:  Epoch: [12] text	Prec@1 30.667 (32.931)	Prec@5 96.000 (95.468)
[2026-03-19 11:13:55] Training Client 2!
[2026-03-19 11:13:55] Epoch: [12] image	Loss 1.7926 (1.7972)	Prec@1 51.562 (51.693)	Prec@5 97.656 (98.698)
[2026-03-19 11:13:56] TEST:  Epoch: [12] image	Prec@1 60.484 (53.251)	Prec@5 98.387 (98.767)
[2026-03-19 11:13:56] Training Client 11!
[2026-03-19 11:13:56] Epoch 12
[2026-03-19 11:13:57] Training Client 7!
[2026-03-19 11:13:59] Epoch: [12] text	Loss 1.3441 (1.3627)	Prec@1 55.469 (53.837)	Prec@5 98.828 (99.081)
[2026-03-19 11:14:00] TEST:  Epoch: [12] text	Prec@1 60.484 (53.251)	Prec@5 98.387 (98.767)
[2026-03-19 11:14:00] TEST:  Epoch: [12] image	Prec@1 37.778 (41.196)	Prec@5 95.556 (96.013)
[2026-03-19 11:14:00] TEST:  Epoch: [12] image	Prec@1 16.000 (13.595)	Prec@5 94.667 (93.656)
[2026-03-19 11:14:01] TEST:  Epoch: [12] image	Prec@1 60.484 (53.251)	Prec@5 98.387 (98.767)
[2026-03-19 11:14:01] TEST:  Epoch: [12] image	Prec@1 20.000 (20.000)	Prec@5 89.714 (89.714)
[2026-03-19 11:14:01] TEST:  Epoch: [12] image	Prec@1 56.452 (56.452)	Prec@5 74.194 (74.194)
[2026-03-19 11:14:01] TEST:  Epoch: [12] text	Prec@1 37.778 (41.196)	Prec@5 71.111 (67.774)
[2026-03-19 11:14:02] TEST:  Epoch: [12] text	Prec@1 30.667 (32.931)	Prec@5 94.667 (93.656)
[2026-03-19 11:14:02] TEST:  Epoch: [12] text	Prec@1 60.484 (53.251)	Prec@5 98.387 (98.767)
[2026-03-19 11:14:02] TEST:  Epoch: [12] text	Prec@1 20.000 (20.000)	Prec@5 73.714 (73.714)
[2026-03-19 11:14:03] TEST:  Epoch: [12] text	Prec@1 0.000 (0.000)	Prec@5 0.000 (0.000)
[2026-03-19 11:14:03] Evaluating test...
[2026-03-19 11:14:16] [Eval] Report @step: 12.00 {
    "test__rsum": 311.2956810631229,
    "test__medr": 10.0,
    "test__meanr": 14.009966777408637,
    "test__n_fold_i2t_recall_1": 10.0,
    "test__n_fold_i2t_recall_5": 90.0,
    "test__n_fold_i2t_recall_10": 100.0,
    "test__n_fold_i2t_rsum": 200.0,
    "test__n_fold_i2t_medr": 2.0,
    "test__n_fold_i2t_meanr": 3.3,
    "test__n_fold_t2i_recall_1": 20.0,
    "test__n_fold_t2i_recall_5": 90.0,
    "test__n_fold_t2i_recall_10": 100.0,
    "test__n_fold_t2i_rsum": 210.0,
    "test__n_fold_t2i_medr": 3.0,
    "test__n_fold_t2i_meanr": 3.5,
    "test__i2t_recall_1": 26.578073089700997,
    "test__i2t_recall_5": 44.18604651162791,
    "test__i2t_recall_10": 86.04651162790698,
    "test__i2t_rsum": 156.81063122923587,
    "test__i2t_medr": 6.0,
    "test__i2t_meanr": 8.790697674418604,
    "test__t2i_recall_1": 3.9867109634551494,
    "test__t2i_recall_5": 51.49501661129568,
    "test__t2i_recall_10": 99.00332225913621,
    "test__t2i_rsum": 154.48504983388705,
    "test__t2i_medr": 4.0,
    "test__t2i_meanr": 5.219269102990033,
    "lr": 0.0002,
    "summary": "10.0, 90.0, 100.0, 20.0, 90.0, 100.0, 26.578073089700997, 44.18604651162791, 86.04651162790698, 3.9867109634551494, 51.49501661129568, 99.00332225913621"
}
[2026-03-19 11:14:16] Evaluating test...
[2026-03-19 11:14:30] [Eval] Report @step: 12.00 {
    "test__rsum": 380.0604229607251,
    "test__medr": 5.0,
    "test__meanr": 10.664652567975832,
    "test__n_fold_i2t_recall_1": 40.0,
    "test__n_fold_i2t_recall_5": 100.0,
    "test__n_fold_i2t_recall_10": 100.0,
    "test__n_fold_i2t_rsum": 240.0,
    "test__n_fold_i2t_medr": 3.0,
    "test__n_fold_i2t_meanr": 2.3,
    "test__n_fold_t2i_recall_1": 40.0,
    "test__n_fold_t2i_recall_5": 100.0,
    "test__n_fold_t2i_recall_10": 100.0,
    "test__n_fold_t2i_rsum": 240.0,
    "test__n_fold_t2i_medr": 2.0,
    "test__n_fold_t2i_meanr": 1.9,
    "test__i2t_recall_1": 26.88821752265861,
    "test__i2t_recall_5": 60.42296072507553,
    "test__i2t_recall_10": 82.17522658610272,
    "test__i2t_rsum": 169.48640483383684,
    "test__i2t_medr": 3.0,
    "test__i2t_meanr": 6.148036253776435,
    "test__t2i_recall_1": 45.01510574018127,
    "test__t2i_recall_5": 80.06042296072508,
    "test__t2i_recall_10": 85.49848942598187,
    "test__t2i_rsum": 210.57401812688823,
    "test__t2i_medr": 2.0,
    "test__t2i_meanr": 4.516616314199396,
    "lr": 0.0002,
    "summary": "40.0, 100.0, 100.0, 40.0, 100.0, 100.0, 26.88821752265861, 60.42296072507553, 82.17522658610272, 45.01510574018127, 80.06042296072508, 85.49848942598187"
}
[2026-03-19 11:14:30] Evaluating test...
[2026-03-19 11:15:59] [Eval] Report @step: 12.00 {
    "test__rsum": 392.15246636771303,
    "test__medr": 3.0,
    "test__meanr": 13.119955156950674,
    "test__n_fold_i2t_recall_1": 80.0,
    "test__n_fold_i2t_recall_5": 90.0,
    "test__n_fold_i2t_recall_10": 100.0,
    "test__n_fold_i2t_rsum": 270.0,
    "test__n_fold_i2t_medr": 1.0,
    "test__n_fold_i2t_meanr": 1.9,
    "test__n_fold_t2i_recall_1": 80.0,
    "test__n_fold_t2i_recall_5": 100.0,
    "test__n_fold_t2i_recall_10": 100.0,
    "test__n_fold_t2i_rsum": 280.0,
    "test__n_fold_t2i_medr": 1.0,
    "test__n_fold_t2i_meanr": 1.2,
    "test__i2t_recall_1": 20.96412556053812,
    "test__i2t_recall_5": 79.48430493273543,
    "test__i2t_recall_10": 83.29596412556054,
    "test__i2t_rsum": 183.7443946188341,
    "test__i2t_medr": 2.0,
    "test__i2t_meanr": 6.219730941704036,
    "test__t2i_recall_1": 53.25112107623318,
    "test__t2i_recall_5": 75.11210762331838,
    "test__t2i_recall_10": 80.04484304932735,
    "test__t2i_rsum": 208.4080717488789,
    "test__t2i_medr": 1.0,
    "test__t2i_meanr": 6.900224215246637,
    "lr": 0.0002,
    "summary": "80.0, 90.0, 100.0, 80.0, 100.0, 100.0, 20.96412556053812, 79.48430493273543, 83.29596412556054, 53.25112107623318, 75.11210762331838, 80.04484304932735"
}
[2026-03-19 11:15:59] Evaluating test...
[2026-03-19 11:16:03] [Eval] Report @step: 12.00 {
    "test__rsum": 274.8571428571429,
    "test__medr": 11.0,
    "test__meanr": 20.70285714285714,
    "test__n_fold_i2t_recall_1": 30.0,
    "test__n_fold_i2t_recall_5": 80.0,
    "test__n_fold_i2t_recall_10": 100.0,
    "test__n_fold_i2t_rsum": 210.0,
    "test__n_fold_i2t_medr": 2.0,
    "test__n_fold_i2t_meanr": 2.8,
    "test__n_fold_t2i_recall_1": 30.0,
    "test__n_fold_t2i_recall_5": 70.0,
    "test__n_fold_t2i_recall_10": 100.0,
    "test__n_fold_t2i_rsum": 200.0,
    "test__n_fold_t2i_medr": 4.0,
    "test__n_fold_t2i_meanr": 4.3,
    "test__i2t_recall_1": 20.571428571428573,
    "test__i2t_recall_5": 48.57142857142857,
    "test__i2t_recall_10": 60.0,
    "test__i2t_rsum": 129.14285714285714,
    "test__i2t_medr": 6.0,
    "test__i2t_meanr": 8.52,
    "test__t2i_recall_1": 17.714285714285715,
    "test__t2i_recall_5": 58.857142857142854,
    "test__t2i_recall_10": 69.14285714285714,
    "test__t2i_rsum": 145.71428571428572,
    "test__t2i_medr": 5.0,
    "test__t2i_meanr": 12.182857142857143,
    "lr": 0.0002,
    "summary": "30.0, 80.0, 100.0, 30.0, 70.0, 100.0, 20.571428571428573, 48.57142857142857, 60.0, 17.714285714285715, 58.857142857142854, 69.14285714285714"
}
[2026-03-19 11:16:03] Evaluating test...
[2026-03-19 11:16:03] [Eval] Report @step: 12.00 {
    "test__rsum": 358.0645161290323,
    "test__medr": 3.0,
    "test__meanr": 11.112903225806452,
    "test__n_fold_i2t_recall_1": 10.0,
    "test__n_fold_i2t_recall_5": 100.0,
    "test__n_fold_i2t_recall_10": 100.0,
    "test__n_fold_i2t_rsum": 210.0,
    "test__n_fold_i2t_medr": 3.0,
    "test__n_fold_i2t_meanr": 2.9,
    "test__n_fold_t2i_recall_1": 50.0,
    "test__n_fold_t2i_recall_5": 90.0,
    "test__n_fold_t2i_recall_10": 100.0,
    "test__n_fold_t2i_rsum": 240.0,
    "test__n_fold_t2i_medr": 1.0,
    "test__n_fold_t2i_meanr": 2.3,
    "test__i2t_recall_1": 56.45161290322581,
    "test__i2t_recall_5": 64.51612903225806,
    "test__i2t_recall_10": 82.25806451612904,
    "test__i2t_rsum": 203.22580645161293,
    "test__i2t_medr": 1.0,
    "test__i2t_meanr": 5.564516129032258,
    "test__t2i_recall_1": 8.064516129032258,
    "test__t2i_recall_5": 64.51612903225806,
    "test__t2i_recall_10": 82.25806451612904,
    "test__t2i_rsum": 154.83870967741936,
    "test__t2i_medr": 2.0,
    "test__t2i_meanr": 5.548387096774194,
    "lr": 0.0002,
    "summary": "10.0, 100.0, 100.0, 50.0, 90.0, 100.0, 56.45161290322581, 64.51612903225806, 82.25806451612904, 8.064516129032258, 64.51612903225806, 82.25806451612904"
}
[2026-03-19 11:16:04] Round 13!
[2026-03-19 11:16:04] Training Client 10!
[2026-03-19 11:16:04] Epoch 13
[2026-03-19 11:16:05] Training Client 7!
[2026-03-19 11:16:06] Epoch: [13] text	Loss 1.3859 (1.3555)	Prec@1 53.906 (53.952)	Prec@5 98.828 (99.035)
[2026-03-19 11:16:07] TEST:  Epoch: [13] text	Prec@1 60.484 (53.251)	Prec@5 98.387 (98.767)
[2026-03-19 11:16:07] Training Client 8!
[2026-03-19 11:16:07] Epoch: [13] text	Loss 3.0269 (3.0269)	Prec@1 30.078 (30.078)	Prec@5 78.516 (78.516)
[2026-03-19 11:16:07] TEST:  Epoch: [13] text	Prec@1 20.000 (20.000)	Prec@5 76.000 (76.000)
[2026-03-19 11:16:07] Training Client 2!
[2026-03-19 11:16:08] Epoch: [13] image	Loss 1.6186 (1.7577)	Prec@1 56.641 (51.432)	Prec@5 98.438 (98.438)
[2026-03-19 11:16:08] TEST:  Epoch: [13] image	Prec@1 60.484 (53.251)	Prec@5 98.387 (98.767)
[2026-03-19 11:16:08] Training Client 4!
[2026-03-19 11:16:09] Epoch: [13] image	Loss 2.5147 (2.5147)	Prec@1 60.938 (60.938)	Prec@5 80.078 (80.078)
[2026-03-19 11:16:09] TEST:  Epoch: [13] image	Prec@1 56.452 (56.452)	Prec@5 74.194 (74.194)
[2026-03-19 11:16:09] Training Client 12!
[2026-03-19 11:16:09] Epoch 13
[2026-03-19 11:16:10] Training Client 6!
[2026-03-19 11:16:11] Epoch: [13] text	Loss 1.8891 (1.9151)	Prec@1 31.641 (31.901)	Prec@5 94.922 (93.099)
[2026-03-19 11:16:11] TEST:  Epoch: [13] text	Prec@1 30.667 (32.931)	Prec@5 96.000 (96.375)
[2026-03-19 11:16:11] Training Client 3!
[2026-03-19 11:16:11] Epoch: [13] image	Loss 2.1732 (2.1741)	Prec@1 25.000 (27.734)	Prec@5 88.672 (89.583)
[2026-03-19 11:16:11] TEST:  Epoch: [13] image	Prec@1 20.000 (20.000)	Prec@5 89.714 (89.714)
[2026-03-19 11:16:12] Training Client 14!
[2026-03-19 11:16:12] Epoch 13
[2026-03-19 11:16:12] Skip local epoch for client 4: train loader has no full batch
[2026-03-19 11:16:12] Training Client 5!
[2026-03-19 11:16:12] Epoch: [13] text	Loss 3.1370 (3.1370)	Prec@1 39.062 (39.062)	Prec@5 66.406 (66.406)
[2026-03-19 11:16:12] TEST:  Epoch: [13] text	Prec@1 37.778 (41.196)	Prec@5 71.111 (67.774)
[2026-03-19 11:16:12] Training Client 1!
[2026-03-19 11:16:12] Epoch: [13] image	Loss 2.9382 (2.9382)	Prec@1 20.703 (20.703)	Prec@5 96.484 (96.484)
[2026-03-19 11:16:13] TEST:  Epoch: [13] image	Prec@1 16.000 (13.595)	Prec@5 94.667 (93.656)
[2026-03-19 11:16:13] Training Client 11!
[2026-03-19 11:16:13] Epoch 13
[2026-03-19 11:16:14] Training Client 9!
[2026-03-19 11:16:14] Epoch: [13] text	Loss 0.0000 (0.0000)	Prec@1 0.000 (0.000)	Prec@5 0.000 (0.000)
[2026-03-19 11:16:14] TEST:  Epoch: [13] text	Prec@1 0.000 (0.000)	Prec@5 0.000 (0.000)
[2026-03-19 11:16:14] Training Client 13!
[2026-03-19 11:16:14] Epoch 13
[2026-03-19 11:16:14] Skip local epoch for client 3: train loader has no full batch
[2026-03-19 11:16:15] Training Client 0!
[2026-03-19 11:16:15] Epoch: [13] image	Loss 1.7361 (1.8986)	Prec@1 46.484 (40.755)	Prec@5 96.875 (95.964)
[2026-03-19 11:16:15] TEST:  Epoch: [13] image	Prec@1 37.778 (41.196)	Prec@5 95.556 (96.013)
[2026-03-19 11:16:16] TEST:  Epoch: [13] image	Prec@1 37.778 (41.196)	Prec@5 95.556 (96.013)
[2026-03-19 11:16:16] TEST:  Epoch: [13] image	Prec@1 16.000 (13.595)	Prec@5 94.667 (93.656)
[2026-03-19 11:16:17] TEST:  Epoch: [13] image	Prec@1 60.484 (53.251)	Prec@5 98.387 (98.767)
[2026-03-19 11:16:17] TEST:  Epoch: [13] image	Prec@1 20.000 (20.000)	Prec@5 89.714 (89.714)
[2026-03-19 11:16:17] TEST:  Epoch: [13] image	Prec@1 56.452 (56.452)	Prec@5 74.194 (74.194)
[2026-03-19 11:16:17] TEST:  Epoch: [13] text	Prec@1 37.778 (41.196)	Prec@5 71.111 (67.774)
[2026-03-19 11:16:17] TEST:  Epoch: [13] text	Prec@1 30.667 (32.931)	Prec@5 94.667 (93.656)
[2026-03-19 11:16:18] TEST:  Epoch: [13] text	Prec@1 60.484 (53.251)	Prec@5 98.387 (98.767)
[2026-03-19 11:16:18] TEST:  Epoch: [13] text	Prec@1 20.000 (20.000)	Prec@5 76.000 (76.000)
[2026-03-19 11:16:18] TEST:  Epoch: [13] text	Prec@1 0.000 (0.000)	Prec@5 0.000 (0.000)
[2026-03-19 11:16:18] Evaluating test...
[2026-03-19 11:16:31] [Eval] Report @step: 13.00 {
    "test__rsum": 319.93355481727576,
    "test__medr": 9.0,
    "test__meanr": 14.46843853820598,
    "test__n_fold_i2t_recall_1": 10.0,
    "test__n_fold_i2t_recall_5": 90.0,
    "test__n_fold_i2t_recall_10": 100.0,
    "test__n_fold_i2t_rsum": 200.0,
    "test__n_fold_i2t_medr": 2.0,
    "test__n_fold_i2t_meanr": 2.9,
    "test__n_fold_t2i_recall_1": 20.0,
    "test__n_fold_t2i_recall_5": 90.0,
    "test__n_fold_t2i_recall_10": 100.0,
    "test__n_fold_t2i_rsum": 210.0,
    "test__n_fold_t2i_medr": 3.0,
    "test__n_fold_t2i_meanr": 3.0,
    "test__i2t_recall_1": 26.578073089700997,
    "test__i2t_recall_5": 58.47176079734219,
    "test__i2t_recall_10": 86.37873754152824,
    "test__i2t_rsum": 171.42857142857144,
    "test__i2t_medr": 5.0,
    "test__i2t_meanr": 9.205980066445182,
    "test__t2i_recall_1": 3.9867109634551494,
    "test__t2i_recall_5": 51.16279069767442,
    "test__t2i_recall_10": 93.35548172757476,
    "test__t2i_rsum": 148.50498338870432,
    "test__t2i_medr": 4.0,
    "test__t2i_meanr": 5.262458471760797,
    "lr": 0.0002,
    "summary": "10.0, 90.0, 100.0, 20.0, 90.0, 100.0, 26.578073089700997, 58.47176079734219, 86.37873754152824, 3.9867109634551494, 51.16279069767442, 93.35548172757476"
}
[2026-03-19 11:16:31] Evaluating test...
[2026-03-19 11:16:46] [Eval] Report @step: 13.00 {
    "test__rsum": 384.29003021148037,
    "test__medr": 5.0,
    "test__meanr": 10.770392749244714,
    "test__n_fold_i2t_recall_1": 40.0,
    "test__n_fold_i2t_recall_5": 100.0,
    "test__n_fold_i2t_recall_10": 100.0,
    "test__n_fold_i2t_rsum": 240.0,
    "test__n_fold_i2t_medr": 2.0,
    "test__n_fold_i2t_meanr": 1.9,
    "test__n_fold_t2i_recall_1": 40.0,
    "test__n_fold_t2i_recall_5": 100.0,
    "test__n_fold_t2i_recall_10": 100.0,
    "test__n_fold_t2i_rsum": 240.0,
    "test__n_fold_t2i_medr": 2.0,
    "test__n_fold_t2i_meanr": 1.8,
    "test__i2t_recall_1": 26.88821752265861,
    "test__i2t_recall_5": 65.86102719033232,
    "test__i2t_recall_10": 81.57099697885197,
    "test__i2t_rsum": 174.3202416918429,
    "test__i2t_medr": 3.0,
    "test__i2t_meanr": 6.235649546827794,
    "test__t2i_recall_1": 45.01510574018127,
    "test__t2i_recall_5": 77.94561933534743,
    "test__t2i_recall_10": 87.00906344410876,
    "test__t2i_rsum": 209.96978851963746,
    "test__t2i_medr": 2.0,
    "test__t2i_meanr": 4.5347432024169185,
    "lr": 0.0002,
    "summary": "40.0, 100.0, 100.0, 40.0, 100.0, 100.0, 26.88821752265861, 65.86102719033232, 81.57099697885197, 45.01510574018127, 77.94561933534743, 87.00906344410876"
}
[2026-03-19 11:16:46] Evaluating test...
[2026-03-19 11:18:44] [Eval] Report @step: 13.00 {
    "test__rsum": 398.76681614349775,
    "test__medr": 3.0,
    "test__meanr": 11.504484304932735,
    "test__n_fold_i2t_recall_1": 80.0,
    "test__n_fold_i2t_recall_5": 90.0,
    "test__n_fold_i2t_recall_10": 100.0,
    "test__n_fold_i2t_rsum": 270.0,
    "test__n_fold_i2t_medr": 1.0,
    "test__n_fold_i2t_meanr": 1.9,
    "test__n_fold_t2i_recall_1": 80.0,
    "test__n_fold_t2i_recall_5": 100.0,
    "test__n_fold_t2i_recall_10": 100.0,
    "test__n_fold_t2i_rsum": 280.0,
    "test__n_fold_t2i_medr": 1.0,
    "test__n_fold_t2i_meanr": 1.2,
    "test__i2t_recall_1": 20.96412556053812,
    "test__i2t_recall_5": 80.82959641255606,
    "test__i2t_recall_10": 85.42600896860986,
    "test__i2t_rsum": 187.21973094170403,
    "test__i2t_medr": 2.0,
    "test__i2t_meanr": 5.661434977578475,
    "test__t2i_recall_1": 53.25112107623318,
    "test__t2i_recall_5": 77.01793721973094,
    "test__t2i_recall_10": 81.27802690582959,
    "test__t2i_rsum": 211.54708520179372,
    "test__t2i_medr": 1.0,
    "test__t2i_meanr": 5.84304932735426,
    "lr": 0.0002,
    "summary": "80.0, 90.0, 100.0, 80.0, 100.0, 100.0, 20.96412556053812, 80.82959641255606, 85.42600896860986, 53.25112107623318, 77.01793721973094, 81.27802690582959"
}
[2026-03-19 11:18:44] Evaluating test...
[2026-03-19 11:19:00] [Eval] Report @step: 13.00 {
    "test__rsum": 269.1428571428571,
    "test__medr": 12.0,
    "test__meanr": 19.13142857142857,
    "test__n_fold_i2t_recall_1": 30.0,
    "test__n_fold_i2t_recall_5": 80.0,
    "test__n_fold_i2t_recall_10": 100.0,
    "test__n_fold_i2t_rsum": 210.0,
    "test__n_fold_i2t_medr": 2.0,
    "test__n_fold_i2t_meanr": 2.6,
    "test__n_fold_t2i_recall_1": 30.0,
    "test__n_fold_t2i_recall_5": 70.0,
    "test__n_fold_t2i_recall_10": 100.0,
    "test__n_fold_t2i_rsum": 200.0,
    "test__n_fold_t2i_medr": 4.0,
    "test__n_fold_t2i_meanr": 4.3,
    "test__i2t_recall_1": 19.428571428571427,
    "test__i2t_recall_5": 45.142857142857146,
    "test__i2t_recall_10": 66.28571428571429,
    "test__i2t_rsum": 130.85714285714286,
    "test__i2t_medr": 7.0,
    "test__i2t_meanr": 7.565714285714286,
    "test__t2i_recall_1": 17.714285714285715,
    "test__t2i_recall_5": 51.42857142857143,
    "test__t2i_recall_10": 69.14285714285714,
    "test__t2i_rsum": 138.28571428571428,
    "test__t2i_medr": 5.0,
    "test__t2i_meanr": 11.565714285714286,
    "lr": 0.0002,
    "summary": "30.0, 80.0, 100.0, 30.0, 70.0, 100.0, 19.428571428571427, 45.142857142857146, 66.28571428571429, 17.714285714285715, 51.42857142857143, 69.14285714285714"
}
[2026-03-19 11:19:00] Evaluating test...
[2026-03-19 11:19:05] [Eval] Report @step: 13.00 {
    "test__rsum": 366.1290322580645,
    "test__medr": 3.0,
    "test__meanr": 10.70967741935484,
    "test__n_fold_i2t_recall_1": 10.0,
    "test__n_fold_i2t_recall_5": 100.0,
    "test__n_fold_i2t_recall_10": 100.0,
    "test__n_fold_i2t_rsum": 210.0,
    "test__n_fold_i2t_medr": 3.0,
    "test__n_fold_i2t_meanr": 2.9,
    "test__n_fold_t2i_recall_1": 50.0,
    "test__n_fold_t2i_recall_5": 90.0,
    "test__n_fold_t2i_recall_10": 100.0,
    "test__n_fold_t2i_rsum": 240.0,
    "test__n_fold_t2i_medr": 1.0,
    "test__n_fold_t2i_meanr": 2.2,
    "test__i2t_recall_1": 56.45161290322581,
    "test__i2t_recall_5": 61.29032258064516,
    "test__i2t_recall_10": 85.48387096774194,
    "test__i2t_rsum": 203.22580645161293,
    "test__i2t_medr": 1.0,
    "test__i2t_meanr": 5.403225806451613,
    "test__t2i_recall_1": 8.064516129032258,
    "test__t2i_recall_5": 72.58064516129032,
    "test__t2i_recall_10": 82.25806451612904,
    "test__t2i_rsum": 162.90322580645162,
    "test__t2i_medr": 2.0,
    "test__t2i_meanr": 5.306451612903226,
    "lr": 0.0002,
    "summary": "10.0, 100.0, 100.0, 50.0, 90.0, 100.0, 56.45161290322581, 61.29032258064516, 85.48387096774194, 8.064516129032258, 72.58064516129032, 82.25806451612904"
}
[2026-03-19 11:19:05] Round 14!
[2026-03-19 11:19:05] Training Client 14!
[2026-03-19 11:19:06] Epoch 14
[2026-03-19 11:19:06] Skip local epoch for client 4: train loader has no full batch
[2026-03-19 11:19:06] Training Client 8!
[2026-03-19 11:19:06] Epoch: [14] text	Loss 2.9871 (2.9871)	Prec@1 29.688 (29.688)	Prec@5 76.562 (76.562)
[2026-03-19 11:19:06] TEST:  Epoch: [14] text	Prec@1 20.000 (20.000)	Prec@5 76.000 (76.000)
[2026-03-19 11:19:06] Training Client 7!
[2026-03-19 11:19:08] Epoch: [14] text	Loss 1.4223 (1.3544)	Prec@1 48.047 (53.653)	Prec@5 98.828 (99.058)
[2026-03-19 11:19:08] TEST:  Epoch: [14] text	Prec@1 60.484 (53.251)	Prec@5 98.387 (98.767)
[2026-03-19 11:19:08] Training Client 1!
[2026-03-19 11:19:09] Epoch: [14] image	Loss 2.8923 (2.8923)	Prec@1 17.969 (17.969)	Prec@5 95.312 (95.312)
[2026-03-19 11:19:09] TEST:  Epoch: [14] image	Prec@1 16.000 (13.595)	Prec@5 94.667 (93.656)
[2026-03-19 11:19:09] Training Client 3!
[2026-03-19 11:19:09] Epoch: [14] image	Loss 2.1311 (2.1319)	Prec@1 26.953 (27.865)	Prec@5 90.234 (89.844)
[2026-03-19 11:19:09] TEST:  Epoch: [14] image	Prec@1 20.000 (20.000)	Prec@5 89.714 (89.714)
[2026-03-19 11:19:10] Training Client 10!
[2026-03-19 11:19:10] Epoch 14
[2026-03-19 11:19:11] Training Client 11!
[2026-03-19 11:19:11] Epoch 14
[2026-03-19 11:19:12] Training Client 5!
[2026-03-19 11:19:13] Epoch: [14] text	Loss 3.0569 (3.0569)	Prec@1 36.328 (36.328)	Prec@5 65.234 (65.234)
[2026-03-19 11:19:13] TEST:  Epoch: [14] text	Prec@1 37.778 (41.196)	Prec@5 84.444 (85.050)
[2026-03-19 11:19:13] Training Client 0!
[2026-03-19 11:19:13] Epoch: [14] image	Loss 1.9010 (1.8556)	Prec@1 37.500 (39.714)	Prec@5 96.094 (95.964)
[2026-03-19 11:19:13] TEST:  Epoch: [14] image	Prec@1 37.778 (41.196)	Prec@5 95.556 (96.013)
[2026-03-19 11:19:14] Training Client 4!
[2026-03-19 11:19:14] Epoch: [14] image	Loss 2.3973 (2.3973)	Prec@1 61.328 (61.328)	Prec@5 78.906 (78.906)
[2026-03-19 11:19:14] TEST:  Epoch: [14] image	Prec@1 56.452 (56.452)	Prec@5 74.194 (74.194)
[2026-03-19 11:19:14] Training Client 12!
[2026-03-19 11:19:14] Epoch 14
[2026-03-19 11:19:16] Training Client 13!
[2026-03-19 11:19:16] Epoch 14
[2026-03-19 11:19:16] Skip local epoch for client 3: train loader has no full batch
[2026-03-19 11:19:16] Training Client 2!
[2026-03-19 11:19:17] Epoch: [14] image	Loss 1.6103 (1.6742)	Prec@1 51.953 (52.214)	Prec@5 100.000 (99.089)
[2026-03-19 11:19:17] TEST:  Epoch: [14] image	Prec@1 60.484 (53.251)	Prec@5 98.387 (98.767)
[2026-03-19 11:19:18] Training Client 6!
[2026-03-19 11:19:18] Epoch: [14] text	Loss 1.8227 (1.8678)	Prec@1 32.422 (30.990)	Prec@5 98.047 (95.052)
[2026-03-19 11:19:18] TEST:  Epoch: [14] text	Prec@1 30.667 (32.931)	Prec@5 96.000 (96.375)
[2026-03-19 11:19:18] Training Client 9!
[2026-03-19 11:19:18] Epoch: [14] text	Loss 0.0000 (0.0000)	Prec@1 0.000 (0.000)	Prec@5 0.000 (0.000)
[2026-03-19 11:19:18] TEST:  Epoch: [14] text	Prec@1 0.000 (0.000)	Prec@5 0.000 (0.000)
[2026-03-19 11:19:19] TEST:  Epoch: [14] image	Prec@1 37.778 (41.196)	Prec@5 95.556 (96.013)
[2026-03-19 11:19:19] TEST:  Epoch: [14] image	Prec@1 16.000 (13.595)	Prec@5 94.667 (93.656)
[2026-03-19 11:19:20] TEST:  Epoch: [14] image	Prec@1 60.484 (53.251)	Prec@5 98.387 (98.767)
[2026-03-19 11:19:20] TEST:  Epoch: [14] image	Prec@1 20.000 (20.000)	Prec@5 89.714 (89.714)
[2026-03-19 11:19:20] TEST:  Epoch: [14] image	Prec@1 56.452 (56.452)	Prec@5 74.194 (74.194)
[2026-03-19 11:19:20] TEST:  Epoch: [14] text	Prec@1 37.778 (41.196)	Prec@5 71.111 (67.774)
[2026-03-19 11:19:21] TEST:  Epoch: [14] text	Prec@1 30.667 (32.931)	Prec@5 96.000 (96.375)
[2026-03-19 11:19:21] TEST:  Epoch: [14] text	Prec@1 60.484 (53.251)	Prec@5 98.387 (98.767)
[2026-03-19 11:19:22] TEST:  Epoch: [14] text	Prec@1 20.000 (20.000)	Prec@5 76.000 (76.000)
[2026-03-19 11:19:22] TEST:  Epoch: [14] text	Prec@1 0.000 (0.000)	Prec@5 0.000 (0.000)
[2026-03-19 11:19:22] Evaluating test...
[2026-03-19 11:20:13] [Eval] Report @step: 14.00 {
    "test__rsum": 337.87375415282395,
    "test__medr": 8.0,
    "test__meanr": 13.09966777408638,
    "test__n_fold_i2t_recall_1": 10.0,
    "test__n_fold_i2t_recall_5": 90.0,
    "test__n_fold_i2t_recall_10": 100.0,
    "test__n_fold_i2t_rsum": 200.0,
    "test__n_fold_i2t_medr": 2.0,
    "test__n_fold_i2t_meanr": 2.8,
    "test__n_fold_t2i_recall_1": 20.0,
    "test__n_fold_t2i_recall_5": 90.0,
    "test__n_fold_t2i_recall_10": 100.0,
    "test__n_fold_t2i_rsum": 210.0,
    "test__n_fold_t2i_medr": 3.0,
    "test__n_fold_t2i_meanr": 2.9,
    "test__i2t_recall_1": 26.578073089700997,
    "test__i2t_recall_5": 70.09966777408638,
    "test__i2t_recall_10": 86.7109634551495,
    "test__i2t_rsum": 183.38870431893687,
    "test__i2t_medr": 4.0,
    "test__i2t_meanr": 7.827242524916944,
    "test__t2i_recall_1": 4.983388704318937,
    "test__t2i_recall_5": 56.14617940199336,
    "test__t2i_recall_10": 93.35548172757476,
    "test__t2i_rsum": 154.48504983388705,
    "test__t2i_medr": 4.0,
    "test__t2i_meanr": 5.2724252491694354,
    "lr": 0.0002,
    "summary": "10.0, 90.0, 100.0, 20.0, 90.0, 100.0, 26.578073089700997, 70.09966777408638, 86.7109634551495, 4.983388704318937, 56.14617940199336, 93.35548172757476"
}
[2026-03-19 11:20:13] Evaluating test...
[2026-03-19 11:20:59] [Eval] Report @step: 14.00 {
    "test__rsum": 387.6132930513595,
    "test__medr": 5.0,
    "test__meanr": 10.746223564954683,
    "test__n_fold_i2t_recall_1": 50.0,
    "test__n_fold_i2t_recall_5": 100.0,
    "test__n_fold_i2t_recall_10": 100.0,
    "test__n_fold_i2t_rsum": 250.0,
    "test__n_fold_i2t_medr": 1.0,
    "test__n_fold_i2t_meanr": 1.5,
    "test__n_fold_t2i_recall_1": 50.0,
    "test__n_fold_t2i_recall_5": 100.0,
    "test__n_fold_t2i_recall_10": 100.0,
    "test__n_fold_t2i_rsum": 250.0,
    "test__n_fold_t2i_medr": 1.0,
    "test__n_fold_t2i_meanr": 1.8,
    "test__i2t_recall_1": 25.981873111782477,
    "test__i2t_recall_5": 68.58006042296073,
    "test__i2t_recall_10": 83.98791540785498,
    "test__i2t_rsum": 178.5498489425982,
    "test__i2t_medr": 3.0,
    "test__i2t_meanr": 5.9637462235649545,
    "test__t2i_recall_1": 47.43202416918429,
    "test__t2i_recall_5": 74.62235649546828,
    "test__t2i_recall_10": 87.00906344410876,
    "test__t2i_rsum": 209.06344410876133,
    "test__t2i_medr": 2.0,
    "test__t2i_meanr": 4.782477341389728,
    "lr": 0.0002,
    "summary": "50.0, 100.0, 100.0, 50.0, 100.0, 100.0, 25.981873111782477, 68.58006042296073, 83.98791540785498, 47.43202416918429, 74.62235649546828, 87.00906344410876"
}
[2026-03-19 11:20:59] Evaluating test...
[2026-03-19 11:23:10] [Eval] Report @step: 14.00 {
    "test__rsum": 399.43946188340806,
    "test__medr": 4.0,
    "test__meanr": 12.939461883408072,
    "test__n_fold_i2t_recall_1": 80.0,
    "test__n_fold_i2t_recall_5": 100.0,
    "test__n_fold_i2t_recall_10": 100.0,
    "test__n_fold_i2t_rsum": 280.0,
    "test__n_fold_i2t_medr": 1.0,
    "test__n_fold_i2t_meanr": 1.7,
    "test__n_fold_t2i_recall_1": 80.0,
    "test__n_fold_t2i_recall_5": 100.0,
    "test__n_fold_t2i_recall_10": 100.0,
    "test__n_fold_t2i_rsum": 280.0,
    "test__n_fold_t2i_medr": 1.0,
    "test__n_fold_t2i_meanr": 1.3,
    "test__i2t_recall_1": 20.96412556053812,
    "test__i2t_recall_5": 80.26905829596413,
    "test__i2t_recall_10": 84.75336322869956,
    "test__i2t_rsum": 185.9865470852018,
    "test__i2t_medr": 3.0,
    "test__i2t_meanr": 6.619955156950673,
    "test__t2i_recall_1": 53.25112107623318,
    "test__t2i_recall_5": 78.36322869955157,
    "test__t2i_recall_10": 81.83856502242152,
    "test__t2i_rsum": 213.45291479820628,
    "test__t2i_medr": 1.0,
    "test__t2i_meanr": 6.319506726457399,
    "lr": 0.0002,
    "summary": "80.0, 100.0, 100.0, 80.0, 100.0, 100.0, 20.96412556053812, 80.26905829596413, 84.75336322869956, 53.25112107623318, 78.36322869955157, 81.83856502242152"
}
[2026-03-19 11:23:10] Evaluating test...
[2026-03-19 11:23:11] [Eval] Report @step: 14.00 {
    "test__rsum": 284.0,
    "test__medr": 11.0,
    "test__meanr": 18.062857142857144,
    "test__n_fold_i2t_recall_1": 30.0,
    "test__n_fold_i2t_recall_5": 80.0,
    "test__n_fold_i2t_recall_10": 100.0,
    "test__n_fold_i2t_rsum": 210.0,
    "test__n_fold_i2t_medr": 2.0,
    "test__n_fold_i2t_meanr": 2.7,
    "test__n_fold_t2i_recall_1": 30.0,
    "test__n_fold_t2i_recall_5": 70.0,
    "test__n_fold_t2i_recall_10": 100.0,
    "test__n_fold_t2i_rsum": 200.0,
    "test__n_fold_t2i_medr": 4.0,
    "test__n_fold_t2i_meanr": 4.2,
    "test__i2t_recall_1": 21.142857142857142,
    "test__i2t_recall_5": 48.0,
    "test__i2t_recall_10": 76.57142857142857,
    "test__i2t_rsum": 145.71428571428572,
    "test__i2t_medr": 6.0,
    "test__i2t_meanr": 6.988571428571428,
    "test__t2i_recall_1": 16.571428571428573,
    "test__t2i_recall_5": 50.285714285714285,
    "test__t2i_recall_10": 71.42857142857143,
    "test__t2i_rsum": 138.28571428571428,
    "test__t2i_medr": 5.0,
    "test__t2i_meanr": 11.074285714285715,
    "lr": 0.0002,
    "summary": "30.0, 80.0, 100.0, 30.0, 70.0, 100.0, 21.142857142857142, 48.0, 76.57142857142857, 16.571428571428573, 50.285714285714285, 71.42857142857143"
}
[2026-03-19 11:23:11] Evaluating test...
[2026-03-19 11:23:11] [Eval] Report @step: 14.00 {
    "test__rsum": 383.8709677419355,
    "test__medr": 3.0,
    "test__meanr": 9.983870967741936,
    "test__n_fold_i2t_recall_1": 20.0,
    "test__n_fold_i2t_recall_5": 100.0,
    "test__n_fold_i2t_recall_10": 100.0,
    "test__n_fold_i2t_rsum": 220.0,
    "test__n_fold_i2t_medr": 3.0,
    "test__n_fold_i2t_meanr": 2.8,
    "test__n_fold_t2i_recall_1": 30.0,
    "test__n_fold_t2i_recall_5": 90.0,
    "test__n_fold_t2i_recall_10": 100.0,
    "test__n_fold_t2i_rsum": 220.0,
    "test__n_fold_t2i_medr": 2.0,
    "test__n_fold_t2i_meanr": 2.5,
    "test__i2t_recall_1": 56.45161290322581,
    "test__i2t_recall_5": 64.51612903225806,
    "test__i2t_recall_10": 85.48387096774194,
    "test__i2t_rsum": 206.4516129032258,
    "test__i2t_medr": 1.0,
    "test__i2t_meanr": 4.887096774193548,
    "test__t2i_recall_1": 11.290322580645162,
    "test__t2i_recall_5": 82.25806451612904,
    "test__t2i_recall_10": 83.87096774193549,
    "test__t2i_rsum": 177.4193548387097,
    "test__t2i_medr": 2.0,
    "test__t2i_meanr": 5.096774193548387,
    "lr": 0.0002,
    "summary": "20.0, 100.0, 100.0, 30.0, 90.0, 100.0, 56.45161290322581, 64.51612903225806, 85.48387096774194, 11.290322580645162, 82.25806451612904, 83.87096774193549"
}
[2026-03-19 11:23:11] Round 15!
[2026-03-19 11:23:11] Training Client 1!
[2026-03-19 11:23:11] Epoch: [15] image	Loss 2.8252 (2.8252)	Prec@1 19.922 (19.922)	Prec@5 95.312 (95.312)
[2026-03-19 11:23:12] TEST:  Epoch: [15] image	Prec@1 17.333 (15.106)	Prec@5 94.667 (93.656)
[2026-03-19 11:23:12] Training Client 11!
[2026-03-19 11:23:12] Epoch 15
[2026-03-19 11:23:13] Training Client 10!
[2026-03-19 11:23:13] Epoch 15
[2026-03-19 11:23:14] Training Client 0!
[2026-03-19 11:23:14] Epoch: [15] image	Loss 1.9124 (1.8559)	Prec@1 37.500 (40.755)	Prec@5 95.703 (95.573)
[2026-03-19 11:23:15] TEST:  Epoch: [15] image	Prec@1 37.778 (41.196)	Prec@5 95.556 (96.013)
[2026-03-19 11:23:15] Training Client 3!
[2026-03-19 11:23:15] Epoch: [15] image	Loss 2.0550 (2.0912)	Prec@1 30.859 (27.995)	Prec@5 89.453 (89.844)
[2026-03-19 11:23:15] TEST:  Epoch: [15] image	Prec@1 20.000 (20.000)	Prec@5 89.714 (89.714)
[2026-03-19 11:23:15] Training Client 14!
[2026-03-19 11:23:15] Epoch 15
[2026-03-19 11:23:15] Skip local epoch for client 4: train loader has no full batch
[2026-03-19 11:23:16] Training Client 13!
[2026-03-19 11:23:16] Epoch 15
[2026-03-19 11:23:16] Skip local epoch for client 3: train loader has no full batch
[2026-03-19 11:23:16] Training Client 5!
[2026-03-19 11:23:16] Epoch: [15] text	Loss 2.9507 (2.9507)	Prec@1 39.453 (39.453)	Prec@5 67.969 (67.969)
[2026-03-19 11:23:16] TEST:  Epoch: [15] text	Prec@1 37.778 (41.196)	Prec@5 84.444 (85.382)
[2026-03-19 11:23:16] Training Client 8!
[2026-03-19 11:23:16] Epoch: [15] text	Loss 2.9416 (2.9416)	Prec@1 27.344 (27.344)	Prec@5 77.344 (77.344)
[2026-03-19 11:23:16] TEST:  Epoch: [15] text	Prec@1 20.000 (20.000)	Prec@5 76.000 (76.000)
[2026-03-19 11:23:17] Training Client 4!
[2026-03-19 11:23:17] Epoch: [15] image	Loss 2.2554 (2.2554)	Prec@1 62.891 (62.891)	Prec@5 80.469 (80.469)
[2026-03-19 11:23:17] TEST:  Epoch: [15] image	Prec@1 56.452 (56.452)	Prec@5 74.194 (74.194)
[2026-03-19 11:23:17] Training Client 9!
[2026-03-19 11:23:17] Epoch: [15] text	Loss 0.0000 (0.0000)	Prec@1 0.000 (0.000)	Prec@5 0.000 (0.000)
[2026-03-19 11:23:17] TEST:  Epoch: [15] text	Prec@1 0.000 (0.000)	Prec@5 0.000 (0.000)
[2026-03-19 11:23:17] Training Client 2!
[2026-03-19 11:23:17] Epoch: [15] image	Loss 1.6905 (1.6892)	Prec@1 48.828 (50.521)	Prec@5 99.219 (98.568)
[2026-03-19 11:23:18] TEST:  Epoch: [15] image	Prec@1 60.484 (53.251)	Prec@5 98.387 (98.767)
[2026-03-19 11:23:18] Training Client 12!
[2026-03-19 11:23:18] Epoch 15
[2026-03-19 11:23:20] Training Client 7!
[2026-03-19 11:23:22] Epoch: [15] text	Loss 1.3848 (1.3480)	Prec@1 51.953 (53.676)	Prec@5 98.828 (99.127)
[2026-03-19 11:23:22] TEST:  Epoch: [15] text	Prec@1 60.484 (53.251)	Prec@5 98.387 (98.767)
[2026-03-19 11:23:22] Training Client 6!
[2026-03-19 11:23:23] Epoch: [15] text	Loss 1.8169 (1.8566)	Prec@1 33.984 (30.729)	Prec@5 96.875 (96.094)
[2026-03-19 11:23:23] TEST:  Epoch: [15] text	Prec@1 30.667 (32.931)	Prec@5 96.000 (96.375)
[2026-03-19 11:23:23] TEST:  Epoch: [15] image	Prec@1 37.778 (41.196)	Prec@5 95.556 (96.013)
[2026-03-19 11:23:24] TEST:  Epoch: [15] image	Prec@1 16.000 (13.595)	Prec@5 94.667 (93.656)
[2026-03-19 11:23:24] TEST:  Epoch: [15] image	Prec@1 60.484 (53.251)	Prec@5 98.387 (98.767)
[2026-03-19 11:23:25] TEST:  Epoch: [15] image	Prec@1 20.000 (20.000)	Prec@5 89.714 (89.714)
[2026-03-19 11:23:25] TEST:  Epoch: [15] image	Prec@1 56.452 (56.452)	Prec@5 74.194 (74.194)
[2026-03-19 11:23:25] TEST:  Epoch: [15] text	Prec@1 37.778 (41.196)	Prec@5 84.444 (85.050)
[2026-03-19 11:23:25] TEST:  Epoch: [15] text	Prec@1 30.667 (32.931)	Prec@5 96.000 (96.375)
[2026-03-19 11:23:26] TEST:  Epoch: [15] text	Prec@1 60.484 (53.251)	Prec@5 98.387 (98.767)
[2026-03-19 11:23:26] TEST:  Epoch: [15] text	Prec@1 20.000 (20.000)	Prec@5 76.000 (76.000)
[2026-03-19 11:23:26] TEST:  Epoch: [15] text	Prec@1 0.000 (0.000)	Prec@5 0.000 (0.000)
[2026-03-19 11:23:26] Evaluating test...
[2026-03-19 11:23:37] [Eval] Report @step: 15.00 {
    "test__rsum": 385.3820598006645,
    "test__medr": 5.0,
    "test__meanr": 10.843853820598007,
    "test__n_fold_i2t_recall_1": 50.0,
    "test__n_fold_i2t_recall_5": 90.0,
    "test__n_fold_i2t_recall_10": 100.0,
    "test__n_fold_i2t_rsum": 240.0,
    "test__n_fold_i2t_medr": 1.0,
    "test__n_fold_i2t_meanr": 2.3,
    "test__n_fold_t2i_recall_1": 20.0,
    "test__n_fold_t2i_recall_5": 90.0,
    "test__n_fold_t2i_recall_10": 100.0,
    "test__n_fold_t2i_rsum": 210.0,
    "test__n_fold_t2i_medr": 3.0,
    "test__n_fold_t2i_meanr": 2.9,
    "test__i2t_recall_1": 34.21926910299003,
    "test__i2t_recall_5": 77.07641196013289,
    "test__i2t_recall_10": 86.37873754152824,
    "test__i2t_rsum": 197.67441860465115,
    "test__i2t_medr": 2.0,
    "test__i2t_meanr": 6.627906976744186,
    "test__t2i_recall_1": 18.93687707641196,
    "test__t2i_recall_5": 71.76079734219269,
    "test__t2i_recall_10": 97.00996677740864,
    "test__t2i_rsum": 187.7076411960133,
    "test__t2i_medr": 3.0,
    "test__t2i_meanr": 4.215946843853821,
    "lr": 0.0002,
    "summary": "50.0, 90.0, 100.0, 20.0, 90.0, 100.0, 34.21926910299003, 77.07641196013289, 86.37873754152824, 18.93687707641196, 71.76079734219269, 97.00996677740864"
}
[2026-03-19 11:23:37] Evaluating test...
[2026-03-19 11:23:48] [Eval] Report @step: 15.00 {
    "test__rsum": 393.35347432024173,
    "test__medr": 5.0,
    "test__meanr": 11.160120845921451,
    "test__n_fold_i2t_recall_1": 80.0,
    "test__n_fold_i2t_recall_5": 100.0,
    "test__n_fold_i2t_recall_10": 100.0,
    "test__n_fold_i2t_rsum": 280.0,
    "test__n_fold_i2t_medr": 1.0,
    "test__n_fold_i2t_meanr": 1.2,
    "test__n_fold_t2i_recall_1": 60.0,
    "test__n_fold_t2i_recall_5": 100.0,
    "test__n_fold_t2i_recall_10": 100.0,
    "test__n_fold_t2i_rsum": 260.0,
    "test__n_fold_t2i_medr": 1.0,
    "test__n_fold_t2i_meanr": 1.7,
    "test__i2t_recall_1": 29.305135951661633,
    "test__i2t_recall_5": 75.22658610271904,
    "test__i2t_recall_10": 89.12386706948641,
    "test__i2t_rsum": 193.6555891238671,
    "test__i2t_medr": 3.0,
    "test__i2t_meanr": 5.18429003021148,
    "test__t2i_recall_1": 47.12990936555891,
    "test__t2i_recall_5": 69.48640483383686,
    "test__t2i_recall_10": 83.08157099697885,
    "test__t2i_rsum": 199.6978851963746,
    "test__t2i_medr": 2.0,
    "test__t2i_meanr": 5.97583081570997,
    "lr": 0.0002,
    "summary": "80.0, 100.0, 100.0, 60.0, 100.0, 100.0, 29.305135951661633, 75.22658610271904, 89.12386706948641, 47.12990936555891, 69.48640483383686, 83.08157099697885"
}
[2026-03-19 11:23:48] Evaluating test...
[2026-03-19 11:26:10] [Eval] Report @step: 15.00 {
    "test__rsum": 397.42152466367713,
    "test__medr": 4.0,
    "test__meanr": 13.789237668161435,
    "test__n_fold_i2t_recall_1": 80.0,
    "test__n_fold_i2t_recall_5": 100.0,
    "test__n_fold_i2t_recall_10": 100.0,
    "test__n_fold_i2t_rsum": 280.0,
    "test__n_fold_i2t_medr": 1.0,
    "test__n_fold_i2t_meanr": 1.7,
    "test__n_fold_t2i_recall_1": 80.0,
    "test__n_fold_t2i_recall_5": 100.0,
    "test__n_fold_t2i_recall_10": 100.0,
    "test__n_fold_t2i_rsum": 280.0,
    "test__n_fold_t2i_medr": 1.0,
    "test__n_fold_t2i_meanr": 1.3,
    "test__i2t_recall_1": 22.309417040358746,
    "test__i2t_recall_5": 74.88789237668162,
    "test__i2t_recall_10": 86.54708520179372,
    "test__i2t_rsum": 183.7443946188341,
    "test__i2t_medr": 3.0,
    "test__i2t_meanr": 7.2959641255605385,
    "test__t2i_recall_1": 53.25112107623318,
    "test__t2i_recall_5": 77.91479820627802,
    "test__t2i_recall_10": 82.51121076233184,
    "test__t2i_rsum": 213.67713004484304,
    "test__t2i_medr": 1.0,
    "test__t2i_meanr": 6.493273542600897,
    "lr": 0.0002,
    "summary": "80.0, 100.0, 100.0, 80.0, 100.0, 100.0, 22.309417040358746, 74.88789237668162, 86.54708520179372, 53.25112107623318, 77.91479820627802, 82.51121076233184"
}
[2026-03-19 11:26:10] Evaluating test...
[2026-03-19 11:26:11] [Eval] Report @step: 15.00 {
    "test__rsum": 285.14285714285717,
    "test__medr": 11.0,
    "test__meanr": 18.29714285714286,
    "test__n_fold_i2t_recall_1": 30.0,
    "test__n_fold_i2t_recall_5": 80.0,
    "test__n_fold_i2t_recall_10": 100.0,
    "test__n_fold_i2t_rsum": 210.0,
    "test__n_fold_i2t_medr": 2.0,
    "test__n_fold_i2t_meanr": 2.9,
    "test__n_fold_t2i_recall_1": 30.0,
    "test__n_fold_t2i_recall_5": 70.0,
    "test__n_fold_t2i_recall_10": 100.0,
    "test__n_fold_t2i_rsum": 200.0,
    "test__n_fold_t2i_medr": 4.0,
    "test__n_fold_t2i_meanr": 4.0,
    "test__i2t_recall_1": 19.428571428571427,
    "test__i2t_recall_5": 49.714285714285715,
    "test__i2t_recall_10": 74.28571428571429,
    "test__i2t_rsum": 143.42857142857144,
    "test__i2t_medr": 6.0,
    "test__i2t_meanr": 7.211428571428572,
    "test__t2i_recall_1": 16.571428571428573,
    "test__t2i_recall_5": 50.285714285714285,
    "test__t2i_recall_10": 74.85714285714286,
    "test__t2i_rsum": 141.71428571428572,
    "test__t2i_medr": 5.0,
    "test__t2i_meanr": 11.085714285714285,
    "lr": 0.0002,
    "summary": "30.0, 80.0, 100.0, 30.0, 70.0, 100.0, 19.428571428571427, 49.714285714285715, 74.28571428571429, 16.571428571428573, 50.285714285714285, 74.85714285714286"
}
[2026-03-19 11:26:11] Evaluating test...
[2026-03-19 11:26:11] [Eval] Report @step: 15.00 {
    "test__rsum": 411.2903225806451,
    "test__medr": 3.0,
    "test__meanr": 8.612903225806452,
    "test__n_fold_i2t_recall_1": 30.0,
    "test__n_fold_i2t_recall_5": 100.0,
    "test__n_fold_i2t_recall_10": 100.0,
    "test__n_fold_i2t_rsum": 230.0,
    "test__n_fold_i2t_medr": 3.0,
    "test__n_fold_i2t_meanr": 2.8,
    "test__n_fold_t2i_recall_1": 30.0,
    "test__n_fold_t2i_recall_5": 90.0,
    "test__n_fold_t2i_recall_10": 100.0,
    "test__n_fold_t2i_rsum": 220.0,
    "test__n_fold_t2i_medr": 2.0,
    "test__n_fold_t2i_meanr": 2.6,
    "test__i2t_recall_1": 58.064516129032256,
    "test__i2t_recall_5": 75.80645161290323,
    "test__i2t_recall_10": 88.70967741935483,
    "test__i2t_rsum": 222.5806451612903,
    "test__i2t_medr": 1.0,
    "test__i2t_meanr": 4.080645161290322,
    "test__t2i_recall_1": 19.35483870967742,
    "test__t2i_recall_5": 83.87096774193549,
    "test__t2i_recall_10": 85.48387096774194,
    "test__t2i_rsum": 188.70967741935485,
    "test__t2i_medr": 2.0,
    "test__t2i_meanr": 4.532258064516129,
    "lr": 0.0002,
    "summary": "30.0, 100.0, 100.0, 30.0, 90.0, 100.0, 58.064516129032256, 75.80645161290323, 88.70967741935483, 19.35483870967742, 83.87096774193549, 85.48387096774194"
}
[2026-03-19 11:26:12] Round 16!
[2026-03-19 11:26:12] Training Client 8!
[2026-03-19 11:26:12] Epoch: [16] text	Loss 2.8781 (2.8781)	Prec@1 28.516 (28.516)	Prec@5 78.516 (78.516)
[2026-03-19 11:26:12] TEST:  Epoch: [16] text	Prec@1 20.000 (20.000)	Prec@5 76.000 (76.000)
[2026-03-19 11:26:12] Training Client 2!
[2026-03-19 11:26:12] Epoch: [16] image	Loss 1.5818 (1.6815)	Prec@1 52.344 (50.391)	Prec@5 98.047 (98.698)
[2026-03-19 11:26:13] TEST:  Epoch: [16] image	Prec@1 60.484 (53.251)	Prec@5 98.387 (98.767)
[2026-03-19 11:26:13] Training Client 11!
[2026-03-19 11:26:13] Epoch 16
[2026-03-19 11:26:15] Training Client 9!
[2026-03-19 11:26:15] Epoch: [16] text	Loss 0.0000 (0.0000)	Prec@1 0.000 (0.000)	Prec@5 0.000 (0.000)
[2026-03-19 11:26:15] TEST:  Epoch: [16] text	Prec@1 0.000 (0.000)	Prec@5 0.000 (0.000)
[2026-03-19 11:26:15] Training Client 12!
[2026-03-19 11:26:15] Epoch 16
[2026-03-19 11:26:16] Training Client 7!
[2026-03-19 11:26:18] Epoch: [16] text	Loss 1.3590 (1.3478)	Prec@1 54.297 (53.929)	Prec@5 98.438 (99.058)
[2026-03-19 11:26:18] TEST:  Epoch: [16] text	Prec@1 60.484 (53.251)	Prec@5 98.387 (98.767)
[2026-03-19 11:26:19] Training Client 3!
[2026-03-19 11:26:19] Epoch: [16] image	Loss 2.0892 (2.0805)	Prec@1 30.078 (27.734)	Prec@5 89.062 (89.583)
[2026-03-19 11:26:19] TEST:  Epoch: [16] image	Prec@1 20.000 (20.000)	Prec@5 89.714 (89.714)
[2026-03-19 11:26:19] Training Client 10!
[2026-03-19 11:26:19] Epoch 16
[2026-03-19 11:26:20] Training Client 6!
[2026-03-19 11:26:20] Epoch: [16] text	Loss 1.8421 (1.8225)	Prec@1 30.859 (32.292)	Prec@5 96.094 (96.354)
[2026-03-19 11:26:21] TEST:  Epoch: [16] text	Prec@1 30.667 (32.931)	Prec@5 96.000 (96.375)
[2026-03-19 11:26:21] Training Client 14!
[2026-03-19 11:26:21] Epoch 16
[2026-03-19 11:26:21] Skip local epoch for client 4: train loader has no full batch
[2026-03-19 11:26:21] Training Client 1!
[2026-03-19 11:26:21] Epoch: [16] image	Loss 2.7673 (2.7673)	Prec@1 18.359 (18.359)	Prec@5 94.531 (94.531)
[2026-03-19 11:26:21] TEST:  Epoch: [16] image	Prec@1 14.667 (13.293)	Prec@5 94.667 (93.656)
[2026-03-19 11:26:22] Training Client 0!
[2026-03-19 11:26:22] Epoch: [16] image	Loss 1.8212 (1.8279)	Prec@1 40.234 (39.974)	Prec@5 94.531 (95.703)
[2026-03-19 11:26:22] TEST:  Epoch: [16] image	Prec@1 37.778 (41.196)	Prec@5 95.556 (96.013)
[2026-03-19 11:26:22] Training Client 5!
[2026-03-19 11:26:22] Epoch: [16] text	Loss 2.8722 (2.8722)	Prec@1 37.891 (37.891)	Prec@5 82.812 (82.812)
[2026-03-19 11:26:23] TEST:  Epoch: [16] text	Prec@1 37.778 (41.196)	Prec@5 84.444 (85.050)
[2026-03-19 11:26:23] Training Client 4!
[2026-03-19 11:26:23] Epoch: [16] image	Loss 2.1895 (2.1895)	Prec@1 60.938 (60.938)	Prec@5 78.516 (78.516)
[2026-03-19 11:26:23] TEST:  Epoch: [16] image	Prec@1 56.452 (56.452)	Prec@5 74.194 (74.194)
[2026-03-19 11:26:23] Training Client 13!
[2026-03-19 11:26:23] Epoch 16
[2026-03-19 11:26:23] Skip local epoch for client 3: train loader has no full batch
[2026-03-19 11:26:24] TEST:  Epoch: [16] image	Prec@1 37.778 (41.196)	Prec@5 95.556 (96.013)
[2026-03-19 11:26:24] TEST:  Epoch: [16] image	Prec@1 16.000 (13.595)	Prec@5 94.667 (93.656)
[2026-03-19 11:26:25] TEST:  Epoch: [16] image	Prec@1 60.484 (53.251)	Prec@5 98.387 (98.767)
[2026-03-19 11:26:25] TEST:  Epoch: [16] image	Prec@1 20.000 (20.000)	Prec@5 89.714 (89.714)
[2026-03-19 11:26:25] TEST:  Epoch: [16] image	Prec@1 56.452 (56.452)	Prec@5 74.194 (74.194)
[2026-03-19 11:26:25] TEST:  Epoch: [16] text	Prec@1 37.778 (41.196)	Prec@5 84.444 (85.050)
[2026-03-19 11:26:25] TEST:  Epoch: [16] text	Prec@1 30.667 (32.931)	Prec@5 96.000 (96.375)
[2026-03-19 11:26:26] TEST:  Epoch: [16] text	Prec@1 60.484 (53.251)	Prec@5 98.387 (98.767)
[2026-03-19 11:26:26] TEST:  Epoch: [16] text	Prec@1 20.000 (20.000)	Prec@5 76.000 (76.000)
[2026-03-19 11:26:26] TEST:  Epoch: [16] text	Prec@1 0.000 (0.000)	Prec@5 0.000 (0.000)
[2026-03-19 11:26:26] Evaluating test...
[2026-03-19 11:26:33] [Eval] Report @step: 16.00 {
    "test__rsum": 397.00996677740864,
    "test__medr": 5.0,
    "test__meanr": 10.684385382059801,
    "test__n_fold_i2t_recall_1": 60.0,
    "test__n_fold_i2t_recall_5": 90.0,
    "test__n_fold_i2t_recall_10": 100.0,
    "test__n_fold_i2t_rsum": 250.0,
    "test__n_fold_i2t_medr": 1.0,
    "test__n_fold_i2t_meanr": 2.2,
    "test__n_fold_t2i_recall_1": 40.0,
    "test__n_fold_t2i_recall_5": 90.0,
    "test__n_fold_t2i_recall_10": 100.0,
    "test__n_fold_t2i_rsum": 230.0,
    "test__n_fold_t2i_medr": 2.0,
    "test__n_fold_t2i_meanr": 2.3,
    "test__i2t_recall_1": 44.18604651162791,
    "test__i2t_recall_5": 72.75747508305648,
    "test__i2t_recall_10": 83.38870431893687,
    "test__i2t_rsum": 200.33222591362124,
    "test__i2t_medr": 2.0,
    "test__i2t_meanr": 6.568106312292358,
    "test__t2i_recall_1": 27.906976744186046,
    "test__t2i_recall_5": 73.75415282392026,
    "test__t2i_recall_10": 95.01661129568106,
    "test__t2i_rsum": 196.67774086378736,
    "test__t2i_medr": 3.0,
    "test__t2i_meanr": 4.116279069767442,
    "lr": 0.0002,
    "summary": "60.0, 90.0, 100.0, 40.0, 90.0, 100.0, 44.18604651162791, 72.75747508305648, 83.38870431893687, 27.906976744186046, 73.75415282392026, 95.01661129568106"
}
[2026-03-19 11:26:33] Evaluating test...
[2026-03-19 11:26:45] [Eval] Report @step: 16.00 {
    "test__rsum": 395.7703927492447,
    "test__medr": 5.0,
    "test__meanr": 13.09667673716012,
    "test__n_fold_i2t_recall_1": 90.0,
    "test__n_fold_i2t_recall_5": 100.0,
    "test__n_fold_i2t_recall_10": 100.0,
    "test__n_fold_i2t_rsum": 290.0,
    "test__n_fold_i2t_medr": 1.0,
    "test__n_fold_i2t_meanr": 1.1,
    "test__n_fold_t2i_recall_1": 70.0,
    "test__n_fold_t2i_recall_5": 100.0,
    "test__n_fold_t2i_recall_10": 100.0,
    "test__n_fold_t2i_rsum": 270.0,
    "test__n_fold_t2i_medr": 1.0,
    "test__n_fold_t2i_meanr": 1.6,
    "test__i2t_recall_1": 36.25377643504532,
    "test__i2t_recall_5": 75.83081570996978,
    "test__i2t_recall_10": 88.51963746223565,
    "test__i2t_rsum": 200.60422960725077,
    "test__i2t_medr": 3.0,
    "test__i2t_meanr": 5.253776435045317,
    "test__t2i_recall_1": 47.43202416918429,
    "test__t2i_recall_5": 68.58006042296073,
    "test__t2i_recall_10": 79.15407854984895,
    "test__t2i_rsum": 195.16616314199396,
    "test__t2i_medr": 2.0,
    "test__t2i_meanr": 7.842900302114804,
    "lr": 0.0002,
    "summary": "90.0, 100.0, 100.0, 70.0, 100.0, 100.0, 36.25377643504532, 75.83081570996978, 88.51963746223565, 47.43202416918429, 68.58006042296073, 79.15407854984895"
}
[2026-03-19 11:26:45] Evaluating test...
[2026-03-19 11:29:06] [Eval] Report @step: 16.00 {
    "test__rsum": 393.609865470852,
    "test__medr": 4.0,
    "test__meanr": 13.468609865470853,
    "test__n_fold_i2t_recall_1": 80.0,
    "test__n_fold_i2t_recall_5": 100.0,
    "test__n_fold_i2t_recall_10": 100.0,
    "test__n_fold_i2t_rsum": 280.0,
    "test__n_fold_i2t_medr": 1.0,
    "test__n_fold_i2t_meanr": 1.6,
    "test__n_fold_t2i_recall_1": 80.0,
    "test__n_fold_t2i_recall_5": 100.0,
    "test__n_fold_t2i_recall_10": 100.0,
    "test__n_fold_t2i_rsum": 280.0,
    "test__n_fold_t2i_medr": 1.0,
    "test__n_fold_t2i_meanr": 1.4,
    "test__i2t_recall_1": 23.542600896860986,
    "test__i2t_recall_5": 75.67264573991031,
    "test__i2t_recall_10": 87.4439461883408,
    "test__i2t_rsum": 186.6591928251121,
    "test__i2t_medr": 3.0,
    "test__i2t_meanr": 7.108744394618834,
    "test__t2i_recall_1": 53.139013452914796,
    "test__t2i_recall_5": 72.75784753363229,
    "test__t2i_recall_10": 81.05381165919283,
    "test__t2i_rsum": 206.95067264573993,
    "test__t2i_medr": 1.0,
    "test__t2i_meanr": 6.359865470852018,
    "lr": 0.0002,
    "summary": "80.0, 100.0, 100.0, 80.0, 100.0, 100.0, 23.542600896860986, 75.67264573991031, 87.4439461883408, 53.139013452914796, 72.75784753363229, 81.05381165919283"
}
[2026-03-19 11:29:06] Evaluating test...
[2026-03-19 11:29:10] [Eval] Report @step: 16.00 {
    "test__rsum": 293.1428571428571,
    "test__medr": 10.0,
    "test__meanr": 17.097142857142856,
    "test__n_fold_i2t_recall_1": 30.0,
    "test__n_fold_i2t_recall_5": 80.0,
    "test__n_fold_i2t_recall_10": 100.0,
    "test__n_fold_i2t_rsum": 210.0,
    "test__n_fold_i2t_medr": 2.0,
    "test__n_fold_i2t_meanr": 2.9,
    "test__n_fold_t2i_recall_1": 30.0,
    "test__n_fold_t2i_recall_5": 70.0,
    "test__n_fold_t2i_recall_10": 100.0,
    "test__n_fold_t2i_rsum": 200.0,
    "test__n_fold_t2i_medr": 4.0,
    "test__n_fold_t2i_meanr": 4.1,
    "test__i2t_recall_1": 20.0,
    "test__i2t_recall_5": 52.0,
    "test__i2t_recall_10": 76.57142857142857,
    "test__i2t_rsum": 148.57142857142856,
    "test__i2t_medr": 5.0,
    "test__i2t_meanr": 7.0,
    "test__t2i_recall_1": 16.571428571428573,
    "test__t2i_recall_5": 52.57142857142857,
    "test__t2i_recall_10": 75.42857142857143,
    "test__t2i_rsum": 144.57142857142856,
    "test__t2i_medr": 5.0,
    "test__t2i_meanr": 10.097142857142858,
    "lr": 0.0002,
    "summary": "30.0, 80.0, 100.0, 30.0, 70.0, 100.0, 20.0, 52.0, 76.57142857142857, 16.571428571428573, 52.57142857142857, 75.42857142857143"
}
[2026-03-19 11:29:10] Evaluating test...
[2026-03-19 11:29:10] [Eval] Report @step: 16.00 {
    "test__rsum": 417.741935483871,
    "test__medr": 3.0,
    "test__meanr": 7.693548387096774,
    "test__n_fold_i2t_recall_1": 30.0,
    "test__n_fold_i2t_recall_5": 100.0,
    "test__n_fold_i2t_recall_10": 100.0,
    "test__n_fold_i2t_rsum": 230.0,
    "test__n_fold_i2t_medr": 3.0,
    "test__n_fold_i2t_meanr": 2.8,
    "test__n_fold_t2i_recall_1": 30.0,
    "test__n_fold_t2i_recall_5": 90.0,
    "test__n_fold_t2i_recall_10": 100.0,
    "test__n_fold_t2i_rsum": 220.0,
    "test__n_fold_t2i_medr": 2.0,
    "test__n_fold_t2i_meanr": 2.6,
    "test__i2t_recall_1": 54.83870967741935,
    "test__i2t_recall_5": 82.25806451612904,
    "test__i2t_recall_10": 90.3225806451613,
    "test__i2t_rsum": 227.4193548387097,
    "test__i2t_medr": 1.0,
    "test__i2t_meanr": 3.4516129032258065,
    "test__t2i_recall_1": 22.580645161290324,
    "test__t2i_recall_5": 80.64516129032258,
    "test__t2i_recall_10": 87.09677419354838,
    "test__t2i_rsum": 190.32258064516128,
    "test__t2i_medr": 2.0,
    "test__t2i_meanr": 4.241935483870968,
    "lr": 0.0002,
    "summary": "30.0, 100.0, 100.0, 30.0, 90.0, 100.0, 54.83870967741935, 82.25806451612904, 90.3225806451613, 22.580645161290324, 80.64516129032258, 87.09677419354838"
}
[2026-03-19 11:29:11] Round 17!
[2026-03-19 11:29:11] Training Client 6!
[2026-03-19 11:29:11] Epoch: [17] text	Loss 1.7960 (1.8307)	Prec@1 30.859 (30.469)	Prec@5 95.703 (96.224)
[2026-03-19 11:29:11] TEST:  Epoch: [17] text	Prec@1 30.667 (32.931)	Prec@5 96.000 (96.375)
[2026-03-19 11:29:11] Training Client 14!
[2026-03-19 11:29:11] Epoch 17
[2026-03-19 11:29:11] Skip local epoch for client 4: train loader has no full batch
[2026-03-19 11:29:12] Training Client 7!
[2026-03-19 11:29:13] Epoch: [17] text	Loss 1.3968 (1.3450)	Prec@1 48.828 (53.883)	Prec@5 99.609 (99.035)
[2026-03-19 11:29:14] TEST:  Epoch: [17] text	Prec@1 60.484 (53.251)	Prec@5 98.387 (98.767)
[2026-03-19 11:29:14] Training Client 11!
[2026-03-19 11:29:14] Epoch 17
[2026-03-19 11:29:16] Training Client 0!
[2026-03-19 11:29:16] Epoch: [17] image	Loss 1.9035 (1.8677)	Prec@1 40.625 (38.542)	Prec@5 96.094 (95.964)
[2026-03-19 11:29:16] TEST:  Epoch: [17] image	Prec@1 37.778 (41.196)	Prec@5 95.556 (96.013)
[2026-03-19 11:29:16] Training Client 1!
[2026-03-19 11:29:16] Epoch: [17] image	Loss 2.7598 (2.7598)	Prec@1 20.703 (20.703)	Prec@5 94.922 (94.922)
[2026-03-19 11:29:17] TEST:  Epoch: [17] image	Prec@1 14.667 (13.293)	Prec@5 94.667 (93.656)
[2026-03-19 11:29:17] Training Client 10!
[2026-03-19 11:29:17] Epoch 17
[2026-03-19 11:29:18] Training Client 13!
[2026-03-19 11:29:18] Epoch 17
[2026-03-19 11:29:18] Skip local epoch for client 3: train loader has no full batch
[2026-03-19 11:29:18] Training Client 5!
[2026-03-19 11:29:18] Epoch: [17] text	Loss 2.8519 (2.8519)	Prec@1 39.453 (39.453)	Prec@5 83.984 (83.984)
[2026-03-19 11:29:18] TEST:  Epoch: [17] text	Prec@1 37.778 (41.196)	Prec@5 84.444 (85.050)
[2026-03-19 11:29:19] Training Client 2!
[2026-03-19 11:29:19] Epoch: [17] image	Loss 1.5932 (1.6333)	Prec@1 50.391 (51.562)	Prec@5 99.609 (98.568)
[2026-03-19 11:29:19] TEST:  Epoch: [17] image	Prec@1 60.484 (53.251)	Prec@5 98.387 (98.767)
[2026-03-19 11:29:20] Training Client 8!
[2026-03-19 11:29:20] Epoch: [17] text	Loss 2.8838 (2.8838)	Prec@1 27.734 (27.734)	Prec@5 77.344 (77.344)
[2026-03-19 11:29:20] TEST:  Epoch: [17] text	Prec@1 20.000 (20.000)	Prec@5 76.000 (76.000)
[2026-03-19 11:29:20] Training Client 9!
[2026-03-19 11:29:20] Epoch: [17] text	Loss 0.0000 (0.0000)	Prec@1 0.000 (0.000)	Prec@5 0.000 (0.000)
[2026-03-19 11:29:20] TEST:  Epoch: [17] text	Prec@1 0.000 (0.000)	Prec@5 0.000 (0.000)
[2026-03-19 11:29:20] Training Client 4!
[2026-03-19 11:29:20] Epoch: [17] image	Loss 2.1875 (2.1875)	Prec@1 60.547 (60.547)	Prec@5 78.516 (78.516)
[2026-03-19 11:29:20] TEST:  Epoch: [17] image	Prec@1 56.452 (56.452)	Prec@5 74.194 (74.194)
[2026-03-19 11:29:21] Training Client 12!
[2026-03-19 11:29:21] Epoch 17
[2026-03-19 11:29:22] Training Client 3!
[2026-03-19 11:29:23] Epoch: [17] image	Loss 2.1123 (2.0702)	Prec@1 26.562 (27.995)	Prec@5 87.500 (89.844)
[2026-03-19 11:29:23] TEST:  Epoch: [17] image	Prec@1 20.000 (20.000)	Prec@5 89.714 (89.714)
[2026-03-19 11:29:24] TEST:  Epoch: [17] image	Prec@1 37.778 (41.196)	Prec@5 95.556 (96.013)
[2026-03-19 11:29:24] TEST:  Epoch: [17] image	Prec@1 16.000 (13.595)	Prec@5 94.667 (93.656)
[2026-03-19 11:29:25] TEST:  Epoch: [17] image	Prec@1 60.484 (53.251)	Prec@5 98.387 (98.767)
[2026-03-19 11:29:25] TEST:  Epoch: [17] image	Prec@1 20.000 (20.000)	Prec@5 89.714 (89.714)
[2026-03-19 11:29:25] TEST:  Epoch: [17] image	Prec@1 56.452 (56.452)	Prec@5 74.194 (74.194)
[2026-03-19 11:29:25] TEST:  Epoch: [17] text	Prec@1 37.778 (41.196)	Prec@5 84.444 (85.050)
[2026-03-19 11:29:25] TEST:  Epoch: [17] text	Prec@1 30.667 (32.931)	Prec@5 96.000 (96.375)
[2026-03-19 11:29:26] TEST:  Epoch: [17] text	Prec@1 60.484 (53.251)	Prec@5 98.387 (98.767)
[2026-03-19 11:29:26] TEST:  Epoch: [17] text	Prec@1 20.000 (20.000)	Prec@5 76.000 (76.000)
[2026-03-19 11:29:26] TEST:  Epoch: [17] text	Prec@1 0.000 (0.000)	Prec@5 0.000 (0.000)
[2026-03-19 11:29:26] Evaluating test...
[2026-03-19 11:29:30] [Eval] Report @step: 17.00 {
    "test__rsum": 407.30897009966776,
    "test__medr": 4.0,
    "test__meanr": 10.840531561461793,
    "test__n_fold_i2t_recall_1": 60.0,
    "test__n_fold_i2t_recall_5": 90.0,
    "test__n_fold_i2t_recall_10": 100.0,
    "test__n_fold_i2t_rsum": 250.0,
    "test__n_fold_i2t_medr": 1.0,
    "test__n_fold_i2t_meanr": 2.2,
    "test__n_fold_t2i_recall_1": 30.0,
    "test__n_fold_t2i_recall_5": 100.0,
    "test__n_fold_t2i_recall_10": 100.0,
    "test__n_fold_t2i_rsum": 230.0,
    "test__n_fold_t2i_medr": 2.0,
    "test__n_fold_t2i_meanr": 2.5,
    "test__i2t_recall_1": 43.85382059800664,
    "test__i2t_recall_5": 75.74750830564784,
    "test__i2t_recall_10": 84.71760797342192,
    "test__i2t_rsum": 204.3189368770764,
    "test__i2t_medr": 2.0,
    "test__i2t_meanr": 6.3455149501661126,
    "test__t2i_recall_1": 37.2093023255814,
    "test__t2i_recall_5": 76.74418604651163,
    "test__t2i_recall_10": 89.03654485049834,
    "test__t2i_rsum": 202.99003322259136,
    "test__t2i_medr": 2.0,
    "test__t2i_meanr": 4.49501661129568,
    "lr": 0.0002,
    "summary": "60.0, 90.0, 100.0, 30.0, 100.0, 100.0, 43.85382059800664, 75.74750830564784, 84.71760797342192, 37.2093023255814, 76.74418604651163, 89.03654485049834"
}
[2026-03-19 11:29:30] Evaluating test...
[2026-03-19 11:29:38] [Eval] Report @step: 17.00 {
    "test__rsum": 390.03021148036254,
    "test__medr": 4.0,
    "test__meanr": 14.54380664652568,
    "test__n_fold_i2t_recall_1": 80.0,
    "test__n_fold_i2t_recall_5": 100.0,
    "test__n_fold_i2t_recall_10": 100.0,
    "test__n_fold_i2t_rsum": 280.0,
    "test__n_fold_i2t_medr": 1.0,
    "test__n_fold_i2t_meanr": 1.2,
    "test__n_fold_t2i_recall_1": 60.0,
    "test__n_fold_t2i_recall_5": 100.0,
    "test__n_fold_t2i_recall_10": 100.0,
    "test__n_fold_t2i_rsum": 260.0,
    "test__n_fold_t2i_medr": 1.0,
    "test__n_fold_t2i_meanr": 1.5,
    "test__i2t_recall_1": 40.181268882175225,
    "test__i2t_recall_5": 75.52870090634441,
    "test__i2t_recall_10": 84.59214501510574,
    "test__i2t_rsum": 200.3021148036254,
    "test__i2t_medr": 2.0,
    "test__i2t_meanr": 5.9395770392749245,
    "test__t2i_recall_1": 46.22356495468278,
    "test__t2i_recall_5": 64.65256797583082,
    "test__t2i_recall_10": 78.85196374622356,
    "test__t2i_rsum": 189.72809667673715,
    "test__t2i_medr": 2.0,
    "test__t2i_meanr": 8.604229607250755,
    "lr": 0.0002,
    "summary": "80.0, 100.0, 100.0, 60.0, 100.0, 100.0, 40.181268882175225, 75.52870090634441, 84.59214501510574, 46.22356495468278, 64.65256797583082, 78.85196374622356"
}
[2026-03-19 11:29:38] Evaluating test...
[2026-03-19 11:33:02] [Eval] Report @step: 17.00 {
    "test__rsum": 388.78923766816143,
    "test__medr": 3.0,
    "test__meanr": 12.855381165919283,
    "test__n_fold_i2t_recall_1": 80.0,
    "test__n_fold_i2t_recall_5": 100.0,
    "test__n_fold_i2t_recall_10": 100.0,
    "test__n_fold_i2t_rsum": 280.0,
    "test__n_fold_i2t_medr": 1.0,
    "test__n_fold_i2t_meanr": 1.3,
    "test__n_fold_t2i_recall_1": 70.0,
    "test__n_fold_t2i_recall_5": 100.0,
    "test__n_fold_t2i_recall_10": 100.0,
    "test__n_fold_t2i_rsum": 270.0,
    "test__n_fold_t2i_medr": 1.0,
    "test__n_fold_t2i_meanr": 1.6,
    "test__i2t_recall_1": 24.2152466367713,
    "test__i2t_recall_5": 76.45739910313901,
    "test__i2t_recall_10": 87.78026905829596,
    "test__i2t_rsum": 188.45291479820628,
    "test__i2t_medr": 2.0,
    "test__i2t_meanr": 6.461883408071749,
    "test__t2i_recall_1": 51.5695067264574,
    "test__t2i_recall_5": 68.72197309417041,
    "test__t2i_recall_10": 80.04484304932735,
    "test__t2i_rsum": 200.33632286995515,
    "test__t2i_medr": 1.0,
    "test__t2i_meanr": 6.393497757847534,
    "lr": 0.0002,
    "summary": "80.0, 100.0, 100.0, 70.0, 100.0, 100.0, 24.2152466367713, 76.45739910313901, 87.78026905829596, 51.5695067264574, 68.72197309417041, 80.04484304932735"
}
[2026-03-19 11:33:02] Evaluating test...
[2026-03-19 11:33:06] [Eval] Report @step: 17.00 {
    "test__rsum": 311.42857142857144,
    "test__medr": 9.0,
    "test__meanr": 15.537142857142857,
    "test__n_fold_i2t_recall_1": 40.0,
    "test__n_fold_i2t_recall_5": 90.0,
    "test__n_fold_i2t_recall_10": 100.0,
    "test__n_fold_i2t_rsum": 230.0,
    "test__n_fold_i2t_medr": 2.0,
    "test__n_fold_i2t_meanr": 2.7,
    "test__n_fold_t2i_recall_1": 40.0,
    "test__n_fold_t2i_recall_5": 70.0,
    "test__n_fold_t2i_recall_10": 100.0,
    "test__n_fold_t2i_rsum": 210.0,
    "test__n_fold_t2i_medr": 3.0,
    "test__n_fold_t2i_meanr": 3.5,
    "test__i2t_recall_1": 17.714285714285715,
    "test__i2t_recall_5": 50.285714285714285,
    "test__i2t_recall_10": 77.71428571428571,
    "test__i2t_rsum": 145.71428571428572,
    "test__i2t_medr": 5.0,
    "test__i2t_meanr": 7.377142857142857,
    "test__t2i_recall_1": 25.142857142857142,
    "test__t2i_recall_5": 62.285714285714285,
    "test__t2i_recall_10": 78.28571428571429,
    "test__t2i_rsum": 165.71428571428572,
    "test__t2i_medr": 4.0,
    "test__t2i_meanr": 8.16,
    "lr": 0.0002,
    "summary": "40.0, 90.0, 100.0, 40.0, 70.0, 100.0, 17.714285714285715, 50.285714285714285, 77.71428571428571, 25.142857142857142, 62.285714285714285, 78.28571428571429"
}
[2026-03-19 11:33:06] Evaluating test...
[2026-03-19 11:33:06] [Eval] Report @step: 17.00 {
    "test__rsum": 398.3870967741936,
    "test__medr": 5.0,
    "test__meanr": 9.20967741935484,
    "test__n_fold_i2t_recall_1": 30.0,
    "test__n_fold_i2t_recall_5": 100.0,
    "test__n_fold_i2t_recall_10": 100.0,
    "test__n_fold_i2t_rsum": 230.0,
    "test__n_fold_i2t_medr": 3.0,
    "test__n_fold_i2t_meanr": 2.8,
    "test__n_fold_t2i_recall_1": 30.0,
    "test__n_fold_t2i_recall_5": 90.0,
    "test__n_fold_t2i_recall_10": 100.0,
    "test__n_fold_t2i_rsum": 220.0,
    "test__n_fold_t2i_medr": 2.0,
    "test__n_fold_t2i_meanr": 2.6,
    "test__i2t_recall_1": 46.774193548387096,
    "test__i2t_recall_5": 75.80645161290323,
    "test__i2t_recall_10": 90.3225806451613,
    "test__i2t_rsum": 212.90322580645164,
    "test__i2t_medr": 2.0,
    "test__i2t_meanr": 4.064516129032258,
    "test__t2i_recall_1": 22.580645161290324,
    "test__t2i_recall_5": 70.96774193548387,
    "test__t2i_recall_10": 91.93548387096774,
    "test__t2i_rsum": 185.48387096774195,
    "test__t2i_medr": 3.0,
    "test__t2i_meanr": 5.145161290322581,
    "lr": 0.0002,
    "summary": "30.0, 100.0, 100.0, 30.0, 90.0, 100.0, 46.774193548387096, 75.80645161290323, 90.3225806451613, 22.580645161290324, 70.96774193548387, 91.93548387096774"
}
[2026-03-19 11:33:07] Round 18!
[2026-03-19 11:33:07] Training Client 2!
[2026-03-19 11:33:07] Epoch: [18] image	Loss 1.5352 (1.6762)	Prec@1 54.688 (50.521)	Prec@5 98.438 (98.438)
[2026-03-19 11:33:08] TEST:  Epoch: [18] image	Prec@1 60.484 (53.251)	Prec@5 98.387 (98.767)
[2026-03-19 11:33:08] Training Client 6!
[2026-03-19 11:33:08] Epoch: [18] text	Loss 1.8593 (1.8363)	Prec@1 35.156 (31.120)	Prec@5 94.922 (96.094)
[2026-03-19 11:33:08] TEST:  Epoch: [18] text	Prec@1 30.667 (32.931)	Prec@5 96.000 (96.375)
[2026-03-19 11:33:08] Training Client 14!
[2026-03-19 11:33:08] Epoch 18
[2026-03-19 11:33:08] Skip local epoch for client 4: train loader has no full batch
[2026-03-19 11:33:08] Training Client 4!
[2026-03-19 11:33:09] Epoch: [18] image	Loss 2.1394 (2.1394)	Prec@1 62.500 (62.500)	Prec@5 80.078 (80.078)
[2026-03-19 11:33:09] TEST:  Epoch: [18] image	Prec@1 56.452 (56.452)	Prec@5 74.194 (74.194)
[2026-03-19 11:33:09] Training Client 7!
[2026-03-19 11:33:10] Epoch: [18] text	Loss 1.3535 (1.3508)	Prec@1 55.469 (53.768)	Prec@5 99.219 (99.035)
[2026-03-19 11:33:11] TEST:  Epoch: [18] text	Prec@1 60.484 (53.251)	Prec@5 98.387 (98.767)
[2026-03-19 11:33:11] Training Client 3!
[2026-03-19 11:33:11] Epoch: [18] image	Loss 2.0685 (2.0772)	Prec@1 27.734 (27.734)	Prec@5 89.453 (89.714)
[2026-03-19 11:33:11] TEST:  Epoch: [18] image	Prec@1 20.000 (20.000)	Prec@5 89.714 (89.714)
[2026-03-19 11:33:11] Training Client 1!
[2026-03-19 11:33:12] Epoch: [18] image	Loss 2.7501 (2.7501)	Prec@1 19.922 (19.922)	Prec@5 96.484 (96.484)
[2026-03-19 11:33:12] TEST:  Epoch: [18] image	Prec@1 14.667 (13.293)	Prec@5 94.667 (93.656)
[2026-03-19 11:33:12] Training Client 10!
[2026-03-19 11:33:12] Epoch 18
[2026-03-19 11:33:13] Training Client 13!
[2026-03-19 11:33:13] Epoch 18
[2026-03-19 11:33:13] Skip local epoch for client 3: train loader has no full batch
[2026-03-19 11:33:13] Training Client 11!
[2026-03-19 11:33:13] Epoch 18
[2026-03-19 11:33:14] Training Client 0!
[2026-03-19 11:33:14] Epoch: [18] image	Loss 1.8165 (1.8172)	Prec@1 41.016 (40.755)	Prec@5 96.094 (95.703)
[2026-03-19 11:33:15] TEST:  Epoch: [18] image	Prec@1 37.778 (41.196)	Prec@5 95.556 (96.013)
[2026-03-19 11:33:15] Training Client 5!
[2026-03-19 11:33:15] Epoch: [18] text	Loss 2.8651 (2.8651)	Prec@1 36.719 (36.719)	Prec@5 83.594 (83.594)
[2026-03-19 11:33:15] TEST:  Epoch: [18] text	Prec@1 37.778 (41.196)	Prec@5 84.444 (85.050)
[2026-03-19 11:33:15] Training Client 12!
[2026-03-19 11:33:15] Epoch 18
[2026-03-19 11:33:17] Training Client 9!
[2026-03-19 11:33:17] Epoch: [18] text	Loss 0.0000 (0.0000)	Prec@1 0.000 (0.000)	Prec@5 0.000 (0.000)
[2026-03-19 11:33:17] TEST:  Epoch: [18] text	Prec@1 0.000 (0.000)	Prec@5 0.000 (0.000)
[2026-03-19 11:33:17] Training Client 8!
[2026-03-19 11:33:17] Epoch: [18] text	Loss 2.8644 (2.8644)	Prec@1 28.906 (28.906)	Prec@5 78.516 (78.516)
[2026-03-19 11:33:17] TEST:  Epoch: [18] text	Prec@1 20.000 (20.000)	Prec@5 76.000 (76.000)
[2026-03-19 11:33:18] TEST:  Epoch: [18] image	Prec@1 37.778 (41.196)	Prec@5 95.556 (96.013)
[2026-03-19 11:33:18] TEST:  Epoch: [18] image	Prec@1 16.000 (13.595)	Prec@5 94.667 (93.656)
[2026-03-19 11:33:19] TEST:  Epoch: [18] image	Prec@1 60.484 (53.251)	Prec@5 98.387 (98.767)
[2026-03-19 11:33:19] TEST:  Epoch: [18] image	Prec@1 20.000 (20.000)	Prec@5 89.714 (89.714)
[2026-03-19 11:33:19] TEST:  Epoch: [18] image	Prec@1 56.452 (56.452)	Prec@5 74.194 (74.194)
[2026-03-19 11:33:19] TEST:  Epoch: [18] text	Prec@1 37.778 (41.196)	Prec@5 84.444 (85.050)
[2026-03-19 11:33:19] TEST:  Epoch: [18] text	Prec@1 30.667 (32.931)	Prec@5 96.000 (96.375)
[2026-03-19 11:33:20] TEST:  Epoch: [18] text	Prec@1 60.484 (53.251)	Prec@5 98.387 (98.767)
[2026-03-19 11:33:20] TEST:  Epoch: [18] text	Prec@1 20.000 (20.000)	Prec@5 76.000 (76.000)
[2026-03-19 11:33:20] TEST:  Epoch: [18] text	Prec@1 0.000 (0.000)	Prec@5 0.000 (0.000)
[2026-03-19 11:33:20] Evaluating test...
[2026-03-19 11:33:24] [Eval] Report @step: 18.00 {
    "test__rsum": 406.9767441860465,
    "test__medr": 4.0,
    "test__meanr": 11.684385382059801,
    "test__n_fold_i2t_recall_1": 50.0,
    "test__n_fold_i2t_recall_5": 100.0,
    "test__n_fold_i2t_recall_10": 100.0,
    "test__n_fold_i2t_rsum": 250.0,
    "test__n_fold_i2t_medr": 1.0,
    "test__n_fold_i2t_meanr": 2.2,
    "test__n_fold_t2i_recall_1": 20.0,
    "test__n_fold_t2i_recall_5": 100.0,
    "test__n_fold_t2i_recall_10": 100.0,
    "test__n_fold_t2i_rsum": 220.0,
    "test__n_fold_t2i_medr": 2.0,
    "test__n_fold_t2i_meanr": 2.7,
    "test__i2t_recall_1": 44.51827242524917,
    "test__i2t_recall_5": 74.75083056478405,
    "test__i2t_recall_10": 82.39202657807309,
    "test__i2t_rsum": 201.6611295681063,
    "test__i2t_medr": 2.0,
    "test__i2t_meanr": 6.485049833887043,
    "test__t2i_recall_1": 43.18936877076412,
    "test__t2i_recall_5": 76.0797342192691,
    "test__t2i_recall_10": 86.04651162790698,
    "test__t2i_rsum": 205.31561461794018,
    "test__t2i_medr": 2.0,
    "test__t2i_meanr": 5.1993355481727574,
    "lr": 0.0002,
    "summary": "50.0, 100.0, 100.0, 20.0, 100.0, 100.0, 44.51827242524917, 74.75083056478405, 82.39202657807309, 43.18936877076412, 76.0797342192691, 86.04651162790698"
}
[2026-03-19 11:33:24] Evaluating test...
[2026-03-19 11:33:27] [Eval] Report @step: 18.00 {
    "test__rsum": 383.0815709969789,
    "test__medr": 4.0,
    "test__meanr": 15.435045317220542,
    "test__n_fold_i2t_recall_1": 80.0,
    "test__n_fold_i2t_recall_5": 100.0,
    "test__n_fold_i2t_recall_10": 100.0,
    "test__n_fold_i2t_rsum": 280.0,
    "test__n_fold_i2t_medr": 1.0,
    "test__n_fold_i2t_meanr": 1.3,
    "test__n_fold_t2i_recall_1": 60.0,
    "test__n_fold_t2i_recall_5": 100.0,
    "test__n_fold_t2i_recall_10": 100.0,
    "test__n_fold_t2i_rsum": 260.0,
    "test__n_fold_t2i_medr": 1.0,
    "test__n_fold_t2i_meanr": 1.6,
    "test__i2t_recall_1": 42.29607250755287,
    "test__i2t_recall_5": 69.78851963746223,
    "test__i2t_recall_10": 80.66465256797584,
    "test__i2t_rsum": 192.74924471299096,
    "test__i2t_medr": 2.0,
    "test__i2t_meanr": 6.595166163141994,
    "test__t2i_recall_1": 47.43202416918429,
    "test__t2i_recall_5": 64.35045317220543,
    "test__t2i_recall_10": 78.54984894259819,
    "test__t2i_rsum": 190.33232628398792,
    "test__t2i_medr": 2.0,
    "test__t2i_meanr": 8.839879154078549,
    "lr": 0.0002,
    "summary": "80.0, 100.0, 100.0, 60.0, 100.0, 100.0, 42.29607250755287, 69.78851963746223, 80.66465256797584, 47.43202416918429, 64.35045317220543, 78.54984894259819"
}
[2026-03-19 11:33:27] Evaluating test...
[2026-03-19 11:35:41] [Eval] Report @step: 18.00 {
    "test__rsum": 385.53811659192826,
    "test__medr": 4.0,
    "test__meanr": 12.1109865470852,
    "test__n_fold_i2t_recall_1": 80.0,
    "test__n_fold_i2t_recall_5": 100.0,
    "test__n_fold_i2t_recall_10": 100.0,
    "test__n_fold_i2t_rsum": 280.0,
    "test__n_fold_i2t_medr": 1.0,
    "test__n_fold_i2t_meanr": 1.4,
    "test__n_fold_t2i_recall_1": 70.0,
    "test__n_fold_t2i_recall_5": 100.0,
    "test__n_fold_t2i_recall_10": 100.0,
    "test__n_fold_t2i_rsum": 270.0,
    "test__n_fold_t2i_medr": 1.0,
    "test__n_fold_t2i_meanr": 1.6,
    "test__i2t_recall_1": 27.57847533632287,
    "test__i2t_recall_5": 77.46636771300449,
    "test__i2t_recall_10": 86.54708520179372,
    "test__i2t_rsum": 191.5919282511211,
    "test__i2t_medr": 2.0,
    "test__i2t_meanr": 5.934977578475336,
    "test__t2i_recall_1": 42.71300448430493,
    "test__t2i_recall_5": 70.96412556053812,
    "test__t2i_recall_10": 80.26905829596413,
    "test__t2i_rsum": 193.94618834080717,
    "test__t2i_medr": 2.0,
    "test__t2i_meanr": 6.176008968609866,
    "lr": 0.0002,
    "summary": "80.0, 100.0, 100.0, 70.0, 100.0, 100.0, 27.57847533632287, 77.46636771300449, 86.54708520179372, 42.71300448430493, 70.96412556053812, 80.26905829596413"
}
[2026-03-19 11:35:41] Evaluating test...
[2026-03-19 11:35:44] [Eval] Report @step: 18.00 {
    "test__rsum": 340.57142857142856,
    "test__medr": 8.0,
    "test__meanr": 13.845714285714287,
    "test__n_fold_i2t_recall_1": 30.0,
    "test__n_fold_i2t_recall_5": 90.0,
    "test__n_fold_i2t_recall_10": 100.0,
    "test__n_fold_i2t_rsum": 220.0,
    "test__n_fold_i2t_medr": 2.0,
    "test__n_fold_i2t_meanr": 3.1,
    "test__n_fold_t2i_recall_1": 50.0,
    "test__n_fold_t2i_recall_5": 80.0,
    "test__n_fold_t2i_recall_10": 100.0,
    "test__n_fold_t2i_rsum": 230.0,
    "test__n_fold_t2i_medr": 1.0,
    "test__n_fold_t2i_meanr": 3.0,
    "test__i2t_recall_1": 19.428571428571427,
    "test__i2t_recall_5": 63.42857142857143,
    "test__i2t_recall_10": 80.57142857142857,
    "test__i2t_rsum": 163.42857142857144,
    "test__i2t_medr": 4.0,
    "test__i2t_meanr": 7.291428571428572,
    "test__t2i_recall_1": 28.571428571428573,
    "test__t2i_recall_5": 65.14285714285714,
    "test__t2i_recall_10": 83.42857142857143,
    "test__t2i_rsum": 177.14285714285714,
    "test__t2i_medr": 4.0,
    "test__t2i_meanr": 6.554285714285714,
    "lr": 0.0002,
    "summary": "30.0, 90.0, 100.0, 50.0, 80.0, 100.0, 19.428571428571427, 63.42857142857143, 80.57142857142857, 28.571428571428573, 65.14285714285714, 83.42857142857143"
}
[2026-03-19 11:35:44] Evaluating test...
[2026-03-19 11:35:45] [Eval] Report @step: 18.00 {
    "test__rsum": 382.258064516129,
    "test__medr": 7.0,
    "test__meanr": 9.85483870967742,
    "test__n_fold_i2t_recall_1": 30.0,
    "test__n_fold_i2t_recall_5": 100.0,
    "test__n_fold_i2t_recall_10": 100.0,
    "test__n_fold_i2t_rsum": 230.0,
    "test__n_fold_i2t_medr": 3.0,
    "test__n_fold_i2t_meanr": 2.6,
    "test__n_fold_t2i_recall_1": 30.0,
    "test__n_fold_t2i_recall_5": 90.0,
    "test__n_fold_t2i_recall_10": 100.0,
    "test__n_fold_t2i_rsum": 220.0,
    "test__n_fold_t2i_medr": 3.0,
    "test__n_fold_t2i_meanr": 3.1,
    "test__i2t_recall_1": 38.70967741935484,
    "test__i2t_recall_5": 70.96774193548387,
    "test__i2t_recall_10": 88.70967741935483,
    "test__i2t_rsum": 198.38709677419354,
    "test__i2t_medr": 3.0,
    "test__i2t_meanr": 4.548387096774194,
    "test__t2i_recall_1": 22.580645161290324,
    "test__t2i_recall_5": 70.96774193548387,
    "test__t2i_recall_10": 90.3225806451613,
    "test__t2i_rsum": 183.8709677419355,
    "test__t2i_medr": 4.0,
    "test__t2i_meanr": 5.306451612903226,
    "lr": 0.0002,
    "summary": "30.0, 100.0, 100.0, 30.0, 90.0, 100.0, 38.70967741935484, 70.96774193548387, 88.70967741935483, 22.580645161290324, 70.96774193548387, 90.3225806451613"
}
[2026-03-19 11:35:45] Round 19!
[2026-03-19 11:35:45] Training Client 14!
[2026-03-19 11:35:45] Epoch 19
[2026-03-19 11:35:45] Skip local epoch for client 4: train loader has no full batch
[2026-03-19 11:35:45] Training Client 12!
[2026-03-19 11:35:45] Epoch 19
[2026-03-19 11:35:47] Training Client 3!
[2026-03-19 11:35:47] Epoch: [19] image	Loss 2.0545 (2.0733)	Prec@1 31.250 (27.865)	Prec@5 89.062 (89.844)
[2026-03-19 11:35:47] TEST:  Epoch: [19] image	Prec@1 20.000 (20.000)	Prec@5 89.714 (89.714)
[2026-03-19 11:35:47] Training Client 2!
[2026-03-19 11:35:47] Epoch: [19] image	Loss 1.7270 (1.6886)	Prec@1 48.828 (50.130)	Prec@5 98.828 (98.438)
[2026-03-19 11:35:48] TEST:  Epoch: [19] image	Prec@1 60.484 (53.251)	Prec@5 98.387 (98.767)
[2026-03-19 11:35:48] Training Client 6!
[2026-03-19 11:35:48] Epoch: [19] text	Loss 1.8481 (1.8256)	Prec@1 27.734 (30.339)	Prec@5 96.484 (96.224)
[2026-03-19 11:35:49] TEST:  Epoch: [19] text	Prec@1 30.667 (32.931)	Prec@5 96.000 (96.375)
[2026-03-19 11:35:49] Training Client 7!
[2026-03-19 11:35:50] Epoch: [19] text	Loss 1.3861 (1.3481)	Prec@1 52.344 (53.585)	Prec@5 98.438 (99.104)
[2026-03-19 11:35:51] TEST:  Epoch: [19] text	Prec@1 60.484 (53.251)	Prec@5 98.387 (98.767)
[2026-03-19 11:35:51] Training Client 9!
[2026-03-19 11:35:51] Epoch: [19] text	Loss 0.0000 (0.0000)	Prec@1 0.000 (0.000)	Prec@5 0.000 (0.000)
[2026-03-19 11:35:51] TEST:  Epoch: [19] text	Prec@1 0.000 (0.000)	Prec@5 0.000 (0.000)
[2026-03-19 11:35:51] Training Client 13!
[2026-03-19 11:35:51] Epoch 19
[2026-03-19 11:35:51] Skip local epoch for client 3: train loader has no full batch
[2026-03-19 11:35:51] Training Client 10!
[2026-03-19 11:35:51] Epoch 19
[2026-03-19 11:35:52] Training Client 8!
[2026-03-19 11:35:52] Epoch: [19] text	Loss 2.8770 (2.8770)	Prec@1 27.344 (27.344)	Prec@5 76.172 (76.172)
[2026-03-19 11:35:52] TEST:  Epoch: [19] text	Prec@1 20.000 (20.000)	Prec@5 76.000 (76.000)
[2026-03-19 11:35:52] Training Client 0!
[2026-03-19 11:35:53] Epoch: [19] image	Loss 1.8217 (1.8830)	Prec@1 42.188 (39.714)	Prec@5 94.922 (95.443)
[2026-03-19 11:35:53] TEST:  Epoch: [19] image	Prec@1 37.778 (41.196)	Prec@5 95.556 (96.013)
[2026-03-19 11:35:53] Training Client 1!
[2026-03-19 11:35:53] Epoch: [19] image	Loss 2.7532 (2.7532)	Prec@1 21.094 (21.094)	Prec@5 94.922 (94.922)
[2026-03-19 11:35:53] TEST:  Epoch: [19] image	Prec@1 14.667 (13.293)	Prec@5 94.667 (93.656)
[2026-03-19 11:35:54] Training Client 5!
[2026-03-19 11:35:54] Epoch: [19] text	Loss 2.8556 (2.8556)	Prec@1 39.453 (39.453)	Prec@5 82.812 (82.812)
[2026-03-19 11:35:54] TEST:  Epoch: [19] text	Prec@1 37.778 (41.196)	Prec@5 84.444 (85.050)
[2026-03-19 11:35:54] Training Client 4!
[2026-03-19 11:35:54] Epoch: [19] image	Loss 2.1305 (2.1305)	Prec@1 62.891 (62.891)	Prec@5 79.297 (79.297)
[2026-03-19 11:35:54] TEST:  Epoch: [19] image	Prec@1 56.452 (56.452)	Prec@5 74.194 (74.194)
[2026-03-19 11:35:54] Training Client 11!
[2026-03-19 11:35:54] Epoch 19
[2026-03-19 11:35:56] TEST:  Epoch: [19] image	Prec@1 37.778 (41.196)	Prec@5 95.556 (96.013)
[2026-03-19 11:35:56] TEST:  Epoch: [19] image	Prec@1 16.000 (13.595)	Prec@5 94.667 (93.656)
[2026-03-19 11:35:57] TEST:  Epoch: [19] image	Prec@1 60.484 (53.251)	Prec@5 98.387 (98.767)
[2026-03-19 11:35:57] TEST:  Epoch: [19] image	Prec@1 20.000 (20.000)	Prec@5 89.714 (89.714)
[2026-03-19 11:35:57] TEST:  Epoch: [19] image	Prec@1 56.452 (56.452)	Prec@5 74.194 (74.194)
[2026-03-19 11:35:57] TEST:  Epoch: [19] text	Prec@1 37.778 (41.196)	Prec@5 84.444 (85.050)
[2026-03-19 11:35:57] TEST:  Epoch: [19] text	Prec@1 30.667 (32.931)	Prec@5 96.000 (96.375)
[2026-03-19 11:35:58] TEST:  Epoch: [19] text	Prec@1 60.484 (53.251)	Prec@5 98.387 (98.767)
[2026-03-19 11:35:58] TEST:  Epoch: [19] text	Prec@1 20.000 (20.000)	Prec@5 76.000 (76.000)
[2026-03-19 11:35:58] TEST:  Epoch: [19] text	Prec@1 0.000 (0.000)	Prec@5 0.000 (0.000)
[2026-03-19 11:35:58] Evaluating test...
[2026-03-19 11:36:02] [Eval] Report @step: 19.00 {
    "test__rsum": 409.3023255813954,
    "test__medr": 4.0,
    "test__meanr": 12.571428571428573,
    "test__n_fold_i2t_recall_1": 50.0,
    "test__n_fold_i2t_recall_5": 100.0,
    "test__n_fold_i2t_recall_10": 100.0,
    "test__n_fold_i2t_rsum": 250.0,
    "test__n_fold_i2t_medr": 2.0,
    "test__n_fold_i2t_meanr": 2.3,
    "test__n_fold_t2i_recall_1": 20.0,
    "test__n_fold_t2i_recall_5": 100.0,
    "test__n_fold_t2i_recall_10": 100.0,
    "test__n_fold_t2i_rsum": 220.0,
    "test__n_fold_t2i_medr": 2.0,
    "test__n_fold_t2i_meanr": 2.6,
    "test__i2t_recall_1": 46.51162790697674,
    "test__i2t_recall_5": 75.41528239202658,
    "test__i2t_recall_10": 82.72425249169436,
    "test__i2t_rsum": 204.6511627906977,
    "test__i2t_medr": 2.0,
    "test__i2t_meanr": 6.8737541528239205,
    "test__t2i_recall_1": 42.19269102990033,
    "test__t2i_recall_5": 75.41528239202658,
    "test__t2i_recall_10": 87.04318936877077,
    "test__t2i_rsum": 204.6511627906977,
    "test__t2i_medr": 2.0,
    "test__t2i_meanr": 5.6976744186046515,
    "lr": 0.0002,
    "summary": "50.0, 100.0, 100.0, 20.0, 100.0, 100.0, 46.51162790697674, 75.41528239202658, 82.72425249169436, 42.19269102990033, 75.41528239202658, 87.04318936877077"
}
[2026-03-19 11:36:02] Evaluating test...
[2026-03-19 11:36:06] [Eval] Report @step: 19.00 {
    "test__rsum": 374.9244712990936,
    "test__medr": 5.0,
    "test__meanr": 17.01510574018127,
    "test__n_fold_i2t_recall_1": 70.0,
    "test__n_fold_i2t_recall_5": 100.0,
    "test__n_fold_i2t_recall_10": 100.0,
    "test__n_fold_i2t_rsum": 270.0,
    "test__n_fold_i2t_medr": 1.0,
    "test__n_fold_i2t_meanr": 1.5,
    "test__n_fold_t2i_recall_1": 70.0,
    "test__n_fold_t2i_recall_5": 100.0,
    "test__n_fold_t2i_recall_10": 100.0,
    "test__n_fold_t2i_rsum": 270.0,
    "test__n_fold_t2i_medr": 1.0,
    "test__n_fold_t2i_meanr": 1.6,
    "test__i2t_recall_1": 40.78549848942598,
    "test__i2t_recall_5": 65.86102719033232,
    "test__i2t_recall_10": 76.43504531722054,
    "test__i2t_rsum": 183.08157099697883,
    "test__i2t_medr": 3.0,
    "test__i2t_meanr": 7.867069486404834,
    "test__t2i_recall_1": 47.43202416918429,
    "test__t2i_recall_5": 66.46525679758308,
    "test__t2i_recall_10": 77.94561933534743,
    "test__t2i_rsum": 191.8429003021148,
    "test__t2i_medr": 2.0,
    "test__t2i_meanr": 9.148036253776436,
    "lr": 0.0002,
    "summary": "70.0, 100.0, 100.0, 70.0, 100.0, 100.0, 40.78549848942598, 65.86102719033232, 76.43504531722054, 47.43202416918429, 66.46525679758308, 77.94561933534743"
}
[2026-03-19 11:36:06] Evaluating test...
[2026-03-19 11:38:04] [Eval] Report @step: 19.00 {
    "test__rsum": 394.17040358744396,
    "test__medr": 5.0,
    "test__meanr": 12.042600896860986,
    "test__n_fold_i2t_recall_1": 80.0,
    "test__n_fold_i2t_recall_5": 100.0,
    "test__n_fold_i2t_recall_10": 100.0,
    "test__n_fold_i2t_rsum": 280.0,
    "test__n_fold_i2t_medr": 1.0,
    "test__n_fold_i2t_meanr": 1.3,
    "test__n_fold_t2i_recall_1": 70.0,
    "test__n_fold_t2i_recall_5": 90.0,
    "test__n_fold_t2i_recall_10": 100.0,
    "test__n_fold_t2i_rsum": 260.0,
    "test__n_fold_t2i_medr": 1.0,
    "test__n_fold_t2i_meanr": 1.7,
    "test__i2t_recall_1": 41.591928251121075,
    "test__i2t_recall_5": 78.9237668161435,
    "test__i2t_recall_10": 88.00448430493273,
    "test__i2t_rsum": 208.5201793721973,
    "test__i2t_medr": 2.0,
    "test__i2t_meanr": 5.257847533632287,
    "test__t2i_recall_1": 33.52017937219731,
    "test__t2i_recall_5": 70.85201793721973,
    "test__t2i_recall_10": 81.27802690582959,
    "test__t2i_rsum": 185.65022421524662,
    "test__t2i_medr": 3.0,
    "test__t2i_meanr": 6.7847533632287,
    "lr": 0.0002,
    "summary": "80.0, 100.0, 100.0, 70.0, 90.0, 100.0, 41.591928251121075, 78.9237668161435, 88.00448430493273, 33.52017937219731, 70.85201793721973, 81.27802690582959"
}
[2026-03-19 11:38:04] Evaluating test...
[2026-03-19 11:38:07] [Eval] Report @step: 19.00 {
    "test__rsum": 356.5714285714286,
    "test__medr": 7.0,
    "test__meanr": 13.354285714285714,
    "test__n_fold_i2t_recall_1": 30.0,
    "test__n_fold_i2t_recall_5": 90.0,
    "test__n_fold_i2t_recall_10": 100.0,
    "test__n_fold_i2t_rsum": 220.0,
    "test__n_fold_i2t_medr": 3.0,
    "test__n_fold_i2t_meanr": 3.5,
    "test__n_fold_t2i_recall_1": 70.0,
    "test__n_fold_t2i_recall_5": 80.0,
    "test__n_fold_t2i_recall_10": 100.0,
    "test__n_fold_t2i_rsum": 250.0,
    "test__n_fold_t2i_medr": 1.0,
    "test__n_fold_t2i_meanr": 2.6,
    "test__i2t_recall_1": 17.714285714285715,
    "test__i2t_recall_5": 69.14285714285714,
    "test__i2t_recall_10": 82.28571428571429,
    "test__i2t_rsum": 169.14285714285717,
    "test__i2t_medr": 4.0,
    "test__i2t_meanr": 7.691428571428571,
    "test__t2i_recall_1": 33.714285714285715,
    "test__t2i_recall_5": 68.0,
    "test__t2i_recall_10": 85.71428571428571,
    "test__t2i_rsum": 187.42857142857144,
    "test__t2i_medr": 3.0,
    "test__t2i_meanr": 5.662857142857143,
    "lr": 0.0002,
    "summary": "30.0, 90.0, 100.0, 70.0, 80.0, 100.0, 17.714285714285715, 69.14285714285714, 82.28571428571429, 33.714285714285715, 68.0, 85.71428571428571"
}
[2026-03-19 11:38:07] Evaluating test...
[2026-03-19 11:38:08] [Eval] Report @step: 19.00 {
    "test__rsum": 383.8709677419355,
    "test__medr": 6.0,
    "test__meanr": 10.629032258064516,
    "test__n_fold_i2t_recall_1": 40.0,
    "test__n_fold_i2t_recall_5": 100.0,
    "test__n_fold_i2t_recall_10": 100.0,
    "test__n_fold_i2t_rsum": 240.0,
    "test__n_fold_i2t_medr": 3.0,
    "test__n_fold_i2t_meanr": 2.4,
    "test__n_fold_t2i_recall_1": 30.0,
    "test__n_fold_t2i_recall_5": 90.0,
    "test__n_fold_t2i_recall_10": 100.0,
    "test__n_fold_t2i_rsum": 220.0,
    "test__n_fold_t2i_medr": 3.0,
    "test__n_fold_t2i_meanr": 3.0,
    "test__i2t_recall_1": 35.483870967741936,
    "test__i2t_recall_5": 66.12903225806451,
    "test__i2t_recall_10": 88.70967741935483,
    "test__i2t_rsum": 190.32258064516128,
    "test__i2t_medr": 3.0,
    "test__i2t_meanr": 5.193548387096774,
    "test__t2i_recall_1": 24.193548387096776,
    "test__t2i_recall_5": 80.64516129032258,
    "test__t2i_recall_10": 88.70967741935483,
    "test__t2i_rsum": 193.5483870967742,
    "test__t2i_medr": 3.0,
    "test__t2i_meanr": 5.435483870967742,
    "lr": 0.0002,
    "summary": "40.0, 100.0, 100.0, 30.0, 90.0, 100.0, 35.483870967741936, 66.12903225806451, 88.70967741935483, 24.193548387096776, 80.64516129032258, 88.70967741935483"
}
[2026-03-19 11:38:08] Round 20!
[2026-03-19 11:38:08] Training Client 4!
[2026-03-19 11:38:08] Epoch: [20] image	Loss 2.1005 (2.1005)	Prec@1 63.672 (63.672)	Prec@5 81.250 (81.250)
[2026-03-19 11:38:08] TEST:  Epoch: [20] image	Prec@1 56.452 (56.452)	Prec@5 74.194 (74.194)
[2026-03-19 11:38:08] Training Client 12!
[2026-03-19 11:38:08] Epoch 20
[2026-03-19 11:38:10] Training Client 13!
[2026-03-19 11:38:10] Epoch 20
[2026-03-19 11:38:10] Skip local epoch for client 3: train loader has no full batch
[2026-03-19 11:38:10] Training Client 7!
[2026-03-19 11:38:11] Epoch: [20] text	Loss 1.3435 (1.3465)	Prec@1 53.516 (53.791)	Prec@5 98.828 (99.081)
[2026-03-19 11:38:12] TEST:  Epoch: [20] text	Prec@1 60.484 (53.251)	Prec@5 98.387 (98.767)
[2026-03-19 11:38:12] Training Client 14!
[2026-03-19 11:38:12] Epoch 20
[2026-03-19 11:38:12] Skip local epoch for client 4: train loader has no full batch
[2026-03-19 11:38:12] Training Client 6!
[2026-03-19 11:38:13] Epoch: [20] text	Loss 1.8209 (1.8415)	Prec@1 28.906 (30.599)	Prec@5 97.266 (96.224)
[2026-03-19 11:38:13] TEST:  Epoch: [20] text	Prec@1 30.667 (32.931)	Prec@5 96.000 (96.375)
[2026-03-19 11:38:13] Training Client 8!
[2026-03-19 11:38:13] Epoch: [20] text	Loss 2.8533 (2.8533)	Prec@1 29.297 (29.297)	Prec@5 77.344 (77.344)
[2026-03-19 11:38:13] TEST:  Epoch: [20] text	Prec@1 20.000 (20.000)	Prec@5 76.000 (76.000)
[2026-03-19 11:38:13] Training Client 11!
[2026-03-19 11:38:13] Epoch 20
[2026-03-19 11:38:15] Training Client 1!
[2026-03-19 11:38:15] Epoch: [20] image	Loss 2.7502 (2.7502)	Prec@1 18.750 (18.750)	Prec@5 95.703 (95.703)
[2026-03-19 11:38:15] TEST:  Epoch: [20] image	Prec@1 16.000 (13.595)	Prec@5 94.667 (93.656)
[2026-03-19 11:38:15] Training Client 9!
[2026-03-19 11:38:15] Epoch: [20] text	Loss 0.0000 (0.0000)	Prec@1 0.000 (0.000)	Prec@5 0.000 (0.000)
[2026-03-19 11:38:15] TEST:  Epoch: [20] text	Prec@1 0.000 (0.000)	Prec@5 0.000 (0.000)
[2026-03-19 11:38:15] Training Client 2!
[2026-03-19 11:38:15] Epoch: [20] image	Loss 1.7257 (1.6409)	Prec@1 51.172 (52.474)	Prec@5 98.828 (98.568)
[2026-03-19 11:38:16] TEST:  Epoch: [20] image	Prec@1 60.484 (53.251)	Prec@5 98.387 (98.767)
[2026-03-19 11:38:16] Training Client 5!
[2026-03-19 11:38:16] Epoch: [20] text	Loss 2.8346 (2.8346)	Prec@1 40.234 (40.234)	Prec@5 85.156 (85.156)
[2026-03-19 11:38:16] TEST:  Epoch: [20] text	Prec@1 37.778 (41.196)	Prec@5 84.444 (85.050)
[2026-03-19 11:38:17] Training Client 0!
[2026-03-19 11:38:17] Epoch: [20] image	Loss 1.8421 (1.8701)	Prec@1 38.281 (39.193)	Prec@5 96.875 (95.443)
[2026-03-19 11:38:17] TEST:  Epoch: [20] image	Prec@1 37.778 (41.196)	Prec@5 95.556 (96.013)
[2026-03-19 11:38:17] Training Client 10!
[2026-03-19 11:38:17] Epoch 20
[2026-03-19 11:38:18] Training Client 3!
[2026-03-19 11:38:18] Epoch: [20] image	Loss 2.0671 (2.0728)	Prec@1 28.906 (27.734)	Prec@5 91.797 (89.583)
[2026-03-19 11:38:18] TEST:  Epoch: [20] image	Prec@1 20.000 (20.000)	Prec@5 89.714 (89.714)
[2026-03-19 11:38:19] TEST:  Epoch: [20] image	Prec@1 37.778 (41.196)	Prec@5 95.556 (96.013)
[2026-03-19 11:38:19] TEST:  Epoch: [20] image	Prec@1 16.000 (13.595)	Prec@5 94.667 (93.656)
[2026-03-19 11:38:20] TEST:  Epoch: [20] image	Prec@1 60.484 (53.251)	Prec@5 98.387 (98.767)
[2026-03-19 11:38:20] TEST:  Epoch: [20] image	Prec@1 20.000 (20.000)	Prec@5 89.714 (89.714)
[2026-03-19 11:38:20] TEST:  Epoch: [20] image	Prec@1 56.452 (56.452)	Prec@5 74.194 (74.194)
[2026-03-19 11:38:20] TEST:  Epoch: [20] text	Prec@1 37.778 (41.196)	Prec@5 84.444 (83.389)
[2026-03-19 11:38:20] TEST:  Epoch: [20] text	Prec@1 30.667 (32.931)	Prec@5 96.000 (96.375)
[2026-03-19 11:38:21] TEST:  Epoch: [20] text	Prec@1 60.484 (53.251)	Prec@5 98.387 (98.767)
[2026-03-19 11:38:21] TEST:  Epoch: [20] text	Prec@1 20.000 (20.000)	Prec@5 76.000 (76.000)
[2026-03-19 11:38:21] TEST:  Epoch: [20] text	Prec@1 0.000 (0.000)	Prec@5 0.000 (0.000)
[2026-03-19 11:38:21] Evaluating test...
[2026-03-19 11:38:28] [Eval] Report @step: 20.00 {
    "test__rsum": 420.93023255813955,
    "test__medr": 4.0,
    "test__meanr": 12.611295681063122,
    "test__n_fold_i2t_recall_1": 50.0,
    "test__n_fold_i2t_recall_5": 100.0,
    "test__n_fold_i2t_recall_10": 100.0,
    "test__n_fold_i2t_rsum": 250.0,
    "test__n_fold_i2t_medr": 2.0,
    "test__n_fold_i2t_meanr": 2.3,
    "test__n_fold_t2i_recall_1": 30.0,
    "test__n_fold_t2i_recall_5": 100.0,
    "test__n_fold_t2i_recall_10": 100.0,
    "test__n_fold_t2i_rsum": 230.0,
    "test__n_fold_t2i_medr": 2.0,
    "test__n_fold_t2i_meanr": 2.4,
    "test__i2t_recall_1": 48.83720930232558,
    "test__i2t_recall_5": 74.4186046511628,
    "test__i2t_recall_10": 84.0531561461794,
    "test__i2t_rsum": 207.30897009966776,
    "test__i2t_medr": 2.0,
    "test__i2t_meanr": 6.674418604651163,
    "test__t2i_recall_1": 46.179401993355484,
    "test__t2i_recall_5": 77.07641196013289,
    "test__t2i_recall_10": 90.36544850498339,
    "test__t2i_rsum": 213.62126245847176,
    "test__t2i_medr": 2.0,
    "test__t2i_meanr": 5.93687707641196,
    "lr": 0.0002,
    "summary": "50.0, 100.0, 100.0, 30.0, 100.0, 100.0, 48.83720930232558, 74.4186046511628, 84.0531561461794, 46.179401993355484, 77.07641196013289, 90.36544850498339"
}
[2026-03-19 11:38:28] Evaluating test...
[2026-03-19 11:38:32] [Eval] Report @step: 20.00 {
    "test__rsum": 374.6223564954683,
    "test__medr": 5.0,
    "test__meanr": 16.709969788519636,
    "test__n_fold_i2t_recall_1": 70.0,
    "test__n_fold_i2t_recall_5": 100.0,
    "test__n_fold_i2t_recall_10": 100.0,
    "test__n_fold_i2t_rsum": 270.0,
    "test__n_fold_i2t_medr": 1.0,
    "test__n_fold_i2t_meanr": 1.5,
    "test__n_fold_t2i_recall_1": 70.0,
    "test__n_fold_t2i_recall_5": 100.0,
    "test__n_fold_t2i_recall_10": 100.0,
    "test__n_fold_t2i_rsum": 270.0,
    "test__n_fold_t2i_medr": 1.0,
    "test__n_fold_t2i_meanr": 1.6,
    "test__i2t_recall_1": 41.99395770392749,
    "test__i2t_recall_5": 64.35045317220543,
    "test__i2t_recall_10": 74.01812688821752,
    "test__i2t_rsum": 180.36253776435046,
    "test__i2t_medr": 3.0,
    "test__i2t_meanr": 8.108761329305135,
    "test__t2i_recall_1": 48.036253776435046,
    "test__t2i_recall_5": 67.6737160120846,
    "test__t2i_recall_10": 78.54984894259819,
    "test__t2i_rsum": 194.25981873111783,
    "test__t2i_medr": 2.0,
    "test__t2i_meanr": 8.6012084592145,
    "lr": 0.0002,
    "summary": "70.0, 100.0, 100.0, 70.0, 100.0, 100.0, 41.99395770392749, 64.35045317220543, 74.01812688821752, 48.036253776435046, 67.6737160120846, 78.54984894259819"
}
[2026-03-19 11:38:32] Evaluating test...
[2026-03-19 11:40:16] [Eval] Report @step: 20.00 {
    "test__rsum": 394.7309417040359,
    "test__medr": 5.0,
    "test__meanr": 12.501121076233183,
    "test__n_fold_i2t_recall_1": 80.0,
    "test__n_fold_i2t_recall_5": 100.0,
    "test__n_fold_i2t_recall_10": 100.0,
    "test__n_fold_i2t_rsum": 280.0,
    "test__n_fold_i2t_medr": 1.0,
    "test__n_fold_i2t_meanr": 1.2,
    "test__n_fold_t2i_recall_1": 50.0,
    "test__n_fold_t2i_recall_5": 90.0,
    "test__n_fold_t2i_recall_10": 100.0,
    "test__n_fold_t2i_rsum": 240.0,
    "test__n_fold_t2i_medr": 1.0,
    "test__n_fold_t2i_meanr": 1.9,
    "test__i2t_recall_1": 43.04932735426009,
    "test__i2t_recall_5": 76.79372197309416,
    "test__i2t_recall_10": 90.24663677130044,
    "test__i2t_rsum": 210.0896860986547,
    "test__i2t_medr": 2.0,
    "test__i2t_meanr": 4.821748878923767,
    "test__t2i_recall_1": 30.15695067264574,
    "test__t2i_recall_5": 71.97309417040358,
    "test__t2i_recall_10": 82.51121076233184,
    "test__t2i_rsum": 184.64125560538116,
    "test__t2i_medr": 3.0,
    "test__t2i_meanr": 7.679372197309417,
    "lr": 0.0002,
    "summary": "80.0, 100.0, 100.0, 50.0, 90.0, 100.0, 43.04932735426009, 76.79372197309416, 90.24663677130044, 30.15695067264574, 71.97309417040358, 82.51121076233184"
}
[2026-03-19 11:40:16] Evaluating test...
[2026-03-19 11:40:19] [Eval] Report @step: 20.00 {
    "test__rsum": 342.28571428571433,
    "test__medr": 7.0,
    "test__meanr": 13.302857142857142,
    "test__n_fold_i2t_recall_1": 30.0,
    "test__n_fold_i2t_recall_5": 90.0,
    "test__n_fold_i2t_recall_10": 100.0,
    "test__n_fold_i2t_rsum": 220.0,
    "test__n_fold_i2t_medr": 4.0,
    "test__n_fold_i2t_meanr": 3.8,
    "test__n_fold_t2i_recall_1": 70.0,
    "test__n_fold_t2i_recall_5": 80.0,
    "test__n_fold_t2i_recall_10": 100.0,
    "test__n_fold_t2i_rsum": 250.0,
    "test__n_fold_t2i_medr": 1.0,
    "test__n_fold_t2i_meanr": 2.5,
    "test__i2t_recall_1": 16.571428571428573,
    "test__i2t_recall_5": 66.85714285714286,
    "test__i2t_recall_10": 84.0,
    "test__i2t_rsum": 167.42857142857144,
    "test__i2t_medr": 4.0,
    "test__i2t_meanr": 7.56,
    "test__t2i_recall_1": 27.428571428571427,
    "test__t2i_recall_5": 65.14285714285714,
    "test__t2i_recall_10": 82.28571428571429,
    "test__t2i_rsum": 174.85714285714286,
    "test__t2i_medr": 3.0,
    "test__t2i_meanr": 5.742857142857143,
    "lr": 0.0002,
    "summary": "30.0, 90.0, 100.0, 70.0, 80.0, 100.0, 16.571428571428573, 66.85714285714286, 84.0, 27.428571428571427, 65.14285714285714, 82.28571428571429"
}
[2026-03-19 11:40:19] Evaluating test...
[2026-03-19 11:40:20] [Eval] Report @step: 20.00 {
    "test__rsum": 409.67741935483866,
    "test__medr": 4.0,
    "test__meanr": 9.596774193548388,
    "test__n_fold_i2t_recall_1": 40.0,
    "test__n_fold_i2t_recall_5": 100.0,
    "test__n_fold_i2t_recall_10": 100.0,
    "test__n_fold_i2t_rsum": 240.0,
    "test__n_fold_i2t_medr": 2.0,
    "test__n_fold_i2t_meanr": 2.4,
    "test__n_fold_t2i_recall_1": 30.0,
    "test__n_fold_t2i_recall_5": 90.0,
    "test__n_fold_t2i_recall_10": 100.0,
    "test__n_fold_t2i_rsum": 220.0,
    "test__n_fold_t2i_medr": 3.0,
    "test__n_fold_t2i_meanr": 3.0,
    "test__i2t_recall_1": 33.87096774193548,
    "test__i2t_recall_5": 67.74193548387096,
    "test__i2t_recall_10": 91.93548387096774,
    "test__i2t_rsum": 193.54838709677418,
    "test__i2t_medr": 2.0,
    "test__i2t_meanr": 5.209677419354839,
    "test__t2i_recall_1": 43.54838709677419,
    "test__t2i_recall_5": 82.25806451612904,
    "test__t2i_recall_10": 90.3225806451613,
    "test__t2i_rsum": 216.1290322580645,
    "test__t2i_medr": 2.0,
    "test__t2i_meanr": 4.387096774193548,
    "lr": 0.0002,
    "summary": "40.0, 100.0, 100.0, 30.0, 90.0, 100.0, 33.87096774193548, 67.74193548387096, 91.93548387096774, 43.54838709677419, 82.25806451612904, 90.3225806451613"
}
